{
"type": "FeatureCollection",
"name": "pTreeSpecies",
"crs": { "type": "name", "properties": { "name": "urn:ogc:def:crs:EPSG::25832" } },
"features": [
{ "type": "Feature", "properties": { "Tnr": 16635, "mitRand": 1, "AnzHBbeg": 4, "pHaupt": 1.0, "poHaupt": 0.0, "pQuerus": 0.232, "pFagus": 0.072, "pFraxinus": 0.0, "pCarpinus": 0.0, "pAcer": 0.0, "pTilia": 0.0, "pRobinia": 0.0, "pUlmus": 0.0, "pCastanea": 0.0, "pOtherLH": 0.0, "pBetula": 0.0, "pAlnus": 0.0, "pPopulus": 0.0, "pSalix": 0.0, "pSorbus": 0.0, "pPrunus": 0.0, "pMalus": 0.0, "pPyrus": 0.0, "pOtherLN": 0.0, "pPicea": 0.595, "pPinus": 0.049, "pAbies": 0.0, "pDouglas": 0.051, "pLarix": 0.0, "pOtherNb": 0.0, "pNoEurop": 0.051, "pNoEuropD": 0.0, "pEurop": 0.949, "pDecid": 0.305, "pConifer": 0.695, "pAll": 1.0, "Cell_id": "4363_3012", "EPSG": 31468, "Netz": 16, "Dichte": 16, "Bl": ";9;" }, "geometry": { "type": "Point", "coordinates": [ 613811.75020681344904, 5564659.235890750773251 ] } },
{ "type": "Feature", "properties": { "Tnr": 16636, "mitRand": 1, "AnzHBbeg": 4, "pHaupt": 1.0, "poHaupt": 0.0, "pQuerus": 0.235, "pFagus": 0.366, "pFraxinus": 0.0, "pCarpinus": 0.025, "pAcer": 0.0, "pTilia": 0.0, "pRobinia": 0.0, "pUlmus": 0.0, "pCastanea": 0.0, "pOtherLH": 0.0, "pBetula": 0.0, "pAlnus": 0.0, "pPopulus": 0.0, "pSalix": 0.0, "pSorbus": 0.0, "pPrunus": 0.0, "pMalus": 0.0, "pPyrus": 0.0, "pOtherLN": 0.0, "pPicea": 0.098, "pPinus": 0.222, "pAbies": 0.054, "pDouglas": 0.0, "pLarix": 0.0, "pOtherNb": 0.0, "pNoEurop": 0.0, "pNoEuropD": 0.0, "pEurop": 1.0, "pDecid": 0.626, "pConifer": 0.374, "pAll": 1.0, "Cell_id": "4367_3012", "EPSG": 31468, "Netz": 64, "Dichte": 16, "Bl": ";9;" }, "geometry": { "type": "Point", "coordinates": [ 617810.129888048046269, 5564712.170731891877949 ] } },
{ "type": "Feature", "properties": { "Tnr": 16738, "mitRand": 0, "AnzHBbeg": 1, "pHaupt": 1.0, "poHaupt": 0.0, "pQuerus": 0.423, "pFagus": 0.0, "pFraxinus": 0.0, "pCarpinus": 0.162, "pAcer": 0.0, "pTilia": 0.415, "pRobinia": 0.0, "pUlmus": 0.0, "pCastanea": 0.0, "pOtherLH": 0.0, "pBetula": 0.0, "pAlnus": 0.0, "pPopulus": 0.0, "pSalix": 0.0, "pSorbus": 0.0, "pPrunus": 0.0, "pMalus": 0.0, "pPyrus": 0.0, "pOtherLN": 0.0, "pPicea": 0.0, "pPinus": 0.0, "pAbies": 0.0, "pDouglas": 0.0, "pLarix": 0.0, "pOtherNb": 0.0, "pNoEurop": 0.0, "pNoEuropD": 0.0, "pEurop": 1.0, "pDecid": 1.0, "pConifer": 0.0, "pAll": 1.0, "Cell_id": "4363_3016", "EPSG": 31468, "Netz": 16, "Dichte": 16, "Bl": ";9;" }, "geometry": { "type": "Point", "coordinates": [ 613758.815354806254618, 5568657.615526593290269 ] } },
{ "type": "Feature", "properties": { "Tnr": 16744, "mitRand": 1, "AnzHBbeg": 2, "pHaupt": 1.0, "poHaupt": 0.0, "pQuerus": 0.0, "pFagus": 0.0, "pFraxinus": 0.0, "pCarpinus": 0.0, "pAcer": 0.0, "pTilia": 0.0, "pRobinia": 0.0, "pUlmus": 0.0, "pCastanea": 0.0, "pOtherLH": 0.0, "pBetula": 0.0, "pAlnus": 0.0, "pPopulus": 0.0, "pSalix": 0.0, "pSorbus": 0.0, "pPrunus": 0.0, "pMalus": 0.0, "pPyrus": 0.0, "pOtherLN": 0.0, "pPicea": 0.642, "pPinus": 0.044, "pAbies": 0.037, "pDouglas": 0.0, "pLarix": 0.277, "pOtherNb": 0.0, "pNoEurop": 0.0, "pNoEuropD": 0.0, "pEurop": 1.0, "pDecid": 0.0, "pConifer": 1.0, "pAll": 1.0, "Cell_id": "4403_3017", "EPSG": 31468, "Netz": 16, "Dichte": 16, "Bl": ";9;" }, "geometry": { "type": "Point", "coordinates": [ 653731.627017410239205, 5570186.556199289858341 ] } },
{ "type": "Feature", "properties": { "Tnr": 16746, "mitRand": 0, "AnzHBbeg": 4, "pHaupt": 1.0, "poHaupt": 0.0, "pQuerus": 0.155, "pFagus": 0.0, "pFraxinus": 0.0, "pCarpinus": 0.0, "pAcer": 0.0, "pTilia": 0.0, "pRobinia": 0.0, "pUlmus": 0.0, "pCastanea": 0.0, "pOtherLH": 0.0, "pBetula": 0.0, "pAlnus": 0.0, "pPopulus": 0.0, "pSalix": 0.0, "pSorbus": 0.0, "pPrunus": 0.0, "pMalus": 0.0, "pPyrus": 0.0, "pOtherLN": 0.0, "pPicea": 0.746, "pPinus": 0.099, "pAbies": 0.0, "pDouglas": 0.0, "pLarix": 0.0, "pOtherNb": 0.0, "pNoEurop": 0.0, "pNoEuropD": 0.0, "pEurop": 1.0, "pDecid": 0.155, "pConifer": 0.845, "pAll": 1.0, "Cell_id": "4411_3017", "EPSG": 31468, "Netz": 16, "Dichte": 16, "Bl": ";9;" }, "geometry": { "type": "Point", "coordinates": [ 661729.385548451682553, 5570292.42472627479583 ] } },
{ "type": "Feature", "properties": { "Tnr": 16838, "mitRand": 1, "AnzHBbeg": 4, "pHaupt": 1.0, "poHaupt": 0.0, "pQuerus": 0.361, "pFagus": 0.02, "pFraxinus": 0.0, "pCarpinus": 0.0, "pAcer": 0.006, "pTilia": 0.0, "pRobinia": 0.0, "pUlmus": 0.0, "pCastanea": 0.0, "pOtherLH": 0.0, "pBetula": 0.079, "pAlnus": 0.0, "pPopulus": 0.0, "pSalix": 0.022, "pSorbus": 0.0, "pPrunus": 0.0, "pMalus": 0.0, "pPyrus": 0.0, "pOtherLN": 0.0, "pPicea": 0.356, "pPinus": 0.156, "pAbies": 0.0, "pDouglas": 0.0, "pLarix": 0.0, "pOtherNb": 0.0, "pNoEurop": 0.0, "pNoEuropD": 0.0, "pEurop": 1.0, "pDecid": 0.488, "pConifer": 0.512, "pAll": 1.0, "Cell_id": "4375_3020", "EPSG": 31468, "Netz": 64, "Dichte": 16, "Bl": ";9;" }, "geometry": { "type": "Point", "coordinates": [ 625700.02021972311195, 5572815.799036457203329 ] } },
{ "type": "Feature", "properties": { "Tnr": 16845, "mitRand": 1, "AnzHBbeg": 3, "pHaupt": 1.0, "poHaupt": 0.0, "pQuerus": 0.077, "pFagus": 0.0, "pFraxinus": 0.0, "pCarpinus": 0.0, "pAcer": 0.0, "pTilia": 0.0, "pRobinia": 0.0, "pUlmus": 0.0, "pCastanea": 0.0, "pOtherLH": 0.0, "pBetula": 0.0, "pAlnus": 0.0, "pPopulus": 0.163, "pSalix": 0.029, "pSorbus": 0.0, "pPrunus": 0.0, "pMalus": 0.0, "pPyrus": 0.0, "pOtherLN": 0.0, "pPicea": 0.63, "pPinus": 0.101, "pAbies": 0.0, "pDouglas": 0.0, "pLarix": 0.0, "pOtherNb": 0.0, "pNoEurop": 0.0, "pNoEuropD": 0.0, "pEurop": 1.0, "pDecid": 0.27, "pConifer": 0.73, "pAll": 1.0, "Cell_id": "4411_3021", "EPSG": 31468, "Netz": 16, "Dichte": 16, "Bl": ";9;" }, "geometry": { "type": "Point", "coordinates": [ 661676.451359285158105, 5574291.803704737685621 ] } },
{ "type": "Feature", "properties": { "Tnr": 16934, "mitRand": 0, "AnzHBbeg": 4, "pHaupt": 1.0, "poHaupt": 0.0, "pQuerus": 0.359, "pFagus": 0.0, "pFraxinus": 0.0, "pCarpinus": 0.0, "pAcer": 0.009, "pTilia": 0.0, "pRobinia": 0.0, "pUlmus": 0.0, "pCastanea": 0.0, "pOtherLH": 0.0, "pBetula": 0.0, "pAlnus": 0.0, "pPopulus": 0.632, "pSalix": 0.0, "pSorbus": 0.0, "pPrunus": 0.0, "pMalus": 0.0, "pPyrus": 0.0, "pOtherLN": 0.0, "pPicea": 0.0, "pPinus": 0.0, "pAbies": 0.0, "pDouglas": 0.0, "pLarix": 0.0, "pOtherNb": 0.0, "pNoEurop": 0.0, "pNoEuropD": 0.0, "pEurop": 1.0, "pDecid": 1.0, "pConifer": 0.0, "pAll": 1.0, "Cell_id": "4363_3024", "EPSG": 31468, "Netz": 16, "Dichte": 16, "Bl": ";9;" }, "geometry": { "type": "Point", "coordinates": [ 613651.946142738452181, 5576655.374559144489467 ] } },
{ "type": "Feature", "properties": { "Tnr": 16940, "mitRand": 0, "AnzHBbeg": 4, "pHaupt": 1.0, "poHaupt": 0.0, "pQuerus": 0.093, "pFagus": 0.089, "pFraxinus": 0.0, "pCarpinus": 0.0, "pAcer": 0.0, "pTilia": 0.0, "pRobinia": 0.0, "pUlmus": 0.0, "pCastanea": 0.0, "pOtherLH": 0.0, "pBetula": 0.04, "pAlnus": 0.0, "pPopulus": 0.0, "pSalix": 0.048, "pSorbus": 0.0, "pPrunus": 0.0, "pMalus": 0.0, "pPyrus": 0.0, "pOtherLN": 0.0, "pPicea": 0.407, "pPinus": 0.265, "pAbies": 0.0, "pDouglas": 0.0, "pLarix": 0.058, "pOtherNb": 0.0, "pNoEurop": 0.0, "pNoEuropD": 0.0, "pEurop": 1.0, "pDecid": 0.27, "pConifer": 0.73, "pAll": 1.0, "Cell_id": "4395_3025", "EPSG": 31468, "Netz": 16, "Dichte": 16, "Bl": ";9;" }, "geometry": { "type": "Point", "coordinates": [ 645627.000027929083444, 5578080.445297946222126 ] } },
{ "type": "Feature", "properties": { "Tnr": 17035, "mitRand": 1, "AnzHBbeg": 4, "pHaupt": 0.75, "poHaupt": 0.25, "pQuerus": 0.0, "pFagus": 0.0, "pFraxinus": 0.0, "pCarpinus": 0.0, "pAcer": 0.0, "pTilia": 0.0, "pRobinia": 0.0, "pUlmus": 0.0, "pCastanea": 0.0, "pOtherLH": 0.0, "pBetula": 0.008, "pAlnus": 0.0, "pPopulus": 0.196, "pSalix": 0.0, "pSorbus": 0.014, "pPrunus": 0.0, "pMalus": 0.0, "pPyrus": 0.0, "pOtherLN": 0.0, "pPicea": 0.532, "pPinus": 0.0, "pAbies": 0.0, "pDouglas": 0.0, "pLarix": 0.0, "pOtherNb": 0.0, "pNoEurop": 0.0, "pNoEuropD": 0.0, "pEurop": 0.75, "pDecid": 0.218, "pConifer": 0.532, "pAll": 0.75, "Cell_id": "4427_3030", "EPSG": 31468, "Netz": 16, "Dichte": 16, "Bl": ";9;" }, "geometry": { "type": "Point", "coordinates": [ 677553.116825865698047, 5583500.893173352815211 ] } },
{ "type": "Feature", "properties": { "Tnr": 17036, "mitRand": 1, "AnzHBbeg": 4, "pHaupt": 1.0, "poHaupt": 0.0, "pQuerus": 0.0, "pFagus": 0.18, "pFraxinus": 0.0, "pCarpinus": 0.0, "pAcer": 0.0, "pTilia": 0.0, "pRobinia": 0.0, "pUlmus": 0.0, "pCastanea": 0.0, "pOtherLH": 0.0, "pBetula": 0.0, "pAlnus": 0.0, "pPopulus": 0.0, "pSalix": 0.0, "pSorbus": 0.0, "pPrunus": 0.0, "pMalus": 0.0, "pPyrus": 0.0, "pOtherLN": 0.0, "pPicea": 0.789, "pPinus": 0.0, "pAbies": 0.0, "pDouglas": 0.0, "pLarix": 0.032, "pOtherNb": 0.0, "pNoEurop": 0.0, "pNoEuropD": 0.0, "pEurop": 1.0, "pDecid": 0.18, "pConifer": 0.82, "pAll": 1.0, "Cell_id": "4431_3030", "EPSG": 31468, "Netz": 64, "Dichte": 16, "Bl": ";9;" }, "geometry": { "type": "Point", "coordinates": [ 681552.495904812240042, 5583553.827055051922798 ] } },
{ "type": "Feature", "properties": { "Tnr": 17115, "mitRand": 0, "AnzHBbeg": 3, "pHaupt": 1.0, "poHaupt": 0.0, "pQuerus": 0.0, "pFagus": 0.618, "pFraxinus": 0.0, "pCarpinus": 0.0, "pAcer": 0.143, "pTilia": 0.0, "pRobinia": 0.0, "pUlmus": 0.0, "pCastanea": 0.0, "pOtherLH": 0.0, "pBetula": 0.0, "pAlnus": 0.0, "pPopulus": 0.0, "pSalix": 0.0, "pSorbus": 0.0, "pPrunus": 0.0, "pMalus": 0.0, "pPyrus": 0.0, "pOtherLN": 0.0, "pPicea": 0.218, "pPinus": 0.0, "pAbies": 0.021, "pDouglas": 0.0, "pLarix": 0.0, "pOtherNb": 0.0, "pNoEurop": 0.0, "pNoEuropD": 0.0, "pEurop": 1.0, "pDecid": 0.761, "pConifer": 0.239, "pAll": 1.0, "Cell_id": "4411_3033", "EPSG": 31468, "Netz": 16, "Dichte": 16, "Bl": ";9;" }, "geometry": { "type": "Point", "coordinates": [ 661515.649767131661065, 5586289.940976252779365 ] } },
{ "type": "Feature", "properties": { "Tnr": 17119, "mitRand": 1, "AnzHBbeg": 2, "pHaupt": 1.0, "poHaupt": 0.0, "pQuerus": 0.0, "pFagus": 0.0, "pFraxinus": 0.0, "pCarpinus": 0.0, "pAcer": 0.376, "pTilia": 0.124, "pRobinia": 0.0, "pUlmus": 0.0, "pCastanea": 0.0, "pOtherLH": 0.0, "pBetula": 0.0, "pAlnus": 0.0, "pPopulus": 0.0, "pSalix": 0.0, "pSorbus": 0.0, "pPrunus": 0.0, "pMalus": 0.0, "pPyrus": 0.0, "pOtherLN": 0.0, "pPicea": 0.5, "pPinus": 0.0, "pAbies": 0.0, "pDouglas": 0.0, "pLarix": 0.0, "pOtherNb": 0.0, "pNoEurop": 0.0, "pNoEuropD": 0.0, "pEurop": 1.0, "pDecid": 0.5, "pConifer": 0.5, "pAll": 1.0, "Cell_id": "4447_3034", "EPSG": 31468, "Netz": 16, "Dichte": 16, "Bl": ";9;" }, "geometry": { "type": "Point", "coordinates": [ 697498.07789095165208, 5587763.941346358507872 ] } },
{ "type": "Feature", "properties": { "Tnr": 17192, "mitRand": 0, "AnzHBbeg": 4, "pHaupt": 1.0, "poHaupt": 0.0, "pQuerus": 0.0, "pFagus": 0.0, "pFraxinus": 0.0, "pCarpinus": 0.0, "pAcer": 0.0, "pTilia": 0.0, "pRobinia": 0.0, "pUlmus": 0.0, "pCastanea": 0.0, "pOtherLH": 0.0, "pBetula": 0.0, "pAlnus": 0.0, "pPopulus": 0.0, "pSalix": 0.0, "pSorbus": 0.0, "pPrunus": 0.0, "pMalus": 0.0, "pPyrus": 0.0, "pOtherLN": 0.0, "pPicea": 1.0, "pPinus": 0.0, "pAbies": 0.0, "pDouglas": 0.0, "pLarix": 0.0, "pOtherNb": 0.0, "pNoEurop": 0.0, "pNoEuropD": 0.0, "pEurop": 1.0, "pDecid": 0.0, "pConifer": 1.0, "pAll": 1.0, "Cell_id": "4411_3037", "EPSG": 31468, "Netz": 16, "Dichte": 16, "Bl": ";9;" }, "geometry": { "type": "Point", "coordinates": [ 661462.715687776450068, 5590289.320164626464248 ] } },
{ "type": "Feature", "properties": { "Tnr": 17265, "mitRand": 1, "AnzHBbeg": 2, "pHaupt": 1.0, "poHaupt": 0.0, "pQuerus": 0.0, "pFagus": 0.0, "pFraxinus": 0.0, "pCarpinus": 0.0, "pAcer": 0.0, "pTilia": 0.0, "pRobinia": 0.0, "pUlmus": 0.0, "pCastanea": 0.0, "pOtherLH": 0.0, "pBetula": 0.0, "pAlnus": 0.0, "pPopulus": 0.0, "pSalix": 0.0, "pSorbus": 0.0, "pPrunus": 0.0, "pMalus": 0.0, "pPyrus": 0.0, "pOtherLN": 0.0, "pPicea": 1.0, "pPinus": 0.0, "pAbies": 0.0, "pDouglas": 0.0, "pLarix": 0.0, "pOtherNb": 0.0, "pNoEurop": 0.0, "pNoEuropD": 0.0, "pEurop": 1.0, "pDecid": 0.0, "pConifer": 1.0, "pAll": 1.0, "Cell_id": "4411_3041", "EPSG": 31468, "Netz": 16, "Dichte": 8, "Bl": ";9;16;" }, "geometry": { "type": "Point", "coordinates": [ 661408.782041413593106, 5594288.699416356161237 ] } },
{ "type": "Feature", "properties": { "Tnr": 17266, "mitRand": 1, "AnzHBbeg": 3, "pHaupt": 1.0, "poHaupt": 0.0, "pQuerus": 0.0, "pFagus": 0.0, "pFraxinus": 0.0, "pCarpinus": 0.0, "pAcer": 0.0, "pTilia": 0.0, "pRobinia": 0.0, "pUlmus": 0.0, "pCastanea": 0.0, "pOtherLH": 0.0, "pBetula": 0.0, "pAlnus": 0.0, "pPopulus": 0.0, "pSalix": 0.0, "pSorbus": 0.0, "pPrunus": 0.0, "pMalus": 0.0, "pPyrus": 0.0, "pOtherLN": 0.0, "pPicea": 1.0, "pPinus": 0.0, "pAbies": 0.0, "pDouglas": 0.0, "pLarix": 0.0, "pOtherNb": 0.0, "pNoEurop": 0.0, "pNoEuropD": 0.0, "pEurop": 1.0, "pDecid": 0.0, "pConifer": 1.0, "pAll": 1.0, "Cell_id": "4415_3042", "EPSG": 31468, "Netz": 16, "Dichte": 16, "Bl": ";9;" }, "geometry": { "type": "Point", "coordinates": [ 665395.177788151544519, 5595342.227937365882099 ] } },
{ "type": "Feature", "properties": { "Tnr": 17339, "mitRand": 1, "AnzHBbeg": 4, "pHaupt": 1.0, "poHaupt": 0.0, "pQuerus": 0.028, "pFagus": 0.0, "pFraxinus": 0.0, "pCarpinus": 0.0, "pAcer": 0.0, "pTilia": 0.0, "pRobinia": 0.0, "pUlmus": 0.0, "pCastanea": 0.0, "pOtherLH": 0.0, "pBetula": 0.253, "pAlnus": 0.0, "pPopulus": 0.0, "pSalix": 0.0, "pSorbus": 0.0, "pPrunus": 0.0, "pMalus": 0.0, "pPyrus": 0.0, "pOtherLN": 0.0, "pPicea": 0.146, "pPinus": 0.573, "pAbies": 0.0, "pDouglas": 0.0, "pLarix": 0.0, "pOtherNb": 0.0, "pNoEurop": 0.0, "pNoEuropD": 0.0, "pEurop": 1.0, "pDecid": 0.28, "pConifer": 0.72, "pAll": 1.0, "Cell_id": "4338_3044", "EPSG": 31467, "Netz": 256, "Dichte": 8, "Bl": ";9;16;" }, "geometry": { "type": "Point", "coordinates": [ 588393.397957279230468, 5596315.681704769842327 ] } },
{ "type": "Feature", "properties": { "Tnr": 17340, "mitRand": 1, "AnzHBbeg": 3, "pHaupt": 1.0, "poHaupt": 0.0, "pQuerus": 0.0, "pFagus": 0.12, "pFraxinus": 0.0, "pCarpinus": 0.0, "pAcer": 0.0, "pTilia": 0.0, "pRobinia": 0.0, "pUlmus": 0.0, "pCastanea": 0.0, "pOtherLH": 0.0, "pBetula": 0.04, "pAlnus": 0.0, "pPopulus": 0.0, "pSalix": 0.0, "pSorbus": 0.0, "pPrunus": 0.0, "pMalus": 0.0, "pPyrus": 0.0, "pOtherLN": 0.0, "pPicea": 0.672, "pPinus": 0.039, "pAbies": 0.026, "pDouglas": 0.104, "pLarix": 0.0, "pOtherNb": 0.0, "pNoEurop": 0.104, "pNoEuropD": 0.0, "pEurop": 0.896, "pDecid": 0.159, "pConifer": 0.841, "pAll": 1.0, "Cell_id": "4419_3046", "EPSG": 31468, "Netz": 16, "Dichte": 8, "Bl": ";9;16;" }, "geometry": { "type": "Point", "coordinates": [ 669340.623603244312108, 5599394.541156028397381 ] } },
{ "type": "Feature", "properties": { "Tnr": 17409, "mitRand": 1, "AnzHBbeg": 3, "pHaupt": 1.0, "poHaupt": 0.0, "pQuerus": 0.79, "pFagus": 0.0, "pFraxinus": 0.0, "pCarpinus": 0.0, "pAcer": 0.0, "pTilia": 0.0, "pRobinia": 0.0, "pUlmus": 0.0, "pCastanea": 0.0, "pOtherLH": 0.0, "pBetula": 0.0, "pAlnus": 0.0, "pPopulus": 0.0, "pSalix": 0.0, "pSorbus": 0.0, "pPrunus": 0.0, "pMalus": 0.0, "pPyrus": 0.0, "pOtherLN": 0.0, "pPicea": 0.057, "pPinus": 0.153, "pAbies": 0.0, "pDouglas": 0.0, "pLarix": 0.0, "pOtherNb": 0.0, "pNoEurop": 0.0, "pNoEuropD": 0.0, "pEurop": 1.0, "pDecid": 0.79, "pConifer": 0.21, "pAll": 1.0, "Cell_id": "4334_3048", "EPSG": 31467, "Netz": 16, "Dichte": 16, "Bl": ";9;" }, "geometry": { "type": "Point", "coordinates": [ 584342.082638359046541, 5600260.127322654239833 ] } },
{ "type": "Feature", "properties": { "Tnr": 17543, "mitRand": 0, "AnzHBbeg": 4, "pHaupt": 1.0, "poHaupt": 0.0, "pQuerus": 0.0, "pFagus": 0.099, "pFraxinus": 0.589, "pCarpinus": 0.029, "pAcer": 0.217, "pTilia": 0.0, "pRobinia": 0.0, "pUlmus": 0.0, "pCastanea": 0.0, "pOtherLH": 0.0, "pBetula": 0.0, "pAlnus": 0.0, "pPopulus": 0.0, "pSalix": 0.0, "pSorbus": 0.0, "pPrunus": 0.066, "pMalus": 0.0, "pPyrus": 0.0, "pOtherLN": 0.0, "pPicea": 0.0, "pPinus": 0.0, "pAbies": 0.0, "pDouglas": 0.0, "pLarix": 0.0, "pOtherNb": 0.0, "pNoEurop": 0.0, "pNoEuropD": 0.0, "pEurop": 1.0, "pDecid": 1.0, "pConifer": 0.0, "pAll": 1.0, "Cell_id": "4318_3056", "EPSG": 31467, "Netz": 16, "Dichte": 16, "Bl": ";6;" }, "geometry": { "type": "Point", "coordinates": [ 568241.691047104424797, 5608042.148849794641137 ] } },
{ "type": "Feature", "properties": { "Tnr": 17545, "mitRand": 1, "AnzHBbeg": 3, "pHaupt": 1.0, "poHaupt": 0.0, "pQuerus": 0.0, "pFagus": 0.402, "pFraxinus": 0.213, "pCarpinus": 0.039, "pAcer": 0.229, "pTilia": 0.0, "pRobinia": 0.0, "pUlmus": 0.0, "pCastanea": 0.0, "pOtherLH": 0.0, "pBetula": 0.0, "pAlnus": 0.118, "pPopulus": 0.0, "pSalix": 0.0, "pSorbus": 0.0, "pPrunus": 0.0, "pMalus": 0.0, "pPyrus": 0.0, "pOtherLN": 0.0, "pPicea": 0.0, "pPinus": 0.0, "pAbies": 0.0, "pDouglas": 0.0, "pLarix": 0.0, "pOtherNb": 0.0, "pNoEurop": 0.0, "pNoEuropD": 0.0, "pEurop": 1.0, "pDecid": 1.0, "pConifer": 0.0, "pAll": 1.0, "Cell_id": "4326_3056", "EPSG": 31467, "Netz": 16, "Dichte": 16, "Bl": ";6;" }, "geometry": { "type": "Point", "coordinates": [ 576237.452505482942797, 5608150.018316807225347 ] } },
{ "type": "Feature", "properties": { "Tnr": 17957, "mitRand": 1, "AnzHBbeg": 3, "pHaupt": 0.667, "poHaupt": 0.333, "pQuerus": 0.0, "pFagus": 0.623, "pFraxinus": 0.0, "pCarpinus": 0.027, "pAcer": 0.0, "pTilia": 0.0, "pRobinia": 0.0, "pUlmus": 0.0, "pCastanea": 0.0, "pOtherLH": 0.0, "pBetula": 0.0, "pAlnus": 0.0, "pPopulus": 0.0, "pSalix": 0.0, "pSorbus": 0.0, "pPrunus": 0.0, "pMalus": 0.0, "pPyrus": 0.0, "pOtherLN": 0.0, "pPicea": 0.016, "pPinus": 0.0, "pAbies": 0.0, "pDouglas": 0.0, "pLarix": 0.0, "pOtherNb": 0.0, "pNoEurop": 0.0, "pNoEuropD": 0.0, "pEurop": 0.667, "pDecid": 0.65, "pConifer": 0.016, "pAll": 0.667, "Cell_id": "4318_3080", "EPSG": 31467, "Netz": 16, "Dichte": 16, "Bl": ";6;" }, "geometry": { "type": "Point", "coordinates": [ 567917.083181995665655, 5632032.432635560631752 ] } },
{ "type": "Feature", "properties": { "Tnr": 18315, "mitRand": 1, "AnzHBbeg": 4, "pHaupt": 1.0, "poHaupt": 0.0, "pQuerus": 0.239, "pFagus": 0.246, "pFraxinus": 0.0, "pCarpinus": 0.0, "pAcer": 0.0, "pTilia": 0.0, "pRobinia": 0.0, "pUlmus": 0.0, "pCastanea": 0.0, "pOtherLH": 0.0, "pBetula": 0.0, "pAlnus": 0.0, "pPopulus": 0.0, "pSalix": 0.0, "pSorbus": 0.0, "pPrunus": 0.0, "pMalus": 0.0, "pPyrus": 0.0, "pOtherLN": 0.0, "pPicea": 0.209, "pPinus": 0.082, "pAbies": 0.0, "pDouglas": 0.0, "pLarix": 0.223, "pOtherNb": 0.0, "pNoEurop": 0.0, "pNoEuropD": 0.0, "pEurop": 1.0, "pDecid": 0.486, "pConifer": 0.514, "pAll": 1.0, "Cell_id": "4323_3100", "EPSG": 31467, "Netz": 64, "Dichte": 16, "Bl": ";6;" }, "geometry": { "type": "Point", "coordinates": [ 572644.38707272731699, 5652092.255202760919929 ] } },
{ "type": "Feature", "properties": { "Tnr": 18391, "mitRand": 0, "AnzHBbeg": 2, "pHaupt": 1.0, "poHaupt": 0.0, "pQuerus": 0.0, "pFagus": 0.0, "pFraxinus": 0.0, "pCarpinus": 0.0, "pAcer": 0.57, "pTilia": 0.0, "pRobinia": 0.0, "pUlmus": 0.0, "pCastanea": 0.0, "pOtherLH": 0.0, "pBetula": 0.0, "pAlnus": 0.0, "pPopulus": 0.0, "pSalix": 0.0, "pSorbus": 0.0, "pPrunus": 0.0, "pMalus": 0.0, "pPyrus": 0.0, "pOtherLN": 0.0, "pPicea": 0.0, "pPinus": 0.121, "pAbies": 0.0, "pDouglas": 0.0, "pLarix": 0.308, "pOtherNb": 0.0, "pNoEurop": 0.0, "pNoEuropD": 0.0, "pEurop": 1.0, "pDecid": 0.57, "pConifer": 0.43, "pAll": 1.0, "Cell_id": "4331_3104", "EPSG": 31467, "Netz": 16, "Dichte": 16, "Bl": ";6;" }, "geometry": { "type": "Point", "coordinates": [ 580586.21532319788821, 5656198.505045127123594 ] } },
{ "type": "Feature", "properties": { "Tnr": 18464, "mitRand": 1, "AnzHBbeg": 4, "pHaupt": 1.0, "poHaupt": 0.0, "pQuerus": 0.244, "pFagus": 0.756, "pFraxinus": 0.0, "pCarpinus": 0.0, "pAcer": 0.0, "pTilia": 0.0, "pRobinia": 0.0, "pUlmus": 0.0, "pCastanea": 0.0, "pOtherLH": 0.0, "pBetula": 0.0, "pAlnus": 0.0, "pPopulus": 0.0, "pSalix": 0.0, "pSorbus": 0.0, "pPrunus": 0.0, "pMalus": 0.0, "pPyrus": 0.0, "pOtherLN": 0.0, "pPicea": 0.0, "pPinus": 0.0, "pAbies": 0.0, "pDouglas": 0.0, "pLarix": 0.0, "pOtherNb": 0.0, "pNoEurop": 0.0, "pNoEuropD": 0.0, "pEurop": 1.0, "pDecid": 1.0, "pConifer": 0.0, "pAll": 1.0, "Cell_id": "4331_3108", "EPSG": 31467, "Netz": 64, "Dichte": 16, "Bl": ";6;" }, "geometry": { "type": "Point", "coordinates": [ 580532.281007445766591, 5660196.886118987575173 ] } },
{ "type": "Feature", "properties": { "Tnr": 18607, "mitRand": 1, "AnzHBbeg": 4, "pHaupt": 0.5, "poHaupt": 0.5, "pQuerus": 0.04, "pFagus": 0.265, "pFraxinus": 0.0, "pCarpinus": 0.0, "pAcer": 0.0, "pTilia": 0.0, "pRobinia": 0.0, "pUlmus": 0.0, "pCastanea": 0.0, "pOtherLH": 0.0, "pBetula": 0.0, "pAlnus": 0.0, "pPopulus": 0.0, "pSalix": 0.0, "pSorbus": 0.0, "pPrunus": 0.0, "pMalus": 0.0, "pPyrus": 0.0, "pOtherLN": 0.0, "pPicea": 0.086, "pPinus": 0.0, "pAbies": 0.0, "pDouglas": 0.0, "pLarix": 0.108, "pOtherNb": 0.0, "pNoEurop": 0.0, "pNoEuropD": 0.0, "pEurop": 0.5, "pDecid": 0.305, "pConifer": 0.195, "pAll": 0.5, "Cell_id": "4331_3116", "EPSG": 31467, "Netz": 64, "Dichte": 16, "Bl": ";6;" }, "geometry": { "type": "Point", "coordinates": [ 580423.412850392167456, 5668193.648445070721209 ] } },
{ "type": "Feature", "properties": { "Tnr": 18608, "mitRand": 1, "AnzHBbeg": 4, "pHaupt": 0.75, "poHaupt": 0.25, "pQuerus": 0.25, "pFagus": 0.306, "pFraxinus": 0.022, "pCarpinus": 0.003, "pAcer": 0.162, "pTilia": 0.0, "pRobinia": 0.0, "pUlmus": 0.0, "pCastanea": 0.0, "pOtherLH": 0.0, "pBetula": 0.0, "pAlnus": 0.0, "pPopulus": 0.0, "pSalix": 0.0, "pSorbus": 0.0, "pPrunus": 0.0, "pMalus": 0.0, "pPyrus": 0.0, "pOtherLN": 0.0, "pPicea": 0.0, "pPinus": 0.0, "pAbies": 0.006, "pDouglas": 0.0, "pLarix": 0.0, "pOtherNb": 0.0, "pNoEurop": 0.0, "pNoEuropD": 0.0, "pEurop": 0.75, "pDecid": 0.744, "pConifer": 0.006, "pAll": 0.75, "Cell_id": "4335_3116", "EPSG": 31467, "Netz": 16, "Dichte": 16, "Bl": ";6;" }, "geometry": { "type": "Point", "coordinates": [ 584421.794129788409919, 5668247.582675918005407 ] } },
{ "type": "Feature", "properties": { "Tnr": 19083, "mitRand": 1, "AnzHBbeg": 4, "pHaupt": 0.75, "poHaupt": 0.25, "pQuerus": 0.21, "pFagus": 0.54, "pFraxinus": 0.0, "pCarpinus": 0.0, "pAcer": 0.0, "pTilia": 0.0, "pRobinia": 0.0, "pUlmus": 0.0, "pCastanea": 0.0, "pOtherLH": 0.0, "pBetula": 0.0, "pAlnus": 0.0, "pPopulus": 0.0, "pSalix": 0.0, "pSorbus": 0.0, "pPrunus": 0.0, "pMalus": 0.0, "pPyrus": 0.0, "pOtherLN": 0.0, "pPicea": 0.0, "pPinus": 0.0, "pAbies": 0.0, "pDouglas": 0.0, "pLarix": 0.0, "pOtherNb": 0.0, "pNoEurop": 0.0, "pNoEuropD": 0.0, "pEurop": 0.75, "pDecid": 0.75, "pConifer": 0.0, "pAll": 0.75, "Cell_id": "4319_3144", "EPSG": 31467, "Netz": 16, "Dichte": 16, "Bl": ";3;" }, "geometry": { "type": "Point", "coordinates": [ 568047.729642034159042, 5696018.516619571484625 ] } },
{ "type": "Feature", "properties": { "Tnr": 19152, "mitRand": 0, "AnzHBbeg": 3, "pHaupt": 1.0, "poHaupt": 0.0, "pQuerus": 0.613, "pFagus": 0.097, "pFraxinus": 0.0, "pCarpinus": 0.0, "pAcer": 0.0, "pTilia": 0.0, "pRobinia": 0.0, "pUlmus": 0.0, "pCastanea": 0.0, "pOtherLH": 0.0, "pBetula": 0.0, "pAlnus": 0.0, "pPopulus": 0.0, "pSalix": 0.0, "pSorbus": 0.0, "pPrunus": 0.0, "pMalus": 0.0, "pPyrus": 0.0, "pOtherLN": 0.0, "pPicea": 0.021, "pPinus": 0.269, "pAbies": 0.0, "pDouglas": 0.0, "pLarix": 0.0, "pOtherNb": 0.0, "pNoEurop": 0.0, "pNoEuropD": 0.0, "pEurop": 1.0, "pDecid": 0.71, "pConifer": 0.29, "pAll": 1.0, "Cell_id": "4331_3148", "EPSG": 31467, "Netz": 64, "Dichte": 16, "Bl": ";3;" }, "geometry": { "type": "Point", "coordinates": [ 579987.94114638119936, 5700180.700008735060692 ] } },
{ "type": "Feature", "properties": { "Tnr": 19294, "mitRand": 1, "AnzHBbeg": 3, "pHaupt": 0.667, "poHaupt": 0.333, "pQuerus": 0.134, "pFagus": 0.0, "pFraxinus": 0.0, "pCarpinus": 0.0, "pAcer": 0.0, "pTilia": 0.0, "pRobinia": 0.0, "pUlmus": 0.0, "pCastanea": 0.0, "pOtherLH": 0.0, "pBetula": 0.0, "pAlnus": 0.0, "pPopulus": 0.0, "pSalix": 0.0, "pSorbus": 0.0, "pPrunus": 0.158, "pMalus": 0.0, "pPyrus": 0.0, "pOtherLN": 0.0, "pPicea": 0.333, "pPinus": 0.0, "pAbies": 0.0, "pDouglas": 0.0, "pLarix": 0.041, "pOtherNb": 0.0, "pNoEurop": 0.0, "pNoEuropD": 0.0, "pEurop": 0.667, "pDecid": 0.292, "pConifer": 0.374, "pAll": 0.667, "Cell_id": "4343_3156", "EPSG": 31467, "Netz": 16, "Dichte": 16, "Bl": ";3;" }, "geometry": { "type": "Point", "coordinates": [ 591874.218944888678379, 5708341.264488036744297 ] } },
{ "type": "Feature", "properties": { "Tnr": 19443, "mitRand": 0, "AnzHBbeg": 1, "pHaupt": 1.0, "poHaupt": 0.0, "pQuerus": 0.0, "pFagus": 0.0, "pFraxinus": 0.0, "pCarpinus": 0.0, "pAcer": 0.0, "pTilia": 0.0, "pRobinia": 0.0, "pUlmus": 0.0, "pCastanea": 0.0, "pOtherLH": 0.0, "pBetula": 1.0, "pAlnus": 0.0, "pPopulus": 0.0, "pSalix": 0.0, "pSorbus": 0.0, "pPrunus": 0.0, "pMalus": 0.0, "pPyrus": 0.0, "pOtherLN": 0.0, "pPicea": 0.0, "pPinus": 0.0, "pAbies": 0.0, "pDouglas": 0.0, "pLarix": 0.0, "pOtherNb": 0.0, "pNoEurop": 0.0, "pNoEuropD": 0.0, "pEurop": 1.0, "pDecid": 1.0, "pConifer": 0.0, "pAll": 1.0, "Cell_id": "4351_3164", "EPSG": 31467, "Netz": 16, "Dichte": 8, "Bl": ";3;16;" }, "geometry": { "type": "Point", "coordinates": [ 599761.115878354525194, 5716447.894745847210288 ] } },
{ "type": "Feature", "properties": { "Tnr": 46937, "mitRand": 1, "AnzHBbeg": 4, "pHaupt": 1.0, "poHaupt": 0.0, "pQuerus": 0.0, "pFagus": 0.0, "pFraxinus": 0.0, "pCarpinus": 0.0, "pAcer": 0.0, "pTilia": 0.0, "pRobinia": 0.0, "pUlmus": 0.0, "pCastanea": 0.0, "pOtherLH": 0.0, "pBetula": 0.0, "pAlnus": 0.0, "pPopulus": 0.0, "pSalix": 0.0, "pSorbus": 0.0, "pPrunus": 0.0, "pMalus": 0.0, "pPyrus": 0.0, "pOtherLN": 0.0, "pPicea": 1.0, "pPinus": 0.0, "pAbies": 0.0, "pDouglas": 0.0, "pLarix": 0.0, "pOtherNb": 0.0, "pNoEurop": 0.0, "pNoEuropD": 0.0, "pEurop": 1.0, "pDecid": 0.0, "pConifer": 1.0, "pAll": 1.0, "Cell_id": "4369_3170", "EPSG": 31468, "Netz": 8, "Dichte": 4, "Bl": ";15;" }, "geometry": { "type": "Point", "coordinates": [ 617672.933912332635373, 5722691.167136133648455 ] } },
{ "type": "Feature", "properties": { "Tnr": 46938, "mitRand": 0, "AnzHBbeg": 3, "pHaupt": 1.0, "poHaupt": 0.0, "pQuerus": 0.0, "pFagus": 0.0, "pFraxinus": 0.0, "pCarpinus": 0.0, "pAcer": 0.0, "pTilia": 0.0, "pRobinia": 0.0, "pUlmus": 0.0, "pCastanea": 0.0, "pOtherLH": 0.0, "pBetula": 0.195, "pAlnus": 0.0, "pPopulus": 0.0, "pSalix": 0.0, "pSorbus": 0.0, "pPrunus": 0.0, "pMalus": 0.0, "pPyrus": 0.0, "pOtherLN": 0.0, "pPicea": 0.805, "pPinus": 0.0, "pAbies": 0.0, "pDouglas": 0.0, "pLarix": 0.0, "pOtherNb": 0.0, "pNoEurop": 0.0, "pNoEuropD": 0.0, "pEurop": 1.0, "pDecid": 0.195, "pConifer": 0.805, "pAll": 1.0, "Cell_id": "4371_3170", "EPSG": 31468, "Netz": 4, "Dichte": 4, "Bl": ";15;" }, "geometry": { "type": "Point", "coordinates": [ 619672.124827392050065, 5722718.133825686760247 ] } },
{ "type": "Feature", "properties": { "Tnr": 46939, "mitRand": 1, "AnzHBbeg": 4, "pHaupt": 1.0, "poHaupt": 0.0, "pQuerus": 0.0, "pFagus": 0.0, "pFraxinus": 0.0, "pCarpinus": 0.0, "pAcer": 0.0, "pTilia": 0.0, "pRobinia": 0.0, "pUlmus": 0.0, "pCastanea": 0.0, "pOtherLH": 0.0, "pBetula": 0.044, "pAlnus": 0.113, "pPopulus": 0.0, "pSalix": 0.0, "pSorbus": 0.0, "pPrunus": 0.0, "pMalus": 0.0, "pPyrus": 0.0, "pOtherLN": 0.0, "pPicea": 0.844, "pPinus": 0.0, "pAbies": 0.0, "pDouglas": 0.0, "pLarix": 0.0, "pOtherNb": 0.0, "pNoEurop": 0.0, "pNoEuropD": 0.0, "pEurop": 1.0, "pDecid": 0.156, "pConifer": 0.844, "pAll": 1.0, "Cell_id": "4373_3170", "EPSG": 31468, "Netz": 8, "Dichte": 4, "Bl": ";15;16;" }, "geometry": { "type": "Point", "coordinates": [ 621672.315342771355063, 5722746.100084700621665 ] } },
{ "type": "Feature", "properties": { "Tnr": 46940, "mitRand": 0, "AnzHBbeg": 4, "pHaupt": 1.0, "poHaupt": 0.0, "pQuerus": 0.0, "pFagus": 0.0, "pFraxinus": 0.0, "pCarpinus": 0.0, "pAcer": 0.0, "pTilia": 0.0, "pRobinia": 0.0, "pUlmus": 0.0, "pCastanea": 0.0, "pOtherLH": 0.0, "pBetula": 0.0, "pAlnus": 0.0, "pPopulus": 0.0, "pSalix": 0.0, "pSorbus": 0.0, "pPrunus": 0.0, "pMalus": 0.0, "pPyrus": 0.0, "pOtherLN": 0.0, "pPicea": 1.0, "pPinus": 0.0, "pAbies": 0.0, "pDouglas": 0.0, "pLarix": 0.0, "pOtherNb": 0.0, "pNoEurop": 0.0, "pNoEuropD": 0.0, "pEurop": 1.0, "pDecid": 0.0, "pConifer": 1.0, "pAll": 1.0, "Cell_id": "4375_3170", "EPSG": 31468, "Netz": 4, "Dichte": 4, "Bl": ";15;" }, "geometry": { "type": "Point", "coordinates": [ 623671.506245440454222, 5722773.066744993440807 ] } },
{ "type": "Feature", "properties": { "Tnr": 47078, "mitRand": 1, "AnzHBbeg": 3, "pHaupt": 1.0, "poHaupt": 0.0, "pQuerus": 0.0, "pFagus": 0.256, "pFraxinus": 0.0, "pCarpinus": 0.0, "pAcer": 0.0, "pTilia": 0.0, "pRobinia": 0.0, "pUlmus": 0.0, "pCastanea": 0.0, "pOtherLH": 0.0, "pBetula": 0.354, "pAlnus": 0.0, "pPopulus": 0.0, "pSalix": 0.0, "pSorbus": 0.0, "pPrunus": 0.0, "pMalus": 0.0, "pPyrus": 0.0, "pOtherLN": 0.0, "pPicea": 0.257, "pPinus": 0.0, "pAbies": 0.0, "pDouglas": 0.0, "pLarix": 0.133, "pOtherNb": 0.0, "pNoEurop": 0.0, "pNoEuropD": 0.0, "pEurop": 1.0, "pDecid": 0.61, "pConifer": 0.39, "pAll": 1.0, "Cell_id": "4367_3168", "EPSG": 31468, "Netz": 16, "Dichte": 8, "Bl": ";16;" }, "geometry": { "type": "Point", "coordinates": [ 615700.70970455755014, 5720665.009552237577736 ] } },
{ "type": "Feature", "properties": { "Tnr": 47080, "mitRand": 1, "AnzHBbeg": 4, "pHaupt": 1.0, "poHaupt": 0.0, "pQuerus": 0.0, "pFagus": 0.35, "pFraxinus": 0.0, "pCarpinus": 0.0, "pAcer": 0.123, "pTilia": 0.0, "pRobinia": 0.0, "pUlmus": 0.0, "pCastanea": 0.0, "pOtherLH": 0.0, "pBetula": 0.0, "pAlnus": 0.0, "pPopulus": 0.0, "pSalix": 0.0, "pSorbus": 0.0, "pPrunus": 0.0, "pMalus": 0.0, "pPyrus": 0.0, "pOtherLN": 0.0, "pPicea": 0.527, "pPinus": 0.0, "pAbies": 0.0, "pDouglas": 0.0, "pLarix": 0.0, "pOtherNb": 0.0, "pNoEurop": 0.0, "pNoEuropD": 0.0, "pEurop": 1.0, "pDecid": 0.473, "pConifer": 0.527, "pAll": 1.0, "Cell_id": "4371_3168", "EPSG": 31468, "Netz": 16, "Dichte": 8, "Bl": ";16;" }, "geometry": { "type": "Point", "coordinates": [ 619700.091106865555048, 5720718.942947080358863 ] } },
{ "type": "Feature", "properties": { "Tnr": 47082, "mitRand": 1, "AnzHBbeg": 4, "pHaupt": 1.0, "poHaupt": 0.0, "pQuerus": 0.0, "pFagus": 0.73, "pFraxinus": 0.0, "pCarpinus": 0.0, "pAcer": 0.0, "pTilia": 0.0, "pRobinia": 0.0, "pUlmus": 0.0, "pCastanea": 0.0, "pOtherLH": 0.0, "pBetula": 0.0, "pAlnus": 0.0, "pPopulus": 0.0, "pSalix": 0.0, "pSorbus": 0.0, "pPrunus": 0.0, "pMalus": 0.0, "pPyrus": 0.0, "pOtherLN": 0.0, "pPicea": 0.27, "pPinus": 0.0, "pAbies": 0.0, "pDouglas": 0.0, "pLarix": 0.0, "pOtherNb": 0.0, "pNoEurop": 0.0, "pNoEuropD": 0.0, "pEurop": 1.0, "pDecid": 0.73, "pConifer": 0.27, "pAll": 1.0, "Cell_id": "4375_3168", "EPSG": 31468, "Netz": 16, "Dichte": 8, "Bl": ";16;" }, "geometry": { "type": "Point", "coordinates": [ 623698.472900321474299, 5720773.875889972783625 ] } },
{ "type": "Feature", "properties": { "Tnr": 47083, "mitRand": 1, "AnzHBbeg": 3, "pHaupt": 1.0, "poHaupt": 0.0, "pQuerus": 0.0, "pFagus": 0.163, "pFraxinus": 0.0, "pCarpinus": 0.0, "pAcer": 0.072, "pTilia": 0.0, "pRobinia": 0.0, "pUlmus": 0.0, "pCastanea": 0.0, "pOtherLH": 0.0, "pBetula": 0.29, "pAlnus": 0.0, "pPopulus": 0.0, "pSalix": 0.0, "pSorbus": 0.0, "pPrunus": 0.0, "pMalus": 0.0, "pPyrus": 0.0, "pOtherLN": 0.0, "pPicea": 0.474, "pPinus": 0.0, "pAbies": 0.0, "pDouglas": 0.0, "pLarix": 0.0, "pOtherNb": 0.0, "pNoEurop": 0.0, "pNoEuropD": 0.0, "pEurop": 1.0, "pDecid": 0.526, "pConifer": 0.474, "pAll": 1.0, "Cell_id": "4377_3169", "EPSG": 31468, "Netz": 4, "Dichte": 4, "Bl": ";15;" }, "geometry": { "type": "Point", "coordinates": [ 625684.680258948006667, 5721800.437958625145257 ] } },
{ "type": "Feature", "properties": { "Tnr": 47084, "mitRand": 1, "AnzHBbeg": 4, "pHaupt": 1.0, "poHaupt": 0.0, "pQuerus": 0.0, "pFagus": 0.0, "pFraxinus": 0.0, "pCarpinus": 0.0, "pAcer": 0.0, "pTilia": 0.0, "pRobinia": 0.0, "pUlmus": 0.0, "pCastanea": 0.0, "pOtherLH": 0.0, "pBetula": 0.0, "pAlnus": 0.0, "pPopulus": 0.0, "pSalix": 0.0, "pSorbus": 0.0, "pPrunus": 0.0, "pMalus": 0.0, "pPyrus": 0.0, "pOtherLN": 0.0, "pPicea": 1.0, "pPinus": 0.0, "pAbies": 0.0, "pDouglas": 0.0, "pLarix": 0.0, "pOtherNb": 0.0, "pNoEurop": 0.0, "pNoEuropD": 0.0, "pEurop": 1.0, "pDecid": 0.0, "pConifer": 1.0, "pAll": 1.0, "Cell_id": "4379_3169", "EPSG": 31468, "Netz": 16, "Dichte": 8, "Bl": ";16;" }, "geometry": { "type": "Point", "coordinates": [ 627683.87115284614265, 5721828.404188439249992 ] } },
{ "type": "Feature", "properties": { "Tnr": 47085, "mitRand": 1, "AnzHBbeg": 4, "pHaupt": 1.0, "poHaupt": 0.0, "pQuerus": 0.0, "pFagus": 0.737, "pFraxinus": 0.0, "pCarpinus": 0.0, "pAcer": 0.0, "pTilia": 0.0, "pRobinia": 0.0, "pUlmus": 0.0, "pCastanea": 0.0, "pOtherLH": 0.0, "pBetula": 0.0, "pAlnus": 0.0, "pPopulus": 0.0, "pSalix": 0.0, "pSorbus": 0.0, "pPrunus": 0.0, "pMalus": 0.0, "pPyrus": 0.0, "pOtherLN": 0.0, "pPicea": 0.263, "pPinus": 0.0, "pAbies": 0.0, "pDouglas": 0.0, "pLarix": 0.0, "pOtherNb": 0.0, "pNoEurop": 0.0, "pNoEuropD": 0.0, "pEurop": 1.0, "pDecid": 0.737, "pConifer": 0.263, "pAll": 1.0, "Cell_id": "4381_3169", "EPSG": 31468, "Netz": 4, "Dichte": 4, "Bl": ";15;" }, "geometry": { "type": "Point", "coordinates": [ 629683.062029602820985, 5721855.370807581581175 ] } },
{ "type": "Feature", "properties": { "Tnr": 47220, "mitRand": 0, "AnzHBbeg": 1, "pHaupt": 1.0, "poHaupt": 0.0, "pQuerus": 0.284, "pFagus": 0.716, "pFraxinus": 0.0, "pCarpinus": 0.0, "pAcer": 0.0, "pTilia": 0.0, "pRobinia": 0.0, "pUlmus": 0.0, "pCastanea": 0.0, "pOtherLH": 0.0, "pBetula": 0.0, "pAlnus": 0.0, "pPopulus": 0.0, "pSalix": 0.0, "pSorbus": 0.0, "pPrunus": 0.0, "pMalus": 0.0, "pPyrus": 0.0, "pOtherLN": 0.0, "pPicea": 0.0, "pPinus": 0.0, "pAbies": 0.0, "pDouglas": 0.0, "pLarix": 0.0, "pOtherNb": 0.0, "pNoEurop": 0.0, "pNoEuropD": 0.0, "pEurop": 1.0, "pDecid": 1.0, "pConifer": 0.0, "pAll": 1.0, "Cell_id": "4365_3166", "EPSG": 31468, "Netz": 8, "Dichte": 8, "Bl": ";16;" }, "geometry": { "type": "Point", "coordinates": [ 613729.485110318521038, 5718637.852349332533777 ] } },
{ "type": "Feature", "properties": { "Tnr": 47222, "mitRand": 0, "AnzHBbeg": 4, "pHaupt": 1.0, "poHaupt": 0.0, "pQuerus": 0.039, "pFagus": 0.961, "pFraxinus": 0.0, "pCarpinus": 0.0, "pAcer": 0.0, "pTilia": 0.0, "pRobinia": 0.0, "pUlmus": 0.0, "pCastanea": 0.0, "pOtherLH": 0.0, "pBetula": 0.0, "pAlnus": 0.0, "pPopulus": 0.0, "pSalix": 0.0, "pSorbus": 0.0, "pPrunus": 0.0, "pMalus": 0.0, "pPyrus": 0.0, "pOtherLN": 0.0, "pPicea": 0.0, "pPinus": 0.0, "pAbies": 0.0, "pDouglas": 0.0, "pLarix": 0.0, "pOtherNb": 0.0, "pNoEurop": 0.0, "pNoEuropD": 0.0, "pEurop": 1.0, "pDecid": 1.0, "pConifer": 0.0, "pAll": 1.0, "Cell_id": "4369_3166", "EPSG": 31468, "Netz": 8, "Dichte": 8, "Bl": ";16;" }, "geometry": { "type": "Point", "coordinates": [ 617727.866911579621956, 5718692.785392090678215 ] } },
{ "type": "Feature", "properties": { "Tnr": 47224, "mitRand": 1, "AnzHBbeg": 4, "pHaupt": 1.0, "poHaupt": 0.0, "pQuerus": 0.0, "pFagus": 0.53, "pFraxinus": 0.0, "pCarpinus": 0.031, "pAcer": 0.189, "pTilia": 0.0, "pRobinia": 0.0, "pUlmus": 0.0, "pCastanea": 0.0, "pOtherLH": 0.0, "pBetula": 0.0, "pAlnus": 0.0, "pPopulus": 0.0, "pSalix": 0.0, "pSorbus": 0.0, "pPrunus": 0.0, "pMalus": 0.0, "pPyrus": 0.0, "pOtherLN": 0.0, "pPicea": 0.25, "pPinus": 0.0, "pAbies": 0.0, "pDouglas": 0.0, "pLarix": 0.0, "pOtherNb": 0.0, "pNoEurop": 0.0, "pNoEuropD": 0.0, "pEurop": 1.0, "pDecid": 0.75, "pConifer": 0.25, "pAll": 1.0, "Cell_id": "4373_3166", "EPSG": 31468, "Netz": 8, "Dichte": 8, "Bl": ";16;" }, "geometry": { "type": "Point", "coordinates": [ 621726.24867699900642, 5718746.718781274743378 ] } },
{ "type": "Feature", "properties": { "Tnr": 47226, "mitRand": 1, "AnzHBbeg": 4, "pHaupt": 1.0, "poHaupt": 0.0, "pQuerus": 0.0, "pFagus": 0.583, "pFraxinus": 0.0, "pCarpinus": 0.0, "pAcer": 0.0, "pTilia": 0.0, "pRobinia": 0.0, "pUlmus": 0.0, "pCastanea": 0.0, "pOtherLH": 0.0, "pBetula": 0.0, "pAlnus": 0.0, "pPopulus": 0.0, "pSalix": 0.0, "pSorbus": 0.0, "pPrunus": 0.0, "pMalus": 0.0, "pPyrus": 0.0, "pOtherLN": 0.0, "pPicea": 0.417, "pPinus": 0.0, "pAbies": 0.0, "pDouglas": 0.0, "pLarix": 0.0, "pOtherNb": 0.0, "pNoEurop": 0.0, "pNoEuropD": 0.0, "pEurop": 1.0, "pDecid": 0.583, "pConifer": 0.417, "pAll": 1.0, "Cell_id": "4377_3167", "EPSG": 31468, "Netz": 8, "Dichte": 8, "Bl": ";16;" }, "geometry": { "type": "Point", "coordinates": [ 625711.646902301814407, 5719801.247117194347084 ] } },
{ "type": "Feature", "properties": { "Tnr": 47228, "mitRand": 1, "AnzHBbeg": 4, "pHaupt": 1.0, "poHaupt": 0.0, "pQuerus": 0.0, "pFagus": 0.0, "pFraxinus": 0.0, "pCarpinus": 0.0, "pAcer": 0.0, "pTilia": 0.0, "pRobinia": 0.0, "pUlmus": 0.0, "pCastanea": 0.0, "pOtherLH": 0.0, "pBetula": 0.0, "pAlnus": 0.0, "pPopulus": 0.0, "pSalix": 0.0, "pSorbus": 0.0, "pPrunus": 0.0, "pMalus": 0.0, "pPyrus": 0.0, "pOtherLN": 0.0, "pPicea": 1.0, "pPinus": 0.0, "pAbies": 0.0, "pDouglas": 0.0, "pLarix": 0.0, "pOtherNb": 0.0, "pNoEurop": 0.0, "pNoEuropD": 0.0, "pEurop": 1.0, "pDecid": 0.0, "pConifer": 1.0, "pAll": 1.0, "Cell_id": "4381_3167", "EPSG": 31468, "Netz": 8, "Dichte": 8, "Bl": ";16;" }, "geometry": { "type": "Point", "coordinates": [ 629711.028238952276297, 5719856.179967457428575 ] } },
{ "type": "Feature", "properties": { "Tnr": 47230, "mitRand": 0, "AnzHBbeg": 2, "pHaupt": 1.0, "poHaupt": 0.0, "pQuerus": 0.0, "pFagus": 0.0, "pFraxinus": 0.0, "pCarpinus": 0.0, "pAcer": 0.388, "pTilia": 0.0, "pRobinia": 0.0, "pUlmus": 0.0, "pCastanea": 0.0, "pOtherLH": 0.0, "pBetula": 0.0, "pAlnus": 0.0, "pPopulus": 0.0, "pSalix": 0.0, "pSorbus": 0.0, "pPrunus": 0.0, "pMalus": 0.0, "pPyrus": 0.0, "pOtherLN": 0.0, "pPicea": 0.612, "pPinus": 0.0, "pAbies": 0.0, "pDouglas": 0.0, "pLarix": 0.0, "pOtherNb": 0.0, "pNoEurop": 0.0, "pNoEuropD": 0.0, "pEurop": 1.0, "pDecid": 0.388, "pConifer": 0.612, "pAll": 1.0, "Cell_id": "4385_3167", "EPSG": 31468, "Netz": 8, "Dichte": 4, "Bl": ";15;" }, "geometry": { "type": "Point", "coordinates": [ 633709.409944057813846, 5719910.113174866884947 ] } },
{ "type": "Feature", "properties": { "Tnr": 47366, "mitRand": 1, "AnzHBbeg": 1, "pHaupt": 1.0, "poHaupt": 0.0, "pQuerus": 0.0, "pFagus": 1.0, "pFraxinus": 0.0, "pCarpinus": 0.0, "pAcer": 0.0, "pTilia": 0.0, "pRobinia": 0.0, "pUlmus": 0.0, "pCastanea": 0.0, "pOtherLH": 0.0, "pBetula": 0.0, "pAlnus": 0.0, "pPopulus": 0.0, "pSalix": 0.0, "pSorbus": 0.0, "pPrunus": 0.0, "pMalus": 0.0, "pPyrus": 0.0, "pOtherLN": 0.0, "pPicea": 0.0, "pPinus": 0.0, "pAbies": 0.0, "pDouglas": 0.0, "pLarix": 0.0, "pOtherNb": 0.0, "pNoEurop": 0.0, "pNoEuropD": 0.0, "pEurop": 1.0, "pDecid": 1.0, "pConifer": 0.0, "pAll": 1.0, "Cell_id": "4371_3164", "EPSG": 31468, "Netz": 64, "Dichte": 8, "Bl": ";16;" }, "geometry": { "type": "Point", "coordinates": [ 619755.024089367478155, 5716720.561244341544807 ] } },
{ "type": "Feature", "properties": { "Tnr": 47368, "mitRand": 0, "AnzHBbeg": 4, "pHaupt": 1.0, "poHaupt": 0.0, "pQuerus": 0.0, "pFagus": 0.082, "pFraxinus": 0.0, "pCarpinus": 0.116, "pAcer": 0.258, "pTilia": 0.0, "pRobinia": 0.0, "pUlmus": 0.25, "pCastanea": 0.0, "pOtherLH": 0.0, "pBetula": 0.045, "pAlnus": 0.0, "pPopulus": 0.0, "pSalix": 0.0, "pSorbus": 0.0, "pPrunus": 0.0, "pMalus": 0.084, "pPyrus": 0.0, "pOtherLN": 0.0, "pPicea": 0.166, "pPinus": 0.0, "pAbies": 0.0, "pDouglas": 0.0, "pLarix": 0.0, "pOtherNb": 0.0, "pNoEurop": 0.0, "pNoEuropD": 0.0, "pEurop": 1.0, "pDecid": 0.834, "pConifer": 0.166, "pAll": 1.0, "Cell_id": "4375_3164", "EPSG": 31468, "Netz": 16, "Dichte": 8, "Bl": ";16;" }, "geometry": { "type": "Point", "coordinates": [ 623753.405824384652078, 5716775.494212024845183 ] } },
{ "type": "Feature", "properties": { "Tnr": 47370, "mitRand": 0, "AnzHBbeg": 3, "pHaupt": 1.0, "poHaupt": 0.0, "pQuerus": 0.0, "pFagus": 0.861, "pFraxinus": 0.031, "pCarpinus": 0.0, "pAcer": 0.091, "pTilia": 0.0, "pRobinia": 0.0, "pUlmus": 0.0, "pCastanea": 0.0, "pOtherLH": 0.0, "pBetula": 0.0, "pAlnus": 0.0, "pPopulus": 0.0, "pSalix": 0.0, "pSorbus": 0.0, "pPrunus": 0.0, "pMalus": 0.0, "pPyrus": 0.0, "pOtherLN": 0.0, "pPicea": 0.018, "pPinus": 0.0, "pAbies": 0.0, "pDouglas": 0.0, "pLarix": 0.0, "pOtherNb": 0.0, "pNoEurop": 0.0, "pNoEuropD": 0.0, "pEurop": 1.0, "pDecid": 0.982, "pConifer": 0.018, "pAll": 1.0, "Cell_id": "4379_3165", "EPSG": 31468, "Netz": 64, "Dichte": 8, "Bl": ";16;" }, "geometry": { "type": "Point", "coordinates": [ 627738.804000954027288, 5717829.022925526835024 ] } },
{ "type": "Feature", "properties": { "Tnr": 47372, "mitRand": 0, "AnzHBbeg": 4, "pHaupt": 1.0, "poHaupt": 0.0, "pQuerus": 0.0, "pFagus": 0.451, "pFraxinus": 0.0, "pCarpinus": 0.0, "pAcer": 0.025, "pTilia": 0.0, "pRobinia": 0.0, "pUlmus": 0.0, "pCastanea": 0.0, "pOtherLH": 0.0, "pBetula": 0.0, "pAlnus": 0.0, "pPopulus": 0.0, "pSalix": 0.0, "pSorbus": 0.0, "pPrunus": 0.0, "pMalus": 0.0, "pPyrus": 0.0, "pOtherLN": 0.0, "pPicea": 0.5, "pPinus": 0.0, "pAbies": 0.0, "pDouglas": 0.0, "pLarix": 0.023, "pOtherNb": 0.0, "pNoEurop": 0.0, "pNoEuropD": 0.0, "pEurop": 1.0, "pDecid": 0.477, "pConifer": 0.523, "pAll": 1.0, "Cell_id": "4383_3165", "EPSG": 31468, "Netz": 16, "Dichte": 4, "Bl": ";15;16;" }, "geometry": { "type": "Point", "coordinates": [ 631737.185700675356202, 5717883.955769996158779 ] } },
{ "type": "Feature", "properties": { "Tnr": 47373, "mitRand": 0, "AnzHBbeg": 4, "pHaupt": 0.75, "poHaupt": 0.25, "pQuerus": 0.0, "pFagus": 0.441, "pFraxinus": 0.0, "pCarpinus": 0.0, "pAcer": 0.0, "pTilia": 0.0, "pRobinia": 0.0, "pUlmus": 0.0, "pCastanea": 0.0, "pOtherLH": 0.0, "pBetula": 0.238, "pAlnus": 0.0, "pPopulus": 0.0, "pSalix": 0.0, "pSorbus": 0.0, "pPrunus": 0.0, "pMalus": 0.0, "pPyrus": 0.0, "pOtherLN": 0.0, "pPicea": 0.071, "pPinus": 0.0, "pAbies": 0.0, "pDouglas": 0.0, "pLarix": 0.0, "pOtherNb": 0.0, "pNoEurop": 0.0, "pNoEuropD": 0.0, "pEurop": 0.75, "pDecid": 0.679, "pConifer": 0.071, "pAll": 0.75, "Cell_id": "4385_3165", "EPSG": 31468, "Netz": 4, "Dichte": 4, "Bl": ";15;" }, "geometry": { "type": "Point", "coordinates": [ 633736.376535350340419, 5717910.922372922301292 ] } },
{ "type": "Feature", "properties": { "Tnr": 47509, "mitRand": 0, "AnzHBbeg": 2, "pHaupt": 1.0, "poHaupt": 0.0, "pQuerus": 0.0, "pFagus": 1.0, "pFraxinus": 0.0, "pCarpinus": 0.0, "pAcer": 0.0, "pTilia": 0.0, "pRobinia": 0.0, "pUlmus": 0.0, "pCastanea": 0.0, "pOtherLH": 0.0, "pBetula": 0.0, "pAlnus": 0.0, "pPopulus": 0.0, "pSalix": 0.0, "pSorbus": 0.0, "pPrunus": 0.0, "pMalus": 0.0, "pPyrus": 0.0, "pOtherLN": 0.0, "pPicea": 0.0, "pPinus": 0.0, "pAbies": 0.0, "pDouglas": 0.0, "pLarix": 0.0, "pOtherNb": 0.0, "pNoEurop": 0.0, "pNoEuropD": 0.0, "pEurop": 1.0, "pDecid": 1.0, "pConifer": 0.0, "pAll": 1.0, "Cell_id": "4353_3162", "EPSG": 31467, "Netz": 8, "Dichte": 8, "Bl": ";16;" }, "geometry": { "type": "Point", "coordinates": [ 601788.273233450599946, 5714475.670695128850639 ] } },
{ "type": "Feature", "properties": { "Tnr": 47514, "mitRand": 1, "AnzHBbeg": 1, "pHaupt": 1.0, "poHaupt": 0.0, "pQuerus": 0.907, "pFagus": 0.093, "pFraxinus": 0.0, "pCarpinus": 0.0, "pAcer": 0.0, "pTilia": 0.0, "pRobinia": 0.0, "pUlmus": 0.0, "pCastanea": 0.0, "pOtherLH": 0.0, "pBetula": 0.0, "pAlnus": 0.0, "pPopulus": 0.0, "pSalix": 0.0, "pSorbus": 0.0, "pPrunus": 0.0, "pMalus": 0.0, "pPyrus": 0.0, "pOtherLN": 0.0, "pPicea": 0.0, "pPinus": 0.0, "pAbies": 0.0, "pDouglas": 0.0, "pLarix": 0.0, "pOtherNb": 0.0, "pNoEurop": 0.907, "pNoEuropD": 0.907, "pEurop": 0.093, "pDecid": 1.0, "pConifer": 0.0, "pAll": 1.0, "Cell_id": "4373_3162", "EPSG": 31468, "Netz": 8, "Dichte": 8, "Bl": ";16;" }, "geometry": { "type": "Point", "coordinates": [ 621781.181642689276487, 5714748.337120234966278 ] } },
{ "type": "Feature", "properties": { "Tnr": 47516, "mitRand": 0, "AnzHBbeg": 1, "pHaupt": 0.0, "poHaupt": 1.0, "pQuerus": 0.0, "pFagus": 0.0, "pFraxinus": 0.0, "pCarpinus": 0.0, "pAcer": 0.0, "pTilia": 0.0, "pRobinia": 0.0, "pUlmus": 0.0, "pCastanea": 0.0, "pOtherLH": 0.0, "pBetula": 0.0, "pAlnus": 0.0, "pPopulus": 0.0, "pSalix": 0.0, "pSorbus": 0.0, "pPrunus": 0.0, "pMalus": 0.0, "pPyrus": 0.0, "pOtherLN": 0.0, "pPicea": 0.0, "pPinus": 0.0, "pAbies": 0.0, "pDouglas": 0.0, "pLarix": 0.0, "pOtherNb": 0.0, "pNoEurop": 0.0, "pNoEuropD": 0.0, "pEurop": 0.0, "pDecid": 0.0, "pConifer": 0.0, "pAll": 0.0, "Cell_id": "4377_3163", "EPSG": 31468, "Netz": 8, "Dichte": 8, "Bl": ";16;" }, "geometry": { "type": "Point", "coordinates": [ 625766.579803378437646, 5715802.865466392599046 ] } },
{ "type": "Feature", "properties": { "Tnr": 47518, "mitRand": 0, "AnzHBbeg": 4, "pHaupt": 1.0, "poHaupt": 0.0, "pQuerus": 0.114, "pFagus": 0.886, "pFraxinus": 0.0, "pCarpinus": 0.0, "pAcer": 0.0, "pTilia": 0.0, "pRobinia": 0.0, "pUlmus": 0.0, "pCastanea": 0.0, "pOtherLH": 0.0, "pBetula": 0.0, "pAlnus": 0.0, "pPopulus": 0.0, "pSalix": 0.0, "pSorbus": 0.0, "pPrunus": 0.0, "pMalus": 0.0, "pPyrus": 0.0, "pOtherLN": 0.0, "pPicea": 0.0, "pPinus": 0.0, "pAbies": 0.0, "pDouglas": 0.0, "pLarix": 0.0, "pOtherNb": 0.0, "pNoEurop": 0.0, "pNoEuropD": 0.0, "pEurop": 1.0, "pDecid": 1.0, "pConifer": 0.0, "pAll": 1.0, "Cell_id": "4381_3163", "EPSG": 31468, "Netz": 8, "Dichte": 8, "Bl": ";16;" }, "geometry": { "type": "Point", "coordinates": [ 629764.961475100950338, 5715856.798757713288069 ] } },
{ "type": "Feature", "properties": { "Tnr": 47656, "mitRand": 1, "AnzHBbeg": 4, "pHaupt": 1.0, "poHaupt": 0.0, "pQuerus": 0.099, "pFagus": 0.401, "pFraxinus": 0.0, "pCarpinus": 0.0, "pAcer": 0.0, "pTilia": 0.0, "pRobinia": 0.0, "pUlmus": 0.0, "pCastanea": 0.0, "pOtherLH": 0.0, "pBetula": 0.0, "pAlnus": 0.0, "pPopulus": 0.0, "pSalix": 0.0, "pSorbus": 0.0, "pPrunus": 0.0, "pMalus": 0.0, "pPyrus": 0.0, "pOtherLN": 0.0, "pPicea": 0.5, "pPinus": 0.0, "pAbies": 0.0, "pDouglas": 0.0, "pLarix": 0.0, "pOtherNb": 0.0, "pNoEurop": 0.0, "pNoEuropD": 0.0, "pEurop": 1.0, "pDecid": 0.5, "pConifer": 0.5, "pAll": 1.0, "Cell_id": "4355_3160", "EPSG": 31468, "Netz": 16, "Dichte": 8, "Bl": ";16;" }, "geometry": { "type": "Point", "coordinates": [ 603814.430964162922464, 5712503.446667570620775 ] } },
{ "type": "Feature", "properties": { "Tnr": 47660, "mitRand": 1, "AnzHBbeg": 2, "pHaupt": 1.0, "poHaupt": 0.0, "pQuerus": 0.483, "pFagus": 0.0, "pFraxinus": 0.053, "pCarpinus": 0.0, "pAcer": 0.0, "pTilia": 0.0, "pRobinia": 0.0, "pUlmus": 0.0, "pCastanea": 0.0, "pOtherLH": 0.0, "pBetula": 0.153, "pAlnus": 0.0, "pPopulus": 0.08, "pSalix": 0.024, "pSorbus": 0.0, "pPrunus": 0.207, "pMalus": 0.0, "pPyrus": 0.0, "pOtherLN": 0.0, "pPicea": 0.0, "pPinus": 0.0, "pAbies": 0.0, "pDouglas": 0.0, "pLarix": 0.0, "pOtherNb": 0.0, "pNoEurop": 0.0, "pNoEuropD": 0.0, "pEurop": 1.0, "pDecid": 1.0, "pConifer": 0.0, "pAll": 1.0, "Cell_id": "4363_3160", "EPSG": 31468, "Netz": 16, "Dichte": 8, "Bl": ";16;" }, "geometry": { "type": "Point", "coordinates": [ 611812.194073621998541, 5712612.313452255912125 ] } },
{ "type": "Feature", "properties": { "Tnr": 47666, "mitRand": 1, "AnzHBbeg": 1, "pHaupt": 1.0, "poHaupt": 0.0, "pQuerus": 0.0, "pFagus": 0.0, "pFraxinus": 0.0, "pCarpinus": 0.0, "pAcer": 1.0, "pTilia": 0.0, "pRobinia": 0.0, "pUlmus": 0.0, "pCastanea": 0.0, "pOtherLH": 0.0, "pBetula": 0.0, "pAlnus": 0.0, "pPopulus": 0.0, "pSalix": 0.0, "pSorbus": 0.0, "pPrunus": 0.0, "pMalus": 0.0, "pPyrus": 0.0, "pOtherLN": 0.0, "pPicea": 0.0, "pPinus": 0.0, "pAbies": 0.0, "pDouglas": 0.0, "pLarix": 0.0, "pOtherNb": 0.0, "pNoEurop": 0.0, "pNoEuropD": 0.0, "pEurop": 1.0, "pDecid": 1.0, "pConifer": 0.0, "pAll": 1.0, "Cell_id": "4375_3160", "EPSG": 31468, "Netz": 16, "Dichte": 8, "Bl": ";16;" }, "geometry": { "type": "Point", "coordinates": [ 623808.33876214036718, 5712776.11299744527787 ] } },
{ "type": "Feature", "properties": { "Tnr": 47670, "mitRand": 1, "AnzHBbeg": 4, "pHaupt": 1.0, "poHaupt": 0.0, "pQuerus": 0.0, "pFagus": 0.344, "pFraxinus": 0.482, "pCarpinus": 0.0, "pAcer": 0.142, "pTilia": 0.0, "pRobinia": 0.0, "pUlmus": 0.0, "pCastanea": 0.0, "pOtherLH": 0.0, "pBetula": 0.0, "pAlnus": 0.0, "pPopulus": 0.0, "pSalix": 0.0, "pSorbus": 0.0, "pPrunus": 0.0, "pMalus": 0.0, "pPyrus": 0.0, "pOtherLN": 0.0, "pPicea": 0.032, "pPinus": 0.0, "pAbies": 0.0, "pDouglas": 0.0, "pLarix": 0.0, "pOtherNb": 0.0, "pNoEurop": 0.0, "pNoEuropD": 0.0, "pEurop": 1.0, "pDecid": 0.968, "pConifer": 0.032, "pAll": 1.0, "Cell_id": "4383_3161", "EPSG": 31468, "Netz": 16, "Dichte": 4, "Bl": ";15;" }, "geometry": { "type": "Point", "coordinates": [ 631792.118515498936176, 5713884.57459098380059 ] } },
{ "type": "Feature", "properties": { "Tnr": 47812, "mitRand": 1, "AnzHBbeg": 1, "pHaupt": 1.0, "poHaupt": 0.0, "pQuerus": 0.493, "pFagus": 0.0, "pFraxinus": 0.0, "pCarpinus": 0.356, "pAcer": 0.15, "pTilia": 0.0, "pRobinia": 0.0, "pUlmus": 0.0, "pCastanea": 0.0, "pOtherLH": 0.0, "pBetula": 0.0, "pAlnus": 0.0, "pPopulus": 0.0, "pSalix": 0.0, "pSorbus": 0.0, "pPrunus": 0.0, "pMalus": 0.0, "pPyrus": 0.0, "pOtherLN": 0.0, "pPicea": 0.0, "pPinus": 0.0, "pAbies": 0.0, "pDouglas": 0.0, "pLarix": 0.0, "pOtherNb": 0.0, "pNoEurop": 0.0, "pNoEuropD": 0.0, "pEurop": 1.0, "pDecid": 1.0, "pConifer": 0.0, "pAll": 1.0, "Cell_id": "4365_3158", "EPSG": 31468, "Netz": 8, "Dichte": 8, "Bl": ";16;" }, "geometry": { "type": "Point", "coordinates": [ 613838.351704134955071, 5710641.088998378254473 ] } },
{ "type": "Feature", "properties": { "Tnr": 47816, "mitRand": 1, "AnzHBbeg": 4, "pHaupt": 0.75, "poHaupt": 0.25, "pQuerus": 0.0, "pFagus": 0.0, "pFraxinus": 0.094, "pCarpinus": 0.0, "pAcer": 0.0, "pTilia": 0.0, "pRobinia": 0.0, "pUlmus": 0.0, "pCastanea": 0.0, "pOtherLH": 0.0, "pBetula": 0.406, "pAlnus": 0.0, "pPopulus": 0.0, "pSalix": 0.0, "pSorbus": 0.0, "pPrunus": 0.0, "pMalus": 0.0, "pPyrus": 0.0, "pOtherLN": 0.0, "pPicea": 0.0, "pPinus": 0.0, "pAbies": 0.0, "pDouglas": 0.0, "pLarix": 0.25, "pOtherNb": 0.0, "pNoEurop": 0.0, "pNoEuropD": 0.0, "pEurop": 0.75, "pDecid": 0.5, "pConifer": 0.25, "pAll": 0.75, "Cell_id": "4373_3158", "EPSG": 31468, "Netz": 8, "Dichte": 8, "Bl": ";16;" }, "geometry": { "type": "Point", "coordinates": [ 621836.114633185439743, 5710749.955517705529928 ] } },
{ "type": "Feature", "properties": { "Tnr": 47818, "mitRand": 1, "AnzHBbeg": 2, "pHaupt": 1.0, "poHaupt": 0.0, "pQuerus": 0.0, "pFagus": 0.0, "pFraxinus": 0.0, "pCarpinus": 0.0, "pAcer": 0.0, "pTilia": 0.0, "pRobinia": 0.0, "pUlmus": 0.0, "pCastanea": 0.0, "pOtherLH": 0.0, "pBetula": 0.207, "pAlnus": 0.0, "pPopulus": 0.0, "pSalix": 0.0, "pSorbus": 0.0, "pPrunus": 0.0, "pMalus": 0.0, "pPyrus": 0.0, "pOtherLN": 0.0, "pPicea": 0.683, "pPinus": 0.11, "pAbies": 0.0, "pDouglas": 0.0, "pLarix": 0.0, "pOtherNb": 0.0, "pNoEurop": 0.0, "pNoEuropD": 0.0, "pEurop": 1.0, "pDecid": 0.207, "pConifer": 0.793, "pAll": 1.0, "Cell_id": "4377_3159", "EPSG": 31468, "Netz": 8, "Dichte": 8, "Bl": ";16;" }, "geometry": { "type": "Point", "coordinates": [ 625821.512718240730464, 5711803.484278934076428 ] } },
{ "type": "Feature", "properties": { "Tnr": 47822, "mitRand": 1, "AnzHBbeg": 4, "pHaupt": 1.0, "poHaupt": 0.0, "pQuerus": 0.0, "pFagus": 0.797, "pFraxinus": 0.0, "pCarpinus": 0.0, "pAcer": 0.0, "pTilia": 0.0, "pRobinia": 0.0, "pUlmus": 0.0, "pCastanea": 0.0, "pOtherLH": 0.0, "pBetula": 0.076, "pAlnus": 0.0, "pPopulus": 0.0, "pSalix": 0.0, "pSorbus": 0.0, "pPrunus": 0.0, "pMalus": 0.0, "pPyrus": 0.0, "pOtherLN": 0.0, "pPicea": 0.127, "pPinus": 0.0, "pAbies": 0.0, "pDouglas": 0.0, "pLarix": 0.0, "pOtherNb": 0.0, "pNoEurop": 0.0, "pNoEuropD": 0.0, "pEurop": 1.0, "pDecid": 0.873, "pConifer": 0.127, "pAll": 1.0, "Cell_id": "4385_3159", "EPSG": 31468, "Netz": 8, "Dichte": 8, "Bl": ";16;" }, "geometry": { "type": "Point", "coordinates": [ 633819.275537605630234, 5711913.350032990798354 ] } },
{ "type": "Feature", "properties": { "Tnr": 47957, "mitRand": 0, "AnzHBbeg": 4, "pHaupt": 1.0, "poHaupt": 0.0, "pQuerus": 0.165, "pFagus": 0.551, "pFraxinus": 0.0, "pCarpinus": 0.0, "pAcer": 0.0, "pTilia": 0.0, "pRobinia": 0.0, "pUlmus": 0.0, "pCastanea": 0.0, "pOtherLH": 0.0, "pBetula": 0.0, "pAlnus": 0.0, "pPopulus": 0.0, "pSalix": 0.0, "pSorbus": 0.0, "pPrunus": 0.0, "pMalus": 0.0, "pPyrus": 0.0, "pOtherLN": 0.0, "pPicea": 0.284, "pPinus": 0.0, "pAbies": 0.0, "pDouglas": 0.0, "pLarix": 0.0, "pOtherNb": 0.0, "pNoEurop": 0.0, "pNoEuropD": 0.0, "pEurop": 1.0, "pDecid": 0.716, "pConifer": 0.284, "pAll": 1.0, "Cell_id": "4351_3156", "EPSG": 31467, "Netz": 16, "Dichte": 8, "Bl": ";16;" }, "geometry": { "type": "Point", "coordinates": [ 599870.982487279572524, 5708450.131677923724055 ] } },
{ "type": "Feature", "properties": { "Tnr": 47971, "mitRand": 1, "AnzHBbeg": 3, "pHaupt": 1.0, "poHaupt": 0.0, "pQuerus": 0.136, "pFagus": 0.0, "pFraxinus": 0.0, "pCarpinus": 0.08, "pAcer": 0.155, "pTilia": 0.0, "pRobinia": 0.0, "pUlmus": 0.0, "pCastanea": 0.0, "pOtherLH": 0.0, "pBetula": 0.0, "pAlnus": 0.0, "pPopulus": 0.0, "pSalix": 0.0, "pSorbus": 0.0, "pPrunus": 0.029, "pMalus": 0.0, "pPyrus": 0.0, "pOtherLN": 0.0, "pPicea": 0.6, "pPinus": 0.0, "pAbies": 0.0, "pDouglas": 0.0, "pLarix": 0.0, "pOtherNb": 0.0, "pNoEurop": 0.0, "pNoEuropD": 0.0, "pEurop": 1.0, "pDecid": 0.4, "pConifer": 0.6, "pAll": 1.0, "Cell_id": "4379_3157", "EPSG": 31468, "Netz": 64, "Dichte": 8, "Bl": ";16;" }, "geometry": { "type": "Point", "coordinates": [ 627847.67018839053344, 5709831.260182089172304 ] } },
{ "type": "Feature", "properties": { "Tnr": 47973, "mitRand": 1, "AnzHBbeg": 4, "pHaupt": 1.0, "poHaupt": 0.0, "pQuerus": 0.0, "pFagus": 0.537, "pFraxinus": 0.342, "pCarpinus": 0.0, "pAcer": 0.12, "pTilia": 0.0, "pRobinia": 0.0, "pUlmus": 0.0, "pCastanea": 0.0, "pOtherLH": 0.0, "pBetula": 0.0, "pAlnus": 0.0, "pPopulus": 0.0, "pSalix": 0.0, "pSorbus": 0.0, "pPrunus": 0.0, "pMalus": 0.0, "pPyrus": 0.0, "pOtherLN": 0.0, "pPicea": 0.0, "pPinus": 0.0, "pAbies": 0.0, "pDouglas": 0.0, "pLarix": 0.0, "pOtherNb": 0.0, "pNoEurop": 0.0, "pNoEuropD": 0.0, "pEurop": 1.0, "pDecid": 1.0, "pConifer": 0.0, "pAll": 1.0, "Cell_id": "4383_3157", "EPSG": 31468, "Netz": 16, "Dichte": 8, "Bl": ";16;" }, "geometry": { "type": "Point", "coordinates": [ 631847.051366650382988, 5709886.193066132254899 ] } },
{ "type": "Feature", "properties": { "Tnr": 48114, "mitRand": 1, "AnzHBbeg": 4, "pHaupt": 1.0, "poHaupt": 0.0, "pQuerus": 0.098, "pFagus": 0.631, "pFraxinus": 0.0, "pCarpinus": 0.0, "pAcer": 0.0, "pTilia": 0.0, "pRobinia": 0.0, "pUlmus": 0.0, "pCastanea": 0.0, "pOtherLH": 0.0, "pBetula": 0.0, "pAlnus": 0.0, "pPopulus": 0.0, "pSalix": 0.0, "pSorbus": 0.0, "pPrunus": 0.0, "pMalus": 0.0, "pPyrus": 0.0, "pOtherLN": 0.0, "pPicea": 0.084, "pPinus": 0.0, "pAbies": 0.0, "pDouglas": 0.0, "pLarix": 0.187, "pOtherNb": 0.0, "pNoEurop": 0.0, "pNoEuropD": 0.0, "pEurop": 1.0, "pDecid": 0.729, "pConifer": 0.271, "pAll": 1.0, "Cell_id": "4353_3154", "EPSG": 31467, "Netz": 8, "Dichte": 8, "Bl": ";16;" }, "geometry": { "type": "Point", "coordinates": [ 601897.14021295402199, 5706477.907720439136028 ] } },
{ "type": "Feature", "properties": { "Tnr": 48116, "mitRand": 1, "AnzHBbeg": 3, "pHaupt": 1.0, "poHaupt": 0.0, "pQuerus": 0.0, "pFagus": 0.778, "pFraxinus": 0.0, "pCarpinus": 0.222, "pAcer": 0.0, "pTilia": 0.0, "pRobinia": 0.0, "pUlmus": 0.0, "pCastanea": 0.0, "pOtherLH": 0.0, "pBetula": 0.0, "pAlnus": 0.0, "pPopulus": 0.0, "pSalix": 0.0, "pSorbus": 0.0, "pPrunus": 0.0, "pMalus": 0.0, "pPyrus": 0.0, "pOtherLN": 0.0, "pPicea": 0.0, "pPinus": 0.0, "pAbies": 0.0, "pDouglas": 0.0, "pLarix": 0.0, "pOtherNb": 0.0, "pNoEurop": 0.0, "pNoEuropD": 0.0, "pEurop": 1.0, "pDecid": 1.0, "pConifer": 0.0, "pAll": 1.0, "Cell_id": "4358_3154", "EPSG": 31468, "Netz": 8, "Dichte": 8, "Bl": ";16;" }, "geometry": { "type": "Point", "coordinates": [ 606895.117336893919855, 5706546.824222151190042 ] } },
{ "type": "Feature", "properties": { "Tnr": 48128, "mitRand": 1, "AnzHBbeg": 1, "pHaupt": 1.0, "poHaupt": 0.0, "pQuerus": 0.64, "pFagus": 0.36, "pFraxinus": 0.0, "pCarpinus": 0.0, "pAcer": 0.0, "pTilia": 0.0, "pRobinia": 0.0, "pUlmus": 0.0, "pCastanea": 0.0, "pOtherLH": 0.0, "pBetula": 0.0, "pAlnus": 0.0, "pPopulus": 0.0, "pSalix": 0.0, "pSorbus": 0.0, "pPrunus": 0.0, "pMalus": 0.0, "pPyrus": 0.0, "pOtherLN": 0.0, "pPicea": 0.0, "pPinus": 0.0, "pAbies": 0.0, "pDouglas": 0.0, "pLarix": 0.0, "pOtherNb": 0.0, "pNoEurop": 0.0, "pNoEuropD": 0.0, "pEurop": 1.0, "pDecid": 1.0, "pConifer": 0.0, "pAll": 1.0, "Cell_id": "4382_3155", "EPSG": 31468, "Netz": 8, "Dichte": 8, "Bl": ";16;" }, "geometry": { "type": "Point", "coordinates": [ 630874.422615252784453, 5707873.01921066455543 ] } },
{ "type": "Feature", "properties": { "Tnr": 48130, "mitRand": 1, "AnzHBbeg": 3, "pHaupt": 0.667, "poHaupt": 0.333, "pQuerus": 0.0, "pFagus": 0.0, "pFraxinus": 0.291, "pCarpinus": 0.0, "pAcer": 0.042, "pTilia": 0.0, "pRobinia": 0.0, "pUlmus": 0.0, "pCastanea": 0.0, "pOtherLH": 0.0, "pBetula": 0.0, "pAlnus": 0.0, "pPopulus": 0.0, "pSalix": 0.0, "pSorbus": 0.0, "pPrunus": 0.0, "pMalus": 0.145, "pPyrus": 0.0, "pOtherLN": 0.0, "pPicea": 0.0, "pPinus": 0.188, "pAbies": 0.0, "pDouglas": 0.0, "pLarix": 0.0, "pOtherNb": 0.0, "pNoEurop": 0.0, "pNoEuropD": 0.0, "pEurop": 0.667, "pDecid": 0.479, "pConifer": 0.188, "pAll": 0.667, "Cell_id": "4386_3155", "EPSG": 31468, "Netz": 8, "Dichte": 8, "Bl": ";16;" }, "geometry": { "type": "Point", "coordinates": [ 634872.804150249576196, 5707927.952075121924281 ] } },
{ "type": "Feature", "properties": { "Tnr": 48270, "mitRand": 1, "AnzHBbeg": 2, "pHaupt": 1.0, "poHaupt": 0.0, "pQuerus": 0.0, "pFagus": 1.0, "pFraxinus": 0.0, "pCarpinus": 0.0, "pAcer": 0.0, "pTilia": 0.0, "pRobinia": 0.0, "pUlmus": 0.0, "pCastanea": 0.0, "pOtherLH": 0.0, "pBetula": 0.0, "pAlnus": 0.0, "pPopulus": 0.0, "pSalix": 0.0, "pSorbus": 0.0, "pPrunus": 0.0, "pMalus": 0.0, "pPyrus": 0.0, "pOtherLN": 0.0, "pPicea": 0.0, "pPinus": 0.0, "pAbies": 0.0, "pDouglas": 0.0, "pLarix": 0.0, "pOtherNb": 0.0, "pNoEurop": 0.0, "pNoEuropD": 0.0, "pEurop": 1.0, "pDecid": 1.0, "pConifer": 0.0, "pAll": 1.0, "Cell_id": "4347_3152", "EPSG": 31467, "Netz": 16, "Dichte": 8, "Bl": ";16;" }, "geometry": { "type": "Point", "coordinates": [ 595926.534530752222054, 5704396.816652067005634 ] } },
{ "type": "Feature", "properties": { "Tnr": 48276, "mitRand": 1, "AnzHBbeg": 4, "pHaupt": 1.0, "poHaupt": 0.0, "pQuerus": 0.407, "pFagus": 0.471, "pFraxinus": 0.0, "pCarpinus": 0.0, "pAcer": 0.0, "pTilia": 0.0, "pRobinia": 0.0, "pUlmus": 0.0, "pCastanea": 0.0, "pOtherLH": 0.0, "pBetula": 0.0, "pAlnus": 0.0, "pPopulus": 0.0, "pSalix": 0.0, "pSorbus": 0.0, "pPrunus": 0.0, "pMalus": 0.0, "pPyrus": 0.0, "pOtherLN": 0.0, "pPicea": 0.0, "pPinus": 0.0, "pAbies": 0.0, "pDouglas": 0.0, "pLarix": 0.122, "pOtherNb": 0.0, "pNoEurop": 0.0, "pNoEuropD": 0.0, "pEurop": 1.0, "pDecid": 0.878, "pConifer": 0.122, "pAll": 1.0, "Cell_id": "4360_3152", "EPSG": 31468, "Netz": 16, "Dichte": 8, "Bl": ";16;" }, "geometry": { "type": "Point", "coordinates": [ 608922.274577764095739, 5704574.600244668312371 ] } },
{ "type": "Feature", "properties": { "Tnr": 48278, "mitRand": 1, "AnzHBbeg": 1, "pHaupt": 1.0, "poHaupt": 0.0, "pQuerus": 1.0, "pFagus": 0.0, "pFraxinus": 0.0, "pCarpinus": 0.0, "pAcer": 0.0, "pTilia": 0.0, "pRobinia": 0.0, "pUlmus": 0.0, "pCastanea": 0.0, "pOtherLH": 0.0, "pBetula": 0.0, "pAlnus": 0.0, "pPopulus": 0.0, "pSalix": 0.0, "pSorbus": 0.0, "pPrunus": 0.0, "pMalus": 0.0, "pPyrus": 0.0, "pOtherLN": 0.0, "pPicea": 0.0, "pPinus": 0.0, "pAbies": 0.0, "pDouglas": 0.0, "pLarix": 0.0, "pOtherNb": 0.0, "pNoEurop": 0.0, "pNoEuropD": 0.0, "pEurop": 1.0, "pDecid": 1.0, "pConifer": 0.0, "pAll": 1.0, "Cell_id": "4364_3152", "EPSG": 31468, "Netz": 16, "Dichte": 8, "Bl": ";16;" }, "geometry": { "type": "Point", "coordinates": [ 612920.656195271527395, 5704628.533850191161036 ] } },
{ "type": "Feature", "properties": { "Tnr": 48290, "mitRand": 1, "AnzHBbeg": 2, "pHaupt": 1.0, "poHaupt": 0.0, "pQuerus": 0.0, "pFagus": 0.0, "pFraxinus": 0.0, "pCarpinus": 0.0, "pAcer": 0.0, "pTilia": 0.0, "pRobinia": 0.0, "pUlmus": 0.0, "pCastanea": 0.0, "pOtherLH": 0.0, "pBetula": 0.0, "pAlnus": 0.0, "pPopulus": 0.0, "pSalix": 0.095, "pSorbus": 0.0, "pPrunus": 0.091, "pMalus": 0.0, "pPyrus": 0.0, "pOtherLN": 0.0, "pPicea": 0.814, "pPinus": 0.0, "pAbies": 0.0, "pDouglas": 0.0, "pLarix": 0.0, "pOtherNb": 0.0, "pNoEurop": 0.0, "pNoEuropD": 0.0, "pEurop": 1.0, "pDecid": 0.186, "pConifer": 0.814, "pAll": 1.0, "Cell_id": "4388_3153", "EPSG": 31468, "Netz": 16, "Dichte": 4, "Bl": ";15;16;" }, "geometry": { "type": "Point", "coordinates": [ 636899.961105629336089, 5705955.72797177452594 ] } },
{ "type": "Feature", "properties": { "Tnr": 48427, "mitRand": 1, "AnzHBbeg": 4, "pHaupt": 1.0, "poHaupt": 0.0, "pQuerus": 0.202, "pFagus": 0.022, "pFraxinus": 0.0, "pCarpinus": 0.0, "pAcer": 0.0, "pTilia": 0.0, "pRobinia": 0.0, "pUlmus": 0.0, "pCastanea": 0.0, "pOtherLH": 0.0, "pBetula": 0.226, "pAlnus": 0.0, "pPopulus": 0.201, "pSalix": 0.018, "pSorbus": 0.0, "pPrunus": 0.0, "pMalus": 0.0, "pPyrus": 0.0, "pOtherLN": 0.0, "pPicea": 0.275, "pPinus": 0.0, "pAbies": 0.017, "pDouglas": 0.019, "pLarix": 0.02, "pOtherNb": 0.0, "pNoEurop": 0.019, "pNoEuropD": 0.0, "pEurop": 0.981, "pDecid": 0.669, "pConifer": 0.331, "pAll": 1.0, "Cell_id": "4333_3150", "EPSG": 31467, "Netz": 8, "Dichte": 8, "Bl": ";16;" }, "geometry": { "type": "Point", "coordinates": [ 581960.1649963039672, 5702206.857873532921076 ] } },
{ "type": "Feature", "properties": { "Tnr": 48435, "mitRand": 1, "AnzHBbeg": 4, "pHaupt": 1.0, "poHaupt": 0.0, "pQuerus": 0.141, "pFagus": 0.456, "pFraxinus": 0.091, "pCarpinus": 0.0, "pAcer": 0.043, "pTilia": 0.0, "pRobinia": 0.0, "pUlmus": 0.0, "pCastanea": 0.0, "pOtherLH": 0.0, "pBetula": 0.0, "pAlnus": 0.0, "pPopulus": 0.0, "pSalix": 0.0, "pSorbus": 0.116, "pPrunus": 0.0, "pMalus": 0.0, "pPyrus": 0.0, "pOtherLN": 0.0, "pPicea": 0.0, "pPinus": 0.0, "pAbies": 0.0, "pDouglas": 0.0, "pLarix": 0.154, "pOtherNb": 0.0, "pNoEurop": 0.0, "pNoEuropD": 0.0, "pEurop": 1.0, "pDecid": 0.846, "pConifer": 0.154, "pAll": 1.0, "Cell_id": "4349_3150", "EPSG": 31467, "Netz": 8, "Dichte": 8, "Bl": ";16;" }, "geometry": { "type": "Point", "coordinates": [ 597953.691886620246805, 5702425.592336511239409 ] } },
{ "type": "Feature", "properties": { "Tnr": 48443, "mitRand": 1, "AnzHBbeg": 2, "pHaupt": 1.0, "poHaupt": 0.0, "pQuerus": 0.5, "pFagus": 0.0, "pFraxinus": 0.0, "pCarpinus": 0.0, "pAcer": 0.0, "pTilia": 0.0, "pRobinia": 0.0, "pUlmus": 0.0, "pCastanea": 0.0, "pOtherLH": 0.0, "pBetula": 0.0, "pAlnus": 0.0, "pPopulus": 0.0, "pSalix": 0.0, "pSorbus": 0.0, "pPrunus": 0.0, "pMalus": 0.0, "pPyrus": 0.0, "pOtherLN": 0.5, "pPicea": 0.0, "pPinus": 0.0, "pAbies": 0.0, "pDouglas": 0.0, "pLarix": 0.0, "pOtherNb": 0.0, "pNoEurop": 0.5, "pNoEuropD": 0.5, "pEurop": 0.5, "pDecid": 1.0, "pConifer": 0.0, "pAll": 1.0, "Cell_id": "4366_3150", "EPSG": 31468, "Netz": 8, "Dichte": 8, "Bl": ";16;" }, "geometry": { "type": "Point", "coordinates": [ 614947.813377324026078, 5702657.309463593177497 ] } },
{ "type": "Feature", "properties": { "Tnr": 48596, "mitRand": 1, "AnzHBbeg": 2, "pHaupt": 1.0, "poHaupt": 0.0, "pQuerus": 0.0, "pFagus": 0.0, "pFraxinus": 0.0, "pCarpinus": 0.0, "pAcer": 0.0, "pTilia": 0.0, "pRobinia": 0.0, "pUlmus": 0.0, "pCastanea": 0.0, "pOtherLH": 0.0, "pBetula": 0.333, "pAlnus": 0.0, "pPopulus": 0.0, "pSalix": 0.0, "pSorbus": 0.2, "pPrunus": 0.179, "pMalus": 0.0, "pPyrus": 0.0, "pOtherLN": 0.0, "pPicea": 0.288, "pPinus": 0.0, "pAbies": 0.0, "pDouglas": 0.0, "pLarix": 0.0, "pOtherNb": 0.0, "pNoEurop": 0.0, "pNoEuropD": 0.0, "pEurop": 1.0, "pDecid": 0.712, "pConifer": 0.288, "pAll": 1.0, "Cell_id": "4339_3148", "EPSG": 31467, "Netz": 64, "Dichte": 8, "Bl": ";16;" }, "geometry": { "type": "Point", "coordinates": [ 587984.704599047545344, 5700289.567637105472386 ] } },
{ "type": "Feature", "properties": { "Tnr": 48598, "mitRand": 1, "AnzHBbeg": 1, "pHaupt": 1.0, "poHaupt": 0.0, "pQuerus": 0.283, "pFagus": 0.0, "pFraxinus": 0.0, "pCarpinus": 0.416, "pAcer": 0.226, "pTilia": 0.0, "pRobinia": 0.0, "pUlmus": 0.0, "pCastanea": 0.0, "pOtherLH": 0.0, "pBetula": 0.0, "pAlnus": 0.0, "pPopulus": 0.0, "pSalix": 0.0, "pSorbus": 0.0, "pPrunus": 0.074, "pMalus": 0.0, "pPyrus": 0.0, "pOtherLN": 0.0, "pPicea": 0.0, "pPinus": 0.0, "pAbies": 0.0, "pDouglas": 0.0, "pLarix": 0.0, "pOtherNb": 0.0, "pNoEurop": 0.0, "pNoEuropD": 0.0, "pEurop": 1.0, "pDecid": 1.0, "pConifer": 0.0, "pAll": 1.0, "Cell_id": "4343_3148", "EPSG": 31467, "Netz": 16, "Dichte": 8, "Bl": ";16;" }, "geometry": { "type": "Point", "coordinates": [ 591983.086295784101821, 5700344.501163391396403 ] } },
{ "type": "Feature", "properties": { "Tnr": 48600, "mitRand": 1, "AnzHBbeg": 3, "pHaupt": 1.0, "poHaupt": 0.0, "pQuerus": 0.0, "pFagus": 0.408, "pFraxinus": 0.228, "pCarpinus": 0.0, "pAcer": 0.28, "pTilia": 0.0, "pRobinia": 0.0, "pUlmus": 0.0, "pCastanea": 0.0, "pOtherLH": 0.0, "pBetula": 0.0, "pAlnus": 0.0, "pPopulus": 0.0, "pSalix": 0.0, "pSorbus": 0.0, "pPrunus": 0.0, "pMalus": 0.0, "pPyrus": 0.0, "pOtherLN": 0.0, "pPicea": 0.0, "pPinus": 0.0, "pAbies": 0.0, "pDouglas": 0.0, "pLarix": 0.0, "pOtherNb": 0.083, "pNoEurop": 0.083, "pNoEuropD": 0.083, "pEurop": 0.917, "pDecid": 0.917, "pConifer": 0.083, "pAll": 1.0, "Cell_id": "4347_3148", "EPSG": 31467, "Netz": 64, "Dichte": 8, "Bl": ";16;" }, "geometry": { "type": "Point", "coordinates": [ 595981.467957901535556, 5700398.43503712117672 ] } },
{ "type": "Feature", "properties": { "Tnr": 48608, "mitRand": 0, "AnzHBbeg": 4, "pHaupt": 1.0, "poHaupt": 0.0, "pQuerus": 0.127, "pFagus": 0.873, "pFraxinus": 0.0, "pCarpinus": 0.0, "pAcer": 0.0, "pTilia": 0.0, "pRobinia": 0.0, "pUlmus": 0.0, "pCastanea": 0.0, "pOtherLH": 0.0, "pBetula": 0.0, "pAlnus": 0.0, "pPopulus": 0.0, "pSalix": 0.0, "pSorbus": 0.0, "pPrunus": 0.0, "pMalus": 0.0, "pPyrus": 0.0, "pOtherLN": 0.0, "pPicea": 0.0, "pPinus": 0.0, "pAbies": 0.0, "pDouglas": 0.0, "pLarix": 0.0, "pOtherNb": 0.0, "pNoEurop": 0.0, "pNoEuropD": 0.0, "pEurop": 1.0, "pDecid": 1.0, "pConifer": 0.0, "pAll": 1.0, "Cell_id": "4364_3148", "EPSG": 31468, "Netz": 64, "Dichte": 8, "Bl": ";16;" }, "geometry": { "type": "Point", "coordinates": [ 612975.589377667172812, 5700630.152337593026459 ] } },
{ "type": "Feature", "properties": { "Tnr": 48612, "mitRand": 1, "AnzHBbeg": 2, "pHaupt": 1.0, "poHaupt": 0.0, "pQuerus": 0.629, "pFagus": 0.12, "pFraxinus": 0.222, "pCarpinus": 0.0, "pAcer": 0.0, "pTilia": 0.0, "pRobinia": 0.029, "pUlmus": 0.0, "pCastanea": 0.0, "pOtherLH": 0.0, "pBetula": 0.0, "pAlnus": 0.0, "pPopulus": 0.0, "pSalix": 0.0, "pSorbus": 0.0, "pPrunus": 0.0, "pMalus": 0.0, "pPyrus": 0.0, "pOtherLN": 0.0, "pPicea": 0.0, "pPinus": 0.0, "pAbies": 0.0, "pDouglas": 0.0, "pLarix": 0.0, "pOtherNb": 0.0, "pNoEurop": 0.029, "pNoEuropD": 0.029, "pEurop": 0.971, "pDecid": 1.0, "pConifer": 0.0, "pAll": 1.0, "Cell_id": "4372_3148", "EPSG": 31468, "Netz": 64, "Dichte": 8, "Bl": ";16;" }, "geometry": { "type": "Point", "coordinates": [ 620972.352434761472978, 5700739.019020318053663 ] } },
{ "type": "Feature", "properties": { "Tnr": 48614, "mitRand": 1, "AnzHBbeg": 1, "pHaupt": 1.0, "poHaupt": 0.0, "pQuerus": 1.0, "pFagus": 0.0, "pFraxinus": 0.0, "pCarpinus": 0.0, "pAcer": 0.0, "pTilia": 0.0, "pRobinia": 0.0, "pUlmus": 0.0, "pCastanea": 0.0, "pOtherLH": 0.0, "pBetula": 0.0, "pAlnus": 0.0, "pPopulus": 0.0, "pSalix": 0.0, "pSorbus": 0.0, "pPrunus": 0.0, "pMalus": 0.0, "pPyrus": 0.0, "pOtherLN": 0.0, "pPicea": 0.0, "pPinus": 0.0, "pAbies": 0.0, "pDouglas": 0.0, "pLarix": 0.0, "pOtherNb": 0.0, "pNoEurop": 0.0, "pNoEuropD": 0.0, "pEurop": 1.0, "pDecid": 1.0, "pConifer": 0.0, "pAll": 1.0, "Cell_id": "4376_3148", "EPSG": 31468, "Netz": 16, "Dichte": 8, "Bl": ";16;" }, "geometry": { "type": "Point", "coordinates": [ 624971.733526843949221, 5700793.952061889693141 ] } },
{ "type": "Feature", "properties": { "Tnr": 48762, "mitRand": 1, "AnzHBbeg": 2, "pHaupt": 1.0, "poHaupt": 0.0, "pQuerus": 0.0, "pFagus": 0.0, "pFraxinus": 0.0, "pCarpinus": 0.0, "pAcer": 0.0, "pTilia": 0.0, "pRobinia": 0.0, "pUlmus": 0.0, "pCastanea": 0.0, "pOtherLH": 0.0, "pBetula": 0.0, "pAlnus": 0.0, "pPopulus": 0.0, "pSalix": 0.0, "pSorbus": 0.0, "pPrunus": 0.0, "pMalus": 0.0, "pPyrus": 0.0, "pOtherLN": 0.0, "pPicea": 1.0, "pPinus": 0.0, "pAbies": 0.0, "pDouglas": 0.0, "pLarix": 0.0, "pOtherNb": 0.0, "pNoEurop": 0.0, "pNoEuropD": 0.0, "pEurop": 1.0, "pDecid": 0.0, "pConifer": 1.0, "pAll": 1.0, "Cell_id": "4337_3146", "EPSG": 31467, "Netz": 8, "Dichte": 8, "Bl": ";16;" }, "geometry": { "type": "Point", "coordinates": [ 586012.480743951513432, 5698263.40984046086669 ] } },
{ "type": "Feature", "properties": { "Tnr": 48764, "mitRand": 1, "AnzHBbeg": 3, "pHaupt": 1.0, "poHaupt": 0.0, "pQuerus": 0.198, "pFagus": 0.0, "pFraxinus": 0.237, "pCarpinus": 0.0, "pAcer": 0.0, "pTilia": 0.0, "pRobinia": 0.0, "pUlmus": 0.0, "pCastanea": 0.0, "pOtherLH": 0.0, "pBetula": 0.0, "pAlnus": 0.0, "pPopulus": 0.0, "pSalix": 0.211, "pSorbus": 0.0, "pPrunus": 0.097, "pMalus": 0.0, "pPyrus": 0.0, "pOtherLN": 0.0, "pPicea": 0.165, "pPinus": 0.092, "pAbies": 0.0, "pDouglas": 0.0, "pLarix": 0.0, "pOtherNb": 0.0, "pNoEurop": 0.0, "pNoEuropD": 0.0, "pEurop": 1.0, "pDecid": 0.742, "pConifer": 0.258, "pAll": 1.0, "Cell_id": "4341_3146", "EPSG": 31467, "Netz": 8, "Dichte": 8, "Bl": ";16;" }, "geometry": { "type": "Point", "coordinates": [ 590010.86241267551668, 5698317.343811813741922 ] } },
{ "type": "Feature", "properties": { "Tnr": 48766, "mitRand": 1, "AnzHBbeg": 1, "pHaupt": 1.0, "poHaupt": 0.0, "pQuerus": 0.454, "pFagus": 0.131, "pFraxinus": 0.129, "pCarpinus": 0.287, "pAcer": 0.0, "pTilia": 0.0, "pRobinia": 0.0, "pUlmus": 0.0, "pCastanea": 0.0, "pOtherLH": 0.0, "pBetula": 0.0, "pAlnus": 0.0, "pPopulus": 0.0, "pSalix": 0.0, "pSorbus": 0.0, "pPrunus": 0.0, "pMalus": 0.0, "pPyrus": 0.0, "pOtherLN": 0.0, "pPicea": 0.0, "pPinus": 0.0, "pAbies": 0.0, "pDouglas": 0.0, "pLarix": 0.0, "pOtherNb": 0.0, "pNoEurop": 0.0, "pNoEuropD": 0.0, "pEurop": 1.0, "pDecid": 1.0, "pConifer": 0.0, "pAll": 1.0, "Cell_id": "4345_3146", "EPSG": 31467, "Netz": 8, "Dichte": 8, "Bl": ";16;" }, "geometry": { "type": "Point", "coordinates": [ 594009.24406897299923, 5698372.277321212925017 ] } },
{ "type": "Feature", "properties": { "Tnr": 48768, "mitRand": 1, "AnzHBbeg": 3, "pHaupt": 1.0, "poHaupt": 0.0, "pQuerus": 0.0, "pFagus": 0.608, "pFraxinus": 0.174, "pCarpinus": 0.0, "pAcer": 0.0, "pTilia": 0.0, "pRobinia": 0.0, "pUlmus": 0.0, "pCastanea": 0.0, "pOtherLH": 0.0, "pBetula": 0.0, "pAlnus": 0.0, "pPopulus": 0.0, "pSalix": 0.0, "pSorbus": 0.0, "pPrunus": 0.0, "pMalus": 0.0, "pPyrus": 0.0, "pOtherLN": 0.0, "pPicea": 0.218, "pPinus": 0.0, "pAbies": 0.0, "pDouglas": 0.0, "pLarix": 0.0, "pOtherNb": 0.0, "pNoEurop": 0.0, "pNoEuropD": 0.0, "pEurop": 1.0, "pDecid": 0.782, "pConifer": 0.218, "pAll": 1.0, "Cell_id": "4349_3146", "EPSG": 31467, "Netz": 8, "Dichte": 8, "Bl": ";16;" }, "geometry": { "type": "Point", "coordinates": [ 598007.625701621873304, 5698427.210773384198546 ] } },
{ "type": "Feature", "properties": { "Tnr": 48770, "mitRand": 1, "AnzHBbeg": 1, "pHaupt": 1.0, "poHaupt": 0.0, "pQuerus": 0.168, "pFagus": 0.0, "pFraxinus": 0.0, "pCarpinus": 0.462, "pAcer": 0.0, "pTilia": 0.0, "pRobinia": 0.0, "pUlmus": 0.0, "pCastanea": 0.0, "pOtherLH": 0.0, "pBetula": 0.0, "pAlnus": 0.0, "pPopulus": 0.0, "pSalix": 0.0, "pSorbus": 0.37, "pPrunus": 0.0, "pMalus": 0.0, "pPyrus": 0.0, "pOtherLN": 0.0, "pPicea": 0.0, "pPinus": 0.0, "pAbies": 0.0, "pDouglas": 0.0, "pLarix": 0.0, "pOtherNb": 0.0, "pNoEurop": 0.0, "pNoEuropD": 0.0, "pEurop": 1.0, "pDecid": 1.0, "pConifer": 0.0, "pAll": 1.0, "Cell_id": "4353_3146", "EPSG": 31467, "Netz": 8, "Dichte": 8, "Bl": ";16;" }, "geometry": { "type": "Point", "coordinates": [ 602006.007299341610633, 5698481.144573073834181 ] } },
{ "type": "Feature", "properties": { "Tnr": 48772, "mitRand": 0, "AnzHBbeg": 4, "pHaupt": 1.0, "poHaupt": 0.0, "pQuerus": 0.0, "pFagus": 0.393, "pFraxinus": 0.465, "pCarpinus": 0.0, "pAcer": 0.142, "pTilia": 0.0, "pRobinia": 0.0, "pUlmus": 0.0, "pCastanea": 0.0, "pOtherLH": 0.0, "pBetula": 0.0, "pAlnus": 0.0, "pPopulus": 0.0, "pSalix": 0.0, "pSorbus": 0.0, "pPrunus": 0.0, "pMalus": 0.0, "pPyrus": 0.0, "pOtherLN": 0.0, "pPicea": 0.0, "pPinus": 0.0, "pAbies": 0.0, "pDouglas": 0.0, "pLarix": 0.0, "pOtherNb": 0.0, "pNoEurop": 0.0, "pNoEuropD": 0.0, "pEurop": 1.0, "pDecid": 1.0, "pConifer": 0.0, "pAll": 1.0, "Cell_id": "4358_3146", "EPSG": 31468, "Netz": 8, "Dichte": 8, "Bl": ";16;" }, "geometry": { "type": "Point", "coordinates": [ 607004.983863442204893, 5698549.061528651043773 ] } },
{ "type": "Feature", "properties": { "Tnr": 48774, "mitRand": 1, "AnzHBbeg": 1, "pHaupt": 1.0, "poHaupt": 0.0, "pQuerus": 0.0, "pFagus": 0.0, "pFraxinus": 0.0, "pCarpinus": 0.0, "pAcer": 0.0, "pTilia": 0.0, "pRobinia": 0.0, "pUlmus": 0.0, "pCastanea": 0.0, "pOtherLH": 0.0, "pBetula": 0.0, "pAlnus": 0.0, "pPopulus": 0.0, "pSalix": 0.0, "pSorbus": 0.0, "pPrunus": 0.0, "pMalus": 0.0, "pPyrus": 0.0, "pOtherLN": 1.0, "pPicea": 0.0, "pPinus": 0.0, "pAbies": 0.0, "pDouglas": 0.0, "pLarix": 0.0, "pOtherNb": 0.0, "pNoEurop": 1.0, "pNoEuropD": 1.0, "pEurop": 0.0, "pDecid": 1.0, "pConifer": 0.0, "pAll": 1.0, "Cell_id": "4362_3146", "EPSG": 31468, "Netz": 8, "Dichte": 8, "Bl": ";16;" }, "geometry": { "type": "Point", "coordinates": [ 611003.365417912020348, 5698603.994794651865959 ] } },
{ "type": "Feature", "properties": { "Tnr": 48776, "mitRand": 0, "AnzHBbeg": 4, "pHaupt": 1.0, "poHaupt": 0.0, "pQuerus": 0.185, "pFagus": 0.815, "pFraxinus": 0.0, "pCarpinus": 0.0, "pAcer": 0.0, "pTilia": 0.0, "pRobinia": 0.0, "pUlmus": 0.0, "pCastanea": 0.0, "pOtherLH": 0.0, "pBetula": 0.0, "pAlnus": 0.0, "pPopulus": 0.0, "pSalix": 0.0, "pSorbus": 0.0, "pPrunus": 0.0, "pMalus": 0.0, "pPyrus": 0.0, "pOtherLN": 0.0, "pPicea": 0.0, "pPinus": 0.0, "pAbies": 0.0, "pDouglas": 0.0, "pLarix": 0.0, "pOtherNb": 0.0, "pNoEurop": 0.0, "pNoEuropD": 0.0, "pEurop": 1.0, "pDecid": 1.0, "pConifer": 0.0, "pAll": 1.0, "Cell_id": "4366_3146", "EPSG": 31468, "Netz": 8, "Dichte": 8, "Bl": ";16;" }, "geometry": { "type": "Point", "coordinates": [ 615001.746936800307594, 5698657.928408113308251 ] } },
{ "type": "Feature", "properties": { "Tnr": 48782, "mitRand": 1, "AnzHBbeg": 1, "pHaupt": 0.0, "poHaupt": 1.0, "pQuerus": 0.0, "pFagus": 0.0, "pFraxinus": 0.0, "pCarpinus": 0.0, "pAcer": 0.0, "pTilia": 0.0, "pRobinia": 0.0, "pUlmus": 0.0, "pCastanea": 0.0, "pOtherLH": 0.0, "pBetula": 0.0, "pAlnus": 0.0, "pPopulus": 0.0, "pSalix": 0.0, "pSorbus": 0.0, "pPrunus": 0.0, "pMalus": 0.0, "pPyrus": 0.0, "pOtherLN": 0.0, "pPicea": 0.0, "pPinus": 0.0, "pAbies": 0.0, "pDouglas": 0.0, "pLarix": 0.0, "pOtherNb": 0.0, "pNoEurop": 0.0, "pNoEuropD": 0.0, "pEurop": 0.0, "pDecid": 0.0, "pConifer": 0.0, "pAll": 0.0, "Cell_id": "4378_3147", "EPSG": 31468, "Netz": 8, "Dichte": 8, "Bl": ";16;" }, "geometry": { "type": "Point", "coordinates": [ 626984.907408137572929, 5699821.323418903164566 ] } },
{ "type": "Feature", "properties": { "Tnr": 48928, "mitRand": 1, "AnzHBbeg": 3, "pHaupt": 1.0, "poHaupt": 0.0, "pQuerus": 0.0, "pFagus": 0.377, "pFraxinus": 0.0, "pCarpinus": 0.0, "pAcer": 0.0, "pTilia": 0.0, "pRobinia": 0.0, "pUlmus": 0.0, "pCastanea": 0.0, "pOtherLH": 0.0, "pBetula": 0.059, "pAlnus": 0.0, "pPopulus": 0.0, "pSalix": 0.0, "pSorbus": 0.202, "pPrunus": 0.0, "pMalus": 0.0, "pPyrus": 0.0, "pOtherLN": 0.0, "pPicea": 0.102, "pPinus": 0.26, "pAbies": 0.0, "pDouglas": 0.0, "pLarix": 0.0, "pOtherNb": 0.0, "pNoEurop": 0.0, "pNoEuropD": 0.0, "pEurop": 1.0, "pDecid": 0.638, "pConifer": 0.362, "pAll": 1.0, "Cell_id": "4323_3144", "EPSG": 31467, "Netz": 16, "Dichte": 8, "Bl": ";16;" }, "geometry": { "type": "Point", "coordinates": [ 572046.111396850319579, 5696073.450453758239746 ] } },
{ "type": "Feature", "properties": { "Tnr": 48936, "mitRand": 1, "AnzHBbeg": 4, "pHaupt": 1.0, "poHaupt": 0.0, "pQuerus": 0.049, "pFagus": 0.451, "pFraxinus": 0.0, "pCarpinus": 0.0, "pAcer": 0.0, "pTilia": 0.0, "pRobinia": 0.0, "pUlmus": 0.0, "pCastanea": 0.0, "pOtherLH": 0.0, "pBetula": 0.0, "pAlnus": 0.0, "pPopulus": 0.0, "pSalix": 0.0, "pSorbus": 0.0, "pPrunus": 0.0, "pMalus": 0.0, "pPyrus": 0.0, "pOtherLN": 0.0, "pPicea": 0.5, "pPinus": 0.0, "pAbies": 0.0, "pDouglas": 0.0, "pLarix": 0.0, "pOtherNb": 0.0, "pNoEurop": 0.0, "pNoEuropD": 0.0, "pEurop": 1.0, "pDecid": 0.5, "pConifer": 0.5, "pAll": 1.0, "Cell_id": "4339_3144", "EPSG": 31467, "Netz": 16, "Dichte": 8, "Bl": ";16;" }, "geometry": { "type": "Point", "coordinates": [ 588039.63816452852916, 5696291.186032810248435 ] } },
{ "type": "Feature", "properties": { "Tnr": 48944, "mitRand": 1, "AnzHBbeg": 2, "pHaupt": 1.0, "poHaupt": 0.0, "pQuerus": 0.088, "pFagus": 0.5, "pFraxinus": 0.0, "pCarpinus": 0.0, "pAcer": 0.0, "pTilia": 0.0, "pRobinia": 0.0, "pUlmus": 0.0, "pCastanea": 0.0, "pOtherLH": 0.0, "pBetula": 0.0, "pAlnus": 0.0, "pPopulus": 0.0, "pSalix": 0.0, "pSorbus": 0.0, "pPrunus": 0.05, "pMalus": 0.0, "pPyrus": 0.0, "pOtherLN": 0.0, "pPicea": 0.361, "pPinus": 0.0, "pAbies": 0.0, "pDouglas": 0.0, "pLarix": 0.0, "pOtherNb": 0.0, "pNoEurop": 0.0, "pNoEuropD": 0.0, "pEurop": 1.0, "pDecid": 0.639, "pConifer": 0.361, "pAll": 1.0, "Cell_id": "4355_3144", "EPSG": 31468, "Netz": 16, "Dichte": 8, "Bl": ";16;" }, "geometry": { "type": "Point", "coordinates": [ 604033.164557870244607, 5696508.920698377303779 ] } },
{ "type": "Feature", "properties": { "Tnr": 48948, "mitRand": 1, "AnzHBbeg": 3, "pHaupt": 1.0, "poHaupt": 0.0, "pQuerus": 0.0, "pFagus": 1.0, "pFraxinus": 0.0, "pCarpinus": 0.0, "pAcer": 0.0, "pTilia": 0.0, "pRobinia": 0.0, "pUlmus": 0.0, "pCastanea": 0.0, "pOtherLH": 0.0, "pBetula": 0.0, "pAlnus": 0.0, "pPopulus": 0.0, "pSalix": 0.0, "pSorbus": 0.0, "pPrunus": 0.0, "pMalus": 0.0, "pPyrus": 0.0, "pOtherLN": 0.0, "pPicea": 0.0, "pPinus": 0.0, "pAbies": 0.0, "pDouglas": 0.0, "pLarix": 0.0, "pOtherNb": 0.0, "pNoEurop": 0.0, "pNoEuropD": 0.0, "pEurop": 1.0, "pDecid": 1.0, "pConifer": 0.0, "pAll": 1.0, "Cell_id": "4364_3144", "EPSG": 31468, "Netz": 16, "Dichte": 8, "Bl": ";16;" }, "geometry": { "type": "Point", "coordinates": [ 613029.52298931509722, 5696631.770893930457532 ] } },
{ "type": "Feature", "properties": { "Tnr": 48950, "mitRand": 1, "AnzHBbeg": 4, "pHaupt": 1.0, "poHaupt": 0.0, "pQuerus": 0.0, "pFagus": 0.977, "pFraxinus": 0.0, "pCarpinus": 0.0, "pAcer": 0.023, "pTilia": 0.0, "pRobinia": 0.0, "pUlmus": 0.0, "pCastanea": 0.0, "pOtherLH": 0.0, "pBetula": 0.0, "pAlnus": 0.0, "pPopulus": 0.0, "pSalix": 0.0, "pSorbus": 0.0, "pPrunus": 0.0, "pMalus": 0.0, "pPyrus": 0.0, "pOtherLN": 0.0, "pPicea": 0.0, "pPinus": 0.0, "pAbies": 0.0, "pDouglas": 0.0, "pLarix": 0.0, "pOtherNb": 0.0, "pNoEurop": 0.0, "pNoEuropD": 0.0, "pEurop": 1.0, "pDecid": 1.0, "pConifer": 0.0, "pAll": 1.0, "Cell_id": "4368_3144", "EPSG": 31468, "Netz": 16, "Dichte": 8, "Bl": ";16;" }, "geometry": { "type": "Point", "coordinates": [ 617028.904062410001643, 5696685.704479888081551 ] } },
{ "type": "Feature", "properties": { "Tnr": 48952, "mitRand": 1, "AnzHBbeg": 1, "pHaupt": 1.0, "poHaupt": 0.0, "pQuerus": 0.0, "pFagus": 0.0, "pFraxinus": 0.0, "pCarpinus": 0.0, "pAcer": 1.0, "pTilia": 0.0, "pRobinia": 0.0, "pUlmus": 0.0, "pCastanea": 0.0, "pOtherLH": 0.0, "pBetula": 0.0, "pAlnus": 0.0, "pPopulus": 0.0, "pSalix": 0.0, "pSorbus": 0.0, "pPrunus": 0.0, "pMalus": 0.0, "pPyrus": 0.0, "pOtherLN": 0.0, "pPicea": 0.0, "pPinus": 0.0, "pAbies": 0.0, "pDouglas": 0.0, "pLarix": 0.0, "pOtherNb": 0.0, "pNoEurop": 0.0, "pNoEuropD": 0.0, "pEurop": 1.0, "pDecid": 1.0, "pConifer": 0.0, "pAll": 1.0, "Cell_id": "4372_3144", "EPSG": 31468, "Netz": 16, "Dichte": 8, "Bl": ";16;" }, "geometry": { "type": "Point", "coordinates": [ 621027.285526678548194, 5696740.63761489931494 ] } },
{ "type": "Feature", "properties": { "Tnr": 48954, "mitRand": 1, "AnzHBbeg": 4, "pHaupt": 0.75, "poHaupt": 0.25, "pQuerus": 0.18, "pFagus": 0.041, "pFraxinus": 0.0, "pCarpinus": 0.036, "pAcer": 0.0, "pTilia": 0.089, "pRobinia": 0.0, "pUlmus": 0.0, "pCastanea": 0.0, "pOtherLH": 0.0, "pBetula": 0.0, "pAlnus": 0.0, "pPopulus": 0.0, "pSalix": 0.0, "pSorbus": 0.0, "pPrunus": 0.0, "pMalus": 0.0, "pPyrus": 0.0, "pOtherLN": 0.0, "pPicea": 0.0, "pPinus": 0.309, "pAbies": 0.0, "pDouglas": 0.0, "pLarix": 0.095, "pOtherNb": 0.0, "pNoEurop": 0.0, "pNoEuropD": 0.0, "pEurop": 0.75, "pDecid": 0.346, "pConifer": 0.404, "pAll": 0.75, "Cell_id": "4376_3144", "EPSG": 31468, "Netz": 16, "Dichte": 8, "Bl": ";16;" }, "geometry": { "type": "Point", "coordinates": [ 625025.666954854386859, 5696794.571097421459854 ] } },
{ "type": "Feature", "properties": { "Tnr": 48956, "mitRand": 0, "AnzHBbeg": 2, "pHaupt": 1.0, "poHaupt": 0.0, "pQuerus": 0.737, "pFagus": 0.263, "pFraxinus": 0.0, "pCarpinus": 0.0, "pAcer": 0.0, "pTilia": 0.0, "pRobinia": 0.0, "pUlmus": 0.0, "pCastanea": 0.0, "pOtherLH": 0.0, "pBetula": 0.0, "pAlnus": 0.0, "pPopulus": 0.0, "pSalix": 0.0, "pSorbus": 0.0, "pPrunus": 0.0, "pMalus": 0.0, "pPyrus": 0.0, "pOtherLN": 0.0, "pPicea": 0.0, "pPinus": 0.0, "pAbies": 0.0, "pDouglas": 0.0, "pLarix": 0.0, "pOtherNb": 0.0, "pNoEurop": 0.0, "pNoEuropD": 0.0, "pEurop": 1.0, "pDecid": 1.0, "pConifer": 0.0, "pAll": 1.0, "Cell_id": "4380_3145", "EPSG": 31468, "Netz": 16, "Dichte": 8, "Bl": ";16;" }, "geometry": { "type": "Point", "coordinates": [ 629011.064818899729289, 5697849.099442824721336 ] } },
{ "type": "Feature", "properties": { "Tnr": 48958, "mitRand": 0, "AnzHBbeg": 1, "pHaupt": 1.0, "poHaupt": 0.0, "pQuerus": 0.621, "pFagus": 0.0, "pFraxinus": 0.0, "pCarpinus": 0.0, "pAcer": 0.0, "pTilia": 0.379, "pRobinia": 0.0, "pUlmus": 0.0, "pCastanea": 0.0, "pOtherLH": 0.0, "pBetula": 0.0, "pAlnus": 0.0, "pPopulus": 0.0, "pSalix": 0.0, "pSorbus": 0.0, "pPrunus": 0.0, "pMalus": 0.0, "pPyrus": 0.0, "pOtherLN": 0.0, "pPicea": 0.0, "pPinus": 0.0, "pAbies": 0.0, "pDouglas": 0.0, "pLarix": 0.0, "pOtherNb": 0.0, "pNoEurop": 0.0, "pNoEuropD": 0.0, "pEurop": 1.0, "pDecid": 1.0, "pConifer": 0.0, "pAll": 1.0, "Cell_id": "4384_3145", "EPSG": 31468, "Netz": 16, "Dichte": 8, "Bl": ";16;" }, "geometry": { "type": "Point", "coordinates": [ 633010.445806193631142, 5697903.03279313724488 ] } },
{ "type": "Feature", "properties": { "Tnr": 48962, "mitRand": 1, "AnzHBbeg": 4, "pHaupt": 1.0, "poHaupt": 0.0, "pQuerus": 0.256, "pFagus": 0.536, "pFraxinus": 0.0, "pCarpinus": 0.011, "pAcer": 0.0, "pTilia": 0.0, "pRobinia": 0.0, "pUlmus": 0.0, "pCastanea": 0.0, "pOtherLH": 0.0, "pBetula": 0.198, "pAlnus": 0.0, "pPopulus": 0.0, "pSalix": 0.0, "pSorbus": 0.0, "pPrunus": 0.0, "pMalus": 0.0, "pPyrus": 0.0, "pOtherLN": 0.0, "pPicea": 0.0, "pPinus": 0.0, "pAbies": 0.0, "pDouglas": 0.0, "pLarix": 0.0, "pOtherNb": 0.0, "pNoEurop": 0.0, "pNoEuropD": 0.0, "pEurop": 1.0, "pDecid": 1.0, "pConifer": 0.0, "pAll": 1.0, "Cell_id": "4392_3145", "EPSG": 31468, "Netz": 16, "Dichte": 8, "Bl": ";16;" }, "geometry": { "type": "Point", "coordinates": [ 641008.208120098453946, 5698011.898927808739245 ] } },
{ "type": "Feature", "properties": { "Tnr": 48964, "mitRand": 1, "AnzHBbeg": 3, "pHaupt": 1.0, "poHaupt": 0.0, "pQuerus": 0.0, "pFagus": 0.333, "pFraxinus": 0.0, "pCarpinus": 0.0, "pAcer": 0.0, "pTilia": 0.0, "pRobinia": 0.0, "pUlmus": 0.0, "pCastanea": 0.0, "pOtherLH": 0.0, "pBetula": 0.263, "pAlnus": 0.0, "pPopulus": 0.0, "pSalix": 0.0, "pSorbus": 0.015, "pPrunus": 0.0, "pMalus": 0.0, "pPyrus": 0.0, "pOtherLN": 0.0, "pPicea": 0.209, "pPinus": 0.047, "pAbies": 0.0, "pDouglas": 0.0, "pLarix": 0.133, "pOtherNb": 0.0, "pNoEurop": 0.0, "pNoEuropD": 0.0, "pEurop": 1.0, "pDecid": 0.611, "pConifer": 0.389, "pAll": 1.0, "Cell_id": "4396_3145", "EPSG": 31468, "Netz": 16, "Dichte": 8, "Bl": ";16;" }, "geometry": { "type": "Point", "coordinates": [ 645007.58904155169148, 5698066.831700888462365 ] } },
{ "type": "Feature", "properties": { "Tnr": 48965, "mitRand": 0, "AnzHBbeg": 2, "pHaupt": 1.0, "poHaupt": 0.0, "pQuerus": 0.0, "pFagus": 0.0, "pFraxinus": 0.0, "pCarpinus": 0.075, "pAcer": 0.0, "pTilia": 0.0, "pRobinia": 0.0, "pUlmus": 0.0, "pCastanea": 0.0, "pOtherLH": 0.0, "pBetula": 0.124, "pAlnus": 0.0, "pPopulus": 0.0, "pSalix": 0.0, "pSorbus": 0.102, "pPrunus": 0.0, "pMalus": 0.0, "pPyrus": 0.0, "pOtherLN": 0.0, "pPicea": 0.177, "pPinus": 0.522, "pAbies": 0.0, "pDouglas": 0.0, "pLarix": 0.0, "pOtherNb": 0.0, "pNoEurop": 0.0, "pNoEuropD": 0.0, "pEurop": 1.0, "pDecid": 0.302, "pConifer": 0.698, "pAll": 1.0, "Cell_id": "4398_3145", "EPSG": 31468, "Netz": 4, "Dichte": 4, "Bl": ";15;" }, "geometry": { "type": "Point", "coordinates": [ 647006.779689495800994, 5698093.798273526132107 ] } },
{ "type": "Feature", "properties": { "Tnr": 49101, "mitRand": 1, "AnzHBbeg": 2, "pHaupt": 1.0, "poHaupt": 0.0, "pQuerus": 0.0, "pFagus": 0.0, "pFraxinus": 0.0, "pCarpinus": 0.0, "pAcer": 0.0, "pTilia": 0.0, "pRobinia": 0.0, "pUlmus": 0.0, "pCastanea": 0.0, "pOtherLH": 0.0, "pBetula": 0.16, "pAlnus": 0.0, "pPopulus": 0.0, "pSalix": 0.0, "pSorbus": 0.0, "pPrunus": 0.0, "pMalus": 0.0, "pPyrus": 0.0, "pOtherLN": 0.0, "pPicea": 0.84, "pPinus": 0.0, "pAbies": 0.0, "pDouglas": 0.0, "pLarix": 0.0, "pOtherNb": 0.0, "pNoEurop": 0.0, "pNoEuropD": 0.0, "pEurop": 1.0, "pDecid": 0.16, "pConifer": 0.84, "pAll": 1.0, "Cell_id": "4325_3142", "EPSG": 31467, "Netz": 8, "Dichte": 8, "Bl": ";16;" }, "geometry": { "type": "Point", "coordinates": [ 574072.269353933632374, 5694101.226736828684807 ] } },
{ "type": "Feature", "properties": { "Tnr": 49109, "mitRand": 0, "AnzHBbeg": 1, "pHaupt": 1.0, "poHaupt": 0.0, "pQuerus": 0.0, "pFagus": 0.89, "pFraxinus": 0.0, "pCarpinus": 0.0, "pAcer": 0.0, "pTilia": 0.0, "pRobinia": 0.0, "pUlmus": 0.0, "pCastanea": 0.0, "pOtherLH": 0.0, "pBetula": 0.0, "pAlnus": 0.0, "pPopulus": 0.0, "pSalix": 0.0, "pSorbus": 0.0, "pPrunus": 0.0, "pMalus": 0.0, "pPyrus": 0.0, "pOtherLN": 0.0, "pPicea": 0.11, "pPinus": 0.0, "pAbies": 0.0, "pDouglas": 0.0, "pLarix": 0.0, "pOtherNb": 0.0, "pNoEurop": 0.0, "pNoEuropD": 0.0, "pEurop": 1.0, "pDecid": 0.89, "pConifer": 0.11, "pAll": 1.0, "Cell_id": "4341_3142", "EPSG": 31467, "Netz": 8, "Dichte": 8, "Bl": ";16;" }, "geometry": { "type": "Point", "coordinates": [ 590065.795961225987412, 5694318.962247975170612 ] } },
{ "type": "Feature", "properties": { "Tnr": 49117, "mitRand": 0, "AnzHBbeg": 4, "pHaupt": 1.0, "poHaupt": 0.0, "pQuerus": 0.0, "pFagus": 0.298, "pFraxinus": 0.438, "pCarpinus": 0.118, "pAcer": 0.088, "pTilia": 0.044, "pRobinia": 0.0, "pUlmus": 0.013, "pCastanea": 0.0, "pOtherLH": 0.0, "pBetula": 0.0, "pAlnus": 0.0, "pPopulus": 0.0, "pSalix": 0.0, "pSorbus": 0.0, "pPrunus": 0.0, "pMalus": 0.0, "pPyrus": 0.0, "pOtherLN": 0.0, "pPicea": 0.0, "pPinus": 0.0, "pAbies": 0.0, "pDouglas": 0.0, "pLarix": 0.0, "pOtherNb": 0.0, "pNoEurop": 0.0, "pNoEuropD": 0.0, "pEurop": 1.0, "pDecid": 1.0, "pConifer": 0.0, "pAll": 1.0, "Cell_id": "4358_3142", "EPSG": 31468, "Netz": 8, "Dichte": 8, "Bl": ";16;" }, "geometry": { "type": "Point", "coordinates": [ 607058.917573354090564, 5694550.680077235214412 ] } },
{ "type": "Feature", "properties": { "Tnr": 49119, "mitRand": 1, "AnzHBbeg": 4, "pHaupt": 1.0, "poHaupt": 0.0, "pQuerus": 0.0, "pFagus": 0.96, "pFraxinus": 0.0, "pCarpinus": 0.0, "pAcer": 0.04, "pTilia": 0.0, "pRobinia": 0.0, "pUlmus": 0.0, "pCastanea": 0.0, "pOtherLH": 0.0, "pBetula": 0.0, "pAlnus": 0.0, "pPopulus": 0.0, "pSalix": 0.0, "pSorbus": 0.0, "pPrunus": 0.0, "pMalus": 0.0, "pPyrus": 0.0, "pOtherLN": 0.0, "pPicea": 0.0, "pPinus": 0.0, "pAbies": 0.0, "pDouglas": 0.0, "pLarix": 0.0, "pOtherNb": 0.0, "pNoEurop": 0.0, "pNoEuropD": 0.0, "pEurop": 1.0, "pDecid": 1.0, "pConifer": 0.0, "pAll": 1.0, "Cell_id": "4362_3142", "EPSG": 31468, "Netz": 8, "Dichte": 8, "Bl": ";16;" }, "geometry": { "type": "Point", "coordinates": [ 611057.299070492503233, 5694605.613367571495473 ] } },
{ "type": "Feature", "properties": { "Tnr": 49121, "mitRand": 0, "AnzHBbeg": 4, "pHaupt": 1.0, "poHaupt": 0.0, "pQuerus": 0.0, "pFagus": 0.341, "pFraxinus": 0.181, "pCarpinus": 0.033, "pAcer": 0.162, "pTilia": 0.0, "pRobinia": 0.0, "pUlmus": 0.0, "pCastanea": 0.0, "pOtherLH": 0.0, "pBetula": 0.075, "pAlnus": 0.0, "pPopulus": 0.0, "pSalix": 0.0, "pSorbus": 0.0, "pPrunus": 0.0, "pMalus": 0.0, "pPyrus": 0.0, "pOtherLN": 0.0, "pPicea": 0.209, "pPinus": 0.0, "pAbies": 0.0, "pDouglas": 0.0, "pLarix": 0.0, "pOtherNb": 0.0, "pNoEurop": 0.0, "pNoEuropD": 0.0, "pEurop": 1.0, "pDecid": 0.791, "pConifer": 0.209, "pAll": 1.0, "Cell_id": "4366_3142", "EPSG": 31468, "Netz": 8, "Dichte": 8, "Bl": ";16;" }, "geometry": { "type": "Point", "coordinates": [ 615056.680127243162133, 5694659.546994434669614 ] } },
{ "type": "Feature", "properties": { "Tnr": 49123, "mitRand": 1, "AnzHBbeg": 3, "pHaupt": 1.0, "poHaupt": 0.0, "pQuerus": 0.0, "pFagus": 0.879, "pFraxinus": 0.0, "pCarpinus": 0.0, "pAcer": 0.06, "pTilia": 0.0, "pRobinia": 0.0, "pUlmus": 0.0, "pCastanea": 0.0, "pOtherLH": 0.0, "pBetula": 0.0, "pAlnus": 0.0, "pPopulus": 0.0, "pSalix": 0.0, "pSorbus": 0.0, "pPrunus": 0.0, "pMalus": 0.0, "pPyrus": 0.0, "pOtherLN": 0.0, "pPicea": 0.0, "pPinus": 0.061, "pAbies": 0.0, "pDouglas": 0.0, "pLarix": 0.0, "pOtherNb": 0.0, "pNoEurop": 0.0, "pNoEuropD": 0.0, "pEurop": 1.0, "pDecid": 0.939, "pConifer": 0.061, "pAll": 1.0, "Cell_id": "4370_3142", "EPSG": 31468, "Netz": 8, "Dichte": 8, "Bl": ";16;" }, "geometry": { "type": "Point", "coordinates": [ 619055.061575241503306, 5694714.480170438997447 ] } },
{ "type": "Feature", "properties": { "Tnr": 49125, "mitRand": 1, "AnzHBbeg": 4, "pHaupt": 1.0, "poHaupt": 0.0, "pQuerus": 0.0, "pFagus": 0.98, "pFraxinus": 0.0, "pCarpinus": 0.0, "pAcer": 0.02, "pTilia": 0.0, "pRobinia": 0.0, "pUlmus": 0.0, "pCastanea": 0.0, "pOtherLH": 0.0, "pBetula": 0.0, "pAlnus": 0.0, "pPopulus": 0.0, "pSalix": 0.0, "pSorbus": 0.0, "pPrunus": 0.0, "pMalus": 0.0, "pPyrus": 0.0, "pOtherLN": 0.0, "pPicea": 0.0, "pPinus": 0.0, "pAbies": 0.0, "pDouglas": 0.0, "pLarix": 0.0, "pOtherNb": 0.0, "pNoEurop": 0.0, "pNoEuropD": 0.0, "pEurop": 1.0, "pDecid": 1.0, "pConifer": 0.0, "pAll": 1.0, "Cell_id": "4374_3142", "EPSG": 31468, "Netz": 8, "Dichte": 8, "Bl": ";16;" }, "geometry": { "type": "Point", "coordinates": [ 623053.442987239104696, 5694768.413694070652127 ] } },
{ "type": "Feature", "properties": { "Tnr": 49129, "mitRand": 1, "AnzHBbeg": 4, "pHaupt": 1.0, "poHaupt": 0.0, "pQuerus": 0.0, "pFagus": 0.75, "pFraxinus": 0.0, "pCarpinus": 0.0, "pAcer": 0.0, "pTilia": 0.0, "pRobinia": 0.0, "pUlmus": 0.0, "pCastanea": 0.0, "pOtherLH": 0.0, "pBetula": 0.0, "pAlnus": 0.0, "pPopulus": 0.0, "pSalix": 0.0, "pSorbus": 0.0, "pPrunus": 0.0, "pMalus": 0.0, "pPyrus": 0.0, "pOtherLN": 0.0, "pPicea": 0.25, "pPinus": 0.0, "pAbies": 0.0, "pDouglas": 0.0, "pLarix": 0.0, "pOtherNb": 0.0, "pNoEurop": 0.0, "pNoEuropD": 0.0, "pEurop": 1.0, "pDecid": 0.75, "pConifer": 0.25, "pAll": 1.0, "Cell_id": "4382_3143", "EPSG": 31468, "Netz": 8, "Dichte": 8, "Bl": ";16;" }, "geometry": { "type": "Point", "coordinates": [ 631038.22179609129671, 5695876.875468284823 ] } },
{ "type": "Feature", "properties": { "Tnr": 49133, "mitRand": 0, "AnzHBbeg": 1, "pHaupt": 1.0, "poHaupt": 0.0, "pQuerus": 1.0, "pFagus": 0.0, "pFraxinus": 0.0, "pCarpinus": 0.0, "pAcer": 0.0, "pTilia": 0.0, "pRobinia": 0.0, "pUlmus": 0.0, "pCastanea": 0.0, "pOtherLH": 0.0, "pBetula": 0.0, "pAlnus": 0.0, "pPopulus": 0.0, "pSalix": 0.0, "pSorbus": 0.0, "pPrunus": 0.0, "pMalus": 0.0, "pPyrus": 0.0, "pOtherLN": 0.0, "pPicea": 0.0, "pPinus": 0.0, "pAbies": 0.0, "pDouglas": 0.0, "pLarix": 0.0, "pOtherNb": 0.0, "pNoEurop": 0.0, "pNoEuropD": 0.0, "pEurop": 1.0, "pDecid": 1.0, "pConifer": 0.0, "pAll": 1.0, "Cell_id": "4390_3143", "EPSG": 31468, "Netz": 8, "Dichte": 8, "Bl": ";16;" }, "geometry": { "type": "Point", "coordinates": [ 639035.984078139532357, 5695985.741685947403312 ] } },
{ "type": "Feature", "properties": { "Tnr": 49135, "mitRand": 1, "AnzHBbeg": 4, "pHaupt": 0.75, "poHaupt": 0.25, "pQuerus": 0.0, "pFagus": 0.5, "pFraxinus": 0.0, "pCarpinus": 0.0, "pAcer": 0.0, "pTilia": 0.0, "pRobinia": 0.0, "pUlmus": 0.0, "pCastanea": 0.0, "pOtherLH": 0.0, "pBetula": 0.0, "pAlnus": 0.0, "pPopulus": 0.0, "pSalix": 0.0, "pSorbus": 0.0, "pPrunus": 0.0, "pMalus": 0.0, "pPyrus": 0.0, "pOtherLN": 0.0, "pPicea": 0.0, "pPinus": 0.0, "pAbies": 0.0, "pDouglas": 0.0, "pLarix": 0.25, "pOtherNb": 0.0, "pNoEurop": 0.0, "pNoEuropD": 0.0, "pEurop": 0.75, "pDecid": 0.5, "pConifer": 0.25, "pAll": 0.75, "Cell_id": "4394_3143", "EPSG": 31468, "Netz": 8, "Dichte": 8, "Bl": ";16;" }, "geometry": { "type": "Point", "coordinates": [ 643035.364972544019111, 5696039.674905537627637 ] } },
{ "type": "Feature", "properties": { "Tnr": 49137, "mitRand": 0, "AnzHBbeg": 4, "pHaupt": 1.0, "poHaupt": 0.0, "pQuerus": 0.592, "pFagus": 0.102, "pFraxinus": 0.0, "pCarpinus": 0.0, "pAcer": 0.0, "pTilia": 0.0, "pRobinia": 0.0, "pUlmus": 0.0, "pCastanea": 0.0, "pOtherLH": 0.0, "pBetula": 0.307, "pAlnus": 0.0, "pPopulus": 0.0, "pSalix": 0.0, "pSorbus": 0.0, "pPrunus": 0.0, "pMalus": 0.0, "pPyrus": 0.0, "pOtherLN": 0.0, "pPicea": 0.0, "pPinus": 0.0, "pAbies": 0.0, "pDouglas": 0.0, "pLarix": 0.0, "pOtherNb": 0.0, "pNoEurop": 0.0, "pNoEuropD": 0.0, "pEurop": 1.0, "pDecid": 1.0, "pConifer": 0.0, "pAll": 1.0, "Cell_id": "4398_3143", "EPSG": 31468, "Netz": 8, "Dichte": 8, "Bl": ";16;" }, "geometry": { "type": "Point", "coordinates": [ 647033.746257040183991, 5696094.607674108818173 ] } },
{ "type": "Feature", "properties": { "Tnr": 49281, "mitRand": 1, "AnzHBbeg": 4, "pHaupt": 1.0, "poHaupt": 0.0, "pQuerus": 0.0, "pFagus": 0.818, "pFraxinus": 0.136, "pCarpinus": 0.0, "pAcer": 0.045, "pTilia": 0.0, "pRobinia": 0.0, "pUlmus": 0.0, "pCastanea": 0.0, "pOtherLH": 0.0, "pBetula": 0.0, "pAlnus": 0.0, "pPopulus": 0.0, "pSalix": 0.0, "pSorbus": 0.0, "pPrunus": 0.0, "pMalus": 0.0, "pPyrus": 0.0, "pOtherLN": 0.0, "pPicea": 0.0, "pPinus": 0.0, "pAbies": 0.0, "pDouglas": 0.0, "pLarix": 0.0, "pOtherNb": 0.0, "pNoEurop": 0.0, "pNoEuropD": 0.0, "pEurop": 1.0, "pDecid": 1.0, "pConifer": 0.0, "pAll": 1.0, "Cell_id": "4335_3140", "EPSG": 31467, "Netz": 16, "Dichte": 8, "Bl": ";16;" }, "geometry": { "type": "Point", "coordinates": [ 584095.19056341482792, 5692238.870462163351476 ] } },
{ "type": "Feature", "properties": { "Tnr": 49287, "mitRand": 0, "AnzHBbeg": 1, "pHaupt": 1.0, "poHaupt": 0.0, "pQuerus": 0.78, "pFagus": 0.0, "pFraxinus": 0.0, "pCarpinus": 0.097, "pAcer": 0.0, "pTilia": 0.0, "pRobinia": 0.0, "pUlmus": 0.0, "pCastanea": 0.0, "pOtherLH": 0.0, "pBetula": 0.0, "pAlnus": 0.0, "pPopulus": 0.0, "pSalix": 0.0, "pSorbus": 0.0, "pPrunus": 0.0, "pMalus": 0.124, "pPyrus": 0.0, "pOtherLN": 0.0, "pPicea": 0.0, "pPinus": 0.0, "pAbies": 0.0, "pDouglas": 0.0, "pLarix": 0.0, "pOtherNb": 0.0, "pNoEurop": 0.0, "pNoEuropD": 0.0, "pEurop": 1.0, "pDecid": 1.0, "pConifer": 0.0, "pAll": 1.0, "Cell_id": "4347_3140", "EPSG": 31467, "Netz": 64, "Dichte": 8, "Bl": ";16;" }, "geometry": { "type": "Point", "coordinates": [ 596090.335288048372604, 5692401.671991213224828 ] } },
{ "type": "Feature", "properties": { "Tnr": 49293, "mitRand": 1, "AnzHBbeg": 4, "pHaupt": 1.0, "poHaupt": 0.0, "pQuerus": 0.0, "pFagus": 0.291, "pFraxinus": 0.412, "pCarpinus": 0.0, "pAcer": 0.111, "pTilia": 0.0, "pRobinia": 0.0, "pUlmus": 0.0, "pCastanea": 0.0, "pOtherLH": 0.0, "pBetula": 0.0, "pAlnus": 0.0, "pPopulus": 0.0, "pSalix": 0.0, "pSorbus": 0.058, "pPrunus": 0.0, "pMalus": 0.0, "pPyrus": 0.0, "pOtherLN": 0.0, "pPicea": 0.0, "pPinus": 0.0, "pAbies": 0.0, "pDouglas": 0.0, "pLarix": 0.129, "pOtherNb": 0.0, "pNoEurop": 0.0, "pNoEuropD": 0.0, "pEurop": 1.0, "pDecid": 0.871, "pConifer": 0.129, "pAll": 1.0, "Cell_id": "4360_3140", "EPSG": 31468, "Netz": 16, "Dichte": 8, "Bl": ";16;" }, "geometry": { "type": "Point", "coordinates": [ 609086.07476438570302, 5692578.456222775392234 ] } },
{ "type": "Feature", "properties": { "Tnr": 49295, "mitRand": 0, "AnzHBbeg": 4, "pHaupt": 1.0, "poHaupt": 0.0, "pQuerus": 0.0, "pFagus": 0.987, "pFraxinus": 0.013, "pCarpinus": 0.0, "pAcer": 0.0, "pTilia": 0.0, "pRobinia": 0.0, "pUlmus": 0.0, "pCastanea": 0.0, "pOtherLH": 0.0, "pBetula": 0.0, "pAlnus": 0.0, "pPopulus": 0.0, "pSalix": 0.0, "pSorbus": 0.0, "pPrunus": 0.0, "pMalus": 0.0, "pPyrus": 0.0, "pOtherLN": 0.0, "pPicea": 0.0, "pPinus": 0.0, "pAbies": 0.0, "pDouglas": 0.0, "pLarix": 0.0, "pOtherNb": 0.0, "pNoEurop": 0.0, "pNoEuropD": 0.0, "pEurop": 1.0, "pDecid": 1.0, "pConifer": 0.0, "pAll": 1.0, "Cell_id": "4364_3140", "EPSG": 31468, "Netz": 64, "Dichte": 8, "Bl": ";16;" }, "geometry": { "type": "Point", "coordinates": [ 613084.456220698310062, 5692633.389496751129627 ] } },
{ "type": "Feature", "properties": { "Tnr": 49297, "mitRand": 0, "AnzHBbeg": 2, "pHaupt": 1.0, "poHaupt": 0.0, "pQuerus": 0.204, "pFagus": 0.0, "pFraxinus": 0.496, "pCarpinus": 0.095, "pAcer": 0.102, "pTilia": 0.0, "pRobinia": 0.0, "pUlmus": 0.0, "pCastanea": 0.0, "pOtherLH": 0.0, "pBetula": 0.0, "pAlnus": 0.0, "pPopulus": 0.0, "pSalix": 0.0, "pSorbus": 0.0, "pPrunus": 0.104, "pMalus": 0.0, "pPyrus": 0.0, "pOtherLN": 0.0, "pPicea": 0.0, "pPinus": 0.0, "pAbies": 0.0, "pDouglas": 0.0, "pLarix": 0.0, "pOtherNb": 0.0, "pNoEurop": 0.0, "pNoEuropD": 0.0, "pEurop": 1.0, "pDecid": 1.0, "pConifer": 0.0, "pAll": 1.0, "Cell_id": "4368_3140", "EPSG": 31468, "Netz": 16, "Dichte": 8, "Bl": ";16;" }, "geometry": { "type": "Point", "coordinates": [ 617082.837641302263364, 5692687.323118477128446 ] } },
{ "type": "Feature", "properties": { "Tnr": 49301, "mitRand": 0, "AnzHBbeg": 4, "pHaupt": 1.0, "poHaupt": 0.0, "pQuerus": 0.0, "pFagus": 0.847, "pFraxinus": 0.0, "pCarpinus": 0.0, "pAcer": 0.103, "pTilia": 0.0, "pRobinia": 0.0, "pUlmus": 0.0, "pCastanea": 0.0, "pOtherLH": 0.0, "pBetula": 0.0, "pAlnus": 0.0, "pPopulus": 0.0, "pSalix": 0.0, "pSorbus": 0.0, "pPrunus": 0.0, "pMalus": 0.0, "pPyrus": 0.0, "pOtherLN": 0.0, "pPicea": 0.0, "pPinus": 0.049, "pAbies": 0.0, "pDouglas": 0.0, "pLarix": 0.0, "pOtherNb": 0.0, "pNoEurop": 0.0, "pNoEuropD": 0.0, "pEurop": 1.0, "pDecid": 0.951, "pConifer": 0.049, "pAll": 1.0, "Cell_id": "4376_3140", "EPSG": 31468, "Netz": 16, "Dichte": 8, "Bl": ";16;" }, "geometry": { "type": "Point", "coordinates": [ 625080.600014316732995, 5692796.189774670638144 ] } },
{ "type": "Feature", "properties": { "Tnr": 49305, "mitRand": 1, "AnzHBbeg": 3, "pHaupt": 1.0, "poHaupt": 0.0, "pQuerus": 0.033, "pFagus": 0.0, "pFraxinus": 0.0, "pCarpinus": 0.0, "pAcer": 0.0, "pTilia": 0.0, "pRobinia": 0.0, "pUlmus": 0.0, "pCastanea": 0.0, "pOtherLH": 0.0, "pBetula": 0.045, "pAlnus": 0.0, "pPopulus": 0.0, "pSalix": 0.0, "pSorbus": 0.0, "pPrunus": 0.089, "pMalus": 0.0, "pPyrus": 0.0, "pOtherLN": 0.0, "pPicea": 0.168, "pPinus": 0.589, "pAbies": 0.0, "pDouglas": 0.0, "pLarix": 0.076, "pOtherNb": 0.0, "pNoEurop": 0.0, "pNoEuropD": 0.0, "pEurop": 1.0, "pDecid": 0.167, "pConifer": 0.833, "pAll": 1.0, "Cell_id": "4384_3141", "EPSG": 31468, "Netz": 16, "Dichte": 8, "Bl": ";16;" }, "geometry": { "type": "Point", "coordinates": [ 633064.379149362794124, 5693904.651517709717155 ] } },
{ "type": "Feature", "properties": { "Tnr": 49311, "mitRand": 1, "AnzHBbeg": 4, "pHaupt": 1.0, "poHaupt": 0.0, "pQuerus": 0.0, "pFagus": 0.75, "pFraxinus": 0.0, "pCarpinus": 0.0, "pAcer": 0.0, "pTilia": 0.0, "pRobinia": 0.0, "pUlmus": 0.0, "pCastanea": 0.0, "pOtherLH": 0.0, "pBetula": 0.031, "pAlnus": 0.0, "pPopulus": 0.0, "pSalix": 0.0, "pSorbus": 0.0, "pPrunus": 0.0, "pMalus": 0.0, "pPyrus": 0.0, "pOtherLN": 0.0, "pPicea": 0.0, "pPinus": 0.0, "pAbies": 0.0, "pDouglas": 0.0, "pLarix": 0.219, "pOtherNb": 0.0, "pNoEurop": 0.0, "pNoEuropD": 0.0, "pEurop": 1.0, "pDecid": 0.781, "pConifer": 0.219, "pAll": 1.0, "Cell_id": "4396_3141", "EPSG": 31468, "Netz": 64, "Dichte": 8, "Bl": ";16;" }, "geometry": { "type": "Point", "coordinates": [ 645061.5222010522848, 5694067.450907554477453 ] } },
{ "type": "Feature", "properties": { "Tnr": 49453, "mitRand": 1, "AnzHBbeg": 4, "pHaupt": 1.0, "poHaupt": 0.0, "pQuerus": 0.083, "pFagus": 0.571, "pFraxinus": 0.095, "pCarpinus": 0.0, "pAcer": 0.0, "pTilia": 0.0, "pRobinia": 0.0, "pUlmus": 0.0, "pCastanea": 0.0, "pOtherLH": 0.0, "pBetula": 0.0, "pAlnus": 0.0, "pPopulus": 0.0, "pSalix": 0.0, "pSorbus": 0.0, "pPrunus": 0.035, "pMalus": 0.0, "pPyrus": 0.0, "pOtherLN": 0.0, "pPicea": 0.025, "pPinus": 0.0, "pAbies": 0.0, "pDouglas": 0.0, "pLarix": 0.191, "pOtherNb": 0.0, "pNoEurop": 0.0, "pNoEuropD": 0.0, "pEurop": 1.0, "pDecid": 0.784, "pConifer": 0.216, "pAll": 1.0, "Cell_id": "4329_3138", "EPSG": 31467, "Netz": 8, "Dichte": 8, "Bl": ";16;" }, "geometry": { "type": "Point", "coordinates": [ 578125.584788834676147, 5690157.778921643272042 ] } },
{ "type": "Feature", "properties": { "Tnr": 49455, "mitRand": 0, "AnzHBbeg": 1, "pHaupt": 1.0, "poHaupt": 0.0, "pQuerus": 0.0, "pFagus": 0.0, "pFraxinus": 0.0, "pCarpinus": 0.0, "pAcer": 0.0, "pTilia": 0.0, "pRobinia": 0.0, "pUlmus": 0.0, "pCastanea": 0.0, "pOtherLH": 0.0, "pBetula": 0.0, "pAlnus": 0.0, "pPopulus": 0.0, "pSalix": 0.0, "pSorbus": 0.0, "pPrunus": 0.0, "pMalus": 0.0, "pPyrus": 0.0, "pOtherLN": 0.0, "pPicea": 0.0, "pPinus": 1.0, "pAbies": 0.0, "pDouglas": 0.0, "pLarix": 0.0, "pOtherNb": 0.0, "pNoEurop": 0.0, "pNoEuropD": 0.0, "pEurop": 1.0, "pDecid": 0.0, "pConifer": 1.0, "pAll": 1.0, "Cell_id": "4333_3138", "EPSG": 31467, "Netz": 8, "Dichte": 8, "Bl": ";16;" }, "geometry": { "type": "Point", "coordinates": [ 582122.966794597916305, 5690211.713064318522811 ] } },
{ "type": "Feature", "properties": { "Tnr": 49457, "mitRand": 1, "AnzHBbeg": 2, "pHaupt": 1.0, "poHaupt": 0.0, "pQuerus": 0.0, "pFagus": 0.0, "pFraxinus": 0.0, "pCarpinus": 0.0, "pAcer": 0.0, "pTilia": 0.0, "pRobinia": 0.0, "pUlmus": 0.0, "pCastanea": 0.0, "pOtherLH": 0.0, "pBetula": 0.0, "pAlnus": 0.0, "pPopulus": 0.0, "pSalix": 0.0, "pSorbus": 0.0, "pPrunus": 0.0, "pMalus": 0.0, "pPyrus": 0.0, "pOtherLN": 0.0, "pPicea": 0.201, "pPinus": 0.799, "pAbies": 0.0, "pDouglas": 0.0, "pLarix": 0.0, "pOtherNb": 0.0, "pNoEurop": 0.0, "pNoEuropD": 0.0, "pEurop": 1.0, "pDecid": 0.0, "pConifer": 1.0, "pAll": 1.0, "Cell_id": "4337_3138", "EPSG": 31467, "Netz": 8, "Dichte": 8, "Bl": ";16;" }, "geometry": { "type": "Point", "coordinates": [ 586121.348383472883143, 5690266.646734452806413 ] } },
{ "type": "Feature", "properties": { "Tnr": 49468, "mitRand": 0, "AnzHBbeg": 4, "pHaupt": 1.0, "poHaupt": 0.0, "pQuerus": 0.0, "pFagus": 1.0, "pFraxinus": 0.0, "pCarpinus": 0.0, "pAcer": 0.0, "pTilia": 0.0, "pRobinia": 0.0, "pUlmus": 0.0, "pCastanea": 0.0, "pOtherLH": 0.0, "pBetula": 0.0, "pAlnus": 0.0, "pPopulus": 0.0, "pSalix": 0.0, "pSorbus": 0.0, "pPrunus": 0.0, "pMalus": 0.0, "pPyrus": 0.0, "pOtherLN": 0.0, "pPicea": 0.0, "pPinus": 0.0, "pAbies": 0.0, "pDouglas": 0.0, "pLarix": 0.0, "pOtherNb": 0.0, "pNoEurop": 0.0, "pNoEuropD": 0.0, "pEurop": 1.0, "pDecid": 1.0, "pConifer": 0.0, "pAll": 1.0, "Cell_id": "4358_3138", "EPSG": 31468, "Netz": 8, "Dichte": 8, "Bl": ";16;" }, "geometry": { "type": "Point", "coordinates": [ 607113.850902737583965, 5690552.298672201111913 ] } },
{ "type": "Feature", "properties": { "Tnr": 49470, "mitRand": 1, "AnzHBbeg": 1, "pHaupt": 1.0, "poHaupt": 0.0, "pQuerus": 0.0, "pFagus": 0.0, "pFraxinus": 0.0, "pCarpinus": 0.0, "pAcer": 0.0, "pTilia": 0.0, "pRobinia": 0.0, "pUlmus": 0.0, "pCastanea": 0.0, "pOtherLH": 0.0, "pBetula": 0.0, "pAlnus": 0.0, "pPopulus": 0.0, "pSalix": 0.0, "pSorbus": 0.0, "pPrunus": 0.0, "pMalus": 0.0, "pPyrus": 0.0, "pOtherLN": 0.0, "pPicea": 0.0, "pPinus": 1.0, "pAbies": 0.0, "pDouglas": 0.0, "pLarix": 0.0, "pOtherNb": 0.0, "pNoEurop": 0.0, "pNoEuropD": 0.0, "pEurop": 1.0, "pDecid": 0.0, "pConifer": 1.0, "pAll": 1.0, "Cell_id": "4362_3138", "EPSG": 31468, "Netz": 8, "Dichte": 8, "Bl": ";16;" }, "geometry": { "type": "Point", "coordinates": [ 611112.232331610983238, 5690606.232391696423292 ] } },
{ "type": "Feature", "properties": { "Tnr": 49472, "mitRand": 0, "AnzHBbeg": 3, "pHaupt": 1.0, "poHaupt": 0.0, "pQuerus": 0.0, "pFagus": 0.932, "pFraxinus": 0.0, "pCarpinus": 0.068, "pAcer": 0.0, "pTilia": 0.0, "pRobinia": 0.0, "pUlmus": 0.0, "pCastanea": 0.0, "pOtherLH": 0.0, "pBetula": 0.0, "pAlnus": 0.0, "pPopulus": 0.0, "pSalix": 0.0, "pSorbus": 0.0, "pPrunus": 0.0, "pMalus": 0.0, "pPyrus": 0.0, "pOtherLN": 0.0, "pPicea": 0.0, "pPinus": 0.0, "pAbies": 0.0, "pDouglas": 0.0, "pLarix": 0.0, "pOtherNb": 0.0, "pNoEurop": 0.0, "pNoEuropD": 0.0, "pEurop": 1.0, "pDecid": 1.0, "pConifer": 0.0, "pAll": 1.0, "Cell_id": "4366_3138", "EPSG": 31468, "Netz": 8, "Dichte": 8, "Bl": ";16;" }, "geometry": { "type": "Point", "coordinates": [ 615110.613747091847472, 5690661.165649421513081 ] } },
{ "type": "Feature", "properties": { "Tnr": 49482, "mitRand": 1, "AnzHBbeg": 1, "pHaupt": 1.0, "poHaupt": 0.0, "pQuerus": 0.829, "pFagus": 0.171, "pFraxinus": 0.0, "pCarpinus": 0.0, "pAcer": 0.0, "pTilia": 0.0, "pRobinia": 0.0, "pUlmus": 0.0, "pCastanea": 0.0, "pOtherLH": 0.0, "pBetula": 0.0, "pAlnus": 0.0, "pPopulus": 0.0, "pSalix": 0.0, "pSorbus": 0.0, "pPrunus": 0.0, "pMalus": 0.0, "pPyrus": 0.0, "pOtherLN": 0.0, "pPicea": 0.0, "pPinus": 0.0, "pAbies": 0.0, "pDouglas": 0.0, "pLarix": 0.0, "pOtherNb": 0.0, "pNoEurop": 0.0, "pNoEuropD": 0.0, "pEurop": 1.0, "pDecid": 1.0, "pConifer": 0.0, "pAll": 1.0, "Cell_id": "4386_3139", "EPSG": 31468, "Netz": 8, "Dichte": 8, "Bl": ";16;" }, "geometry": { "type": "Point", "coordinates": [ 635091.536069123656489, 5691932.427568769082427 ] } },
{ "type": "Feature", "properties": { "Tnr": 49498, "mitRand": 1, "AnzHBbeg": 4, "pHaupt": 1.0, "poHaupt": 0.0, "pQuerus": 0.505, "pFagus": 0.309, "pFraxinus": 0.0, "pCarpinus": 0.0, "pAcer": 0.0, "pTilia": 0.0, "pRobinia": 0.0, "pUlmus": 0.0, "pCastanea": 0.0, "pOtherLH": 0.0, "pBetula": 0.068, "pAlnus": 0.0, "pPopulus": 0.0, "pSalix": 0.0, "pSorbus": 0.0, "pPrunus": 0.0, "pMalus": 0.0, "pPyrus": 0.0, "pOtherLN": 0.0, "pPicea": 0.0, "pPinus": 0.0, "pAbies": 0.0, "pDouglas": 0.0, "pLarix": 0.118, "pOtherNb": 0.0, "pNoEurop": 0.0, "pNoEuropD": 0.0, "pEurop": 1.0, "pDecid": 0.882, "pConifer": 0.118, "pAll": 1.0, "Cell_id": "4418_3140", "EPSG": 31468, "Netz": 8, "Dichte": 4, "Bl": ";15;" }, "geometry": { "type": "Point", "coordinates": [ 667071.599659948493354, 5693366.486439250409603 ] } },
{ "type": "Feature", "properties": { "Tnr": 49627, "mitRand": 1, "AnzHBbeg": 4, "pHaupt": 1.0, "poHaupt": 0.0, "pQuerus": 0.348, "pFagus": 0.531, "pFraxinus": 0.0, "pCarpinus": 0.0, "pAcer": 0.12, "pTilia": 0.0, "pRobinia": 0.0, "pUlmus": 0.0, "pCastanea": 0.0, "pOtherLH": 0.0, "pBetula": 0.0, "pAlnus": 0.0, "pPopulus": 0.0, "pSalix": 0.0, "pSorbus": 0.0, "pPrunus": 0.0, "pMalus": 0.0, "pPyrus": 0.0, "pOtherLN": 0.0, "pPicea": 0.0, "pPinus": 0.0, "pAbies": 0.0, "pDouglas": 0.0, "pLarix": 0.0, "pOtherNb": 0.0, "pNoEurop": 0.0, "pNoEuropD": 0.0, "pEurop": 1.0, "pDecid": 1.0, "pConifer": 0.0, "pAll": 1.0, "Cell_id": "4323_3136", "EPSG": 31467, "Netz": 16, "Dichte": 8, "Bl": ";16;" }, "geometry": { "type": "Point", "coordinates": [ 572154.979458363261074, 5688076.68724431656301 ] } },
{ "type": "Feature", "properties": { "Tnr": 49629, "mitRand": 0, "AnzHBbeg": 3, "pHaupt": 1.0, "poHaupt": 0.0, "pQuerus": 0.0, "pFagus": 1.0, "pFraxinus": 0.0, "pCarpinus": 0.0, "pAcer": 0.0, "pTilia": 0.0, "pRobinia": 0.0, "pUlmus": 0.0, "pCastanea": 0.0, "pOtherLH": 0.0, "pBetula": 0.0, "pAlnus": 0.0, "pPopulus": 0.0, "pSalix": 0.0, "pSorbus": 0.0, "pPrunus": 0.0, "pMalus": 0.0, "pPyrus": 0.0, "pOtherLN": 0.0, "pPicea": 0.0, "pPinus": 0.0, "pAbies": 0.0, "pDouglas": 0.0, "pLarix": 0.0, "pOtherNb": 0.0, "pNoEurop": 0.0, "pNoEuropD": 0.0, "pEurop": 1.0, "pDecid": 1.0, "pConifer": 0.0, "pAll": 1.0, "Cell_id": "4327_3136", "EPSG": 31467, "Netz": 16, "Dichte": 8, "Bl": ";16;" }, "geometry": { "type": "Point", "coordinates": [ 576153.36106536956504, 5688130.621472482569516 ] } },
{ "type": "Feature", "properties": { "Tnr": 49631, "mitRand": 1, "AnzHBbeg": 4, "pHaupt": 1.0, "poHaupt": 0.0, "pQuerus": 0.0, "pFagus": 0.891, "pFraxinus": 0.068, "pCarpinus": 0.0, "pAcer": 0.0, "pTilia": 0.0, "pRobinia": 0.0, "pUlmus": 0.0, "pCastanea": 0.0, "pOtherLH": 0.0, "pBetula": 0.0, "pAlnus": 0.0, "pPopulus": 0.041, "pSalix": 0.0, "pSorbus": 0.0, "pPrunus": 0.0, "pMalus": 0.0, "pPyrus": 0.0, "pOtherLN": 0.0, "pPicea": 0.0, "pPinus": 0.0, "pAbies": 0.0, "pDouglas": 0.0, "pLarix": 0.0, "pOtherNb": 0.0, "pNoEurop": 0.0, "pNoEuropD": 0.0, "pEurop": 1.0, "pDecid": 1.0, "pConifer": 0.0, "pAll": 1.0, "Cell_id": "4331_3136", "EPSG": 31467, "Netz": 16, "Dichte": 8, "Bl": ";16;" }, "geometry": { "type": "Point", "coordinates": [ 580151.742660476127639, 5688185.555239233188331 ] } },
{ "type": "Feature", "properties": { "Tnr": 49633, "mitRand": 1, "AnzHBbeg": 1, "pHaupt": 1.0, "poHaupt": 0.0, "pQuerus": 0.265, "pFagus": 0.0, "pFraxinus": 0.0, "pCarpinus": 0.0, "pAcer": 0.508, "pTilia": 0.0, "pRobinia": 0.0, "pUlmus": 0.0, "pCastanea": 0.0, "pOtherLH": 0.0, "pBetula": 0.0, "pAlnus": 0.0, "pPopulus": 0.0, "pSalix": 0.0, "pSorbus": 0.0, "pPrunus": 0.227, "pMalus": 0.0, "pPyrus": 0.0, "pOtherLN": 0.0, "pPicea": 0.0, "pPinus": 0.0, "pAbies": 0.0, "pDouglas": 0.0, "pLarix": 0.0, "pOtherNb": 0.0, "pNoEurop": 0.0, "pNoEuropD": 0.0, "pEurop": 1.0, "pDecid": 1.0, "pConifer": 0.0, "pAll": 1.0, "Cell_id": "4335_3136", "EPSG": 31467, "Netz": 16, "Dichte": 8, "Bl": ";16;" }, "geometry": { "type": "Point", "coordinates": [ 584150.124232524773106, 5688240.488949307240546 ] } },
{ "type": "Feature", "properties": { "Tnr": 49637, "mitRand": 1, "AnzHBbeg": 4, "pHaupt": 1.0, "poHaupt": 0.0, "pQuerus": 0.0, "pFagus": 0.69, "pFraxinus": 0.127, "pCarpinus": 0.0, "pAcer": 0.0, "pTilia": 0.0, "pRobinia": 0.0, "pUlmus": 0.0, "pCastanea": 0.0, "pOtherLH": 0.0, "pBetula": 0.0, "pAlnus": 0.0, "pPopulus": 0.0, "pSalix": 0.0, "pSorbus": 0.0, "pPrunus": 0.0, "pMalus": 0.0, "pPyrus": 0.0, "pOtherLN": 0.0, "pPicea": 0.075, "pPinus": 0.0, "pAbies": 0.0, "pDouglas": 0.0, "pLarix": 0.108, "pOtherNb": 0.0, "pNoEurop": 0.0, "pNoEuropD": 0.0, "pEurop": 1.0, "pDecid": 0.817, "pConifer": 0.183, "pAll": 1.0, "Cell_id": "4343_3136", "EPSG": 31467, "Netz": 16, "Dichte": 8, "Bl": ";16;" }, "geometry": { "type": "Point", "coordinates": [ 592146.887284616008401, 5688348.357008906081319 ] } },
{ "type": "Feature", "properties": { "Tnr": 49639, "mitRand": 1, "AnzHBbeg": 4, "pHaupt": 1.0, "poHaupt": 0.0, "pQuerus": 0.0, "pFagus": 0.803, "pFraxinus": 0.197, "pCarpinus": 0.0, "pAcer": 0.0, "pTilia": 0.0, "pRobinia": 0.0, "pUlmus": 0.0, "pCastanea": 0.0, "pOtherLH": 0.0, "pBetula": 0.0, "pAlnus": 0.0, "pPopulus": 0.0, "pSalix": 0.0, "pSorbus": 0.0, "pPrunus": 0.0, "pMalus": 0.0, "pPyrus": 0.0, "pOtherLN": 0.0, "pPicea": 0.0, "pPinus": 0.0, "pAbies": 0.0, "pDouglas": 0.0, "pLarix": 0.0, "pOtherNb": 0.0, "pNoEurop": 0.0, "pNoEuropD": 0.0, "pEurop": 1.0, "pDecid": 1.0, "pConifer": 0.0, "pAll": 1.0, "Cell_id": "4347_3136", "EPSG": 31467, "Netz": 16, "Dichte": 8, "Bl": ";16;" }, "geometry": { "type": "Point", "coordinates": [ 596145.268786342814565, 5688403.2905488088727 ] } },
{ "type": "Feature", "properties": { "Tnr": 49641, "mitRand": 0, "AnzHBbeg": 4, "pHaupt": 1.0, "poHaupt": 0.0, "pQuerus": 0.0, "pFagus": 0.755, "pFraxinus": 0.245, "pCarpinus": 0.0, "pAcer": 0.0, "pTilia": 0.0, "pRobinia": 0.0, "pUlmus": 0.0, "pCastanea": 0.0, "pOtherLH": 0.0, "pBetula": 0.0, "pAlnus": 0.0, "pPopulus": 0.0, "pSalix": 0.0, "pSorbus": 0.0, "pPrunus": 0.0, "pMalus": 0.0, "pPyrus": 0.0, "pOtherLN": 0.0, "pPicea": 0.0, "pPinus": 0.0, "pAbies": 0.0, "pDouglas": 0.0, "pLarix": 0.0, "pOtherNb": 0.0, "pNoEurop": 0.0, "pNoEuropD": 0.0, "pEurop": 1.0, "pDecid": 1.0, "pConifer": 0.0, "pAll": 1.0, "Cell_id": "4351_3136", "EPSG": 31467, "Netz": 16, "Dichte": 8, "Bl": ";16;" }, "geometry": { "type": "Point", "coordinates": [ 600143.650253195432015, 5688457.224436736665666 ] } },
{ "type": "Feature", "properties": { "Tnr": 49643, "mitRand": 1, "AnzHBbeg": 2, "pHaupt": 1.0, "poHaupt": 0.0, "pQuerus": 0.0, "pFagus": 0.486, "pFraxinus": 0.142, "pCarpinus": 0.105, "pAcer": 0.235, "pTilia": 0.0, "pRobinia": 0.0, "pUlmus": 0.0, "pCastanea": 0.0, "pOtherLH": 0.0, "pBetula": 0.0, "pAlnus": 0.0, "pPopulus": 0.0, "pSalix": 0.0, "pSorbus": 0.0, "pPrunus": 0.0, "pMalus": 0.0, "pPyrus": 0.0, "pOtherLN": 0.0, "pPicea": 0.033, "pPinus": 0.0, "pAbies": 0.0, "pDouglas": 0.0, "pLarix": 0.0, "pOtherNb": 0.0, "pNoEurop": 0.0, "pNoEuropD": 0.0, "pEurop": 1.0, "pDecid": 0.967, "pConifer": 0.033, "pAll": 1.0, "Cell_id": "4355_3136", "EPSG": 31467, "Netz": 16, "Dichte": 8, "Bl": ";16;" }, "geometry": { "type": "Point", "coordinates": [ 604142.031707113492303, 5688512.157863068394363 ] } },
{ "type": "Feature", "properties": { "Tnr": 49650, "mitRand": 1, "AnzHBbeg": 4, "pHaupt": 1.0, "poHaupt": 0.0, "pQuerus": 0.0, "pFagus": 0.75, "pFraxinus": 0.0, "pCarpinus": 0.0, "pAcer": 0.0, "pTilia": 0.0, "pRobinia": 0.0, "pUlmus": 0.0, "pCastanea": 0.0, "pOtherLH": 0.0, "pBetula": 0.0, "pAlnus": 0.0, "pPopulus": 0.0, "pSalix": 0.0, "pSorbus": 0.0, "pPrunus": 0.0, "pMalus": 0.0, "pPyrus": 0.0, "pOtherLN": 0.0, "pPicea": 0.25, "pPinus": 0.0, "pAbies": 0.0, "pDouglas": 0.0, "pLarix": 0.0, "pOtherNb": 0.0, "pNoEurop": 0.0, "pNoEuropD": 0.0, "pEurop": 1.0, "pDecid": 0.75, "pConifer": 0.25, "pAll": 1.0, "Cell_id": "4368_3136", "EPSG": 31468, "Netz": 16, "Dichte": 8, "Bl": ";16;" }, "geometry": { "type": "Point", "coordinates": [ 617137.770840118755586, 5688688.9418033817783 ] } },
{ "type": "Feature", "properties": { "Tnr": 49654, "mitRand": 1, "AnzHBbeg": 4, "pHaupt": 1.0, "poHaupt": 0.0, "pQuerus": 0.248, "pFagus": 0.608, "pFraxinus": 0.0, "pCarpinus": 0.0, "pAcer": 0.0, "pTilia": 0.0, "pRobinia": 0.0, "pUlmus": 0.0, "pCastanea": 0.0, "pOtherLH": 0.0, "pBetula": 0.0, "pAlnus": 0.0, "pPopulus": 0.0, "pSalix": 0.0, "pSorbus": 0.0, "pPrunus": 0.0, "pMalus": 0.0, "pPyrus": 0.0, "pOtherLN": 0.0, "pPicea": 0.0, "pPinus": 0.0, "pAbies": 0.0, "pDouglas": 0.0, "pLarix": 0.144, "pOtherNb": 0.0, "pNoEurop": 0.073, "pNoEuropD": 0.073, "pEurop": 0.927, "pDecid": 0.856, "pConifer": 0.144, "pAll": 1.0, "Cell_id": "4376_3136", "EPSG": 31468, "Netz": 16, "Dichte": 8, "Bl": ";16;" }, "geometry": { "type": "Point", "coordinates": [ 625134.53350368491374, 5688797.80852058250457 ] } },
{ "type": "Feature", "properties": { "Tnr": 49656, "mitRand": 1, "AnzHBbeg": 4, "pHaupt": 1.0, "poHaupt": 0.0, "pQuerus": 0.0, "pFagus": 0.671, "pFraxinus": 0.0, "pCarpinus": 0.0, "pAcer": 0.0, "pTilia": 0.0, "pRobinia": 0.0, "pUlmus": 0.0, "pCastanea": 0.0, "pOtherLH": 0.0, "pBetula": 0.0, "pAlnus": 0.0, "pPopulus": 0.0, "pSalix": 0.0, "pSorbus": 0.0, "pPrunus": 0.0, "pMalus": 0.0, "pPyrus": 0.0, "pOtherLN": 0.0, "pPicea": 0.329, "pPinus": 0.0, "pAbies": 0.0, "pDouglas": 0.0, "pLarix": 0.0, "pOtherNb": 0.0, "pNoEurop": 0.0, "pNoEuropD": 0.0, "pEurop": 1.0, "pDecid": 0.671, "pConifer": 0.329, "pAll": 1.0, "Cell_id": "4380_3137", "EPSG": 31468, "Netz": 16, "Dichte": 8, "Bl": ";16;" }, "geometry": { "type": "Point", "coordinates": [ 629119.931229379377328, 5689851.337292443960905 ] } },
{ "type": "Feature", "properties": { "Tnr": 49658, "mitRand": 1, "AnzHBbeg": 3, "pHaupt": 1.0, "poHaupt": 0.0, "pQuerus": 0.0, "pFagus": 0.964, "pFraxinus": 0.0, "pCarpinus": 0.0, "pAcer": 0.0, "pTilia": 0.0, "pRobinia": 0.0, "pUlmus": 0.0, "pCastanea": 0.0, "pOtherLH": 0.0, "pBetula": 0.0, "pAlnus": 0.0, "pPopulus": 0.036, "pSalix": 0.0, "pSorbus": 0.0, "pPrunus": 0.0, "pMalus": 0.0, "pPyrus": 0.0, "pOtherLN": 0.0, "pPicea": 0.0, "pPinus": 0.0, "pAbies": 0.0, "pDouglas": 0.0, "pLarix": 0.0, "pOtherNb": 0.0, "pNoEurop": 0.0, "pNoEuropD": 0.0, "pEurop": 1.0, "pDecid": 1.0, "pConifer": 0.0, "pAll": 1.0, "Cell_id": "4384_3137", "EPSG": 31468, "Netz": 16, "Dichte": 8, "Bl": ";16;" }, "geometry": { "type": "Point", "coordinates": [ 633119.312113171792589, 5689906.270288684405386 ] } },
{ "type": "Feature", "properties": { "Tnr": 49662, "mitRand": 0, "AnzHBbeg": 1, "pHaupt": 1.0, "poHaupt": 0.0, "pQuerus": 0.0, "pFagus": 0.0, "pFraxinus": 0.0, "pCarpinus": 0.722, "pAcer": 0.0, "pTilia": 0.0, "pRobinia": 0.0, "pUlmus": 0.0, "pCastanea": 0.0, "pOtherLH": 0.0, "pBetula": 0.0, "pAlnus": 0.0, "pPopulus": 0.278, "pSalix": 0.0, "pSorbus": 0.0, "pPrunus": 0.0, "pMalus": 0.0, "pPyrus": 0.0, "pOtherLN": 0.0, "pPicea": 0.0, "pPinus": 0.0, "pAbies": 0.0, "pDouglas": 0.0, "pLarix": 0.0, "pOtherNb": 0.0, "pNoEurop": 0.0, "pNoEuropD": 0.0, "pEurop": 1.0, "pDecid": 1.0, "pConifer": 0.0, "pAll": 1.0, "Cell_id": "4392_3137", "EPSG": 31468, "Netz": 16, "Dichte": 8, "Bl": ";16;" }, "geometry": { "type": "Point", "coordinates": [ 641117.07418637315277, 5690014.136930854059756 ] } },
{ "type": "Feature", "properties": { "Tnr": 49675, "mitRand": 0, "AnzHBbeg": 2, "pHaupt": 1.0, "poHaupt": 0.0, "pQuerus": 0.813, "pFagus": 0.0, "pFraxinus": 0.187, "pCarpinus": 0.0, "pAcer": 0.0, "pTilia": 0.0, "pRobinia": 0.0, "pUlmus": 0.0, "pCastanea": 0.0, "pOtherLH": 0.0, "pBetula": 0.0, "pAlnus": 0.0, "pPopulus": 0.0, "pSalix": 0.0, "pSorbus": 0.0, "pPrunus": 0.0, "pMalus": 0.0, "pPyrus": 0.0, "pOtherLN": 0.0, "pPicea": 0.0, "pPinus": 0.0, "pAbies": 0.0, "pDouglas": 0.0, "pLarix": 0.0, "pOtherNb": 0.0, "pNoEurop": 0.0, "pNoEuropD": 0.0, "pEurop": 1.0, "pDecid": 1.0, "pConifer": 0.0, "pAll": 1.0, "Cell_id": "4418_3138", "EPSG": 31468, "Netz": 4, "Dichte": 4, "Bl": ";15;" }, "geometry": { "type": "Point", "coordinates": [ 667098.566089180181734, 5691366.29634696058929 ] } },
{ "type": "Feature", "properties": { "Tnr": 49801, "mitRand": 0, "AnzHBbeg": 2, "pHaupt": 1.0, "poHaupt": 0.0, "pQuerus": 0.897, "pFagus": 0.103, "pFraxinus": 0.0, "pCarpinus": 0.0, "pAcer": 0.0, "pTilia": 0.0, "pRobinia": 0.0, "pUlmus": 0.0, "pCastanea": 0.0, "pOtherLH": 0.0, "pBetula": 0.0, "pAlnus": 0.0, "pPopulus": 0.0, "pSalix": 0.0, "pSorbus": 0.0, "pPrunus": 0.0, "pMalus": 0.0, "pPyrus": 0.0, "pOtherLN": 0.0, "pPicea": 0.0, "pPinus": 0.0, "pAbies": 0.0, "pDouglas": 0.0, "pLarix": 0.0, "pOtherNb": 0.0, "pNoEurop": 0.0, "pNoEuropD": 0.0, "pEurop": 1.0, "pDecid": 1.0, "pConifer": 0.0, "pAll": 1.0, "Cell_id": "4317_3134", "EPSG": 31467, "Netz": 8, "Dichte": 8, "Bl": ";16;" }, "geometry": { "type": "Point", "coordinates": [ 566185.373762851348147, 5685995.595408882945776 ] } },
{ "type": "Feature", "properties": { "Tnr": 49805, "mitRand": 1, "AnzHBbeg": 1, "pHaupt": 1.0, "poHaupt": 0.0, "pQuerus": 0.0, "pFagus": 0.806, "pFraxinus": 0.12, "pCarpinus": 0.0, "pAcer": 0.0, "pTilia": 0.0, "pRobinia": 0.0, "pUlmus": 0.0, "pCastanea": 0.0, "pOtherLH": 0.0, "pBetula": 0.0, "pAlnus": 0.0, "pPopulus": 0.0, "pSalix": 0.0, "pSorbus": 0.0, "pPrunus": 0.0, "pMalus": 0.0, "pPyrus": 0.0, "pOtherLN": 0.0, "pPicea": 0.073, "pPinus": 0.0, "pAbies": 0.0, "pDouglas": 0.0, "pLarix": 0.0, "pOtherNb": 0.0, "pNoEurop": 0.0, "pNoEuropD": 0.0, "pEurop": 1.0, "pDecid": 0.927, "pConifer": 0.073, "pAll": 1.0, "Cell_id": "4325_3134", "EPSG": 31467, "Netz": 8, "Dichte": 8, "Bl": ";16;" }, "geometry": { "type": "Point", "coordinates": [ 574181.137381266569719, 5686104.46360722091049 ] } },
{ "type": "Feature", "properties": { "Tnr": 49807, "mitRand": 1, "AnzHBbeg": 2, "pHaupt": 1.0, "poHaupt": 0.0, "pQuerus": 0.0, "pFagus": 0.712, "pFraxinus": 0.0, "pCarpinus": 0.0, "pAcer": 0.0, "pTilia": 0.0, "pRobinia": 0.0, "pUlmus": 0.0, "pCastanea": 0.0, "pOtherLH": 0.0, "pBetula": 0.0, "pAlnus": 0.0, "pPopulus": 0.0, "pSalix": 0.0, "pSorbus": 0.0, "pPrunus": 0.0, "pMalus": 0.0, "pPyrus": 0.0, "pOtherLN": 0.0, "pPicea": 0.037, "pPinus": 0.0, "pAbies": 0.0, "pDouglas": 0.0, "pLarix": 0.251, "pOtherNb": 0.0, "pNoEurop": 0.0, "pNoEuropD": 0.0, "pEurop": 1.0, "pDecid": 0.712, "pConifer": 0.288, "pAll": 1.0, "Cell_id": "4329_3134", "EPSG": 31467, "Netz": 8, "Dichte": 8, "Bl": ";16;" }, "geometry": { "type": "Point", "coordinates": [ 578179.518959483830258, 5686159.397413725964725 ] } },
{ "type": "Feature", "properties": { "Tnr": 49811, "mitRand": 0, "AnzHBbeg": 3, "pHaupt": 1.0, "poHaupt": 0.0, "pQuerus": 0.37, "pFagus": 0.0, "pFraxinus": 0.2, "pCarpinus": 0.0, "pAcer": 0.163, "pTilia": 0.089, "pRobinia": 0.0, "pUlmus": 0.0, "pCastanea": 0.0, "pOtherLH": 0.0, "pBetula": 0.0, "pAlnus": 0.0, "pPopulus": 0.154, "pSalix": 0.023, "pSorbus": 0.0, "pPrunus": 0.0, "pMalus": 0.0, "pPyrus": 0.0, "pOtherLN": 0.0, "pPicea": 0.0, "pPinus": 0.0, "pAbies": 0.0, "pDouglas": 0.0, "pLarix": 0.0, "pOtherNb": 0.0, "pNoEurop": 0.0, "pNoEuropD": 0.0, "pEurop": 1.0, "pDecid": 1.0, "pConifer": 0.0, "pAll": 1.0, "Cell_id": "4337_3134", "EPSG": 31467, "Netz": 8, "Dichte": 8, "Bl": ";16;" }, "geometry": { "type": "Point", "coordinates": [ 586176.282035781536251, 5686268.265261786058545 ] } },
{ "type": "Feature", "properties": { "Tnr": 49828, "mitRand": 1, "AnzHBbeg": 1, "pHaupt": 1.0, "poHaupt": 0.0, "pQuerus": 0.0, "pFagus": 0.404, "pFraxinus": 0.0, "pCarpinus": 0.0, "pAcer": 0.0, "pTilia": 0.0, "pRobinia": 0.0, "pUlmus": 0.0, "pCastanea": 0.0, "pOtherLH": 0.0, "pBetula": 0.0, "pAlnus": 0.0, "pPopulus": 0.0, "pSalix": 0.0, "pSorbus": 0.0, "pPrunus": 0.0, "pMalus": 0.0, "pPyrus": 0.0, "pOtherLN": 0.0, "pPicea": 0.0, "pPinus": 0.396, "pAbies": 0.0, "pDouglas": 0.0, "pLarix": 0.2, "pOtherNb": 0.0, "pNoEurop": 0.0, "pNoEuropD": 0.0, "pEurop": 1.0, "pDecid": 0.404, "pConifer": 0.596, "pAll": 1.0, "Cell_id": "4370_3134", "EPSG": 31468, "Netz": 8, "Dichte": 8, "Bl": ";16;" }, "geometry": { "type": "Point", "coordinates": [ 619163.928309434326366, 5686716.717980947345495 ] } },
{ "type": "Feature", "properties": { "Tnr": 49832, "mitRand": 0, "AnzHBbeg": 1, "pHaupt": 1.0, "poHaupt": 0.0, "pQuerus": 0.653, "pFagus": 0.347, "pFraxinus": 0.0, "pCarpinus": 0.0, "pAcer": 0.0, "pTilia": 0.0, "pRobinia": 0.0, "pUlmus": 0.0, "pCastanea": 0.0, "pOtherLH": 0.0, "pBetula": 0.0, "pAlnus": 0.0, "pPopulus": 0.0, "pSalix": 0.0, "pSorbus": 0.0, "pPrunus": 0.0, "pMalus": 0.0, "pPyrus": 0.0, "pOtherLN": 0.0, "pPicea": 0.0, "pPinus": 0.0, "pAbies": 0.0, "pDouglas": 0.0, "pLarix": 0.0, "pOtherNb": 0.0, "pNoEurop": 0.199, "pNoEuropD": 0.199, "pEurop": 0.801, "pDecid": 1.0, "pConifer": 0.0, "pAll": 1.0, "Cell_id": "4378_3135", "EPSG": 31468, "Netz": 8, "Dichte": 8, "Bl": ";16;" }, "geometry": { "type": "Point", "coordinates": [ 627147.707317834720016, 5687825.179958517663181 ] } },
{ "type": "Feature", "properties": { "Tnr": 49834, "mitRand": 1, "AnzHBbeg": 4, "pHaupt": 1.0, "poHaupt": 0.0, "pQuerus": 0.31, "pFagus": 0.316, "pFraxinus": 0.124, "pCarpinus": 0.0, "pAcer": 0.0, "pTilia": 0.0, "pRobinia": 0.0, "pUlmus": 0.0, "pCastanea": 0.0, "pOtherLH": 0.0, "pBetula": 0.25, "pAlnus": 0.0, "pPopulus": 0.0, "pSalix": 0.0, "pSorbus": 0.0, "pPrunus": 0.0, "pMalus": 0.0, "pPyrus": 0.0, "pOtherLN": 0.0, "pPicea": 0.0, "pPinus": 0.0, "pAbies": 0.0, "pDouglas": 0.0, "pLarix": 0.0, "pOtherNb": 0.0, "pNoEurop": 0.0, "pNoEuropD": 0.0, "pEurop": 1.0, "pDecid": 1.0, "pConifer": 0.0, "pAll": 1.0, "Cell_id": "4382_3135", "EPSG": 31468, "Netz": 8, "Dichte": 8, "Bl": ";16;" }, "geometry": { "type": "Point", "coordinates": [ 631147.088174601085484, 5687879.113400797359645 ] } },
{ "type": "Feature", "properties": { "Tnr": 49836, "mitRand": 1, "AnzHBbeg": 3, "pHaupt": 1.0, "poHaupt": 0.0, "pQuerus": 0.069, "pFagus": 0.873, "pFraxinus": 0.0, "pCarpinus": 0.057, "pAcer": 0.0, "pTilia": 0.0, "pRobinia": 0.0, "pUlmus": 0.0, "pCastanea": 0.0, "pOtherLH": 0.0, "pBetula": 0.0, "pAlnus": 0.0, "pPopulus": 0.0, "pSalix": 0.0, "pSorbus": 0.0, "pPrunus": 0.0, "pMalus": 0.0, "pPyrus": 0.0, "pOtherLN": 0.0, "pPicea": 0.0, "pPinus": 0.0, "pAbies": 0.0, "pDouglas": 0.0, "pLarix": 0.0, "pOtherNb": 0.0, "pNoEurop": 0.0, "pNoEuropD": 0.0, "pEurop": 1.0, "pDecid": 1.0, "pConifer": 0.0, "pAll": 1.0, "Cell_id": "4386_3135", "EPSG": 31468, "Netz": 8, "Dichte": 8, "Bl": ";16;" }, "geometry": { "type": "Point", "coordinates": [ 635145.469410729478113, 5687933.04679730720818 ] } },
{ "type": "Feature", "properties": { "Tnr": 49838, "mitRand": 0, "AnzHBbeg": 4, "pHaupt": 1.0, "poHaupt": 0.0, "pQuerus": 0.35, "pFagus": 0.599, "pFraxinus": 0.0, "pCarpinus": 0.0, "pAcer": 0.051, "pTilia": 0.0, "pRobinia": 0.0, "pUlmus": 0.0, "pCastanea": 0.0, "pOtherLH": 0.0, "pBetula": 0.0, "pAlnus": 0.0, "pPopulus": 0.0, "pSalix": 0.0, "pSorbus": 0.0, "pPrunus": 0.0, "pMalus": 0.0, "pPyrus": 0.0, "pOtherLN": 0.0, "pPicea": 0.0, "pPinus": 0.0, "pAbies": 0.0, "pDouglas": 0.0, "pLarix": 0.0, "pOtherNb": 0.0, "pNoEurop": 0.0, "pNoEuropD": 0.0, "pEurop": 1.0, "pDecid": 1.0, "pConifer": 0.0, "pAll": 1.0, "Cell_id": "4390_3135", "EPSG": 31468, "Netz": 8, "Dichte": 8, "Bl": ";16;" }, "geometry": { "type": "Point", "coordinates": [ 639144.850227556074969, 5687987.979720782488585 ] } },
{ "type": "Feature", "properties": { "Tnr": 49842, "mitRand": 1, "AnzHBbeg": 3, "pHaupt": 1.0, "poHaupt": 0.0, "pQuerus": 0.889, "pFagus": 0.111, "pFraxinus": 0.0, "pCarpinus": 0.0, "pAcer": 0.0, "pTilia": 0.0, "pRobinia": 0.0, "pUlmus": 0.0, "pCastanea": 0.0, "pOtherLH": 0.0, "pBetula": 0.0, "pAlnus": 0.0, "pPopulus": 0.0, "pSalix": 0.0, "pSorbus": 0.0, "pPrunus": 0.0, "pMalus": 0.0, "pPyrus": 0.0, "pOtherLN": 0.0, "pPicea": 0.0, "pPinus": 0.0, "pAbies": 0.0, "pDouglas": 0.0, "pLarix": 0.0, "pOtherNb": 0.0, "pNoEurop": 0.0, "pNoEuropD": 0.0, "pEurop": 1.0, "pDecid": 1.0, "pConifer": 0.0, "pAll": 1.0, "Cell_id": "4398_3135", "EPSG": 31468, "Netz": 8, "Dichte": 8, "Bl": ";16;" }, "geometry": { "type": "Point", "coordinates": [ 647142.612165930564515, 5688095.846217634156346 ] } },
{ "type": "Feature", "properties": { "Tnr": 49853, "mitRand": 0, "AnzHBbeg": 3, "pHaupt": 1.0, "poHaupt": 0.0, "pQuerus": 0.912, "pFagus": 0.046, "pFraxinus": 0.0, "pCarpinus": 0.0, "pAcer": 0.042, "pTilia": 0.0, "pRobinia": 0.0, "pUlmus": 0.0, "pCastanea": 0.0, "pOtherLH": 0.0, "pBetula": 0.0, "pAlnus": 0.0, "pPopulus": 0.0, "pSalix": 0.0, "pSorbus": 0.0, "pPrunus": 0.0, "pMalus": 0.0, "pPyrus": 0.0, "pOtherLN": 0.0, "pPicea": 0.0, "pPinus": 0.0, "pAbies": 0.0, "pDouglas": 0.0, "pLarix": 0.0, "pOtherNb": 0.0, "pNoEurop": 0.0, "pNoEuropD": 0.0, "pEurop": 1.0, "pDecid": 1.0, "pConifer": 0.0, "pAll": 1.0, "Cell_id": "4420_3136", "EPSG": 31468, "Netz": 4, "Dichte": 4, "Bl": ";15;" }, "geometry": { "type": "Point", "coordinates": [ 669125.722641411121003, 5689394.072298067621887 ] } },
{ "type": "Feature", "properties": { "Tnr": 49982, "mitRand": 0, "AnzHBbeg": 1, "pHaupt": 1.0, "poHaupt": 0.0, "pQuerus": 0.0, "pFagus": 0.932, "pFraxinus": 0.0, "pCarpinus": 0.0, "pAcer": 0.0, "pTilia": 0.0, "pRobinia": 0.0, "pUlmus": 0.0, "pCastanea": 0.0, "pOtherLH": 0.0, "pBetula": 0.0, "pAlnus": 0.0, "pPopulus": 0.0, "pSalix": 0.0, "pSorbus": 0.0, "pPrunus": 0.0, "pMalus": 0.0, "pPyrus": 0.0, "pOtherLN": 0.0, "pPicea": 0.0, "pPinus": 0.068, "pAbies": 0.0, "pDouglas": 0.0, "pLarix": 0.0, "pOtherNb": 0.0, "pNoEurop": 0.0, "pNoEuropD": 0.0, "pEurop": 1.0, "pDecid": 0.932, "pConifer": 0.068, "pAll": 1.0, "Cell_id": "4323_3132", "EPSG": 31467, "Netz": 64, "Dichte": 8, "Bl": ";16;" }, "geometry": { "type": "Point", "coordinates": [ 572209.913320718798786, 5684078.305719692260027 ] } },
{ "type": "Feature", "properties": { "Tnr": 49984, "mitRand": 0, "AnzHBbeg": 1, "pHaupt": 1.0, "poHaupt": 0.0, "pQuerus": 0.0, "pFagus": 0.877, "pFraxinus": 0.0, "pCarpinus": 0.0, "pAcer": 0.0, "pTilia": 0.0, "pRobinia": 0.0, "pUlmus": 0.0, "pCastanea": 0.0, "pOtherLH": 0.0, "pBetula": 0.0, "pAlnus": 0.0, "pPopulus": 0.0, "pSalix": 0.0, "pSorbus": 0.0, "pPrunus": 0.0, "pMalus": 0.0, "pPyrus": 0.0, "pOtherLN": 0.0, "pPicea": 0.123, "pPinus": 0.0, "pAbies": 0.0, "pDouglas": 0.0, "pLarix": 0.0, "pOtherNb": 0.0, "pNoEurop": 0.0, "pNoEuropD": 0.0, "pEurop": 1.0, "pDecid": 0.877, "pConifer": 0.123, "pAll": 1.0, "Cell_id": "4327_3132", "EPSG": 31467, "Netz": 16, "Dichte": 8, "Bl": ";16;" }, "geometry": { "type": "Point", "coordinates": [ 576207.295275836484507, 5684132.239981610327959 ] } },
{ "type": "Feature", "properties": { "Tnr": 49986, "mitRand": 1, "AnzHBbeg": 2, "pHaupt": 1.0, "poHaupt": 0.0, "pQuerus": 0.048, "pFagus": 0.722, "pFraxinus": 0.189, "pCarpinus": 0.0, "pAcer": 0.0, "pTilia": 0.0, "pRobinia": 0.0, "pUlmus": 0.0, "pCastanea": 0.0, "pOtherLH": 0.0, "pBetula": 0.0, "pAlnus": 0.0, "pPopulus": 0.0, "pSalix": 0.0, "pSorbus": 0.0, "pPrunus": 0.0, "pMalus": 0.0, "pPyrus": 0.0, "pOtherLN": 0.0, "pPicea": 0.0, "pPinus": 0.042, "pAbies": 0.0, "pDouglas": 0.0, "pLarix": 0.0, "pOtherNb": 0.0, "pNoEurop": 0.0, "pNoEuropD": 0.0, "pEurop": 1.0, "pDecid": 0.958, "pConifer": 0.042, "pAll": 1.0, "Cell_id": "4331_3132", "EPSG": 31467, "Netz": 64, "Dichte": 8, "Bl": ";16;" }, "geometry": { "type": "Point", "coordinates": [ 580205.67681426613126, 5684187.173771316185594 ] } },
{ "type": "Feature", "properties": { "Tnr": 49988, "mitRand": 1, "AnzHBbeg": 1, "pHaupt": 1.0, "poHaupt": 0.0, "pQuerus": 0.0, "pFagus": 1.0, "pFraxinus": 0.0, "pCarpinus": 0.0, "pAcer": 0.0, "pTilia": 0.0, "pRobinia": 0.0, "pUlmus": 0.0, "pCastanea": 0.0, "pOtherLH": 0.0, "pBetula": 0.0, "pAlnus": 0.0, "pPopulus": 0.0, "pSalix": 0.0, "pSorbus": 0.0, "pPrunus": 0.0, "pMalus": 0.0, "pPyrus": 0.0, "pOtherLN": 0.0, "pPicea": 0.0, "pPinus": 0.0, "pAbies": 0.0, "pDouglas": 0.0, "pLarix": 0.0, "pOtherNb": 0.0, "pNoEurop": 0.0, "pNoEuropD": 0.0, "pEurop": 1.0, "pDecid": 1.0, "pConifer": 0.0, "pAll": 1.0, "Cell_id": "4335_3132", "EPSG": 31467, "Netz": 16, "Dichte": 8, "Bl": ";16;" }, "geometry": { "type": "Point", "coordinates": [ 584204.058318604947999, 5684241.107909325510263 ] } },
{ "type": "Feature", "properties": { "Tnr": 49994, "mitRand": 1, "AnzHBbeg": 2, "pHaupt": 1.0, "poHaupt": 0.0, "pQuerus": 0.0, "pFagus": 1.0, "pFraxinus": 0.0, "pCarpinus": 0.0, "pAcer": 0.0, "pTilia": 0.0, "pRobinia": 0.0, "pUlmus": 0.0, "pCastanea": 0.0, "pOtherLH": 0.0, "pBetula": 0.0, "pAlnus": 0.0, "pPopulus": 0.0, "pSalix": 0.0, "pSorbus": 0.0, "pPrunus": 0.0, "pMalus": 0.0, "pPyrus": 0.0, "pOtherLN": 0.0, "pPicea": 0.0, "pPinus": 0.0, "pAbies": 0.0, "pDouglas": 0.0, "pLarix": 0.0, "pOtherNb": 0.0, "pNoEurop": 0.0, "pNoEuropD": 0.0, "pEurop": 1.0, "pDecid": 1.0, "pConifer": 0.0, "pAll": 1.0, "Cell_id": "4347_3132", "EPSG": 31467, "Netz": 64, "Dichte": 8, "Bl": ";16;" }, "geometry": { "type": "Point", "coordinates": [ 596199.202713191392832, 5684404.909174595959485 ] } },
{ "type": "Feature", "properties": { "Tnr": 49998, "mitRand": 0, "AnzHBbeg": 4, "pHaupt": 1.0, "poHaupt": 0.0, "pQuerus": 0.04, "pFagus": 0.0, "pFraxinus": 0.79, "pCarpinus": 0.0, "pAcer": 0.171, "pTilia": 0.0, "pRobinia": 0.0, "pUlmus": 0.0, "pCastanea": 0.0, "pOtherLH": 0.0, "pBetula": 0.0, "pAlnus": 0.0, "pPopulus": 0.0, "pSalix": 0.0, "pSorbus": 0.0, "pPrunus": 0.0, "pMalus": 0.0, "pPyrus": 0.0, "pOtherLN": 0.0, "pPicea": 0.0, "pPinus": 0.0, "pAbies": 0.0, "pDouglas": 0.0, "pLarix": 0.0, "pOtherNb": 0.0, "pNoEurop": 0.0, "pNoEuropD": 0.0, "pEurop": 1.0, "pDecid": 1.0, "pConifer": 0.0, "pAll": 1.0, "Cell_id": "4355_3132", "EPSG": 31467, "Netz": 64, "Dichte": 8, "Bl": ";16;" }, "geometry": { "type": "Point", "coordinates": [ 604195.965520343743265, 5684513.776536826044321 ] } },
{ "type": "Feature", "properties": { "Tnr": 49999, "mitRand": 1, "AnzHBbeg": 4, "pHaupt": 1.0, "poHaupt": 0.0, "pQuerus": 0.0, "pFagus": 0.781, "pFraxinus": 0.219, "pCarpinus": 0.0, "pAcer": 0.0, "pTilia": 0.0, "pRobinia": 0.0, "pUlmus": 0.0, "pCastanea": 0.0, "pOtherLH": 0.0, "pBetula": 0.0, "pAlnus": 0.0, "pPopulus": 0.0, "pSalix": 0.0, "pSorbus": 0.0, "pPrunus": 0.0, "pMalus": 0.0, "pPyrus": 0.0, "pOtherLN": 0.0, "pPicea": 0.0, "pPinus": 0.0, "pAbies": 0.0, "pDouglas": 0.0, "pLarix": 0.0, "pOtherNb": 0.0, "pNoEurop": 0.0, "pNoEuropD": 0.0, "pEurop": 1.0, "pDecid": 1.0, "pConifer": 0.0, "pAll": 1.0, "Cell_id": "4356_3132", "EPSG": 31468, "Netz": 64, "Dichte": 8, "Bl": ";16;" }, "geometry": { "type": "Point", "coordinates": [ 605195.56085753091611, 5684526.760194198228419 ] } },
{ "type": "Feature", "properties": { "Tnr": 50001, "mitRand": 0, "AnzHBbeg": 2, "pHaupt": 1.0, "poHaupt": 0.0, "pQuerus": 0.281, "pFagus": 0.145, "pFraxinus": 0.258, "pCarpinus": 0.074, "pAcer": 0.242, "pTilia": 0.0, "pRobinia": 0.0, "pUlmus": 0.0, "pCastanea": 0.0, "pOtherLH": 0.0, "pBetula": 0.0, "pAlnus": 0.0, "pPopulus": 0.0, "pSalix": 0.0, "pSorbus": 0.0, "pPrunus": 0.0, "pMalus": 0.0, "pPyrus": 0.0, "pOtherLN": 0.0, "pPicea": 0.0, "pPinus": 0.0, "pAbies": 0.0, "pDouglas": 0.0, "pLarix": 0.0, "pOtherNb": 0.0, "pNoEurop": 0.0, "pNoEuropD": 0.0, "pEurop": 1.0, "pDecid": 1.0, "pConifer": 0.0, "pAll": 1.0, "Cell_id": "4360_3132", "EPSG": 31468, "Netz": 16, "Dichte": 8, "Bl": ";16;" }, "geometry": { "type": "Point", "coordinates": [ 609194.941819519386627, 5684581.693562703207135 ] } },
{ "type": "Feature", "properties": { "Tnr": 50015, "mitRand": 1, "AnzHBbeg": 4, "pHaupt": 0.75, "poHaupt": 0.25, "pQuerus": 0.25, "pFagus": 0.01, "pFraxinus": 0.0, "pCarpinus": 0.0, "pAcer": 0.0, "pTilia": 0.0, "pRobinia": 0.0, "pUlmus": 0.0, "pCastanea": 0.0, "pOtherLH": 0.0, "pBetula": 0.0, "pAlnus": 0.0, "pPopulus": 0.167, "pSalix": 0.019, "pSorbus": 0.0, "pPrunus": 0.054, "pMalus": 0.0, "pPyrus": 0.0, "pOtherLN": 0.0, "pPicea": 0.25, "pPinus": 0.0, "pAbies": 0.0, "pDouglas": 0.0, "pLarix": 0.0, "pOtherNb": 0.0, "pNoEurop": 0.0, "pNoEuropD": 0.0, "pEurop": 0.75, "pDecid": 0.5, "pConifer": 0.25, "pAll": 0.75, "Cell_id": "4388_3133", "EPSG": 31468, "Netz": 64, "Dichte": 8, "Bl": ";16;" }, "geometry": { "type": "Point", "coordinates": [ 637172.626286073820665, 5685960.822902776300907 ] } },
{ "type": "Feature", "properties": { "Tnr": 50017, "mitRand": 0, "AnzHBbeg": 4, "pHaupt": 1.0, "poHaupt": 0.0, "pQuerus": 0.0, "pFagus": 0.749, "pFraxinus": 0.11, "pCarpinus": 0.0, "pAcer": 0.0, "pTilia": 0.0, "pRobinia": 0.0, "pUlmus": 0.0, "pCastanea": 0.0, "pOtherLH": 0.0, "pBetula": 0.0, "pAlnus": 0.0, "pPopulus": 0.0, "pSalix": 0.0, "pSorbus": 0.0, "pPrunus": 0.0, "pMalus": 0.0, "pPyrus": 0.0, "pOtherLN": 0.0, "pPicea": 0.0, "pPinus": 0.0, "pAbies": 0.0, "pDouglas": 0.0, "pLarix": 0.141, "pOtherNb": 0.0, "pNoEurop": 0.0, "pNoEuropD": 0.0, "pEurop": 1.0, "pDecid": 0.859, "pConifer": 0.141, "pAll": 1.0, "Cell_id": "4392_3133", "EPSG": 31468, "Netz": 16, "Dichte": 8, "Bl": ";16;" }, "geometry": { "type": "Point", "coordinates": [ 641171.007466328679584, 5686015.755821845494211 ] } },
{ "type": "Feature", "properties": { "Tnr": 50021, "mitRand": 1, "AnzHBbeg": 3, "pHaupt": 1.0, "poHaupt": 0.0, "pQuerus": 0.0, "pFagus": 0.333, "pFraxinus": 0.0, "pCarpinus": 0.0, "pAcer": 0.0, "pTilia": 0.0, "pRobinia": 0.0, "pUlmus": 0.0, "pCastanea": 0.0, "pOtherLH": 0.0, "pBetula": 0.333, "pAlnus": 0.0, "pPopulus": 0.0, "pSalix": 0.0, "pSorbus": 0.0, "pPrunus": 0.0, "pMalus": 0.0, "pPyrus": 0.0, "pOtherLN": 0.0, "pPicea": 0.0, "pPinus": 0.333, "pAbies": 0.0, "pDouglas": 0.0, "pLarix": 0.0, "pOtherNb": 0.0, "pNoEurop": 0.0, "pNoEuropD": 0.0, "pEurop": 1.0, "pDecid": 0.667, "pConifer": 0.333, "pAll": 1.0, "Cell_id": "4400_3133", "EPSG": 31468, "Netz": 16, "Dichte": 8, "Bl": ";16;" }, "geometry": { "type": "Point", "coordinates": [ 649169.768916658125818, 5686123.622276525944471 ] } },
{ "type": "Feature", "properties": { "Tnr": 50025, "mitRand": 1, "AnzHBbeg": 1, "pHaupt": 1.0, "poHaupt": 0.0, "pQuerus": 0.0, "pFagus": 0.0, "pFraxinus": 0.0, "pCarpinus": 0.0, "pAcer": 1.0, "pTilia": 0.0, "pRobinia": 0.0, "pUlmus": 0.0, "pCastanea": 0.0, "pOtherLH": 0.0, "pBetula": 0.0, "pAlnus": 0.0, "pPopulus": 0.0, "pSalix": 0.0, "pSorbus": 0.0, "pPrunus": 0.0, "pMalus": 0.0, "pPyrus": 0.0, "pOtherLN": 0.0, "pPicea": 0.0, "pPinus": 0.0, "pAbies": 0.0, "pDouglas": 0.0, "pLarix": 0.0, "pOtherNb": 0.0, "pNoEurop": 0.0, "pNoEuropD": 0.0, "pEurop": 1.0, "pDecid": 1.0, "pConifer": 0.0, "pAll": 1.0, "Cell_id": "4408_3133", "EPSG": 31468, "Netz": 16, "Dichte": 8, "Bl": ";16;" }, "geometry": { "type": "Point", "coordinates": [ 657168.530272911768407, 5686232.488098377361894 ] } },
{ "type": "Feature", "properties": { "Tnr": 50032, "mitRand": 1, "AnzHBbeg": 3, "pHaupt": 1.0, "poHaupt": 0.0, "pQuerus": 0.787, "pFagus": 0.0, "pFraxinus": 0.0, "pCarpinus": 0.213, "pAcer": 0.0, "pTilia": 0.0, "pRobinia": 0.0, "pUlmus": 0.0, "pCastanea": 0.0, "pOtherLH": 0.0, "pBetula": 0.0, "pAlnus": 0.0, "pPopulus": 0.0, "pSalix": 0.0, "pSorbus": 0.0, "pPrunus": 0.0, "pMalus": 0.0, "pPyrus": 0.0, "pOtherLN": 0.0, "pPicea": 0.0, "pPinus": 0.0, "pAbies": 0.0, "pDouglas": 0.0, "pLarix": 0.0, "pOtherNb": 0.0, "pNoEurop": 0.0, "pNoEuropD": 0.0, "pEurop": 1.0, "pDecid": 1.0, "pConifer": 0.0, "pAll": 1.0, "Cell_id": "4422_3134", "EPSG": 31468, "Netz": 4, "Dichte": 4, "Bl": ";15;" }, "geometry": { "type": "Point", "coordinates": [ 671152.879164944286458, 5687421.848262847401202 ] } },
{ "type": "Feature", "properties": { "Tnr": 50158, "mitRand": 1, "AnzHBbeg": 2, "pHaupt": 1.0, "poHaupt": 0.0, "pQuerus": 0.447, "pFagus": 0.305, "pFraxinus": 0.0, "pCarpinus": 0.0, "pAcer": 0.184, "pTilia": 0.0, "pRobinia": 0.0, "pUlmus": 0.0, "pCastanea": 0.0, "pOtherLH": 0.0, "pBetula": 0.0, "pAlnus": 0.0, "pPopulus": 0.0, "pSalix": 0.0, "pSorbus": 0.0, "pPrunus": 0.0, "pMalus": 0.0, "pPyrus": 0.0, "pOtherLN": 0.0, "pPicea": 0.063, "pPinus": 0.0, "pAbies": 0.0, "pDouglas": 0.0, "pLarix": 0.0, "pOtherNb": 0.0, "pNoEurop": 0.0, "pNoEuropD": 0.0, "pEurop": 1.0, "pDecid": 0.937, "pConifer": 0.063, "pAll": 1.0, "Cell_id": "4321_3130", "EPSG": 31467, "Netz": 8, "Dichte": 8, "Bl": ";16;" }, "geometry": { "type": "Point", "coordinates": [ 570237.689693186199293, 5682052.147831880487502 ] } },
{ "type": "Feature", "properties": { "Tnr": 50160, "mitRand": 1, "AnzHBbeg": 4, "pHaupt": 1.0, "poHaupt": 0.0, "pQuerus": 0.0, "pFagus": 0.695, "pFraxinus": 0.182, "pCarpinus": 0.0, "pAcer": 0.074, "pTilia": 0.0, "pRobinia": 0.0, "pUlmus": 0.0, "pCastanea": 0.0, "pOtherLH": 0.0, "pBetula": 0.0, "pAlnus": 0.0, "pPopulus": 0.0, "pSalix": 0.0, "pSorbus": 0.0, "pPrunus": 0.0, "pMalus": 0.0, "pPyrus": 0.0, "pOtherLN": 0.0, "pPicea": 0.0, "pPinus": 0.0, "pAbies": 0.0, "pDouglas": 0.0, "pLarix": 0.0, "pOtherNb": 0.0, "pNoEurop": 0.0, "pNoEuropD": 0.0, "pEurop": 1.0, "pDecid": 0.951, "pConifer": 0.049, "pAll": 1.0, "Cell_id": "4325_3130", "EPSG": 31467, "Netz": 8, "Dichte": 8, "Bl": ";16;" }, "geometry": { "type": "Point", "coordinates": [ 574236.07122668530792, 5682106.08212239202112 ] } },
{ "type": "Feature", "properties": { "Tnr": 50162, "mitRand": 1, "AnzHBbeg": 1, "pHaupt": 1.0, "poHaupt": 0.0, "pQuerus": 0.0, "pFagus": 0.0, "pFraxinus": 0.0, "pCarpinus": 0.0, "pAcer": 0.0, "pTilia": 0.0, "pRobinia": 0.0, "pUlmus": 0.0, "pCastanea": 0.0, "pOtherLH": 0.0, "pBetula": 0.0, "pAlnus": 0.0, "pPopulus": 0.0, "pSalix": 0.0, "pSorbus": 0.0, "pPrunus": 0.0, "pMalus": 0.0, "pPyrus": 0.0, "pOtherLN": 0.0, "pPicea": 1.0, "pPinus": 0.0, "pAbies": 0.0, "pDouglas": 0.0, "pLarix": 0.0, "pOtherNb": 0.0, "pNoEurop": 0.0, "pNoEuropD": 0.0, "pEurop": 1.0, "pDecid": 0.0, "pConifer": 1.0, "pAll": 1.0, "Cell_id": "4329_3130", "EPSG": 31467, "Netz": 8, "Dichte": 8, "Bl": ";16;" }, "geometry": { "type": "Point", "coordinates": [ 578234.452748324954882, 5682161.015951757319272 ] } },
{ "type": "Feature", "properties": { "Tnr": 50166, "mitRand": 1, "AnzHBbeg": 4, "pHaupt": 1.0, "poHaupt": 0.0, "pQuerus": 0.0, "pFagus": 0.693, "pFraxinus": 0.057, "pCarpinus": 0.0, "pAcer": 0.0, "pTilia": 0.0, "pRobinia": 0.0, "pUlmus": 0.0, "pCastanea": 0.0, "pOtherLH": 0.0, "pBetula": 0.0, "pAlnus": 0.0, "pPopulus": 0.0, "pSalix": 0.0, "pSorbus": 0.0, "pPrunus": 0.0, "pMalus": 0.0, "pPyrus": 0.0, "pOtherLN": 0.0, "pPicea": 0.25, "pPinus": 0.0, "pAbies": 0.0, "pDouglas": 0.0, "pLarix": 0.0, "pOtherNb": 0.0, "pNoEurop": 0.0, "pNoEuropD": 0.0, "pEurop": 1.0, "pDecid": 0.75, "pConifer": 0.25, "pAll": 1.0, "Cell_id": "4337_3130", "EPSG": 31467, "Netz": 8, "Dichte": 8, "Bl": ";16;" }, "geometry": { "type": "Point", "coordinates": [ 586230.21611618436873, 5682269.883857120759785 ] } },
{ "type": "Feature", "properties": { "Tnr": 50177, "mitRand": 1, "AnzHBbeg": 3, "pHaupt": 1.0, "poHaupt": 0.0, "pQuerus": 0.254, "pFagus": 0.14, "pFraxinus": 0.386, "pCarpinus": 0.02, "pAcer": 0.024, "pTilia": 0.177, "pRobinia": 0.0, "pUlmus": 0.0, "pCastanea": 0.0, "pOtherLH": 0.0, "pBetula": 0.0, "pAlnus": 0.0, "pPopulus": 0.0, "pSalix": 0.0, "pSorbus": 0.0, "pPrunus": 0.0, "pMalus": 0.0, "pPyrus": 0.0, "pOtherLN": 0.0, "pPicea": 0.0, "pPinus": 0.0, "pAbies": 0.0, "pDouglas": 0.0, "pLarix": 0.0, "pOtherNb": 0.0, "pNoEurop": 0.0, "pNoEuropD": 0.0, "pEurop": 1.0, "pDecid": 1.0, "pConifer": 0.0, "pAll": 1.0, "Cell_id": "4358_3130", "EPSG": 31468, "Netz": 8, "Dichte": 8, "Bl": ";16;" }, "geometry": { "type": "Point", "coordinates": [ 607222.718028033268638, 5682554.536449776962399 ] } },
{ "type": "Feature", "properties": { "Tnr": 50181, "mitRand": 0, "AnzHBbeg": 1, "pHaupt": 1.0, "poHaupt": 0.0, "pQuerus": 0.208, "pFagus": 0.792, "pFraxinus": 0.0, "pCarpinus": 0.0, "pAcer": 0.0, "pTilia": 0.0, "pRobinia": 0.0, "pUlmus": 0.0, "pCastanea": 0.0, "pOtherLH": 0.0, "pBetula": 0.0, "pAlnus": 0.0, "pPopulus": 0.0, "pSalix": 0.0, "pSorbus": 0.0, "pPrunus": 0.0, "pMalus": 0.0, "pPyrus": 0.0, "pOtherLN": 0.0, "pPicea": 0.0, "pPinus": 0.0, "pAbies": 0.0, "pDouglas": 0.0, "pLarix": 0.0, "pOtherNb": 0.0, "pNoEurop": 0.0, "pNoEuropD": 0.0, "pEurop": 1.0, "pDecid": 1.0, "pConifer": 0.0, "pAll": 1.0, "Cell_id": "4366_3130", "EPSG": 31468, "Netz": 8, "Dichte": 8, "Bl": ";16;" }, "geometry": { "type": "Point", "coordinates": [ 615219.480644840397872, 5682663.403524965979159 ] } },
{ "type": "Feature", "properties": { "Tnr": 50203, "mitRand": 1, "AnzHBbeg": 4, "pHaupt": 1.0, "poHaupt": 0.0, "pQuerus": 0.077, "pFagus": 0.673, "pFraxinus": 0.0, "pCarpinus": 0.0, "pAcer": 0.0, "pTilia": 0.0, "pRobinia": 0.0, "pUlmus": 0.0, "pCastanea": 0.0, "pOtherLH": 0.0, "pBetula": 0.0, "pAlnus": 0.0, "pPopulus": 0.0, "pSalix": 0.0, "pSorbus": 0.0, "pPrunus": 0.0, "pMalus": 0.0, "pPyrus": 0.0, "pOtherLN": 0.0, "pPicea": 0.25, "pPinus": 0.0, "pAbies": 0.0, "pDouglas": 0.0, "pLarix": 0.0, "pOtherNb": 0.0, "pNoEurop": 0.0, "pNoEuropD": 0.0, "pEurop": 1.0, "pDecid": 0.75, "pConifer": 0.25, "pAll": 1.0, "Cell_id": "4410_3131", "EPSG": 31468, "Netz": 8, "Dichte": 8, "Bl": ";16;" }, "geometry": { "type": "Point", "coordinates": [ 659194.687316337716766, 5684260.26415129378438 ] } },
{ "type": "Feature", "properties": { "Tnr": 50205, "mitRand": 1, "AnzHBbeg": 1, "pHaupt": 1.0, "poHaupt": 0.0, "pQuerus": 0.0, "pFagus": 0.692, "pFraxinus": 0.0, "pCarpinus": 0.0, "pAcer": 0.0, "pTilia": 0.0, "pRobinia": 0.0, "pUlmus": 0.0, "pCastanea": 0.0, "pOtherLH": 0.0, "pBetula": 0.131, "pAlnus": 0.0, "pPopulus": 0.0, "pSalix": 0.0, "pSorbus": 0.0, "pPrunus": 0.0, "pMalus": 0.0, "pPyrus": 0.0, "pOtherLN": 0.0, "pPicea": 0.0, "pPinus": 0.073, "pAbies": 0.0, "pDouglas": 0.0, "pLarix": 0.104, "pOtherNb": 0.0, "pNoEurop": 0.0, "pNoEuropD": 0.0, "pEurop": 1.0, "pDecid": 0.823, "pConifer": 0.177, "pAll": 1.0, "Cell_id": "4414_3132", "EPSG": 31468, "Netz": 8, "Dichte": 8, "Bl": ";16;" }, "geometry": { "type": "Point", "coordinates": [ 663181.084457204095088, 5685313.792386781424284 ] } },
{ "type": "Feature", "properties": { "Tnr": 50340, "mitRand": 0, "AnzHBbeg": 4, "pHaupt": 1.0, "poHaupt": 0.0, "pQuerus": 0.0, "pFagus": 0.732, "pFraxinus": 0.035, "pCarpinus": 0.0, "pAcer": 0.0, "pTilia": 0.0, "pRobinia": 0.0, "pUlmus": 0.0, "pCastanea": 0.0, "pOtherLH": 0.0, "pBetula": 0.0, "pAlnus": 0.0, "pPopulus": 0.0, "pSalix": 0.0, "pSorbus": 0.0, "pPrunus": 0.0, "pMalus": 0.0, "pPyrus": 0.0, "pOtherLN": 0.0, "pPicea": 0.233, "pPinus": 0.0, "pAbies": 0.0, "pDouglas": 0.0, "pLarix": 0.0, "pOtherNb": 0.0, "pNoEurop": 0.0, "pNoEuropD": 0.0, "pEurop": 1.0, "pDecid": 0.767, "pConifer": 0.233, "pAll": 1.0, "Cell_id": "4335_3128", "EPSG": 31467, "Netz": 16, "Dichte": 8, "Bl": ";16;" }, "geometry": { "type": "Point", "coordinates": [ 584258.99203416518867, 5680242.726510432548821 ] } },
{ "type": "Feature", "properties": { "Tnr": 50342, "mitRand": 1, "AnzHBbeg": 4, "pHaupt": 1.0, "poHaupt": 0.0, "pQuerus": 0.032, "pFagus": 0.362, "pFraxinus": 0.266, "pCarpinus": 0.212, "pAcer": 0.128, "pTilia": 0.0, "pRobinia": 0.0, "pUlmus": 0.0, "pCastanea": 0.0, "pOtherLH": 0.0, "pBetula": 0.0, "pAlnus": 0.0, "pPopulus": 0.0, "pSalix": 0.0, "pSorbus": 0.0, "pPrunus": 0.0, "pMalus": 0.0, "pPyrus": 0.0, "pOtherLN": 0.0, "pPicea": 0.0, "pPinus": 0.0, "pAbies": 0.0, "pDouglas": 0.0, "pLarix": 0.0, "pOtherNb": 0.0, "pNoEurop": 0.0, "pNoEuropD": 0.0, "pEurop": 1.0, "pDecid": 1.0, "pConifer": 0.0, "pAll": 1.0, "Cell_id": "4339_3128", "EPSG": 31467, "Netz": 16, "Dichte": 8, "Bl": ";16;" }, "geometry": { "type": "Point", "coordinates": [ 588257.373469682177529, 5680297.660210471600294 ] } },
{ "type": "Feature", "properties": { "Tnr": 50344, "mitRand": 1, "AnzHBbeg": 3, "pHaupt": 1.0, "poHaupt": 0.0, "pQuerus": 0.462, "pFagus": 0.257, "pFraxinus": 0.198, "pCarpinus": 0.0, "pAcer": 0.039, "pTilia": 0.0, "pRobinia": 0.0, "pUlmus": 0.0, "pCastanea": 0.0, "pOtherLH": 0.0, "pBetula": 0.0, "pAlnus": 0.0, "pPopulus": 0.0, "pSalix": 0.0, "pSorbus": 0.0, "pPrunus": 0.0, "pMalus": 0.0, "pPyrus": 0.0, "pOtherLN": 0.0, "pPicea": 0.0, "pPinus": 0.0, "pAbies": 0.0, "pDouglas": 0.0, "pLarix": 0.044, "pOtherNb": 0.0, "pNoEurop": 0.0, "pNoEuropD": 0.0, "pEurop": 1.0, "pDecid": 0.956, "pConifer": 0.044, "pAll": 1.0, "Cell_id": "4343_3128", "EPSG": 31467, "Netz": 16, "Dichte": 8, "Bl": ";16;" }, "geometry": { "type": "Point", "coordinates": [ 592255.754870687960647, 5680351.594258978031576 ] } },
{ "type": "Feature", "properties": { "Tnr": 50346, "mitRand": 0, "AnzHBbeg": 2, "pHaupt": 1.0, "poHaupt": 0.0, "pQuerus": 0.384, "pFagus": 0.0, "pFraxinus": 0.374, "pCarpinus": 0.136, "pAcer": 0.052, "pTilia": 0.0, "pRobinia": 0.0, "pUlmus": 0.0, "pCastanea": 0.0, "pOtherLH": 0.0, "pBetula": 0.0, "pAlnus": 0.0, "pPopulus": 0.053, "pSalix": 0.0, "pSorbus": 0.0, "pPrunus": 0.0, "pMalus": 0.0, "pPyrus": 0.0, "pOtherLN": 0.0, "pPicea": 0.0, "pPinus": 0.0, "pAbies": 0.0, "pDouglas": 0.0, "pLarix": 0.0, "pOtherNb": 0.0, "pNoEurop": 0.0, "pNoEuropD": 0.0, "pEurop": 1.0, "pDecid": 1.0, "pConifer": 0.0, "pAll": 1.0, "Cell_id": "4347_3128", "EPSG": 31467, "Netz": 16, "Dichte": 8, "Bl": ";16;" }, "geometry": { "type": "Point", "coordinates": [ 596254.136259043822065, 5680406.527846287935972 ] } },
{ "type": "Feature", "properties": { "Tnr": 50353, "mitRand": 1, "AnzHBbeg": 4, "pHaupt": 1.0, "poHaupt": 0.0, "pQuerus": 0.0, "pFagus": 0.336, "pFraxinus": 0.308, "pCarpinus": 0.0, "pAcer": 0.064, "pTilia": 0.0, "pRobinia": 0.0, "pUlmus": 0.0, "pCastanea": 0.0, "pOtherLH": 0.0, "pBetula": 0.25, "pAlnus": 0.0, "pPopulus": 0.0, "pSalix": 0.0, "pSorbus": 0.0, "pPrunus": 0.0, "pMalus": 0.0, "pPyrus": 0.0, "pOtherLN": 0.0, "pPicea": 0.041, "pPinus": 0.0, "pAbies": 0.0, "pDouglas": 0.0, "pLarix": 0.0, "pOtherNb": 0.0, "pNoEurop": 0.0, "pNoEuropD": 0.0, "pEurop": 1.0, "pDecid": 0.959, "pConifer": 0.041, "pAll": 1.0, "Cell_id": "4360_3128", "EPSG": 31468, "Netz": 16, "Dichte": 8, "Bl": ";16;" }, "geometry": { "type": "Point", "coordinates": [ 609248.875586090609431, 5680583.312323856167495 ] } },
{ "type": "Feature", "properties": { "Tnr": 50361, "mitRand": 0, "AnzHBbeg": 1, "pHaupt": 1.0, "poHaupt": 0.0, "pQuerus": 1.0, "pFagus": 0.0, "pFraxinus": 0.0, "pCarpinus": 0.0, "pAcer": 0.0, "pTilia": 0.0, "pRobinia": 0.0, "pUlmus": 0.0, "pCastanea": 0.0, "pOtherLH": 0.0, "pBetula": 0.0, "pAlnus": 0.0, "pPopulus": 0.0, "pSalix": 0.0, "pSorbus": 0.0, "pPrunus": 0.0, "pMalus": 0.0, "pPyrus": 0.0, "pOtherLN": 0.0, "pPicea": 0.0, "pPinus": 0.0, "pAbies": 0.0, "pDouglas": 0.0, "pLarix": 0.0, "pOtherNb": 0.0, "pNoEurop": 0.0, "pNoEuropD": 0.0, "pEurop": 1.0, "pDecid": 1.0, "pConifer": 0.0, "pAll": 1.0, "Cell_id": "4376_3128", "EPSG": 31468, "Netz": 16, "Dichte": 8, "Bl": ";16;" }, "geometry": { "type": "Point", "coordinates": [ 625243.400141845690086, 5680800.04657788015902 ] } },
{ "type": "Feature", "properties": { "Tnr": 50379, "mitRand": 1, "AnzHBbeg": 4, "pHaupt": 1.0, "poHaupt": 0.0, "pQuerus": 0.06, "pFagus": 0.854, "pFraxinus": 0.0, "pCarpinus": 0.0, "pAcer": 0.0, "pTilia": 0.0, "pRobinia": 0.0, "pUlmus": 0.0, "pCastanea": 0.0, "pOtherLH": 0.0, "pBetula": 0.086, "pAlnus": 0.0, "pPopulus": 0.0, "pSalix": 0.0, "pSorbus": 0.0, "pPrunus": 0.0, "pMalus": 0.0, "pPyrus": 0.0, "pOtherLN": 0.0, "pPicea": 0.0, "pPinus": 0.0, "pAbies": 0.0, "pDouglas": 0.0, "pLarix": 0.0, "pOtherNb": 0.0, "pNoEurop": 0.0, "pNoEuropD": 0.0, "pEurop": 1.0, "pDecid": 1.0, "pConifer": 0.0, "pAll": 1.0, "Cell_id": "4412_3129", "EPSG": 31468, "Netz": 16, "Dichte": 8, "Bl": ";16;" }, "geometry": { "type": "Point", "coordinates": [ 661221.843915049685165, 5682287.040611332282424 ] } },
{ "type": "Feature", "properties": { "Tnr": 50381, "mitRand": 0, "AnzHBbeg": 4, "pHaupt": 1.0, "poHaupt": 0.0, "pQuerus": 0.19, "pFagus": 0.702, "pFraxinus": 0.0, "pCarpinus": 0.0, "pAcer": 0.0, "pTilia": 0.0, "pRobinia": 0.0, "pUlmus": 0.0, "pCastanea": 0.0, "pOtherLH": 0.0, "pBetula": 0.0, "pAlnus": 0.0, "pPopulus": 0.0, "pSalix": 0.0, "pSorbus": 0.0, "pPrunus": 0.0, "pMalus": 0.0, "pPyrus": 0.0, "pOtherLN": 0.0, "pPicea": 0.0, "pPinus": 0.0, "pAbies": 0.0, "pDouglas": 0.0, "pLarix": 0.108, "pOtherNb": 0.0, "pNoEurop": 0.0, "pNoEuropD": 0.0, "pEurop": 1.0, "pDecid": 0.892, "pConifer": 0.108, "pAll": 1.0, "Cell_id": "4416_3130", "EPSG": 31468, "Netz": 16, "Dichte": 8, "Bl": ";16;" }, "geometry": { "type": "Point", "coordinates": [ 665208.24102895508986, 5683341.568416336551309 ] } },
{ "type": "Feature", "properties": { "Tnr": 50510, "mitRand": 1, "AnzHBbeg": 2, "pHaupt": 1.0, "poHaupt": 0.0, "pQuerus": 0.0, "pFagus": 0.5, "pFraxinus": 0.0, "pCarpinus": 0.0, "pAcer": 0.0, "pTilia": 0.0, "pRobinia": 0.0, "pUlmus": 0.0, "pCastanea": 0.0, "pOtherLH": 0.0, "pBetula": 0.0, "pAlnus": 0.0, "pPopulus": 0.0, "pSalix": 0.0, "pSorbus": 0.0, "pPrunus": 0.0, "pMalus": 0.0, "pPyrus": 0.0, "pOtherLN": 0.0, "pPicea": 0.5, "pPinus": 0.0, "pAbies": 0.0, "pDouglas": 0.0, "pLarix": 0.0, "pOtherNb": 0.0, "pNoEurop": 0.0, "pNoEuropD": 0.0, "pEurop": 1.0, "pDecid": 0.5, "pConifer": 0.5, "pAll": 1.0, "Cell_id": "4325_3126", "EPSG": 31467, "Netz": 8, "Dichte": 8, "Bl": ";16;" }, "geometry": { "type": "Point", "coordinates": [ 574290.005499661434442, 5678107.700705255381763 ] } },
{ "type": "Feature", "properties": { "Tnr": 50512, "mitRand": 1, "AnzHBbeg": 1, "pHaupt": 1.0, "poHaupt": 0.0, "pQuerus": 0.0, "pFagus": 0.0, "pFraxinus": 0.0, "pCarpinus": 0.0, "pAcer": 0.0, "pTilia": 0.0, "pRobinia": 0.0, "pUlmus": 0.0, "pCastanea": 0.0, "pOtherLH": 0.0, "pBetula": 0.0, "pAlnus": 0.909, "pPopulus": 0.0, "pSalix": 0.091, "pSorbus": 0.0, "pPrunus": 0.0, "pMalus": 0.0, "pPyrus": 0.0, "pOtherLN": 0.0, "pPicea": 0.0, "pPinus": 0.0, "pAbies": 0.0, "pDouglas": 0.0, "pLarix": 0.0, "pOtherNb": 0.0, "pNoEurop": 0.0, "pNoEuropD": 0.0, "pEurop": 1.0, "pDecid": 1.0, "pConifer": 0.0, "pAll": 1.0, "Cell_id": "4329_3126", "EPSG": 31467, "Netz": 8, "Dichte": 8, "Bl": ";16;" }, "geometry": { "type": "Point", "coordinates": [ 578288.386964914156124, 5678162.63455752003938 ] } },
{ "type": "Feature", "properties": { "Tnr": 50514, "mitRand": 1, "AnzHBbeg": 4, "pHaupt": 1.0, "poHaupt": 0.0, "pQuerus": 0.0, "pFagus": 0.501, "pFraxinus": 0.0, "pCarpinus": 0.0, "pAcer": 0.0, "pTilia": 0.0, "pRobinia": 0.0, "pUlmus": 0.0, "pCastanea": 0.0, "pOtherLH": 0.0, "pBetula": 0.0, "pAlnus": 0.0, "pPopulus": 0.0, "pSalix": 0.0, "pSorbus": 0.0, "pPrunus": 0.0, "pMalus": 0.0, "pPyrus": 0.0, "pOtherLN": 0.0, "pPicea": 0.25, "pPinus": 0.082, "pAbies": 0.0, "pDouglas": 0.0, "pLarix": 0.166, "pOtherNb": 0.0, "pNoEurop": 0.0, "pNoEuropD": 0.0, "pEurop": 1.0, "pDecid": 0.501, "pConifer": 0.499, "pAll": 1.0, "Cell_id": "4333_3126", "EPSG": 31467, "Netz": 8, "Dichte": 8, "Bl": ";16;" }, "geometry": { "type": "Point", "coordinates": [ 582286.768396148341708, 5678216.568758397363126 ] } },
{ "type": "Feature", "properties": { "Tnr": 50516, "mitRand": 1, "AnzHBbeg": 3, "pHaupt": 1.0, "poHaupt": 0.0, "pQuerus": 0.0, "pFagus": 0.629, "pFraxinus": 0.0, "pCarpinus": 0.0, "pAcer": 0.037, "pTilia": 0.0, "pRobinia": 0.0, "pUlmus": 0.0, "pCastanea": 0.0, "pOtherLH": 0.0, "pBetula": 0.0, "pAlnus": 0.333, "pPopulus": 0.0, "pSalix": 0.0, "pSorbus": 0.0, "pPrunus": 0.0, "pMalus": 0.0, "pPyrus": 0.0, "pOtherLN": 0.0, "pPicea": 0.0, "pPinus": 0.0, "pAbies": 0.0, "pDouglas": 0.0, "pLarix": 0.0, "pOtherNb": 0.0, "pNoEurop": 0.0, "pNoEuropD": 0.0, "pEurop": 1.0, "pDecid": 1.0, "pConifer": 0.0, "pAll": 1.0, "Cell_id": "4337_3126", "EPSG": 31467, "Netz": 8, "Dichte": 8, "Bl": ";16;" }, "geometry": { "type": "Point", "coordinates": [ 586285.149815147742629, 5678271.502498244866729 ] } },
{ "type": "Feature", "properties": { "Tnr": 50537, "mitRand": 1, "AnzHBbeg": 1, "pHaupt": 1.0, "poHaupt": 0.0, "pQuerus": 0.0, "pFagus": 0.0, "pFraxinus": 0.0, "pCarpinus": 0.0, "pAcer": 0.0, "pTilia": 0.0, "pRobinia": 0.0, "pUlmus": 0.0, "pCastanea": 0.0, "pOtherLH": 0.0, "pBetula": 0.0, "pAlnus": 0.076, "pPopulus": 0.0, "pSalix": 0.924, "pSorbus": 0.0, "pPrunus": 0.0, "pMalus": 0.0, "pPyrus": 0.0, "pOtherLN": 0.0, "pPicea": 0.0, "pPinus": 0.0, "pAbies": 0.0, "pDouglas": 0.0, "pLarix": 0.0, "pOtherNb": 0.0, "pNoEurop": 0.0, "pNoEuropD": 0.0, "pEurop": 1.0, "pDecid": 1.0, "pConifer": 0.0, "pAll": 1.0, "Cell_id": "4378_3127", "EPSG": 31468, "Netz": 8, "Dichte": 8, "Bl": ";16;" }, "geometry": { "type": "Point", "coordinates": [ 627256.573911723215133, 5679827.418069588020444 ] } },
{ "type": "Feature", "properties": { "Tnr": 50555, "mitRand": 1, "AnzHBbeg": 4, "pHaupt": 1.0, "poHaupt": 0.0, "pQuerus": 0.048, "pFagus": 0.644, "pFraxinus": 0.0, "pCarpinus": 0.0, "pAcer": 0.0, "pTilia": 0.0, "pRobinia": 0.0, "pUlmus": 0.0, "pCastanea": 0.0, "pOtherLH": 0.0, "pBetula": 0.059, "pAlnus": 0.0, "pPopulus": 0.0, "pSalix": 0.0, "pSorbus": 0.0, "pPrunus": 0.0, "pMalus": 0.0, "pPyrus": 0.0, "pOtherLN": 0.0, "pPicea": 0.0, "pPinus": 0.0, "pAbies": 0.0, "pDouglas": 0.0, "pLarix": 0.25, "pOtherNb": 0.0, "pNoEurop": 0.0, "pNoEuropD": 0.0, "pEurop": 1.0, "pDecid": 0.75, "pConifer": 0.25, "pAll": 1.0, "Cell_id": "4414_3128", "EPSG": 31468, "Netz": 8, "Dichte": 8, "Bl": ";16;" }, "geometry": { "type": "Point", "coordinates": [ 663235.017445002449676, 5681314.411899670027196 ] } },
{ "type": "Feature", "properties": { "Tnr": 50687, "mitRand": 1, "AnzHBbeg": 2, "pHaupt": 1.0, "poHaupt": 0.0, "pQuerus": 0.0, "pFagus": 0.5, "pFraxinus": 0.462, "pCarpinus": 0.0, "pAcer": 0.0, "pTilia": 0.0, "pRobinia": 0.0, "pUlmus": 0.0, "pCastanea": 0.0, "pOtherLH": 0.0, "pBetula": 0.0, "pAlnus": 0.0, "pPopulus": 0.0, "pSalix": 0.0, "pSorbus": 0.0, "pPrunus": 0.038, "pMalus": 0.0, "pPyrus": 0.0, "pOtherLN": 0.0, "pPicea": 0.0, "pPinus": 0.0, "pAbies": 0.0, "pDouglas": 0.0, "pLarix": 0.0, "pOtherNb": 0.0, "pNoEurop": 0.0, "pNoEuropD": 0.0, "pEurop": 1.0, "pDecid": 1.0, "pConifer": 0.0, "pAll": 1.0, "Cell_id": "4331_3124", "EPSG": 31467, "Netz": 64, "Dichte": 8, "Bl": ";16;" }, "geometry": { "type": "Point", "coordinates": [ 580314.544786283513531, 5676190.4109948547557 ] } },
{ "type": "Feature", "properties": { "Tnr": 50689, "mitRand": 0, "AnzHBbeg": 1, "pHaupt": 1.0, "poHaupt": 0.0, "pQuerus": 0.0, "pFagus": 0.376, "pFraxinus": 0.158, "pCarpinus": 0.0, "pAcer": 0.0, "pTilia": 0.0, "pRobinia": 0.0, "pUlmus": 0.0, "pCastanea": 0.0, "pOtherLH": 0.0, "pBetula": 0.0, "pAlnus": 0.0, "pPopulus": 0.0, "pSalix": 0.0, "pSorbus": 0.0, "pPrunus": 0.0, "pMalus": 0.0, "pPyrus": 0.0, "pOtherLN": 0.0, "pPicea": 0.122, "pPinus": 0.344, "pAbies": 0.0, "pDouglas": 0.0, "pLarix": 0.0, "pOtherNb": 0.0, "pNoEurop": 0.0, "pNoEuropD": 0.0, "pEurop": 1.0, "pDecid": 0.535, "pConifer": 0.465, "pAll": 1.0, "Cell_id": "4335_3124", "EPSG": 31467, "Netz": 16, "Dichte": 8, "Bl": ";16;" }, "geometry": { "type": "Point", "coordinates": [ 584312.926177781075239, 5676244.345179233700037 ] } },
{ "type": "Feature", "properties": { "Tnr": 50693, "mitRand": 0, "AnzHBbeg": 4, "pHaupt": 1.0, "poHaupt": 0.0, "pQuerus": 0.0, "pFagus": 0.612, "pFraxinus": 0.259, "pCarpinus": 0.0, "pAcer": 0.075, "pTilia": 0.054, "pRobinia": 0.0, "pUlmus": 0.0, "pCastanea": 0.0, "pOtherLH": 0.0, "pBetula": 0.0, "pAlnus": 0.0, "pPopulus": 0.0, "pSalix": 0.0, "pSorbus": 0.0, "pPrunus": 0.0, "pMalus": 0.0, "pPyrus": 0.0, "pOtherLN": 0.0, "pPicea": 0.0, "pPinus": 0.0, "pAbies": 0.0, "pDouglas": 0.0, "pLarix": 0.0, "pOtherNb": 0.0, "pNoEurop": 0.0, "pNoEuropD": 0.0, "pEurop": 1.0, "pDecid": 1.0, "pConifer": 0.0, "pAll": 1.0, "Cell_id": "4343_3124", "EPSG": 31467, "Netz": 16, "Dichte": 8, "Bl": ";16;" }, "geometry": { "type": "Point", "coordinates": [ 592309.688901575049385, 5676353.212974732741714 ] } },
{ "type": "Feature", "properties": { "Tnr": 50695, "mitRand": 0, "AnzHBbeg": 1, "pHaupt": 1.0, "poHaupt": 0.0, "pQuerus": 0.432, "pFagus": 0.568, "pFraxinus": 0.0, "pCarpinus": 0.0, "pAcer": 0.0, "pTilia": 0.0, "pRobinia": 0.0, "pUlmus": 0.0, "pCastanea": 0.0, "pOtherLH": 0.0, "pBetula": 0.0, "pAlnus": 0.0, "pPopulus": 0.0, "pSalix": 0.0, "pSorbus": 0.0, "pPrunus": 0.0, "pMalus": 0.0, "pPyrus": 0.0, "pOtherLN": 0.0, "pPicea": 0.0, "pPinus": 0.0, "pAbies": 0.0, "pDouglas": 0.0, "pLarix": 0.0, "pOtherNb": 0.0, "pNoEurop": 0.0, "pNoEuropD": 0.0, "pEurop": 1.0, "pDecid": 1.0, "pConifer": 0.0, "pAll": 1.0, "Cell_id": "4347_3124", "EPSG": 31467, "Netz": 64, "Dichte": 8, "Bl": ";16;" }, "geometry": { "type": "Point", "coordinates": [ 596308.070233526756056, 5676408.146585791371763 ] } },
{ "type": "Feature", "properties": { "Tnr": 50726, "mitRand": 1, "AnzHBbeg": 2, "pHaupt": 0.921, "poHaupt": 0.079, "pQuerus": 0.0, "pFagus": 0.243, "pFraxinus": 0.608, "pCarpinus": 0.0, "pAcer": 0.0, "pTilia": 0.0, "pRobinia": 0.0, "pUlmus": 0.07, "pCastanea": 0.0, "pOtherLH": 0.0, "pBetula": 0.0, "pAlnus": 0.0, "pPopulus": 0.0, "pSalix": 0.0, "pSorbus": 0.0, "pPrunus": 0.0, "pMalus": 0.0, "pPyrus": 0.0, "pOtherLN": 0.0, "pPicea": 0.0, "pPinus": 0.0, "pAbies": 0.0, "pDouglas": 0.0, "pLarix": 0.0, "pOtherNb": 0.0, "pNoEurop": 0.0, "pNoEuropD": 0.0, "pEurop": 0.921, "pDecid": 0.921, "pConifer": 0.0, "pAll": 0.921, "Cell_id": "4408_3125", "EPSG": 31468, "Netz": 16, "Dichte": 8, "Bl": ";16;" }, "geometry": { "type": "Point", "coordinates": [ 657277.396027985145338, 5678233.727061023935676 ] } },
{ "type": "Feature", "properties": { "Tnr": 50728, "mitRand": 1, "AnzHBbeg": 4, "pHaupt": 1.0, "poHaupt": 0.0, "pQuerus": 0.406, "pFagus": 0.094, "pFraxinus": 0.0, "pCarpinus": 0.0, "pAcer": 0.0, "pTilia": 0.0, "pRobinia": 0.0, "pUlmus": 0.0, "pCastanea": 0.0, "pOtherLH": 0.0, "pBetula": 0.159, "pAlnus": 0.0, "pPopulus": 0.0, "pSalix": 0.0, "pSorbus": 0.0, "pPrunus": 0.0, "pMalus": 0.0, "pPyrus": 0.053, "pOtherLN": 0.0, "pPicea": 0.25, "pPinus": 0.038, "pAbies": 0.0, "pDouglas": 0.0, "pLarix": 0.0, "pOtherNb": 0.0, "pNoEurop": 0.0, "pNoEuropD": 0.0, "pEurop": 1.0, "pDecid": 0.712, "pConifer": 0.288, "pAll": 1.0, "Cell_id": "4412_3125", "EPSG": 31468, "Netz": 64, "Dichte": 8, "Bl": ";16;" }, "geometry": { "type": "Point", "coordinates": [ 661275.776951511856169, 5678287.660153673030436 ] } },
{ "type": "Feature", "properties": { "Tnr": 50730, "mitRand": 1, "AnzHBbeg": 4, "pHaupt": 1.0, "poHaupt": 0.0, "pQuerus": 0.0, "pFagus": 0.277, "pFraxinus": 0.022, "pCarpinus": 0.088, "pAcer": 0.274, "pTilia": 0.0, "pRobinia": 0.0, "pUlmus": 0.032, "pCastanea": 0.0, "pOtherLH": 0.0, "pBetula": 0.0, "pAlnus": 0.057, "pPopulus": 0.0, "pSalix": 0.0, "pSorbus": 0.0, "pPrunus": 0.0, "pMalus": 0.0, "pPyrus": 0.0, "pOtherLN": 0.0, "pPicea": 0.25, "pPinus": 0.0, "pAbies": 0.0, "pDouglas": 0.0, "pLarix": 0.0, "pOtherNb": 0.0, "pNoEurop": 0.0, "pNoEuropD": 0.0, "pEurop": 1.0, "pDecid": 0.75, "pConifer": 0.25, "pAll": 1.0, "Cell_id": "4416_3126", "EPSG": 31468, "Netz": 16, "Dichte": 8, "Bl": ";16;" }, "geometry": { "type": "Point", "coordinates": [ 665262.174001746228896, 5679342.187971352599561 ] } },
{ "type": "Feature", "properties": { "Tnr": 50731, "mitRand": 0, "AnzHBbeg": 2, "pHaupt": 0.5, "poHaupt": 0.5, "pQuerus": 0.122, "pFagus": 0.378, "pFraxinus": 0.0, "pCarpinus": 0.0, "pAcer": 0.0, "pTilia": 0.0, "pRobinia": 0.0, "pUlmus": 0.0, "pCastanea": 0.0, "pOtherLH": 0.0, "pBetula": 0.0, "pAlnus": 0.0, "pPopulus": 0.0, "pSalix": 0.0, "pSorbus": 0.0, "pPrunus": 0.0, "pMalus": 0.0, "pPyrus": 0.0, "pOtherLN": 0.0, "pPicea": 0.0, "pPinus": 0.0, "pAbies": 0.0, "pDouglas": 0.0, "pLarix": 0.0, "pOtherNb": 0.0, "pNoEurop": 0.0, "pNoEuropD": 0.0, "pEurop": 0.5, "pDecid": 0.5, "pConifer": 0.0, "pAll": 0.5, "Cell_id": "4418_3126", "EPSG": 31468, "Netz": 4, "Dichte": 4, "Bl": ";15;" }, "geometry": { "type": "Point", "coordinates": [ 667261.364447181695141, 5679369.154464318417013 ] } },
{ "type": "Feature", "properties": { "Tnr": 50732, "mitRand": 1, "AnzHBbeg": 2, "pHaupt": 1.0, "poHaupt": 0.0, "pQuerus": 0.0, "pFagus": 0.467, "pFraxinus": 0.302, "pCarpinus": 0.03, "pAcer": 0.076, "pTilia": 0.0, "pRobinia": 0.0, "pUlmus": 0.0, "pCastanea": 0.0, "pOtherLH": 0.0, "pBetula": 0.048, "pAlnus": 0.0, "pPopulus": 0.0, "pSalix": 0.0, "pSorbus": 0.0, "pPrunus": 0.076, "pMalus": 0.0, "pPyrus": 0.0, "pOtherLN": 0.0, "pPicea": 0.0, "pPinus": 0.0, "pAbies": 0.0, "pDouglas": 0.0, "pLarix": 0.0, "pOtherNb": 0.0, "pNoEurop": 0.0, "pNoEuropD": 0.0, "pEurop": 1.0, "pDecid": 1.0, "pConifer": 0.0, "pAll": 1.0, "Cell_id": "4420_3126", "EPSG": 31468, "Netz": 256, "Dichte": 4, "Bl": ";15;" }, "geometry": { "type": "Point", "coordinates": [ 669261.554480690159835, 5679396.120932181365788 ] } },
{ "type": "Feature", "properties": { "Tnr": 50861, "mitRand": 1, "AnzHBbeg": 4, "pHaupt": 1.0, "poHaupt": 0.0, "pQuerus": 0.0, "pFagus": 0.623, "pFraxinus": 0.0, "pCarpinus": 0.0, "pAcer": 0.0, "pTilia": 0.0, "pRobinia": 0.0, "pUlmus": 0.0, "pCastanea": 0.0, "pOtherLH": 0.0, "pBetula": 0.0, "pAlnus": 0.0, "pPopulus": 0.0, "pSalix": 0.0, "pSorbus": 0.0, "pPrunus": 0.0, "pMalus": 0.0, "pPyrus": 0.0, "pOtherLN": 0.0, "pPicea": 0.377, "pPinus": 0.0, "pAbies": 0.0, "pDouglas": 0.0, "pLarix": 0.0, "pOtherNb": 0.0, "pNoEurop": 0.0, "pNoEuropD": 0.0, "pEurop": 1.0, "pDecid": 0.623, "pConifer": 0.377, "pAll": 1.0, "Cell_id": "4333_3122", "EPSG": 31467, "Netz": 8, "Dichte": 8, "Bl": ";16;" }, "geometry": { "type": "Point", "coordinates": [ 582340.702579532982782, 5674218.187443842180073 ] } },
{ "type": "Feature", "properties": { "Tnr": 50867, "mitRand": 1, "AnzHBbeg": 1, "pHaupt": 1.0, "poHaupt": 0.0, "pQuerus": 0.0, "pFagus": 0.0, "pFraxinus": 0.087, "pCarpinus": 0.306, "pAcer": 0.388, "pTilia": 0.219, "pRobinia": 0.0, "pUlmus": 0.0, "pCastanea": 0.0, "pOtherLH": 0.0, "pBetula": 0.0, "pAlnus": 0.0, "pPopulus": 0.0, "pSalix": 0.0, "pSorbus": 0.0, "pPrunus": 0.0, "pMalus": 0.0, "pPyrus": 0.0, "pOtherLN": 0.0, "pPicea": 0.0, "pPinus": 0.0, "pAbies": 0.0, "pDouglas": 0.0, "pLarix": 0.0, "pOtherNb": 0.0, "pNoEurop": 0.0, "pNoEuropD": 0.0, "pEurop": 1.0, "pDecid": 1.0, "pConifer": 0.0, "pAll": 1.0, "Cell_id": "4345_3122", "EPSG": 31467, "Netz": 8, "Dichte": 8, "Bl": ";16;" }, "geometry": { "type": "Point", "coordinates": [ 594335.846575265401043, 5674380.989374734461308 ] } },
{ "type": "Feature", "properties": { "Tnr": 50902, "mitRand": 0, "AnzHBbeg": 4, "pHaupt": 1.0, "poHaupt": 0.0, "pQuerus": 0.072, "pFagus": 0.447, "pFraxinus": 0.0, "pCarpinus": 0.0, "pAcer": 0.0, "pTilia": 0.0, "pRobinia": 0.0, "pUlmus": 0.0, "pCastanea": 0.0, "pOtherLH": 0.0, "pBetula": 0.23, "pAlnus": 0.0, "pPopulus": 0.0, "pSalix": 0.0, "pSorbus": 0.0, "pPrunus": 0.0, "pMalus": 0.0, "pPyrus": 0.0, "pOtherLN": 0.0, "pPicea": 0.196, "pPinus": 0.054, "pAbies": 0.0, "pDouglas": 0.0, "pLarix": 0.0, "pOtherNb": 0.0, "pNoEurop": 0.0, "pNoEuropD": 0.0, "pEurop": 1.0, "pDecid": 0.75, "pConifer": 0.25, "pAll": 1.0, "Cell_id": "4414_3124", "EPSG": 31468, "Netz": 8, "Dichte": 8, "Bl": ";16;" }, "geometry": { "type": "Point", "coordinates": [ 663289.950054829707369, 5677315.031458484008908 ] } },
{ "type": "Feature", "properties": { "Tnr": 50903, "mitRand": 0, "AnzHBbeg": 2, "pHaupt": 0.5, "poHaupt": 0.5, "pQuerus": 0.0, "pFagus": 0.0, "pFraxinus": 0.0, "pCarpinus": 0.0, "pAcer": 0.0, "pTilia": 0.0, "pRobinia": 0.0, "pUlmus": 0.0, "pCastanea": 0.0, "pOtherLH": 0.0, "pBetula": 0.5, "pAlnus": 0.0, "pPopulus": 0.0, "pSalix": 0.0, "pSorbus": 0.0, "pPrunus": 0.0, "pMalus": 0.0, "pPyrus": 0.0, "pOtherLN": 0.0, "pPicea": 0.0, "pPinus": 0.0, "pAbies": 0.0, "pDouglas": 0.0, "pLarix": 0.0, "pOtherNb": 0.0, "pNoEurop": 0.0, "pNoEuropD": 0.0, "pEurop": 0.5, "pDecid": 0.5, "pConifer": 0.0, "pAll": 0.5, "Cell_id": "4416_3124", "EPSG": 31468, "Netz": 4, "Dichte": 4, "Bl": ";15;" }, "geometry": { "type": "Point", "coordinates": [ 665289.140492840553634, 5677341.997972391545773 ] } },
{ "type": "Feature", "properties": { "Tnr": 51031, "mitRand": 0, "AnzHBbeg": 1, "pHaupt": 1.0, "poHaupt": 0.0, "pQuerus": 0.0, "pFagus": 0.832, "pFraxinus": 0.083, "pCarpinus": 0.0, "pAcer": 0.086, "pTilia": 0.0, "pRobinia": 0.0, "pUlmus": 0.0, "pCastanea": 0.0, "pOtherLH": 0.0, "pBetula": 0.0, "pAlnus": 0.0, "pPopulus": 0.0, "pSalix": 0.0, "pSorbus": 0.0, "pPrunus": 0.0, "pMalus": 0.0, "pPyrus": 0.0, "pOtherLN": 0.0, "pPicea": 0.0, "pPinus": 0.0, "pAbies": 0.0, "pDouglas": 0.0, "pLarix": 0.0, "pOtherNb": 0.0, "pNoEurop": 0.0, "pNoEuropD": 0.0, "pEurop": 1.0, "pDecid": 1.0, "pConifer": 0.0, "pAll": 1.0, "Cell_id": "4335_3120", "EPSG": 31467, "Netz": 16, "Dichte": 8, "Bl": ";16;" }, "geometry": { "type": "Point", "coordinates": [ 584367.859939884277992, 5672245.963893548585474 ] } },
{ "type": "Feature", "properties": { "Tnr": 51033, "mitRand": 1, "AnzHBbeg": 3, "pHaupt": 1.0, "poHaupt": 0.0, "pQuerus": 0.0, "pFagus": 0.873, "pFraxinus": 0.067, "pCarpinus": 0.0, "pAcer": 0.0, "pTilia": 0.0, "pRobinia": 0.0, "pUlmus": 0.0, "pCastanea": 0.0, "pOtherLH": 0.0, "pBetula": 0.0, "pAlnus": 0.0, "pPopulus": 0.0, "pSalix": 0.0, "pSorbus": 0.0, "pPrunus": 0.0, "pMalus": 0.0, "pPyrus": 0.0, "pOtherLN": 0.0, "pPicea": 0.027, "pPinus": 0.033, "pAbies": 0.0, "pDouglas": 0.0, "pLarix": 0.0, "pOtherNb": 0.0, "pNoEurop": 0.0, "pNoEuropD": 0.0, "pEurop": 1.0, "pDecid": 0.94, "pConifer": 0.06, "pAll": 1.0, "Cell_id": "4339_3120", "EPSG": 31467, "Netz": 16, "Dichte": 8, "Bl": ";16;" }, "geometry": { "type": "Point", "coordinates": [ 588366.241262870025821, 5672300.897640353068709 ] } },
{ "type": "Feature", "properties": { "Tnr": 51035, "mitRand": 1, "AnzHBbeg": 4, "pHaupt": 1.0, "poHaupt": 0.0, "pQuerus": 0.034, "pFagus": 0.775, "pFraxinus": 0.067, "pCarpinus": 0.0, "pAcer": 0.124, "pTilia": 0.0, "pRobinia": 0.0, "pUlmus": 0.0, "pCastanea": 0.0, "pOtherLH": 0.0, "pBetula": 0.0, "pAlnus": 0.0, "pPopulus": 0.0, "pSalix": 0.0, "pSorbus": 0.0, "pPrunus": 0.0, "pMalus": 0.0, "pPyrus": 0.0, "pOtherLN": 0.0, "pPicea": 0.0, "pPinus": 0.0, "pAbies": 0.0, "pDouglas": 0.0, "pLarix": 0.0, "pOtherNb": 0.0, "pNoEurop": 0.0, "pNoEuropD": 0.0, "pEurop": 1.0, "pDecid": 1.0, "pConifer": 0.0, "pAll": 1.0, "Cell_id": "4343_3120", "EPSG": 31467, "Netz": 16, "Dichte": 8, "Bl": ";16;" }, "geometry": { "type": "Point", "coordinates": [ 592364.622551308246329, 5672354.831736020743847 ] } },
{ "type": "Feature", "properties": { "Tnr": 51037, "mitRand": 1, "AnzHBbeg": 4, "pHaupt": 1.0, "poHaupt": 0.0, "pQuerus": 0.0, "pFagus": 0.145, "pFraxinus": 0.514, "pCarpinus": 0.0, "pAcer": 0.168, "pTilia": 0.125, "pRobinia": 0.0, "pUlmus": 0.0, "pCastanea": 0.0, "pOtherLH": 0.0, "pBetula": 0.0, "pAlnus": 0.0, "pPopulus": 0.048, "pSalix": 0.0, "pSorbus": 0.0, "pPrunus": 0.0, "pMalus": 0.0, "pPyrus": 0.0, "pOtherLN": 0.0, "pPicea": 0.0, "pPinus": 0.0, "pAbies": 0.0, "pDouglas": 0.0, "pLarix": 0.0, "pOtherNb": 0.0, "pNoEurop": 0.0, "pNoEuropD": 0.0, "pEurop": 1.0, "pDecid": 1.0, "pConifer": 0.0, "pAll": 1.0, "Cell_id": "4347_3120", "EPSG": 31467, "Netz": 16, "Dichte": 8, "Bl": ";16;" }, "geometry": { "type": "Point", "coordinates": [ 596363.003827035194263, 5672409.765370837412775 ] } },
{ "type": "Feature", "properties": { "Tnr": 51054, "mitRand": 1, "AnzHBbeg": 1, "pHaupt": 0.0, "poHaupt": 1.0, "pQuerus": 0.0, "pFagus": 0.0, "pFraxinus": 0.0, "pCarpinus": 0.0, "pAcer": 0.0, "pTilia": 0.0, "pRobinia": 0.0, "pUlmus": 0.0, "pCastanea": 0.0, "pOtherLH": 0.0, "pBetula": 0.0, "pAlnus": 0.0, "pPopulus": 0.0, "pSalix": 0.0, "pSorbus": 0.0, "pPrunus": 0.0, "pMalus": 0.0, "pPyrus": 0.0, "pOtherLN": 0.0, "pPicea": 0.0, "pPinus": 0.0, "pAbies": 0.0, "pDouglas": 0.0, "pLarix": 0.0, "pOtherNb": 0.0, "pNoEurop": 0.0, "pNoEuropD": 0.0, "pEurop": 0.0, "pDecid": 0.0, "pConifer": 0.0, "pAll": 0.0, "Cell_id": "4380_3121", "EPSG": 31468, "Netz": 16, "Dichte": 8, "Bl": ";16;" }, "geometry": { "type": "Point", "coordinates": [ 629337.664354196633212, 5673855.813679003156722 ] } },
{ "type": "Feature", "properties": { "Tnr": 51072, "mitRand": 1, "AnzHBbeg": 2, "pHaupt": 1.0, "poHaupt": 0.0, "pQuerus": 0.527, "pFagus": 0.0, "pFraxinus": 0.0, "pCarpinus": 0.115, "pAcer": 0.203, "pTilia": 0.071, "pRobinia": 0.0, "pUlmus": 0.0, "pCastanea": 0.0, "pOtherLH": 0.0, "pBetula": 0.0, "pAlnus": 0.0, "pPopulus": 0.0, "pSalix": 0.0, "pSorbus": 0.0, "pPrunus": 0.0, "pMalus": 0.0, "pPyrus": 0.0, "pOtherLN": 0.0, "pPicea": 0.084, "pPinus": 0.0, "pAbies": 0.0, "pDouglas": 0.0, "pLarix": 0.0, "pOtherNb": 0.0, "pNoEurop": 0.0, "pNoEuropD": 0.0, "pEurop": 1.0, "pDecid": 0.916, "pConifer": 0.084, "pAll": 1.0, "Cell_id": "4416_3122", "EPSG": 31468, "Netz": 16, "Dichte": 8, "Bl": ";16;" }, "geometry": { "type": "Point", "coordinates": [ 665316.107001603464596, 5675342.807583486661315 ] } },
{ "type": "Feature", "properties": { "Tnr": 51200, "mitRand": 1, "AnzHBbeg": 1, "pHaupt": 1.0, "poHaupt": 0.0, "pQuerus": 0.0, "pFagus": 0.0, "pFraxinus": 0.384, "pCarpinus": 0.179, "pAcer": 0.437, "pTilia": 0.0, "pRobinia": 0.0, "pUlmus": 0.0, "pCastanea": 0.0, "pOtherLH": 0.0, "pBetula": 0.0, "pAlnus": 0.0, "pPopulus": 0.0, "pSalix": 0.0, "pSorbus": 0.0, "pPrunus": 0.0, "pMalus": 0.0, "pPyrus": 0.0, "pOtherLN": 0.0, "pPicea": 0.0, "pPinus": 0.0, "pAbies": 0.0, "pDouglas": 0.0, "pLarix": 0.0, "pOtherNb": 0.0, "pNoEurop": 0.0, "pNoEuropD": 0.0, "pEurop": 1.0, "pDecid": 1.0, "pConifer": 0.0, "pAll": 1.0, "Cell_id": "4337_3118", "EPSG": 31467, "Netz": 8, "Dichte": 8, "Bl": ";16;" }, "geometry": { "type": "Point", "coordinates": [ 586394.017687997897156, 5670274.739961152896285 ] } },
{ "type": "Feature", "properties": { "Tnr": 51204, "mitRand": 1, "AnzHBbeg": 4, "pHaupt": 1.0, "poHaupt": 0.0, "pQuerus": 0.0, "pFagus": 0.488, "pFraxinus": 0.131, "pCarpinus": 0.0, "pAcer": 0.131, "pTilia": 0.0, "pRobinia": 0.0, "pUlmus": 0.0, "pCastanea": 0.0, "pOtherLH": 0.0, "pBetula": 0.0, "pAlnus": 0.0, "pPopulus": 0.0, "pSalix": 0.0, "pSorbus": 0.0, "pPrunus": 0.0, "pMalus": 0.0, "pPyrus": 0.0, "pOtherLN": 0.0, "pPicea": 0.25, "pPinus": 0.0, "pAbies": 0.0, "pDouglas": 0.0, "pLarix": 0.0, "pOtherNb": 0.0, "pNoEurop": 0.0, "pNoEuropD": 0.0, "pEurop": 1.0, "pDecid": 0.75, "pConifer": 0.25, "pAll": 1.0, "Cell_id": "4345_3118", "EPSG": 31467, "Netz": 8, "Dichte": 8, "Bl": ";16;" }, "geometry": { "type": "Point", "coordinates": [ 594390.780208778916858, 5670382.608176101930439 ] } },
{ "type": "Feature", "properties": { "Tnr": 51243, "mitRand": 1, "AnzHBbeg": 3, "pHaupt": 0.973, "poHaupt": 0.027, "pQuerus": 0.832, "pFagus": 0.053, "pFraxinus": 0.0, "pCarpinus": 0.0, "pAcer": 0.0, "pTilia": 0.087, "pRobinia": 0.0, "pUlmus": 0.0, "pCastanea": 0.0, "pOtherLH": 0.0, "pBetula": 0.0, "pAlnus": 0.0, "pPopulus": 0.0, "pSalix": 0.0, "pSorbus": 0.0, "pPrunus": 0.0, "pMalus": 0.0, "pPyrus": 0.0, "pOtherLN": 0.0, "pPicea": 0.0, "pPinus": 0.0, "pAbies": 0.0, "pDouglas": 0.0, "pLarix": 0.0, "pOtherNb": 0.0, "pNoEurop": 0.0, "pNoEuropD": 0.0, "pEurop": 0.973, "pDecid": 0.973, "pConifer": 0.0, "pAll": 0.973, "Cell_id": "4423_3120", "EPSG": 31468, "Netz": 8, "Dichte": 8, "Bl": ";16;" }, "geometry": { "type": "Point", "coordinates": [ 672342.239081399980932, 5673437.500124491751194 ] } },
{ "type": "Feature", "properties": { "Tnr": 51369, "mitRand": 1, "AnzHBbeg": 3, "pHaupt": 1.0, "poHaupt": 0.0, "pQuerus": 0.068, "pFagus": 0.804, "pFraxinus": 0.024, "pCarpinus": 0.0, "pAcer": 0.073, "pTilia": 0.0, "pRobinia": 0.0, "pUlmus": 0.0, "pCastanea": 0.0, "pOtherLH": 0.0, "pBetula": 0.0, "pAlnus": 0.0, "pPopulus": 0.0, "pSalix": 0.0, "pSorbus": 0.032, "pPrunus": 0.0, "pMalus": 0.0, "pPyrus": 0.0, "pOtherLN": 0.0, "pPicea": 0.0, "pPinus": 0.0, "pAbies": 0.0, "pDouglas": 0.0, "pLarix": 0.0, "pOtherNb": 0.0, "pNoEurop": 0.0, "pNoEuropD": 0.0, "pEurop": 1.0, "pDecid": 1.0, "pConifer": 0.0, "pAll": 1.0, "Cell_id": "4339_3116", "EPSG": 31467, "Netz": 64, "Dichte": 8, "Bl": ";16;" }, "geometry": { "type": "Point", "coordinates": [ 588420.175397121813148, 5668302.516445402987301 ] } },
{ "type": "Feature", "properties": { "Tnr": 51371, "mitRand": 1, "AnzHBbeg": 1, "pHaupt": 1.0, "poHaupt": 0.0, "pQuerus": 0.0, "pFagus": 0.726, "pFraxinus": 0.0, "pCarpinus": 0.0, "pAcer": 0.0, "pTilia": 0.274, "pRobinia": 0.0, "pUlmus": 0.0, "pCastanea": 0.0, "pOtherLH": 0.0, "pBetula": 0.0, "pAlnus": 0.0, "pPopulus": 0.0, "pSalix": 0.0, "pSorbus": 0.0, "pPrunus": 0.0, "pMalus": 0.0, "pPyrus": 0.0, "pOtherLN": 0.0, "pPicea": 0.0, "pPinus": 0.0, "pAbies": 0.0, "pDouglas": 0.0, "pLarix": 0.0, "pOtherNb": 0.0, "pNoEurop": 0.0, "pNoEuropD": 0.0, "pEurop": 1.0, "pDecid": 1.0, "pConifer": 0.0, "pAll": 1.0, "Cell_id": "4343_3116", "EPSG": 31467, "Netz": 16, "Dichte": 8, "Bl": ";16;" }, "geometry": { "type": "Point", "coordinates": [ 592418.556629557511769, 5668356.450564697384834 ] } },
{ "type": "Feature", "properties": { "Tnr": 51373, "mitRand": 0, "AnzHBbeg": 4, "pHaupt": 1.0, "poHaupt": 0.0, "pQuerus": 0.062, "pFagus": 0.885, "pFraxinus": 0.053, "pCarpinus": 0.0, "pAcer": 0.0, "pTilia": 0.0, "pRobinia": 0.0, "pUlmus": 0.0, "pCastanea": 0.0, "pOtherLH": 0.0, "pBetula": 0.0, "pAlnus": 0.0, "pPopulus": 0.0, "pSalix": 0.0, "pSorbus": 0.0, "pPrunus": 0.0, "pMalus": 0.0, "pPyrus": 0.0, "pOtherLN": 0.0, "pPicea": 0.0, "pPinus": 0.0, "pAbies": 0.0, "pDouglas": 0.0, "pLarix": 0.0, "pOtherNb": 0.0, "pNoEurop": 0.0, "pNoEuropD": 0.0, "pEurop": 1.0, "pDecid": 1.0, "pConifer": 0.0, "pAll": 1.0, "Cell_id": "4347_3116", "EPSG": 31467, "Netz": 64, "Dichte": 8, "Bl": ";16;" }, "geometry": { "type": "Point", "coordinates": [ 596416.937838224810548, 5668410.384628179483116 ] } },
{ "type": "Feature", "properties": { "Tnr": 51377, "mitRand": 1, "AnzHBbeg": 1, "pHaupt": 1.0, "poHaupt": 0.0, "pQuerus": 0.0, "pFagus": 0.0, "pFraxinus": 1.0, "pCarpinus": 0.0, "pAcer": 0.0, "pTilia": 0.0, "pRobinia": 0.0, "pUlmus": 0.0, "pCastanea": 0.0, "pOtherLH": 0.0, "pBetula": 0.0, "pAlnus": 0.0, "pPopulus": 0.0, "pSalix": 0.0, "pSorbus": 0.0, "pPrunus": 0.0, "pMalus": 0.0, "pPyrus": 0.0, "pOtherLN": 0.0, "pPicea": 0.0, "pPinus": 0.0, "pAbies": 0.0, "pDouglas": 0.0, "pLarix": 0.0, "pOtherNb": 0.0, "pNoEurop": 0.0, "pNoEuropD": 0.0, "pEurop": 1.0, "pDecid": 1.0, "pConifer": 0.0, "pAll": 1.0, "Cell_id": "4355_3116", "EPSG": 31467, "Netz": 64, "Dichte": 8, "Bl": ";16;" }, "geometry": { "type": "Point", "coordinates": [ 604413.700194562436081, 5668519.252182732336223 ] } },
{ "type": "Feature", "properties": { "Tnr": 51540, "mitRand": 1, "AnzHBbeg": 4, "pHaupt": 1.0, "poHaupt": 0.0, "pQuerus": 0.0, "pFagus": 0.294, "pFraxinus": 0.026, "pCarpinus": 0.05, "pAcer": 0.175, "pTilia": 0.0, "pRobinia": 0.0, "pUlmus": 0.0, "pCastanea": 0.0, "pOtherLH": 0.0, "pBetula": 0.0, "pAlnus": 0.0, "pPopulus": 0.0, "pSalix": 0.0, "pSorbus": 0.0, "pPrunus": 0.0, "pMalus": 0.0, "pPyrus": 0.0, "pOtherLN": 0.0, "pPicea": 0.057, "pPinus": 0.117, "pAbies": 0.0, "pDouglas": 0.0, "pLarix": 0.281, "pOtherNb": 0.0, "pNoEurop": 0.0, "pNoEuropD": 0.0, "pEurop": 1.0, "pDecid": 0.545, "pConifer": 0.455, "pAll": 1.0, "Cell_id": "4341_3114", "EPSG": 31467, "Netz": 8, "Dichte": 8, "Bl": ";16;" }, "geometry": { "type": "Point", "coordinates": [ 590446.333078286028467, 5666330.292941521853209 ] } },
{ "type": "Feature", "properties": { "Tnr": 51542, "mitRand": 0, "AnzHBbeg": 4, "pHaupt": 1.0, "poHaupt": 0.0, "pQuerus": 0.0, "pFagus": 0.721, "pFraxinus": 0.033, "pCarpinus": 0.0, "pAcer": 0.177, "pTilia": 0.068, "pRobinia": 0.0, "pUlmus": 0.0, "pCastanea": 0.0, "pOtherLH": 0.0, "pBetula": 0.0, "pAlnus": 0.0, "pPopulus": 0.0, "pSalix": 0.0, "pSorbus": 0.0, "pPrunus": 0.0, "pMalus": 0.0, "pPyrus": 0.0, "pOtherLN": 0.0, "pPicea": 0.0, "pPinus": 0.0, "pAbies": 0.0, "pDouglas": 0.0, "pLarix": 0.0, "pOtherNb": 0.0, "pNoEurop": 0.0, "pNoEuropD": 0.0, "pEurop": 1.0, "pDecid": 1.0, "pConifer": 0.0, "pAll": 1.0, "Cell_id": "4345_3114", "EPSG": 31467, "Netz": 8, "Dichte": 8, "Bl": ";16;" }, "geometry": { "type": "Point", "coordinates": [ 594444.714270922821015, 5666384.227044781669974 ] } },
{ "type": "Feature", "properties": { "Tnr": 51706, "mitRand": 1, "AnzHBbeg": 2, "pHaupt": 1.0, "poHaupt": 0.0, "pQuerus": 0.16, "pFagus": 0.043, "pFraxinus": 0.0, "pCarpinus": 0.0, "pAcer": 0.0, "pTilia": 0.0, "pRobinia": 0.0, "pUlmus": 0.0, "pCastanea": 0.0, "pOtherLH": 0.0, "pBetula": 0.0, "pAlnus": 0.0, "pPopulus": 0.24, "pSalix": 0.26, "pSorbus": 0.0, "pPrunus": 0.218, "pMalus": 0.0, "pPyrus": 0.0, "pOtherLN": 0.0, "pPicea": 0.0, "pPinus": 0.079, "pAbies": 0.0, "pDouglas": 0.0, "pLarix": 0.0, "pOtherNb": 0.0, "pNoEurop": 0.0, "pNoEuropD": 0.0, "pEurop": 1.0, "pDecid": 0.921, "pConifer": 0.079, "pAll": 1.0, "Cell_id": "4331_3112", "EPSG": 31467, "Netz": 16, "Dichte": 8, "Bl": ";16;" }, "geometry": { "type": "Point", "coordinates": [ 580478.346715239691548, 5664195.267247844487429 ] } },
{ "type": "Feature", "properties": { "Tnr": 51713, "mitRand": 1, "AnzHBbeg": 3, "pHaupt": 1.0, "poHaupt": 0.0, "pQuerus": 0.0, "pFagus": 0.432, "pFraxinus": 0.235, "pCarpinus": 0.0, "pAcer": 0.0, "pTilia": 0.0, "pRobinia": 0.0, "pUlmus": 0.0, "pCastanea": 0.0, "pOtherLH": 0.0, "pBetula": 0.0, "pAlnus": 0.0, "pPopulus": 0.0, "pSalix": 0.0, "pSorbus": 0.0, "pPrunus": 0.0, "pMalus": 0.0, "pPyrus": 0.0, "pOtherLN": 0.0, "pPicea": 0.333, "pPinus": 0.0, "pAbies": 0.0, "pDouglas": 0.0, "pLarix": 0.0, "pOtherNb": 0.0, "pNoEurop": 0.0, "pNoEuropD": 0.0, "pEurop": 1.0, "pDecid": 0.667, "pConifer": 0.333, "pAll": 1.0, "Cell_id": "4347_3112", "EPSG": 31467, "Netz": 16, "Dichte": 8, "Bl": ";16;" }, "geometry": { "type": "Point", "coordinates": [ 596470.87188435671851, 5664412.003536870703101 ] } },
{ "type": "Feature", "properties": { "Tnr": 51728, "mitRand": 1, "AnzHBbeg": 1, "pHaupt": 0.823, "poHaupt": 0.177, "pQuerus": 0.0, "pFagus": 0.0, "pFraxinus": 0.29, "pCarpinus": 0.0, "pAcer": 0.0, "pTilia": 0.0, "pRobinia": 0.0, "pUlmus": 0.0, "pCastanea": 0.0, "pOtherLH": 0.0, "pBetula": 0.0, "pAlnus": 0.0, "pPopulus": 0.0, "pSalix": 0.533, "pSorbus": 0.0, "pPrunus": 0.0, "pMalus": 0.0, "pPyrus": 0.0, "pOtherLN": 0.0, "pPicea": 0.0, "pPinus": 0.0, "pAbies": 0.0, "pDouglas": 0.0, "pLarix": 0.0, "pOtherNb": 0.0, "pNoEurop": 0.0, "pNoEuropD": 0.0, "pEurop": 0.823, "pDecid": 0.823, "pConifer": 0.0, "pAll": 0.823, "Cell_id": "4377_3113", "EPSG": 31468, "Netz": 16, "Dichte": 8, "Bl": ";16;" }, "geometry": { "type": "Point", "coordinates": [ 626446.745759215438738, 5665818.101811061613262 ] } },
{ "type": "Feature", "properties": { "Tnr": 51878, "mitRand": 0, "AnzHBbeg": 4, "pHaupt": 1.0, "poHaupt": 0.0, "pQuerus": 0.0, "pFagus": 0.914, "pFraxinus": 0.0, "pCarpinus": 0.0, "pAcer": 0.056, "pTilia": 0.0, "pRobinia": 0.0, "pUlmus": 0.0, "pCastanea": 0.0, "pOtherLH": 0.0, "pBetula": 0.0, "pAlnus": 0.0, "pPopulus": 0.0, "pSalix": 0.0, "pSorbus": 0.03, "pPrunus": 0.0, "pMalus": 0.0, "pPyrus": 0.0, "pOtherLN": 0.0, "pPicea": 0.0, "pPinus": 0.0, "pAbies": 0.0, "pDouglas": 0.0, "pLarix": 0.0, "pOtherNb": 0.0, "pNoEurop": 0.0, "pNoEuropD": 0.0, "pEurop": 1.0, "pDecid": 1.0, "pConifer": 0.0, "pAll": 1.0, "Cell_id": "4337_3110", "EPSG": 31467, "Netz": 8, "Dichte": 8, "Bl": ";16;" }, "geometry": { "type": "Point", "coordinates": [ 586502.885654528625309, 5662277.977649027481675 ] } },
{ "type": "Feature", "properties": { "Tnr": 51880, "mitRand": 1, "AnzHBbeg": 2, "pHaupt": 1.0, "poHaupt": 0.0, "pQuerus": 0.0, "pFagus": 0.363, "pFraxinus": 0.0, "pCarpinus": 0.5, "pAcer": 0.137, "pTilia": 0.0, "pRobinia": 0.0, "pUlmus": 0.0, "pCastanea": 0.0, "pOtherLH": 0.0, "pBetula": 0.0, "pAlnus": 0.0, "pPopulus": 0.0, "pSalix": 0.0, "pSorbus": 0.0, "pPrunus": 0.0, "pMalus": 0.0, "pPyrus": 0.0, "pOtherLN": 0.0, "pPicea": 0.0, "pPinus": 0.0, "pAbies": 0.0, "pDouglas": 0.0, "pLarix": 0.0, "pOtherNb": 0.0, "pNoEurop": 0.0, "pNoEuropD": 0.0, "pEurop": 1.0, "pDecid": 1.0, "pConifer": 0.0, "pAll": 1.0, "Cell_id": "4341_3110", "EPSG": 31467, "Netz": 8, "Dichte": 8, "Bl": ";16;" }, "geometry": { "type": "Point", "coordinates": [ 590501.266815135255456, 5662331.911831548437476 ] } },
{ "type": "Feature", "properties": { "Tnr": 51882, "mitRand": 0, "AnzHBbeg": 1, "pHaupt": 1.0, "poHaupt": 0.0, "pQuerus": 0.0, "pFagus": 0.364, "pFraxinus": 0.636, "pCarpinus": 0.0, "pAcer": 0.0, "pTilia": 0.0, "pRobinia": 0.0, "pUlmus": 0.0, "pCastanea": 0.0, "pOtherLH": 0.0, "pBetula": 0.0, "pAlnus": 0.0, "pPopulus": 0.0, "pSalix": 0.0, "pSorbus": 0.0, "pPrunus": 0.0, "pMalus": 0.0, "pPyrus": 0.0, "pOtherLN": 0.0, "pPicea": 0.0, "pPinus": 0.0, "pAbies": 0.0, "pDouglas": 0.0, "pLarix": 0.0, "pOtherNb": 0.0, "pNoEurop": 0.0, "pNoEuropD": 0.0, "pEurop": 1.0, "pDecid": 1.0, "pConifer": 0.0, "pAll": 1.0, "Cell_id": "4345_3110", "EPSG": 31467, "Netz": 8, "Dichte": 8, "Bl": ";16;" }, "geometry": { "type": "Point", "coordinates": [ 594499.647952029132284, 5662385.845958547666669 ] } },
{ "type": "Feature", "properties": { "Tnr": 51884, "mitRand": 1, "AnzHBbeg": 4, "pHaupt": 1.0, "poHaupt": 0.0, "pQuerus": 0.0, "pFagus": 0.687, "pFraxinus": 0.173, "pCarpinus": 0.0, "pAcer": 0.139, "pTilia": 0.0, "pRobinia": 0.0, "pUlmus": 0.0, "pCastanea": 0.0, "pOtherLH": 0.0, "pBetula": 0.0, "pAlnus": 0.0, "pPopulus": 0.0, "pSalix": 0.0, "pSorbus": 0.0, "pPrunus": 0.0, "pMalus": 0.0, "pPyrus": 0.0, "pOtherLN": 0.0, "pPicea": 0.0, "pPinus": 0.0, "pAbies": 0.0, "pDouglas": 0.0, "pLarix": 0.0, "pOtherNb": 0.0, "pNoEurop": 0.0, "pNoEuropD": 0.0, "pEurop": 1.0, "pDecid": 1.0, "pConifer": 0.0, "pAll": 1.0, "Cell_id": "4349_3110", "EPSG": 31467, "Netz": 8, "Dichte": 8, "Bl": ";16;" }, "geometry": { "type": "Point", "coordinates": [ 598498.029065025388263, 5662439.780030003748834 ] } },
{ "type": "Feature", "properties": { "Tnr": 51886, "mitRand": 0, "AnzHBbeg": 4, "pHaupt": 1.0, "poHaupt": 0.0, "pQuerus": 0.0, "pFagus": 0.94, "pFraxinus": 0.0, "pCarpinus": 0.0, "pAcer": 0.06, "pTilia": 0.0, "pRobinia": 0.0, "pUlmus": 0.0, "pCastanea": 0.0, "pOtherLH": 0.0, "pBetula": 0.0, "pAlnus": 0.0, "pPopulus": 0.0, "pSalix": 0.0, "pSorbus": 0.0, "pPrunus": 0.0, "pMalus": 0.0, "pPyrus": 0.0, "pOtherLN": 0.0, "pPicea": 0.0, "pPinus": 0.0, "pAbies": 0.0, "pDouglas": 0.0, "pLarix": 0.0, "pOtherNb": 0.0, "pNoEurop": 0.0, "pNoEuropD": 0.0, "pEurop": 1.0, "pDecid": 1.0, "pConifer": 0.0, "pAll": 1.0, "Cell_id": "4353_3110", "EPSG": 31467, "Netz": 8, "Dichte": 8, "Bl": ";16;" }, "geometry": { "type": "Point", "coordinates": [ 602496.410164974047802, 5662494.713640990667045 ] } },
{ "type": "Feature", "properties": { "Tnr": 51925, "mitRand": 0, "AnzHBbeg": 2, "pHaupt": 1.0, "poHaupt": 0.0, "pQuerus": 0.34, "pFagus": 0.0, "pFraxinus": 0.097, "pCarpinus": 0.0, "pAcer": 0.063, "pTilia": 0.0, "pRobinia": 0.0, "pUlmus": 0.0, "pCastanea": 0.0, "pOtherLH": 0.0, "pBetula": 0.0, "pAlnus": 0.0, "pPopulus": 0.0, "pSalix": 0.0, "pSorbus": 0.0, "pPrunus": 0.0, "pMalus": 0.0, "pPyrus": 0.0, "pOtherLN": 0.0, "pPicea": 0.5, "pPinus": 0.0, "pAbies": 0.0, "pDouglas": 0.0, "pLarix": 0.0, "pOtherNb": 0.0, "pNoEurop": 0.0, "pNoEuropD": 0.0, "pEurop": 1.0, "pDecid": 0.5, "pConifer": 0.5, "pAll": 1.0, "Cell_id": "4431_3112", "EPSG": 31468, "Netz": 8, "Dichte": 8, "Bl": ";16;" }, "geometry": { "type": "Point", "coordinates": [ 680450.864619853906333, 5665546.605509242974222 ] } },
{ "type": "Feature", "properties": { "Tnr": 52046, "mitRand": 1, "AnzHBbeg": 3, "pHaupt": 1.0, "poHaupt": 0.0, "pQuerus": 0.0, "pFagus": 0.58, "pFraxinus": 0.0, "pCarpinus": 0.0, "pAcer": 0.119, "pTilia": 0.0, "pRobinia": 0.0, "pUlmus": 0.0, "pCastanea": 0.0, "pOtherLH": 0.0, "pBetula": 0.0, "pAlnus": 0.0, "pPopulus": 0.0, "pSalix": 0.0, "pSorbus": 0.0, "pPrunus": 0.0, "pMalus": 0.0, "pPyrus": 0.0, "pOtherLN": 0.0, "pPicea": 0.0, "pPinus": 0.301, "pAbies": 0.0, "pDouglas": 0.0, "pLarix": 0.0, "pOtherNb": 0.0, "pNoEurop": 0.0, "pNoEuropD": 0.0, "pEurop": 1.0, "pDecid": 0.699, "pConifer": 0.301, "pAll": 1.0, "Cell_id": "4335_3108", "EPSG": 31467, "Netz": 16, "Dichte": 8, "Bl": ";16;" }, "geometry": { "type": "Point", "coordinates": [ 584530.662175817764364, 5660250.820395666174591 ] } },
{ "type": "Feature", "properties": { "Tnr": 52052, "mitRand": 1, "AnzHBbeg": 4, "pHaupt": 1.0, "poHaupt": 0.0, "pQuerus": 0.0, "pFagus": 0.151, "pFraxinus": 0.198, "pCarpinus": 0.0, "pAcer": 0.0, "pTilia": 0.0, "pRobinia": 0.0, "pUlmus": 0.0, "pCastanea": 0.0, "pOtherLH": 0.0, "pBetula": 0.0, "pAlnus": 0.0, "pPopulus": 0.0, "pSalix": 0.069, "pSorbus": 0.0, "pPrunus": 0.0, "pMalus": 0.0, "pPyrus": 0.0, "pOtherLN": 0.0, "pPicea": 0.266, "pPinus": 0.316, "pAbies": 0.0, "pDouglas": 0.0, "pLarix": 0.0, "pOtherNb": 0.0, "pNoEurop": 0.0, "pNoEuropD": 0.0, "pEurop": 1.0, "pDecid": 0.417, "pConifer": 0.583, "pAll": 1.0, "Cell_id": "4347_3108", "EPSG": 31467, "Netz": 64, "Dichte": 8, "Bl": ";16;" }, "geometry": { "type": "Point", "coordinates": [ 596525.805549545795657, 5660413.622490570880473 ] } },
{ "type": "Feature", "properties": { "Tnr": 52054, "mitRand": 0, "AnzHBbeg": 4, "pHaupt": 0.75, "poHaupt": 0.25, "pQuerus": 0.121, "pFagus": 0.0, "pFraxinus": 0.25, "pCarpinus": 0.0, "pAcer": 0.129, "pTilia": 0.0, "pRobinia": 0.0, "pUlmus": 0.0, "pCastanea": 0.0, "pOtherLH": 0.0, "pBetula": 0.0, "pAlnus": 0.0, "pPopulus": 0.25, "pSalix": 0.0, "pSorbus": 0.0, "pPrunus": 0.0, "pMalus": 0.0, "pPyrus": 0.0, "pOtherLN": 0.0, "pPicea": 0.0, "pPinus": 0.0, "pAbies": 0.0, "pDouglas": 0.0, "pLarix": 0.0, "pOtherNb": 0.0, "pNoEurop": 0.25, "pNoEuropD": 0.25, "pEurop": 0.5, "pDecid": 0.75, "pConifer": 0.0, "pAll": 0.75, "Cell_id": "4351_3108", "EPSG": 31467, "Netz": 16, "Dichte": 8, "Bl": ";16;" }, "geometry": { "type": "Point", "coordinates": [ 600524.186622704844922, 5660467.556546268984675 ] } },
{ "type": "Feature", "properties": { "Tnr": 52056, "mitRand": 1, "AnzHBbeg": 3, "pHaupt": 1.0, "poHaupt": 0.0, "pQuerus": 0.278, "pFagus": 0.558, "pFraxinus": 0.0, "pCarpinus": 0.0, "pAcer": 0.055, "pTilia": 0.109, "pRobinia": 0.0, "pUlmus": 0.0, "pCastanea": 0.0, "pOtherLH": 0.0, "pBetula": 0.0, "pAlnus": 0.0, "pPopulus": 0.0, "pSalix": 0.0, "pSorbus": 0.0, "pPrunus": 0.0, "pMalus": 0.0, "pPyrus": 0.0, "pOtherLN": 0.0, "pPicea": 0.0, "pPinus": 0.0, "pAbies": 0.0, "pDouglas": 0.0, "pLarix": 0.0, "pOtherNb": 0.0, "pNoEurop": 0.0, "pNoEuropD": 0.0, "pEurop": 1.0, "pDecid": 1.0, "pConifer": 0.0, "pAll": 1.0, "Cell_id": "4355_3108", "EPSG": 31467, "Netz": 256, "Dichte": 8, "Bl": ";16;" }, "geometry": { "type": "Point", "coordinates": [ 604522.567682716413401, 5660522.490141570568085 ] } },
{ "type": "Feature", "properties": { "Tnr": 52057, "mitRand": 1, "AnzHBbeg": 4, "pHaupt": 1.0, "poHaupt": 0.0, "pQuerus": 0.186, "pFagus": 0.142, "pFraxinus": 0.174, "pCarpinus": 0.044, "pAcer": 0.062, "pTilia": 0.191, "pRobinia": 0.0, "pUlmus": 0.021, "pCastanea": 0.0, "pOtherLH": 0.0, "pBetula": 0.0, "pAlnus": 0.0, "pPopulus": 0.118, "pSalix": 0.0, "pSorbus": 0.0, "pPrunus": 0.0, "pMalus": 0.0, "pPyrus": 0.0, "pOtherLN": 0.0, "pPicea": 0.0, "pPinus": 0.062, "pAbies": 0.0, "pDouglas": 0.0, "pLarix": 0.0, "pOtherNb": 0.0, "pNoEurop": 0.0, "pNoEuropD": 0.0, "pEurop": 1.0, "pDecid": 0.938, "pConifer": 0.062, "pAll": 1.0, "Cell_id": "4357_3108", "EPSG": 31468, "Netz": 256, "Dichte": 8, "Bl": ";16;" }, "geometry": { "type": "Point", "coordinates": [ 606521.758198078838177, 5660549.457120856270194 ] } },
{ "type": "Feature", "properties": { "Tnr": 52085, "mitRand": 1, "AnzHBbeg": 1, "pHaupt": 0.0, "poHaupt": 1.0, "pQuerus": 0.0, "pFagus": 0.0, "pFraxinus": 0.0, "pCarpinus": 0.0, "pAcer": 0.0, "pTilia": 0.0, "pRobinia": 0.0, "pUlmus": 0.0, "pCastanea": 0.0, "pOtherLH": 0.0, "pBetula": 0.0, "pAlnus": 0.0, "pPopulus": 0.0, "pSalix": 0.0, "pSorbus": 0.0, "pPrunus": 0.0, "pMalus": 0.0, "pPyrus": 0.0, "pOtherLN": 0.0, "pPicea": 0.0, "pPinus": 0.0, "pAbies": 0.0, "pDouglas": 0.0, "pLarix": 0.0, "pOtherNb": 0.0, "pNoEurop": 0.0, "pNoEuropD": 0.0, "pEurop": 0.0, "pDecid": 0.0, "pConifer": 0.0, "pAll": 0.0, "Cell_id": "4413_3109", "EPSG": 31468, "Netz": 64, "Dichte": 8, "Bl": ";16;" }, "geometry": { "type": "Point", "coordinates": [ 662493.10373239335604, 5662304.121957940980792 ] } },
{ "type": "Feature", "properties": { "Tnr": 52121, "mitRand": 0, "AnzHBbeg": 2, "pHaupt": 1.0, "poHaupt": 0.0, "pQuerus": 0.0, "pFagus": 0.0, "pFraxinus": 0.0, "pCarpinus": 0.0, "pAcer": 0.0, "pTilia": 0.0, "pRobinia": 0.0, "pUlmus": 0.0, "pCastanea": 0.0, "pOtherLH": 0.0, "pBetula": 0.0, "pAlnus": 0.0, "pPopulus": 1.0, "pSalix": 0.0, "pSorbus": 0.0, "pPrunus": 0.0, "pMalus": 0.0, "pPyrus": 0.0, "pOtherLN": 0.0, "pPicea": 0.0, "pPinus": 0.0, "pAbies": 0.0, "pDouglas": 0.0, "pLarix": 0.0, "pOtherNb": 0.0, "pNoEurop": 1.0, "pNoEuropD": 1.0, "pEurop": 0.0, "pDecid": 1.0, "pConifer": 0.0, "pAll": 1.0, "Cell_id": "4485_3111", "EPSG": 31468, "Netz": 256, "Dichte": 8, "Bl": ";16;" }, "geometry": { "type": "Point", "coordinates": [ 734468.972297997563146, 5665271.100617609918118 ] } },
{ "type": "Feature", "properties": { "Tnr": 52214, "mitRand": 1, "AnzHBbeg": 3, "pHaupt": 1.0, "poHaupt": 0.0, "pQuerus": 0.0, "pFagus": 0.0, "pFraxinus": 0.105, "pCarpinus": 0.0, "pAcer": 0.0, "pTilia": 0.0, "pRobinia": 0.0, "pUlmus": 0.0, "pCastanea": 0.0, "pOtherLH": 0.333, "pBetula": 0.0, "pAlnus": 0.0, "pPopulus": 0.0, "pSalix": 0.0, "pSorbus": 0.0, "pPrunus": 0.108, "pMalus": 0.0, "pPyrus": 0.0, "pOtherLN": 0.0, "pPicea": 0.0, "pPinus": 0.397, "pAbies": 0.0, "pDouglas": 0.0, "pLarix": 0.057, "pOtherNb": 0.0, "pNoEurop": 0.333, "pNoEuropD": 0.333, "pEurop": 0.667, "pDecid": 0.546, "pConifer": 0.454, "pAll": 1.0, "Cell_id": "4333_3106", "EPSG": 31467, "Netz": 8, "Dichte": 8, "Bl": ";16;" }, "geometry": { "type": "Point", "coordinates": [ 582558.438735828734934, 5658224.662725812755525 ] } },
{ "type": "Feature", "properties": { "Tnr": 52216, "mitRand": 1, "AnzHBbeg": 4, "pHaupt": 1.0, "poHaupt": 0.0, "pQuerus": 0.0, "pFagus": 0.5, "pFraxinus": 0.0, "pCarpinus": 0.0, "pAcer": 0.0, "pTilia": 0.0, "pRobinia": 0.0, "pUlmus": 0.0, "pCastanea": 0.0, "pOtherLH": 0.0, "pBetula": 0.0, "pAlnus": 0.0, "pPopulus": 0.0, "pSalix": 0.0, "pSorbus": 0.0, "pPrunus": 0.0, "pMalus": 0.0, "pPyrus": 0.0, "pOtherLN": 0.0, "pPicea": 0.135, "pPinus": 0.316, "pAbies": 0.0, "pDouglas": 0.0, "pLarix": 0.048, "pOtherNb": 0.0, "pNoEurop": 0.0, "pNoEuropD": 0.0, "pEurop": 1.0, "pDecid": 0.5, "pConifer": 0.5, "pAll": 1.0, "Cell_id": "4337_3106", "EPSG": 31467, "Netz": 8, "Dichte": 8, "Bl": ";16;" }, "geometry": { "type": "Point", "coordinates": [ 586556.819875420769677, 5658279.596582354046404 ] } },
{ "type": "Feature", "properties": { "Tnr": 52218, "mitRand": 0, "AnzHBbeg": 2, "pHaupt": 1.0, "poHaupt": 0.0, "pQuerus": 0.0, "pFagus": 0.802, "pFraxinus": 0.077, "pCarpinus": 0.0, "pAcer": 0.06, "pTilia": 0.0, "pRobinia": 0.0, "pUlmus": 0.06, "pCastanea": 0.0, "pOtherLH": 0.0, "pBetula": 0.0, "pAlnus": 0.0, "pPopulus": 0.0, "pSalix": 0.0, "pSorbus": 0.0, "pPrunus": 0.0, "pMalus": 0.0, "pPyrus": 0.0, "pOtherLN": 0.0, "pPicea": 0.0, "pPinus": 0.0, "pAbies": 0.0, "pDouglas": 0.0, "pLarix": 0.0, "pOtherNb": 0.0, "pNoEurop": 0.0, "pNoEuropD": 0.0, "pEurop": 1.0, "pDecid": 1.0, "pConifer": 0.0, "pAll": 1.0, "Cell_id": "4341_3106", "EPSG": 31467, "Netz": 8, "Dichte": 8, "Bl": ";16;" }, "geometry": { "type": "Point", "coordinates": [ 590555.200980499852449, 5658333.530788467265666 ] } },
{ "type": "Feature", "properties": { "Tnr": 52222, "mitRand": 1, "AnzHBbeg": 4, "pHaupt": 1.0, "poHaupt": 0.0, "pQuerus": 0.0, "pFagus": 0.977, "pFraxinus": 0.0, "pCarpinus": 0.0, "pAcer": 0.023, "pTilia": 0.0, "pRobinia": 0.0, "pUlmus": 0.0, "pCastanea": 0.0, "pOtherLH": 0.0, "pBetula": 0.0, "pAlnus": 0.0, "pPopulus": 0.0, "pSalix": 0.0, "pSorbus": 0.0, "pPrunus": 0.0, "pMalus": 0.0, "pPyrus": 0.0, "pOtherLN": 0.0, "pPicea": 0.0, "pPinus": 0.0, "pAbies": 0.0, "pDouglas": 0.0, "pLarix": 0.0, "pOtherNb": 0.0, "pNoEurop": 0.0, "pNoEuropD": 0.0, "pEurop": 1.0, "pDecid": 1.0, "pConifer": 0.0, "pAll": 1.0, "Cell_id": "4349_3106", "EPSG": 31467, "Netz": 8, "Dichte": 8, "Bl": ";16;" }, "geometry": { "type": "Point", "coordinates": [ 598551.963119263062254, 5658441.399034664966166 ] } },
{ "type": "Feature", "properties": { "Tnr": 52224, "mitRand": 1, "AnzHBbeg": 3, "pHaupt": 0.667, "poHaupt": 0.333, "pQuerus": 0.1, "pFagus": 0.419, "pFraxinus": 0.037, "pCarpinus": 0.0, "pAcer": 0.031, "pTilia": 0.0, "pRobinia": 0.0, "pUlmus": 0.0, "pCastanea": 0.0, "pOtherLH": 0.0, "pBetula": 0.0, "pAlnus": 0.0, "pPopulus": 0.0, "pSalix": 0.0, "pSorbus": 0.0, "pPrunus": 0.0, "pMalus": 0.0, "pPyrus": 0.0, "pOtherLN": 0.0, "pPicea": 0.079, "pPinus": 0.0, "pAbies": 0.0, "pDouglas": 0.0, "pLarix": 0.0, "pOtherNb": 0.0, "pNoEurop": 0.0, "pNoEuropD": 0.0, "pEurop": 0.667, "pDecid": 0.588, "pConifer": 0.079, "pAll": 0.667, "Cell_id": "4353_3106", "EPSG": 31467, "Netz": 8, "Dichte": 8, "Bl": ";16;" }, "geometry": { "type": "Point", "coordinates": [ 602550.344152574543841, 5658495.333074702881277 ] } },
{ "type": "Feature", "properties": { "Tnr": 52245, "mitRand": 1, "AnzHBbeg": 1, "pHaupt": 1.0, "poHaupt": 0.0, "pQuerus": 0.0, "pFagus": 0.0, "pFraxinus": 0.0, "pCarpinus": 0.0, "pAcer": 0.0, "pTilia": 0.0, "pRobinia": 0.0, "pUlmus": 0.0, "pCastanea": 0.0, "pOtherLH": 0.0, "pBetula": 0.0, "pAlnus": 0.0, "pPopulus": 0.0, "pSalix": 0.0, "pSorbus": 0.0, "pPrunus": 0.0, "pMalus": 0.0, "pPyrus": 0.0, "pOtherLN": 0.0, "pPicea": 1.0, "pPinus": 0.0, "pAbies": 0.0, "pDouglas": 0.0, "pLarix": 0.0, "pOtherNb": 0.0, "pNoEurop": 1.0, "pNoEuropD": 1.0, "pEurop": 0.0, "pDecid": 0.0, "pConifer": 1.0, "pAll": 1.0, "Cell_id": "4395_3107", "EPSG": 31468, "Netz": 8, "Dichte": 8, "Bl": ";16;" }, "geometry": { "type": "Point", "coordinates": [ 644523.358737869886681, 5660062.231872382573783 ] } },
{ "type": "Feature", "properties": { "Tnr": 52251, "mitRand": 1, "AnzHBbeg": 3, "pHaupt": 1.0, "poHaupt": 0.0, "pQuerus": 0.0, "pFagus": 0.0, "pFraxinus": 0.653, "pCarpinus": 0.072, "pAcer": 0.154, "pTilia": 0.104, "pRobinia": 0.0, "pUlmus": 0.0, "pCastanea": 0.0, "pOtherLH": 0.0, "pBetula": 0.0, "pAlnus": 0.0, "pPopulus": 0.0, "pSalix": 0.0, "pSorbus": 0.018, "pPrunus": 0.0, "pMalus": 0.0, "pPyrus": 0.0, "pOtherLN": 0.0, "pPicea": 0.0, "pPinus": 0.0, "pAbies": 0.0, "pDouglas": 0.0, "pLarix": 0.0, "pOtherNb": 0.0, "pNoEurop": 0.0, "pNoEuropD": 0.0, "pEurop": 1.0, "pDecid": 1.0, "pConifer": 0.0, "pAll": 1.0, "Cell_id": "4407_3107", "EPSG": 31468, "Netz": 8, "Dichte": 8, "Bl": ";16;" }, "geometry": { "type": "Point", "coordinates": [ 656521.49971322726924, 5660224.031855700537562 ] } },
{ "type": "Feature", "properties": { "Tnr": 52267, "mitRand": 0, "AnzHBbeg": 1, "pHaupt": 1.0, "poHaupt": 0.0, "pQuerus": 0.737, "pFagus": 0.0, "pFraxinus": 0.0, "pCarpinus": 0.083, "pAcer": 0.0, "pTilia": 0.18, "pRobinia": 0.0, "pUlmus": 0.0, "pCastanea": 0.0, "pOtherLH": 0.0, "pBetula": 0.0, "pAlnus": 0.0, "pPopulus": 0.0, "pSalix": 0.0, "pSorbus": 0.0, "pPrunus": 0.0, "pMalus": 0.0, "pPyrus": 0.0, "pOtherLN": 0.0, "pPicea": 0.0, "pPinus": 0.0, "pAbies": 0.0, "pDouglas": 0.0, "pLarix": 0.0, "pOtherNb": 0.0, "pNoEurop": 0.0, "pNoEuropD": 0.0, "pEurop": 1.0, "pDecid": 1.0, "pConifer": 0.0, "pAll": 1.0, "Cell_id": "4439_3108", "EPSG": 31468, "Netz": 8, "Dichte": 8, "Bl": ";16;" }, "geometry": { "type": "Point", "coordinates": [ 688504.557301283581182, 5661654.09150829911232 ] } },
{ "type": "Feature", "properties": { "Tnr": 52268, "mitRand": 1, "AnzHBbeg": 1, "pHaupt": 1.0, "poHaupt": 0.0, "pQuerus": 0.0, "pFagus": 0.0, "pFraxinus": 0.824, "pCarpinus": 0.0, "pAcer": 0.176, "pTilia": 0.0, "pRobinia": 0.0, "pUlmus": 0.0, "pCastanea": 0.0, "pOtherLH": 0.0, "pBetula": 0.0, "pAlnus": 0.0, "pPopulus": 0.0, "pSalix": 0.0, "pSorbus": 0.0, "pPrunus": 0.0, "pMalus": 0.0, "pPyrus": 0.0, "pOtherLN": 0.0, "pPicea": 0.0, "pPinus": 0.0, "pAbies": 0.0, "pDouglas": 0.0, "pLarix": 0.0, "pOtherNb": 0.0, "pNoEurop": 0.0, "pNoEuropD": 0.0, "pEurop": 1.0, "pDecid": 1.0, "pConifer": 0.0, "pAll": 1.0, "Cell_id": "4441_3108", "EPSG": 31468, "Netz": 4, "Dichte": 4, "Bl": ";15;" }, "geometry": { "type": "Point", "coordinates": [ 690503.747539769625291, 5661681.057901447638869 ] } },
{ "type": "Feature", "properties": { "Tnr": 52287, "mitRand": 1, "AnzHBbeg": 3, "pHaupt": 0.667, "poHaupt": 0.333, "pQuerus": 0.0, "pFagus": 0.0, "pFraxinus": 0.0, "pCarpinus": 0.0, "pAcer": 0.0, "pTilia": 0.0, "pRobinia": 0.0, "pUlmus": 0.0, "pCastanea": 0.0, "pOtherLH": 0.0, "pBetula": 0.333, "pAlnus": 0.0, "pPopulus": 0.0, "pSalix": 0.333, "pSorbus": 0.0, "pPrunus": 0.0, "pMalus": 0.0, "pPyrus": 0.0, "pOtherLN": 0.0, "pPicea": 0.0, "pPinus": 0.0, "pAbies": 0.0, "pDouglas": 0.0, "pLarix": 0.0, "pOtherNb": 0.0, "pNoEurop": 0.0, "pNoEuropD": 0.0, "pEurop": 0.667, "pDecid": 0.667, "pConifer": 0.0, "pAll": 0.667, "Cell_id": "4479_3109", "EPSG": 31468, "Netz": 8, "Dichte": 4, "Bl": ";15;" }, "geometry": { "type": "Point", "coordinates": [ 728494.369700517156161, 5663190.012735108844936 ] } },
{ "type": "Feature", "properties": { "Tnr": 52394, "mitRand": 1, "AnzHBbeg": 4, "pHaupt": 1.0, "poHaupt": 0.0, "pQuerus": 0.0, "pFagus": 0.527, "pFraxinus": 0.0, "pCarpinus": 0.0, "pAcer": 0.0, "pTilia": 0.0, "pRobinia": 0.0, "pUlmus": 0.0, "pCastanea": 0.0, "pOtherLH": 0.0, "pBetula": 0.0, "pAlnus": 0.0, "pPopulus": 0.0, "pSalix": 0.0, "pSorbus": 0.0, "pPrunus": 0.0, "pMalus": 0.0, "pPyrus": 0.0, "pOtherLN": 0.0, "pPicea": 0.441, "pPinus": 0.0, "pAbies": 0.0, "pDouglas": 0.0, "pLarix": 0.032, "pOtherNb": 0.0, "pNoEurop": 0.0, "pNoEuropD": 0.0, "pEurop": 1.0, "pDecid": 0.527, "pConifer": 0.473, "pAll": 1.0, "Cell_id": "4355_3104", "EPSG": 31467, "Netz": 16, "Dichte": 8, "Bl": ";16;" }, "geometry": { "type": "Point", "coordinates": [ 604576.501654672320001, 5656523.109615353867412 ] } },
{ "type": "Feature", "properties": { "Tnr": 52397, "mitRand": 1, "AnzHBbeg": 4, "pHaupt": 1.0, "poHaupt": 0.0, "pQuerus": 0.149, "pFagus": 0.0, "pFraxinus": 0.288, "pCarpinus": 0.0, "pAcer": 0.0, "pTilia": 0.0, "pRobinia": 0.0, "pUlmus": 0.0, "pCastanea": 0.0, "pOtherLH": 0.0, "pBetula": 0.128, "pAlnus": 0.0, "pPopulus": 0.0, "pSalix": 0.047, "pSorbus": 0.0, "pPrunus": 0.144, "pMalus": 0.0, "pPyrus": 0.0, "pOtherLN": 0.0, "pPicea": 0.244, "pPinus": 0.0, "pAbies": 0.0, "pDouglas": 0.0, "pLarix": 0.0, "pOtherNb": 0.0, "pNoEurop": 0.0, "pNoEuropD": 0.0, "pEurop": 1.0, "pDecid": 0.756, "pConifer": 0.244, "pAll": 1.0, "Cell_id": "4361_3104", "EPSG": 31468, "Netz": 16, "Dichte": 8, "Bl": ";16;" }, "geometry": { "type": "Point", "coordinates": [ 610574.073110093362629, 5656605.010143375024199 ] } },
{ "type": "Feature", "properties": { "Tnr": 52403, "mitRand": 0, "AnzHBbeg": 2, "pHaupt": 1.0, "poHaupt": 0.0, "pQuerus": 0.067, "pFagus": 0.0, "pFraxinus": 0.0, "pCarpinus": 0.0, "pAcer": 0.0, "pTilia": 0.0, "pRobinia": 0.0, "pUlmus": 0.0, "pCastanea": 0.0, "pOtherLH": 0.0, "pBetula": 0.554, "pAlnus": 0.0, "pPopulus": 0.0, "pSalix": 0.0, "pSorbus": 0.0, "pPrunus": 0.0, "pMalus": 0.0, "pPyrus": 0.0, "pOtherLN": 0.0, "pPicea": 0.126, "pPinus": 0.254, "pAbies": 0.0, "pDouglas": 0.0, "pLarix": 0.0, "pOtherNb": 0.0, "pNoEurop": 0.0, "pNoEuropD": 0.0, "pEurop": 1.0, "pDecid": 0.621, "pConifer": 0.379, "pAll": 1.0, "Cell_id": "4373_3104", "EPSG": 31468, "Netz": 16, "Dichte": 8, "Bl": ";16;" }, "geometry": { "type": "Point", "coordinates": [ 622570.215426708338782, 5656766.811624377965927 ] } },
{ "type": "Feature", "properties": { "Tnr": 52417, "mitRand": 1, "AnzHBbeg": 1, "pHaupt": 1.0, "poHaupt": 0.0, "pQuerus": 0.0, "pFagus": 0.0, "pFraxinus": 0.0, "pCarpinus": 0.0, "pAcer": 0.0, "pTilia": 0.0, "pRobinia": 0.0, "pUlmus": 0.0, "pCastanea": 0.0, "pOtherLH": 0.0, "pBetula": 0.0, "pAlnus": 0.0, "pPopulus": 1.0, "pSalix": 0.0, "pSorbus": 0.0, "pPrunus": 0.0, "pMalus": 0.0, "pPyrus": 0.0, "pOtherLN": 0.0, "pPicea": 0.0, "pPinus": 0.0, "pAbies": 0.0, "pDouglas": 0.0, "pLarix": 0.0, "pOtherNb": 0.0, "pNoEurop": 1.0, "pNoEuropD": 1.0, "pEurop": 0.0, "pDecid": 1.0, "pConifer": 0.0, "pAll": 1.0, "Cell_id": "4401_3105", "EPSG": 31468, "Netz": 16, "Dichte": 8, "Bl": ";16;" }, "geometry": { "type": "Point", "coordinates": [ 650549.895724266185425, 5658143.941601794213057 ] } },
{ "type": "Feature", "properties": { "Tnr": 52457, "mitRand": 0, "AnzHBbeg": 1, "pHaupt": 1.0, "poHaupt": 0.0, "pQuerus": 0.0, "pFagus": 0.0, "pFraxinus": 0.0, "pCarpinus": 0.0, "pAcer": 0.0, "pTilia": 0.0, "pRobinia": 0.0, "pUlmus": 0.0, "pCastanea": 0.0, "pOtherLH": 0.0, "pBetula": 1.0, "pAlnus": 0.0, "pPopulus": 0.0, "pSalix": 0.0, "pSorbus": 0.0, "pPrunus": 0.0, "pMalus": 0.0, "pPyrus": 0.0, "pOtherLN": 0.0, "pPicea": 0.0, "pPinus": 0.0, "pAbies": 0.0, "pDouglas": 0.0, "pLarix": 0.0, "pOtherNb": 0.0, "pNoEurop": 0.0, "pNoEuropD": 0.0, "pEurop": 1.0, "pDecid": 1.0, "pConifer": 0.0, "pAll": 1.0, "Cell_id": "4481_3107", "EPSG": 31468, "Netz": 16, "Dichte": 8, "Bl": ";16;" }, "geometry": { "type": "Point", "coordinates": [ 730521.525485618738458, 5661216.789188044145703 ] } },
{ "type": "Feature", "properties": { "Tnr": 52459, "mitRand": 0, "AnzHBbeg": 2, "pHaupt": 1.0, "poHaupt": 0.0, "pQuerus": 0.016, "pFagus": 0.0, "pFraxinus": 0.0, "pCarpinus": 0.0, "pAcer": 0.0, "pTilia": 0.236, "pRobinia": 0.748, "pUlmus": 0.0, "pCastanea": 0.0, "pOtherLH": 0.0, "pBetula": 0.0, "pAlnus": 0.0, "pPopulus": 0.0, "pSalix": 0.0, "pSorbus": 0.0, "pPrunus": 0.0, "pMalus": 0.0, "pPyrus": 0.0, "pOtherLN": 0.0, "pPicea": 0.0, "pPinus": 0.0, "pAbies": 0.0, "pDouglas": 0.0, "pLarix": 0.0, "pOtherNb": 0.0, "pNoEurop": 0.748, "pNoEuropD": 0.748, "pEurop": 0.252, "pDecid": 1.0, "pConifer": 0.0, "pAll": 1.0, "Cell_id": "4485_3107", "EPSG": 31468, "Netz": 16, "Dichte": 8, "Bl": ";16;" }, "geometry": { "type": "Point", "coordinates": [ 734522.904405549052171, 5661269.721749281510711 ] } },
{ "type": "Feature", "properties": { "Tnr": 52461, "mitRand": 1, "AnzHBbeg": 4, "pHaupt": 1.0, "poHaupt": 0.0, "pQuerus": 0.434, "pFagus": 0.116, "pFraxinus": 0.0, "pCarpinus": 0.0, "pAcer": 0.0, "pTilia": 0.0, "pRobinia": 0.0, "pUlmus": 0.0, "pCastanea": 0.0, "pOtherLH": 0.0, "pBetula": 0.0, "pAlnus": 0.0, "pPopulus": 0.0, "pSalix": 0.0, "pSorbus": 0.0, "pPrunus": 0.0, "pMalus": 0.0, "pPyrus": 0.0, "pOtherLN": 0.0, "pPicea": 0.0, "pPinus": 0.283, "pAbies": 0.0, "pDouglas": 0.0, "pLarix": 0.167, "pOtherNb": 0.0, "pNoEurop": 0.0, "pNoEuropD": 0.0, "pEurop": 1.0, "pDecid": 0.551, "pConifer": 0.449, "pAll": 1.0, "Cell_id": "4489_3108", "EPSG": 31468, "Netz": 16, "Dichte": 8, "Bl": ";16;" }, "geometry": { "type": "Point", "coordinates": [ 738510.300496283685789, 5662324.248457632027566 ] } },
{ "type": "Feature", "properties": { "Tnr": 52554, "mitRand": 1, "AnzHBbeg": 2, "pHaupt": 1.0, "poHaupt": 0.0, "pQuerus": 0.0, "pFagus": 0.0, "pFraxinus": 0.5, "pCarpinus": 0.0, "pAcer": 0.0, "pTilia": 0.0, "pRobinia": 0.0, "pUlmus": 0.0, "pCastanea": 0.0, "pOtherLH": 0.0, "pBetula": 0.0, "pAlnus": 0.0, "pPopulus": 0.0, "pSalix": 0.0, "pSorbus": 0.0, "pPrunus": 0.0, "pMalus": 0.0, "pPyrus": 0.149, "pOtherLN": 0.0, "pPicea": 0.0, "pPinus": 0.351, "pAbies": 0.0, "pDouglas": 0.0, "pLarix": 0.0, "pOtherNb": 0.0, "pNoEurop": 0.0, "pNoEuropD": 0.0, "pEurop": 1.0, "pDecid": 0.649, "pConifer": 0.351, "pAll": 1.0, "Cell_id": "4341_3102", "EPSG": 31467, "Netz": 8, "Dichte": 8, "Bl": ";16;" }, "geometry": { "type": "Point", "coordinates": [ 590609.135169556946494, 5654335.149801089428365 ] } },
{ "type": "Feature", "properties": { "Tnr": 52560, "mitRand": 1, "AnzHBbeg": 2, "pHaupt": 1.0, "poHaupt": 0.0, "pQuerus": 0.078, "pFagus": 0.364, "pFraxinus": 0.35, "pCarpinus": 0.0, "pAcer": 0.209, "pTilia": 0.0, "pRobinia": 0.0, "pUlmus": 0.0, "pCastanea": 0.0, "pOtherLH": 0.0, "pBetula": 0.0, "pAlnus": 0.0, "pPopulus": 0.0, "pSalix": 0.0, "pSorbus": 0.0, "pPrunus": 0.0, "pMalus": 0.0, "pPyrus": 0.0, "pOtherLN": 0.0, "pPicea": 0.0, "pPinus": 0.0, "pAbies": 0.0, "pDouglas": 0.0, "pLarix": 0.0, "pOtherNb": 0.0, "pNoEurop": 0.0, "pNoEuropD": 0.0, "pEurop": 1.0, "pDecid": 1.0, "pConifer": 0.0, "pAll": 1.0, "Cell_id": "4353_3102", "EPSG": 31467, "Netz": 8, "Dichte": 8, "Bl": ";16;" }, "geometry": { "type": "Point", "coordinates": [ 602604.278175462270156, 5654496.952159290201962 ] } },
{ "type": "Feature", "properties": { "Tnr": 52562, "mitRand": 1, "AnzHBbeg": 4, "pHaupt": 1.0, "poHaupt": 0.0, "pQuerus": 0.11, "pFagus": 0.344, "pFraxinus": 0.018, "pCarpinus": 0.042, "pAcer": 0.13, "pTilia": 0.154, "pRobinia": 0.0, "pUlmus": 0.0, "pCastanea": 0.0, "pOtherLH": 0.0, "pBetula": 0.025, "pAlnus": 0.0, "pPopulus": 0.0, "pSalix": 0.056, "pSorbus": 0.0, "pPrunus": 0.0, "pMalus": 0.0, "pPyrus": 0.0, "pOtherLN": 0.0, "pPicea": 0.122, "pPinus": 0.0, "pAbies": 0.0, "pDouglas": 0.0, "pLarix": 0.0, "pOtherNb": 0.0, "pNoEurop": 0.0, "pNoEuropD": 0.0, "pEurop": 1.0, "pDecid": 0.878, "pConifer": 0.122, "pAll": 1.0, "Cell_id": "4356_3102", "EPSG": 31468, "Netz": 8, "Dichte": 8, "Bl": ";16;" }, "geometry": { "type": "Point", "coordinates": [ 605603.063898452441208, 5654537.902468743734062 ] } },
{ "type": "Feature", "properties": { "Tnr": 52574, "mitRand": 0, "AnzHBbeg": 4, "pHaupt": 1.0, "poHaupt": 0.0, "pQuerus": 0.601, "pFagus": 0.195, "pFraxinus": 0.0, "pCarpinus": 0.0, "pAcer": 0.0, "pTilia": 0.0, "pRobinia": 0.0, "pUlmus": 0.0, "pCastanea": 0.0, "pOtherLH": 0.0, "pBetula": 0.0, "pAlnus": 0.0, "pPopulus": 0.0, "pSalix": 0.0, "pSorbus": 0.0, "pPrunus": 0.0, "pMalus": 0.0, "pPyrus": 0.0, "pOtherLN": 0.0, "pPicea": 0.0, "pPinus": 0.0, "pAbies": 0.0, "pDouglas": 0.0, "pLarix": 0.204, "pOtherNb": 0.0, "pNoEurop": 0.0, "pNoEuropD": 0.0, "pEurop": 1.0, "pDecid": 0.796, "pConifer": 0.204, "pAll": 1.0, "Cell_id": "4379_3103", "EPSG": 31468, "Netz": 8, "Dichte": 8, "Bl": ";16;" }, "geometry": { "type": "Point", "coordinates": [ 628581.769916443852708, 5655848.116991095244884 ] } },
{ "type": "Feature", "properties": { "Tnr": 52612, "mitRand": 1, "AnzHBbeg": 2, "pHaupt": 0.5, "poHaupt": 0.5, "pQuerus": 0.0, "pFagus": 0.0, "pFraxinus": 0.0, "pCarpinus": 0.0, "pAcer": 0.0, "pTilia": 0.0, "pRobinia": 0.0, "pUlmus": 0.0, "pCastanea": 0.0, "pOtherLH": 0.0, "pBetula": 0.0, "pAlnus": 0.5, "pPopulus": 0.0, "pSalix": 0.0, "pSorbus": 0.0, "pPrunus": 0.0, "pMalus": 0.0, "pPyrus": 0.0, "pOtherLN": 0.0, "pPicea": 0.0, "pPinus": 0.0, "pAbies": 0.0, "pDouglas": 0.0, "pLarix": 0.0, "pOtherNb": 0.0, "pNoEurop": 0.0, "pNoEuropD": 0.0, "pEurop": 0.5, "pDecid": 0.5, "pConifer": 0.0, "pAll": 0.5, "Cell_id": "4455_3105", "EPSG": 31468, "Netz": 8, "Dichte": 4, "Bl": ";15;" }, "geometry": { "type": "Point", "coordinates": [ 704545.025789447245188, 5658869.037796404212713 ] } },
{ "type": "Feature", "properties": { "Tnr": 52632, "mitRand": 1, "AnzHBbeg": 4, "pHaupt": 1.0, "poHaupt": 0.0, "pQuerus": 0.088, "pFagus": 0.301, "pFraxinus": 0.117, "pCarpinus": 0.08, "pAcer": 0.179, "pTilia": 0.098, "pRobinia": 0.0, "pUlmus": 0.0, "pCastanea": 0.0, "pOtherLH": 0.0, "pBetula": 0.0, "pAlnus": 0.138, "pPopulus": 0.0, "pSalix": 0.0, "pSorbus": 0.0, "pPrunus": 0.0, "pMalus": 0.0, "pPyrus": 0.0, "pOtherLN": 0.0, "pPicea": 0.0, "pPinus": 0.0, "pAbies": 0.0, "pDouglas": 0.0, "pLarix": 0.0, "pOtherNb": 0.0, "pNoEurop": 0.0, "pNoEuropD": 0.0, "pEurop": 1.0, "pDecid": 1.0, "pConifer": 0.0, "pAll": 1.0, "Cell_id": "4495_3106", "EPSG": 31468, "Netz": 8, "Dichte": 8, "Bl": ";16;" }, "geometry": { "type": "Point", "coordinates": [ 744538.834998850477859, 5660403.957316742278636 ] } },
{ "type": "Feature", "properties": { "Tnr": 52719, "mitRand": 1, "AnzHBbeg": 4, "pHaupt": 1.0, "poHaupt": 0.0, "pQuerus": 0.0, "pFagus": 1.0, "pFraxinus": 0.0, "pCarpinus": 0.0, "pAcer": 0.0, "pTilia": 0.0, "pRobinia": 0.0, "pUlmus": 0.0, "pCastanea": 0.0, "pOtherLH": 0.0, "pBetula": 0.0, "pAlnus": 0.0, "pPopulus": 0.0, "pSalix": 0.0, "pSorbus": 0.0, "pPrunus": 0.0, "pMalus": 0.0, "pPyrus": 0.0, "pOtherLN": 0.0, "pPicea": 0.0, "pPinus": 0.0, "pAbies": 0.0, "pDouglas": 0.0, "pLarix": 0.0, "pOtherNb": 0.0, "pNoEurop": 0.0, "pNoEuropD": 0.0, "pEurop": 1.0, "pDecid": 1.0, "pConifer": 0.0, "pAll": 1.0, "Cell_id": "4335_3100", "EPSG": 31467, "Netz": 16, "Dichte": 8, "Bl": ";16;" }, "geometry": { "type": "Point", "coordinates": [ 584638.530719955684617, 5652254.058350177481771 ] } },
{ "type": "Feature", "properties": { "Tnr": 52757, "mitRand": 1, "AnzHBbeg": 4, "pHaupt": 1.0, "poHaupt": 0.0, "pQuerus": 0.0, "pFagus": 0.0, "pFraxinus": 0.402, "pCarpinus": 0.0, "pAcer": 0.0, "pTilia": 0.0, "pRobinia": 0.0, "pUlmus": 0.0, "pCastanea": 0.0, "pOtherLH": 0.0, "pBetula": 0.173, "pAlnus": 0.0, "pPopulus": 0.0, "pSalix": 0.077, "pSorbus": 0.0, "pPrunus": 0.0, "pMalus": 0.0, "pPyrus": 0.0, "pOtherLN": 0.0, "pPicea": 0.348, "pPinus": 0.0, "pAbies": 0.0, "pDouglas": 0.0, "pLarix": 0.0, "pOtherNb": 0.0, "pNoEurop": 0.0, "pNoEuropD": 0.0, "pEurop": 1.0, "pDecid": 0.652, "pConifer": 0.348, "pAll": 1.0, "Cell_id": "4409_3101", "EPSG": 31468, "Netz": 16, "Dichte": 8, "Bl": ";16;" }, "geometry": { "type": "Point", "coordinates": [ 658601.589910370530561, 5654252.428045260719955 ] } },
{ "type": "Feature", "properties": { "Tnr": 52759, "mitRand": 1, "AnzHBbeg": 4, "pHaupt": 1.0, "poHaupt": 0.0, "pQuerus": 0.096, "pFagus": 0.042, "pFraxinus": 0.1, "pCarpinus": 0.117, "pAcer": 0.13, "pTilia": 0.189, "pRobinia": 0.0, "pUlmus": 0.0, "pCastanea": 0.0, "pOtherLH": 0.0, "pBetula": 0.076, "pAlnus": 0.0, "pPopulus": 0.0, "pSalix": 0.25, "pSorbus": 0.0, "pPrunus": 0.0, "pMalus": 0.0, "pPyrus": 0.0, "pOtherLN": 0.0, "pPicea": 0.0, "pPinus": 0.0, "pAbies": 0.0, "pDouglas": 0.0, "pLarix": 0.0, "pOtherNb": 0.0, "pNoEurop": 0.0, "pNoEuropD": 0.0, "pEurop": 1.0, "pDecid": 1.0, "pConifer": 0.0, "pAll": 1.0, "Cell_id": "4413_3101", "EPSG": 31468, "Netz": 64, "Dichte": 8, "Bl": ";16;" }, "geometry": { "type": "Point", "coordinates": [ 662600.970084912725724, 5654306.361273993737996 ] } },
{ "type": "Feature", "properties": { "Tnr": 52761, "mitRand": 1, "AnzHBbeg": 1, "pHaupt": 0.0, "poHaupt": 1.0, "pQuerus": 0.0, "pFagus": 0.0, "pFraxinus": 0.0, "pCarpinus": 0.0, "pAcer": 0.0, "pTilia": 0.0, "pRobinia": 0.0, "pUlmus": 0.0, "pCastanea": 0.0, "pOtherLH": 0.0, "pBetula": 0.0, "pAlnus": 0.0, "pPopulus": 0.0, "pSalix": 0.0, "pSorbus": 0.0, "pPrunus": 0.0, "pMalus": 0.0, "pPyrus": 0.0, "pOtherLN": 0.0, "pPicea": 0.0, "pPinus": 0.0, "pAbies": 0.0, "pDouglas": 0.0, "pLarix": 0.0, "pOtherNb": 0.0, "pNoEurop": 0.0, "pNoEuropD": 0.0, "pEurop": 0.0, "pDecid": 0.0, "pConifer": 0.0, "pAll": 0.0, "Cell_id": "4417_3102", "EPSG": 31468, "Netz": 16, "Dichte": 8, "Bl": ";16;" }, "geometry": { "type": "Point", "coordinates": [ 666587.366742348764092, 5655359.88955859746784 ] } },
{ "type": "Feature", "properties": { "Tnr": 52779, "mitRand": 1, "AnzHBbeg": 1, "pHaupt": 1.0, "poHaupt": 0.0, "pQuerus": 0.454, "pFagus": 0.0, "pFraxinus": 0.0, "pCarpinus": 0.44, "pAcer": 0.0, "pTilia": 0.106, "pRobinia": 0.0, "pUlmus": 0.0, "pCastanea": 0.0, "pOtherLH": 0.0, "pBetula": 0.0, "pAlnus": 0.0, "pPopulus": 0.0, "pSalix": 0.0, "pSorbus": 0.0, "pPrunus": 0.0, "pMalus": 0.0, "pPyrus": 0.0, "pOtherLN": 0.0, "pPicea": 0.0, "pPinus": 0.0, "pAbies": 0.0, "pDouglas": 0.0, "pLarix": 0.0, "pOtherNb": 0.0, "pNoEurop": 0.0, "pNoEuropD": 0.0, "pEurop": 1.0, "pDecid": 1.0, "pConifer": 0.0, "pAll": 1.0, "Cell_id": "4453_3103", "EPSG": 31468, "Netz": 64, "Dichte": 8, "Bl": ";16;" }, "geometry": { "type": "Point", "coordinates": [ 702571.80233057809528, 5656841.881781828589737 ] } },
{ "type": "Feature", "properties": { "Tnr": 52801, "mitRand": 1, "AnzHBbeg": 2, "pHaupt": 1.0, "poHaupt": 0.0, "pQuerus": 1.0, "pFagus": 0.0, "pFraxinus": 0.0, "pCarpinus": 0.0, "pAcer": 0.0, "pTilia": 0.0, "pRobinia": 0.0, "pUlmus": 0.0, "pCastanea": 0.0, "pOtherLH": 0.0, "pBetula": 0.0, "pAlnus": 0.0, "pPopulus": 0.0, "pSalix": 0.0, "pSorbus": 0.0, "pPrunus": 0.0, "pMalus": 0.0, "pPyrus": 0.0, "pOtherLN": 0.0, "pPicea": 0.0, "pPinus": 0.0, "pAbies": 0.0, "pDouglas": 0.0, "pLarix": 0.0, "pOtherNb": 0.0, "pNoEurop": 0.0, "pNoEuropD": 0.0, "pEurop": 1.0, "pDecid": 1.0, "pConifer": 0.0, "pAll": 1.0, "Cell_id": "4497_3104", "EPSG": 31468, "Netz": 16, "Dichte": 8, "Bl": ";14;16;" }, "geometry": { "type": "Point", "coordinates": [ 746566.99018365284428, 5658429.734144170768559 ] } },
{ "type": "Feature", "properties": { "Tnr": 52886, "mitRand": 0, "AnzHBbeg": 4, "pHaupt": 1.0, "poHaupt": 0.0, "pQuerus": 0.0, "pFagus": 0.04, "pFraxinus": 0.0, "pCarpinus": 0.0, "pAcer": 0.0, "pTilia": 0.0, "pRobinia": 0.0, "pUlmus": 0.0, "pCastanea": 0.0, "pOtherLH": 0.0, "pBetula": 0.0, "pAlnus": 0.0, "pPopulus": 0.0, "pSalix": 0.0, "pSorbus": 0.0, "pPrunus": 0.0, "pMalus": 0.0, "pPyrus": 0.0, "pOtherLN": 0.0, "pPicea": 0.647, "pPinus": 0.29, "pAbies": 0.0, "pDouglas": 0.0, "pLarix": 0.023, "pOtherNb": 0.0, "pNoEurop": 0.0, "pNoEuropD": 0.0, "pEurop": 1.0, "pDecid": 0.04, "pConifer": 0.96, "pAll": 1.0, "Cell_id": "4325_3098", "EPSG": 31467, "Netz": 8, "Dichte": 8, "Bl": ";16;" }, "geometry": { "type": "Point", "coordinates": [ 574670.544847353477962, 5650120.031920187175274 ] } },
{ "type": "Feature", "properties": { "Tnr": 52888, "mitRand": 0, "AnzHBbeg": 2, "pHaupt": 1.0, "poHaupt": 0.0, "pQuerus": 0.0, "pFagus": 0.759, "pFraxinus": 0.0, "pCarpinus": 0.0, "pAcer": 0.0, "pTilia": 0.0, "pRobinia": 0.0, "pUlmus": 0.0, "pCastanea": 0.0, "pOtherLH": 0.0, "pBetula": 0.0, "pAlnus": 0.0, "pPopulus": 0.0, "pSalix": 0.0, "pSorbus": 0.0, "pPrunus": 0.0, "pMalus": 0.0, "pPyrus": 0.0, "pOtherLN": 0.0, "pPicea": 0.076, "pPinus": 0.165, "pAbies": 0.0, "pDouglas": 0.0, "pLarix": 0.0, "pOtherNb": 0.0, "pNoEurop": 0.0, "pNoEuropD": 0.0, "pEurop": 1.0, "pDecid": 0.759, "pConifer": 0.241, "pAll": 1.0, "Cell_id": "4329_3098", "EPSG": 31467, "Netz": 8, "Dichte": 8, "Bl": ";16;" }, "geometry": { "type": "Point", "coordinates": [ 578668.925912153092213, 5650173.966338293626904 ] } },
{ "type": "Feature", "properties": { "Tnr": 52891, "mitRand": 0, "AnzHBbeg": 1, "pHaupt": 1.0, "poHaupt": 0.0, "pQuerus": 0.0, "pFagus": 1.0, "pFraxinus": 0.0, "pCarpinus": 0.0, "pAcer": 0.0, "pTilia": 0.0, "pRobinia": 0.0, "pUlmus": 0.0, "pCastanea": 0.0, "pOtherLH": 0.0, "pBetula": 0.0, "pAlnus": 0.0, "pPopulus": 0.0, "pSalix": 0.0, "pSorbus": 0.0, "pPrunus": 0.0, "pMalus": 0.0, "pPyrus": 0.0, "pOtherLN": 0.0, "pPicea": 0.0, "pPinus": 0.0, "pAbies": 0.0, "pDouglas": 0.0, "pLarix": 0.0, "pOtherNb": 0.0, "pNoEurop": 0.0, "pNoEuropD": 0.0, "pEurop": 1.0, "pDecid": 1.0, "pConifer": 0.0, "pAll": 1.0, "Cell_id": "4337_3098", "EPSG": 31467, "Netz": 8, "Dichte": 8, "Bl": ";16;" }, "geometry": { "type": "Point", "coordinates": [ 586665.687971888808534, 5650281.835009809583426 ] } },
{ "type": "Feature", "properties": { "Tnr": 52937, "mitRand": 0, "AnzHBbeg": 1, "pHaupt": 1.0, "poHaupt": 0.0, "pQuerus": 0.0, "pFagus": 0.0, "pFraxinus": 0.135, "pCarpinus": 0.0, "pAcer": 0.0, "pTilia": 0.0, "pRobinia": 0.0, "pUlmus": 0.0, "pCastanea": 0.0, "pOtherLH": 0.0, "pBetula": 0.0, "pAlnus": 0.0, "pPopulus": 0.0, "pSalix": 0.0, "pSorbus": 0.0, "pPrunus": 0.0, "pMalus": 0.0, "pPyrus": 0.0, "pOtherLN": 0.0, "pPicea": 0.865, "pPinus": 0.0, "pAbies": 0.0, "pDouglas": 0.0, "pLarix": 0.0, "pOtherNb": 0.0, "pNoEurop": 0.0, "pNoEuropD": 0.0, "pEurop": 1.0, "pDecid": 0.135, "pConifer": 0.865, "pAll": 1.0, "Cell_id": "4427_3100", "EPSG": 31468, "Netz": 8, "Dichte": 8, "Bl": ";16;" }, "geometry": { "type": "Point", "coordinates": [ 676613.283318907138892, 5653494.532434173859656 ] } },
{ "type": "Feature", "properties": { "Tnr": 52941, "mitRand": 0, "AnzHBbeg": 1, "pHaupt": 1.0, "poHaupt": 0.0, "pQuerus": 0.315, "pFagus": 0.0, "pFraxinus": 0.0, "pCarpinus": 0.252, "pAcer": 0.16, "pTilia": 0.133, "pRobinia": 0.0, "pUlmus": 0.0, "pCastanea": 0.0, "pOtherLH": 0.0, "pBetula": 0.0, "pAlnus": 0.0, "pPopulus": 0.0, "pSalix": 0.0, "pSorbus": 0.14, "pPrunus": 0.0, "pMalus": 0.0, "pPyrus": 0.0, "pOtherLN": 0.0, "pPicea": 0.0, "pPinus": 0.0, "pAbies": 0.0, "pDouglas": 0.0, "pLarix": 0.0, "pOtherNb": 0.0, "pNoEurop": 0.0, "pNoEuropD": 0.0, "pEurop": 1.0, "pDecid": 1.0, "pConifer": 0.0, "pAll": 1.0, "Cell_id": "4435_3100", "EPSG": 31468, "Netz": 8, "Dichte": 8, "Bl": ";16;" }, "geometry": { "type": "Point", "coordinates": [ 684612.043353601824492, 5653601.398754447698593 ] } },
{ "type": "Feature", "properties": { "Tnr": 52943, "mitRand": 0, "AnzHBbeg": 2, "pHaupt": 1.0, "poHaupt": 0.0, "pQuerus": 0.0, "pFagus": 0.736, "pFraxinus": 0.0, "pCarpinus": 0.0, "pAcer": 0.104, "pTilia": 0.0, "pRobinia": 0.0, "pUlmus": 0.0, "pCastanea": 0.0, "pOtherLH": 0.0, "pBetula": 0.0, "pAlnus": 0.0, "pPopulus": 0.0, "pSalix": 0.0, "pSorbus": 0.0, "pPrunus": 0.0, "pMalus": 0.0, "pPyrus": 0.0, "pOtherLN": 0.0, "pPicea": 0.0, "pPinus": 0.159, "pAbies": 0.0, "pDouglas": 0.0, "pLarix": 0.0, "pOtherNb": 0.0, "pNoEurop": 0.0, "pNoEuropD": 0.0, "pEurop": 1.0, "pDecid": 0.841, "pConifer": 0.159, "pAll": 1.0, "Cell_id": "4439_3100", "EPSG": 31468, "Netz": 8, "Dichte": 8, "Bl": ";16;" }, "geometry": { "type": "Point", "coordinates": [ 688612.422929363325238, 5653655.3316172612831 ] } },
{ "type": "Feature", "properties": { "Tnr": 52945, "mitRand": 1, "AnzHBbeg": 1, "pHaupt": 1.0, "poHaupt": 0.0, "pQuerus": 0.126, "pFagus": 0.329, "pFraxinus": 0.117, "pCarpinus": 0.0, "pAcer": 0.35, "pTilia": 0.0, "pRobinia": 0.0, "pUlmus": 0.0, "pCastanea": 0.0, "pOtherLH": 0.0, "pBetula": 0.0, "pAlnus": 0.0, "pPopulus": 0.0, "pSalix": 0.0, "pSorbus": 0.0, "pPrunus": 0.077, "pMalus": 0.0, "pPyrus": 0.0, "pOtherLN": 0.0, "pPicea": 0.0, "pPinus": 0.0, "pAbies": 0.0, "pDouglas": 0.0, "pLarix": 0.0, "pOtherNb": 0.0, "pNoEurop": 0.0, "pNoEuropD": 0.0, "pEurop": 1.0, "pDecid": 1.0, "pConifer": 0.0, "pAll": 1.0, "Cell_id": "4443_3100", "EPSG": 31468, "Netz": 8, "Dichte": 8, "Bl": ";16;" }, "geometry": { "type": "Point", "coordinates": [ 692611.802870486280881, 5653708.264840782620013 ] } },
{ "type": "Feature", "properties": { "Tnr": 52949, "mitRand": 1, "AnzHBbeg": 4, "pHaupt": 1.0, "poHaupt": 0.0, "pQuerus": 0.049, "pFagus": 0.0, "pFraxinus": 0.0, "pCarpinus": 0.0, "pAcer": 0.0, "pTilia": 0.0, "pRobinia": 0.0, "pUlmus": 0.0, "pCastanea": 0.0, "pOtherLH": 0.0, "pBetula": 0.43, "pAlnus": 0.0, "pPopulus": 0.127, "pSalix": 0.0, "pSorbus": 0.0, "pPrunus": 0.0, "pMalus": 0.0, "pPyrus": 0.0, "pOtherLN": 0.0, "pPicea": 0.164, "pPinus": 0.231, "pAbies": 0.0, "pDouglas": 0.0, "pLarix": 0.0, "pOtherNb": 0.0, "pNoEurop": 0.0, "pNoEuropD": 0.0, "pEurop": 1.0, "pDecid": 0.606, "pConifer": 0.394, "pAll": 1.0, "Cell_id": "4451_3101", "EPSG": 31468, "Netz": 8, "Dichte": 8, "Bl": ";16;" }, "geometry": { "type": "Point", "coordinates": [ 700598.578911280143075, 5654815.725347396917641 ] } },
{ "type": "Feature", "properties": { "Tnr": 52973, "mitRand": 0, "AnzHBbeg": 1, "pHaupt": 1.0, "poHaupt": 0.0, "pQuerus": 0.226, "pFagus": 0.058, "pFraxinus": 0.0, "pCarpinus": 0.0, "pAcer": 0.0, "pTilia": 0.402, "pRobinia": 0.0, "pUlmus": 0.0, "pCastanea": 0.0, "pOtherLH": 0.0, "pBetula": 0.313, "pAlnus": 0.0, "pPopulus": 0.0, "pSalix": 0.0, "pSorbus": 0.0, "pPrunus": 0.0, "pMalus": 0.0, "pPyrus": 0.0, "pOtherLN": 0.0, "pPicea": 0.0, "pPinus": 0.0, "pAbies": 0.0, "pDouglas": 0.0, "pLarix": 0.0, "pOtherNb": 0.0, "pNoEurop": 0.0, "pNoEuropD": 0.0, "pEurop": 1.0, "pDecid": 1.0, "pConifer": 0.0, "pAll": 1.0, "Cell_id": "4499_3102", "EPSG": 31468, "Netz": 8, "Dichte": 8, "Bl": ";14;" }, "geometry": { "type": "Point", "coordinates": [ 748594.145756925805472, 5656456.510593546554446 ] } },
{ "type": "Feature", "properties": { "Tnr": 53049, "mitRand": 0, "AnzHBbeg": 4, "pHaupt": 1.0, "poHaupt": 0.0, "pQuerus": 0.0, "pFagus": 0.109, "pFraxinus": 0.0, "pCarpinus": 0.0, "pAcer": 0.0, "pTilia": 0.0, "pRobinia": 0.0, "pUlmus": 0.0, "pCastanea": 0.0, "pOtherLH": 0.0, "pBetula": 0.0, "pAlnus": 0.0, "pPopulus": 0.0, "pSalix": 0.0, "pSorbus": 0.0, "pPrunus": 0.0, "pMalus": 0.0, "pPyrus": 0.0, "pOtherLN": 0.0, "pPicea": 0.629, "pPinus": 0.226, "pAbies": 0.0, "pDouglas": 0.0, "pLarix": 0.036, "pOtherNb": 0.0, "pNoEurop": 0.0, "pNoEuropD": 0.0, "pEurop": 1.0, "pDecid": 0.109, "pConifer": 0.891, "pAll": 1.0, "Cell_id": "4322_3096", "EPSG": 31467, "Netz": 16, "Dichte": 8, "Bl": ";16;" }, "geometry": { "type": "Point", "coordinates": [ 571698.72627400897909, 5648079.890772531740367 ] } },
{ "type": "Feature", "properties": { "Tnr": 53053, "mitRand": 0, "AnzHBbeg": 2, "pHaupt": 1.0, "poHaupt": 0.0, "pQuerus": 0.0, "pFagus": 1.0, "pFraxinus": 0.0, "pCarpinus": 0.0, "pAcer": 0.0, "pTilia": 0.0, "pRobinia": 0.0, "pUlmus": 0.0, "pCastanea": 0.0, "pOtherLH": 0.0, "pBetula": 0.0, "pAlnus": 0.0, "pPopulus": 0.0, "pSalix": 0.0, "pSorbus": 0.0, "pPrunus": 0.0, "pMalus": 0.0, "pPyrus": 0.0, "pOtherLN": 0.0, "pPicea": 0.0, "pPinus": 0.0, "pAbies": 0.0, "pDouglas": 0.0, "pLarix": 0.0, "pOtherNb": 0.0, "pNoEurop": 0.0, "pNoEuropD": 0.0, "pEurop": 1.0, "pDecid": 1.0, "pConifer": 0.0, "pAll": 1.0, "Cell_id": "4330_3096", "EPSG": 31467, "Netz": 16, "Dichte": 8, "Bl": ";16;" }, "geometry": { "type": "Point", "coordinates": [ 579695.488371103303507, 5648188.759254320524633 ] } },
{ "type": "Feature", "properties": { "Tnr": 53055, "mitRand": 1, "AnzHBbeg": 4, "pHaupt": 1.0, "poHaupt": 0.0, "pQuerus": 0.0, "pFagus": 0.818, "pFraxinus": 0.132, "pCarpinus": 0.0, "pAcer": 0.05, "pTilia": 0.0, "pRobinia": 0.0, "pUlmus": 0.0, "pCastanea": 0.0, "pOtherLH": 0.0, "pBetula": 0.0, "pAlnus": 0.0, "pPopulus": 0.0, "pSalix": 0.0, "pSorbus": 0.0, "pPrunus": 0.0, "pMalus": 0.0, "pPyrus": 0.0, "pOtherLN": 0.0, "pPicea": 0.0, "pPinus": 0.0, "pAbies": 0.0, "pDouglas": 0.0, "pLarix": 0.0, "pOtherNb": 0.0, "pNoEurop": 0.0, "pNoEuropD": 0.0, "pEurop": 1.0, "pDecid": 1.0, "pConifer": 0.0, "pAll": 1.0, "Cell_id": "4334_3096", "EPSG": 31467, "Netz": 16, "Dichte": 8, "Bl": ";16;" }, "geometry": { "type": "Point", "coordinates": [ 583693.869379361625761, 5648242.693615473806858 ] } },
{ "type": "Feature", "properties": { "Tnr": 53057, "mitRand": 1, "AnzHBbeg": 4, "pHaupt": 1.0, "poHaupt": 0.0, "pQuerus": 0.061, "pFagus": 0.939, "pFraxinus": 0.0, "pCarpinus": 0.0, "pAcer": 0.0, "pTilia": 0.0, "pRobinia": 0.0, "pUlmus": 0.0, "pCastanea": 0.0, "pOtherLH": 0.0, "pBetula": 0.0, "pAlnus": 0.0, "pPopulus": 0.0, "pSalix": 0.0, "pSorbus": 0.0, "pPrunus": 0.0, "pMalus": 0.0, "pPyrus": 0.0, "pOtherLN": 0.0, "pPicea": 0.0, "pPinus": 0.0, "pAbies": 0.0, "pDouglas": 0.0, "pLarix": 0.0, "pOtherNb": 0.0, "pNoEurop": 0.0, "pNoEuropD": 0.0, "pEurop": 1.0, "pDecid": 1.0, "pConifer": 0.0, "pAll": 1.0, "Cell_id": "4338_3096", "EPSG": 31467, "Netz": 16, "Dichte": 8, "Bl": ";16;" }, "geometry": { "type": "Point", "coordinates": [ 587692.25036414898932, 5648296.62792179826647 ] } },
{ "type": "Feature", "properties": { "Tnr": 53093, "mitRand": 1, "AnzHBbeg": 2, "pHaupt": 1.0, "poHaupt": 0.0, "pQuerus": 0.776, "pFagus": 0.0, "pFraxinus": 0.0, "pCarpinus": 0.0, "pAcer": 0.224, "pTilia": 0.0, "pRobinia": 0.0, "pUlmus": 0.0, "pCastanea": 0.0, "pOtherLH": 0.0, "pBetula": 0.0, "pAlnus": 0.0, "pPopulus": 0.0, "pSalix": 0.0, "pSorbus": 0.0, "pPrunus": 0.0, "pMalus": 0.0, "pPyrus": 0.0, "pOtherLN": 0.0, "pPicea": 0.0, "pPinus": 0.0, "pAbies": 0.0, "pDouglas": 0.0, "pLarix": 0.0, "pOtherNb": 0.0, "pNoEurop": 0.0, "pNoEuropD": 0.0, "pEurop": 1.0, "pDecid": 1.0, "pConifer": 0.0, "pAll": 1.0, "Cell_id": "4409_3097", "EPSG": 31468, "Netz": 16, "Dichte": 8, "Bl": ";16;" }, "geometry": { "type": "Point", "coordinates": [ 658656.52277217246592, 5650253.047951571643353 ] } },
{ "type": "Feature", "properties": { "Tnr": 53109, "mitRand": 1, "AnzHBbeg": 4, "pHaupt": 1.0, "poHaupt": 0.0, "pQuerus": 0.0, "pFagus": 0.281, "pFraxinus": 0.336, "pCarpinus": 0.0, "pAcer": 0.166, "pTilia": 0.216, "pRobinia": 0.0, "pUlmus": 0.0, "pCastanea": 0.0, "pOtherLH": 0.0, "pBetula": 0.0, "pAlnus": 0.0, "pPopulus": 0.0, "pSalix": 0.0, "pSorbus": 0.0, "pPrunus": 0.0, "pMalus": 0.0, "pPyrus": 0.0, "pOtherLN": 0.0, "pPicea": 0.0, "pPinus": 0.0, "pAbies": 0.0, "pDouglas": 0.0, "pLarix": 0.0, "pOtherNb": 0.0, "pNoEurop": 0.0, "pNoEuropD": 0.0, "pEurop": 1.0, "pDecid": 1.0, "pConifer": 0.0, "pAll": 1.0, "Cell_id": "4441_3098", "EPSG": 31468, "Netz": 16, "Dichte": 8, "Bl": ";16;" }, "geometry": { "type": "Point", "coordinates": [ 690639.579111708328128, 5651682.108299743384123 ] } },
{ "type": "Feature", "properties": { "Tnr": 53115, "mitRand": 1, "AnzHBbeg": 1, "pHaupt": 1.0, "poHaupt": 0.0, "pQuerus": 0.0, "pFagus": 0.0, "pFraxinus": 0.0, "pCarpinus": 0.0, "pAcer": 0.0, "pTilia": 0.0, "pRobinia": 0.0, "pUlmus": 0.0, "pCastanea": 0.0, "pOtherLH": 0.0, "pBetula": 1.0, "pAlnus": 0.0, "pPopulus": 0.0, "pSalix": 0.0, "pSorbus": 0.0, "pPrunus": 0.0, "pMalus": 0.0, "pPyrus": 0.0, "pOtherLN": 0.0, "pPicea": 0.0, "pPinus": 0.0, "pAbies": 0.0, "pDouglas": 0.0, "pLarix": 0.0, "pOtherNb": 0.0, "pNoEurop": 0.0, "pNoEuropD": 0.0, "pEurop": 1.0, "pDecid": 1.0, "pConifer": 0.0, "pAll": 1.0, "Cell_id": "4453_3099", "EPSG": 31468, "Netz": 16, "Dichte": 8, "Bl": ";16;" }, "geometry": { "type": "Point", "coordinates": [ 702625.734970221994445, 5652842.501978680491447 ] } },
{ "type": "Feature", "properties": { "Tnr": 53129, "mitRand": 1, "AnzHBbeg": 1, "pHaupt": 1.0, "poHaupt": 0.0, "pQuerus": 0.0, "pFagus": 0.0, "pFraxinus": 0.0, "pCarpinus": 0.0, "pAcer": 0.0, "pTilia": 0.0, "pRobinia": 0.0, "pUlmus": 0.0, "pCastanea": 0.0, "pOtherLH": 0.0, "pBetula": 0.466, "pAlnus": 0.0, "pPopulus": 0.226, "pSalix": 0.308, "pSorbus": 0.0, "pPrunus": 0.0, "pMalus": 0.0, "pPyrus": 0.0, "pOtherLN": 0.0, "pPicea": 0.0, "pPinus": 0.0, "pAbies": 0.0, "pDouglas": 0.0, "pLarix": 0.0, "pOtherNb": 0.0, "pNoEurop": 0.0, "pNoEuropD": 0.0, "pEurop": 1.0, "pDecid": 1.0, "pConifer": 0.0, "pAll": 1.0, "Cell_id": "4481_3099", "EPSG": 31468, "Netz": 16, "Dichte": 8, "Bl": ";16;" }, "geometry": { "type": "Point", "coordinates": [ 730629.389927428914234, 5653216.030750245787203 ] } },
{ "type": "Feature", "properties": { "Tnr": 53139, "mitRand": 1, "AnzHBbeg": 1, "pHaupt": 1.0, "poHaupt": 0.0, "pQuerus": 0.162, "pFagus": 0.0, "pFraxinus": 0.0, "pCarpinus": 0.0, "pAcer": 0.0, "pTilia": 0.0, "pRobinia": 0.0, "pUlmus": 0.0, "pCastanea": 0.0, "pOtherLH": 0.0, "pBetula": 0.0, "pAlnus": 0.0, "pPopulus": 0.0, "pSalix": 0.0, "pSorbus": 0.0, "pPrunus": 0.0, "pMalus": 0.0, "pPyrus": 0.0, "pOtherLN": 0.0, "pPicea": 0.0, "pPinus": 0.0, "pAbies": 0.0, "pDouglas": 0.0, "pLarix": 0.838, "pOtherNb": 0.0, "pNoEurop": 0.162, "pNoEuropD": 0.162, "pEurop": 0.838, "pDecid": 0.162, "pConifer": 0.838, "pAll": 1.0, "Cell_id": "4501_3100", "EPSG": 31468, "Netz": 16, "Dichte": 8, "Bl": ";16;" }, "geometry": { "type": "Point", "coordinates": [ 750622.30088532762602, 5654482.287452230229974 ] } },
{ "type": "Feature", "properties": { "Tnr": 53220, "mitRand": 0, "AnzHBbeg": 1, "pHaupt": 1.0, "poHaupt": 0.0, "pQuerus": 0.0, "pFagus": 0.284, "pFraxinus": 0.0, "pCarpinus": 0.12, "pAcer": 0.596, "pTilia": 0.0, "pRobinia": 0.0, "pUlmus": 0.0, "pCastanea": 0.0, "pOtherLH": 0.0, "pBetula": 0.0, "pAlnus": 0.0, "pPopulus": 0.0, "pSalix": 0.0, "pSorbus": 0.0, "pPrunus": 0.0, "pMalus": 0.0, "pPyrus": 0.0, "pOtherLN": 0.0, "pPicea": 0.0, "pPinus": 0.0, "pAbies": 0.0, "pDouglas": 0.0, "pLarix": 0.0, "pOtherNb": 0.0, "pNoEurop": 0.0, "pNoEuropD": 0.0, "pEurop": 1.0, "pDecid": 1.0, "pConifer": 0.0, "pAll": 1.0, "Cell_id": "4336_3094", "EPSG": 31467, "Netz": 8, "Dichte": 8, "Bl": ";16;" }, "geometry": { "type": "Point", "coordinates": [ 585720.027030248311348, 5646270.470329360105097 ] } },
{ "type": "Feature", "properties": { "Tnr": 53222, "mitRand": 1, "AnzHBbeg": 3, "pHaupt": 1.0, "poHaupt": 0.0, "pQuerus": 0.0, "pFagus": 0.333, "pFraxinus": 0.0, "pCarpinus": 0.0, "pAcer": 0.0, "pTilia": 0.0, "pRobinia": 0.0, "pUlmus": 0.0, "pCastanea": 0.0, "pOtherLH": 0.0, "pBetula": 0.0, "pAlnus": 0.0, "pPopulus": 0.0, "pSalix": 0.0, "pSorbus": 0.0, "pPrunus": 0.0, "pMalus": 0.0, "pPyrus": 0.0, "pOtherLN": 0.0, "pPicea": 0.0, "pPinus": 0.38, "pAbies": 0.0, "pDouglas": 0.0, "pLarix": 0.287, "pOtherNb": 0.0, "pNoEurop": 0.0, "pNoEuropD": 0.0, "pEurop": 1.0, "pDecid": 0.333, "pConifer": 0.667, "pAll": 1.0, "Cell_id": "4340_3094", "EPSG": 31467, "Netz": 8, "Dichte": 8, "Bl": ";16;" }, "geometry": { "type": "Point", "coordinates": [ 589718.407975771115161, 5646324.404620077461004 ] } },
{ "type": "Feature", "properties": { "Tnr": 53224, "mitRand": 0, "AnzHBbeg": 2, "pHaupt": 1.0, "poHaupt": 0.0, "pQuerus": 0.372, "pFagus": 0.267, "pFraxinus": 0.116, "pCarpinus": 0.0, "pAcer": 0.124, "pTilia": 0.0, "pRobinia": 0.0, "pUlmus": 0.0, "pCastanea": 0.0, "pOtherLH": 0.0, "pBetula": 0.0, "pAlnus": 0.0, "pPopulus": 0.0, "pSalix": 0.0, "pSorbus": 0.0, "pPrunus": 0.122, "pMalus": 0.0, "pPyrus": 0.0, "pOtherLN": 0.0, "pPicea": 0.0, "pPinus": 0.0, "pAbies": 0.0, "pDouglas": 0.0, "pLarix": 0.0, "pOtherNb": 0.0, "pNoEurop": 0.0, "pNoEuropD": 0.0, "pEurop": 1.0, "pDecid": 1.0, "pConifer": 0.0, "pAll": 1.0, "Cell_id": "4344_3094", "EPSG": 31467, "Netz": 8, "Dichte": 8, "Bl": ";16;" }, "geometry": { "type": "Point", "coordinates": [ 593716.788897530990653, 5646378.338856024667621 ] } },
{ "type": "Feature", "properties": { "Tnr": 53226, "mitRand": 1, "AnzHBbeg": 3, "pHaupt": 1.0, "poHaupt": 0.0, "pQuerus": 0.0, "pFagus": 0.06, "pFraxinus": 0.11, "pCarpinus": 0.037, "pAcer": 0.0, "pTilia": 0.0, "pRobinia": 0.0, "pUlmus": 0.0, "pCastanea": 0.0, "pOtherLH": 0.0, "pBetula": 0.0, "pAlnus": 0.0, "pPopulus": 0.0, "pSalix": 0.0, "pSorbus": 0.123, "pPrunus": 0.0, "pMalus": 0.0, "pPyrus": 0.0, "pOtherLN": 0.0, "pPicea": 0.102, "pPinus": 0.567, "pAbies": 0.0, "pDouglas": 0.0, "pLarix": 0.0, "pOtherNb": 0.0, "pNoEurop": 0.0, "pNoEuropD": 0.0, "pEurop": 1.0, "pDecid": 0.331, "pConifer": 0.669, "pAll": 1.0, "Cell_id": "4348_3094", "EPSG": 31467, "Netz": 8, "Dichte": 8, "Bl": ";16;" }, "geometry": { "type": "Point", "coordinates": [ 597715.169795341440476, 5646432.273037175647914 ] } },
{ "type": "Feature", "properties": { "Tnr": 53228, "mitRand": 1, "AnzHBbeg": 4, "pHaupt": 1.0, "poHaupt": 0.0, "pQuerus": 0.041, "pFagus": 0.545, "pFraxinus": 0.039, "pCarpinus": 0.032, "pAcer": 0.171, "pTilia": 0.133, "pRobinia": 0.0, "pUlmus": 0.039, "pCastanea": 0.0, "pOtherLH": 0.0, "pBetula": 0.0, "pAlnus": 0.0, "pPopulus": 0.0, "pSalix": 0.0, "pSorbus": 0.0, "pPrunus": 0.0, "pMalus": 0.0, "pPyrus": 0.0, "pOtherLN": 0.0, "pPicea": 0.0, "pPinus": 0.0, "pAbies": 0.0, "pDouglas": 0.0, "pLarix": 0.0, "pOtherNb": 0.0, "pNoEurop": 0.0, "pNoEuropD": 0.0, "pEurop": 1.0, "pDecid": 1.0, "pConifer": 0.0, "pAll": 1.0, "Cell_id": "4352_3094", "EPSG": 31467, "Netz": 8, "Dichte": 8, "Bl": ";16;" }, "geometry": { "type": "Point", "coordinates": [ 601713.550669016549364, 5646486.207163508981466 ] } },
{ "type": "Feature", "properties": { "Tnr": 53232, "mitRand": 1, "AnzHBbeg": 1, "pHaupt": 1.0, "poHaupt": 0.0, "pQuerus": 0.335, "pFagus": 0.0, "pFraxinus": 0.665, "pCarpinus": 0.0, "pAcer": 0.0, "pTilia": 0.0, "pRobinia": 0.0, "pUlmus": 0.0, "pCastanea": 0.0, "pOtherLH": 0.0, "pBetula": 0.0, "pAlnus": 0.0, "pPopulus": 0.0, "pSalix": 0.0, "pSorbus": 0.0, "pPrunus": 0.0, "pMalus": 0.0, "pPyrus": 0.0, "pOtherLN": 0.0, "pPicea": 0.0, "pPinus": 0.0, "pAbies": 0.0, "pDouglas": 0.0, "pLarix": 0.0, "pOtherNb": 0.0, "pNoEurop": 0.0, "pNoEuropD": 0.0, "pEurop": 1.0, "pDecid": 1.0, "pConifer": 0.0, "pAll": 1.0, "Cell_id": "4359_3094", "EPSG": 31468, "Netz": 8, "Dichte": 8, "Bl": ";16;" }, "geometry": { "type": "Point", "coordinates": [ 608710.717144826310687, 5646581.091550123877823 ] } },
{ "type": "Feature", "properties": { "Tnr": 53234, "mitRand": 1, "AnzHBbeg": 2, "pHaupt": 1.0, "poHaupt": 0.0, "pQuerus": 0.632, "pFagus": 0.222, "pFraxinus": 0.083, "pCarpinus": 0.0, "pAcer": 0.0, "pTilia": 0.0, "pRobinia": 0.0, "pUlmus": 0.0, "pCastanea": 0.0, "pOtherLH": 0.0, "pBetula": 0.0, "pAlnus": 0.0, "pPopulus": 0.0, "pSalix": 0.0, "pSorbus": 0.0, "pPrunus": 0.063, "pMalus": 0.0, "pPyrus": 0.0, "pOtherLN": 0.0, "pPicea": 0.0, "pPinus": 0.0, "pAbies": 0.0, "pDouglas": 0.0, "pLarix": 0.0, "pOtherNb": 0.0, "pNoEurop": 0.0, "pNoEuropD": 0.0, "pEurop": 1.0, "pDecid": 1.0, "pConifer": 0.0, "pAll": 1.0, "Cell_id": "4363_3094", "EPSG": 31468, "Netz": 8, "Dichte": 8, "Bl": ";16;" }, "geometry": { "type": "Point", "coordinates": [ 612709.097951172967441, 5646635.025525572709739 ] } },
{ "type": "Feature", "properties": { "Tnr": 53236, "mitRand": 1, "AnzHBbeg": 4, "pHaupt": 1.0, "poHaupt": 0.0, "pQuerus": 0.037, "pFagus": 0.5, "pFraxinus": 0.0, "pCarpinus": 0.0, "pAcer": 0.055, "pTilia": 0.0, "pRobinia": 0.0, "pUlmus": 0.0, "pCastanea": 0.0, "pOtherLH": 0.0, "pBetula": 0.0, "pAlnus": 0.0, "pPopulus": 0.0, "pSalix": 0.0, "pSorbus": 0.035, "pPrunus": 0.0, "pMalus": 0.0, "pPyrus": 0.0, "pOtherLN": 0.0, "pPicea": 0.164, "pPinus": 0.0, "pAbies": 0.0, "pDouglas": 0.0, "pLarix": 0.209, "pOtherNb": 0.0, "pNoEurop": 0.0, "pNoEuropD": 0.0, "pEurop": 1.0, "pDecid": 0.627, "pConifer": 0.373, "pAll": 1.0, "Cell_id": "4367_3094", "EPSG": 31468, "Netz": 8, "Dichte": 8, "Bl": ";16;" }, "geometry": { "type": "Point", "coordinates": [ 616707.478732684161514, 5646688.959446107037365 ] } },
{ "type": "Feature", "properties": { "Tnr": 53268, "mitRand": 0, "AnzHBbeg": 1, "pHaupt": 1.0, "poHaupt": 0.0, "pQuerus": 0.225, "pFagus": 0.085, "pFraxinus": 0.206, "pCarpinus": 0.179, "pAcer": 0.0, "pTilia": 0.0, "pRobinia": 0.0, "pUlmus": 0.0, "pCastanea": 0.0, "pOtherLH": 0.0, "pBetula": 0.0, "pAlnus": 0.0, "pPopulus": 0.0, "pSalix": 0.0, "pSorbus": 0.305, "pPrunus": 0.0, "pMalus": 0.0, "pPyrus": 0.0, "pOtherLN": 0.0, "pPicea": 0.0, "pPinus": 0.0, "pAbies": 0.0, "pDouglas": 0.0, "pLarix": 0.0, "pOtherNb": 0.0, "pNoEurop": 0.0, "pNoEuropD": 0.0, "pEurop": 1.0, "pDecid": 1.0, "pConifer": 0.0, "pAll": 1.0, "Cell_id": "4431_3096", "EPSG": 31468, "Netz": 8, "Dichte": 8, "Bl": ";16;" }, "geometry": { "type": "Point", "coordinates": [ 680666.596312439651228, 5649548.085907035507262 ] } },
{ "type": "Feature", "properties": { "Tnr": 53274, "mitRand": 1, "AnzHBbeg": 3, "pHaupt": 1.0, "poHaupt": 0.0, "pQuerus": 0.189, "pFagus": 0.504, "pFraxinus": 0.0, "pCarpinus": 0.0, "pAcer": 0.139, "pTilia": 0.0, "pRobinia": 0.0, "pUlmus": 0.0, "pCastanea": 0.0, "pOtherLH": 0.0, "pBetula": 0.0, "pAlnus": 0.0, "pPopulus": 0.0, "pSalix": 0.0, "pSorbus": 0.168, "pPrunus": 0.0, "pMalus": 0.0, "pPyrus": 0.0, "pOtherLN": 0.0, "pPicea": 0.0, "pPinus": 0.0, "pAbies": 0.0, "pDouglas": 0.0, "pLarix": 0.0, "pOtherNb": 0.0, "pNoEurop": 0.0, "pNoEuropD": 0.0, "pEurop": 1.0, "pDecid": 1.0, "pConifer": 0.0, "pAll": 1.0, "Cell_id": "4443_3096", "EPSG": 31468, "Netz": 8, "Dichte": 8, "Bl": ";16;" }, "geometry": { "type": "Point", "coordinates": [ 692666.735266167088412, 5649708.884996527805924 ] } },
{ "type": "Feature", "properties": { "Tnr": 53280, "mitRand": 0, "AnzHBbeg": 2, "pHaupt": 1.0, "poHaupt": 0.0, "pQuerus": 0.695, "pFagus": 0.145, "pFraxinus": 0.0, "pCarpinus": 0.104, "pAcer": 0.056, "pTilia": 0.0, "pRobinia": 0.0, "pUlmus": 0.0, "pCastanea": 0.0, "pOtherLH": 0.0, "pBetula": 0.0, "pAlnus": 0.0, "pPopulus": 0.0, "pSalix": 0.0, "pSorbus": 0.0, "pPrunus": 0.0, "pMalus": 0.0, "pPyrus": 0.0, "pOtherLN": 0.0, "pPicea": 0.0, "pPinus": 0.0, "pAbies": 0.0, "pDouglas": 0.0, "pLarix": 0.0, "pOtherNb": 0.0, "pNoEurop": 0.0, "pNoEuropD": 0.0, "pEurop": 1.0, "pDecid": 1.0, "pConifer": 0.0, "pAll": 1.0, "Cell_id": "4455_3097", "EPSG": 31468, "Netz": 8, "Dichte": 8, "Bl": ";16;" }, "geometry": { "type": "Point", "coordinates": [ 704652.891001216485165, 5650869.278624546714127 ] } },
{ "type": "Feature", "properties": { "Tnr": 53284, "mitRand": 1, "AnzHBbeg": 4, "pHaupt": 1.0, "poHaupt": 0.0, "pQuerus": 0.32, "pFagus": 0.0, "pFraxinus": 0.0, "pCarpinus": 0.0, "pAcer": 0.0, "pTilia": 0.0, "pRobinia": 0.0, "pUlmus": 0.0, "pCastanea": 0.0, "pOtherLH": 0.0, "pBetula": 0.099, "pAlnus": 0.0, "pPopulus": 0.0, "pSalix": 0.0, "pSorbus": 0.0, "pPrunus": 0.0, "pMalus": 0.0, "pPyrus": 0.0, "pOtherLN": 0.0, "pPicea": 0.462, "pPinus": 0.119, "pAbies": 0.0, "pDouglas": 0.0, "pLarix": 0.0, "pOtherNb": 0.0, "pNoEurop": 0.0, "pNoEuropD": 0.0, "pEurop": 1.0, "pDecid": 0.419, "pConifer": 0.581, "pAll": 1.0, "Cell_id": "4463_3097", "EPSG": 31468, "Netz": 8, "Dichte": 8, "Bl": ";16;" }, "geometry": { "type": "Point", "coordinates": [ 712653.649740734836087, 5650976.144185823388398 ] } },
{ "type": "Feature", "properties": { "Tnr": 53291, "mitRand": 0, "AnzHBbeg": 1, "pHaupt": 1.0, "poHaupt": 0.0, "pQuerus": 0.0, "pFagus": 0.0, "pFraxinus": 0.0, "pCarpinus": 0.0, "pAcer": 0.0, "pTilia": 0.0, "pRobinia": 0.0, "pUlmus": 0.0, "pCastanea": 0.0, "pOtherLH": 0.0, "pBetula": 0.0, "pAlnus": 0.0, "pPopulus": 0.0, "pSalix": 0.0, "pSorbus": 0.0, "pPrunus": 0.0, "pMalus": 0.0, "pPyrus": 0.0, "pOtherLN": 0.0, "pPicea": 0.0, "pPinus": 1.0, "pAbies": 0.0, "pDouglas": 0.0, "pLarix": 0.0, "pOtherNb": 0.0, "pNoEurop": 0.0, "pNoEuropD": 0.0, "pEurop": 1.0, "pDecid": 0.0, "pConifer": 1.0, "pAll": 1.0, "Cell_id": "4477_3097", "EPSG": 31468, "Netz": 4, "Dichte": 4, "Bl": ";15;" }, "geometry": { "type": "Point", "coordinates": [ 726655.976841999334283, 5651162.908471188507974 ] } },
{ "type": "Feature", "properties": { "Tnr": 53302, "mitRand": 0, "AnzHBbeg": 4, "pHaupt": 1.0, "poHaupt": 0.0, "pQuerus": 0.555, "pFagus": 0.0, "pFraxinus": 0.0, "pCarpinus": 0.0, "pAcer": 0.0, "pTilia": 0.282, "pRobinia": 0.0, "pUlmus": 0.0, "pCastanea": 0.0, "pOtherLH": 0.0, "pBetula": 0.0, "pAlnus": 0.0, "pPopulus": 0.0, "pSalix": 0.0, "pSorbus": 0.0, "pPrunus": 0.0, "pMalus": 0.0, "pPyrus": 0.0, "pOtherLN": 0.0, "pPicea": 0.0, "pPinus": 0.0, "pAbies": 0.0, "pDouglas": 0.0, "pLarix": 0.163, "pOtherNb": 0.0, "pNoEurop": 0.296, "pNoEuropD": 0.296, "pEurop": 0.704, "pDecid": 0.837, "pConifer": 0.163, "pAll": 1.0, "Cell_id": "4499_3098", "EPSG": 31468, "Netz": 8, "Dichte": 8, "Bl": ";16;" }, "geometry": { "type": "Point", "coordinates": [ 748648.077736377716064, 5652455.131960365921259 ] } },
{ "type": "Feature", "properties": { "Tnr": 53385, "mitRand": 1, "AnzHBbeg": 1, "pHaupt": 1.0, "poHaupt": 0.0, "pQuerus": 0.0, "pFagus": 1.0, "pFraxinus": 0.0, "pCarpinus": 0.0, "pAcer": 0.0, "pTilia": 0.0, "pRobinia": 0.0, "pUlmus": 0.0, "pCastanea": 0.0, "pOtherLH": 0.0, "pBetula": 0.0, "pAlnus": 0.0, "pPopulus": 0.0, "pSalix": 0.0, "pSorbus": 0.0, "pPrunus": 0.0, "pMalus": 0.0, "pPyrus": 0.0, "pOtherLN": 0.0, "pPicea": 0.0, "pPinus": 0.0, "pAbies": 0.0, "pDouglas": 0.0, "pLarix": 0.0, "pOtherNb": 0.0, "pNoEurop": 0.0, "pNoEuropD": 0.0, "pEurop": 1.0, "pDecid": 1.0, "pConifer": 0.0, "pAll": 1.0, "Cell_id": "4338_3092", "EPSG": 31467, "Netz": 256, "Dichte": 8, "Bl": ";16;" }, "geometry": { "type": "Point", "coordinates": [ 587746.184653694974259, 5644298.247055106796324 ] } },
{ "type": "Feature", "properties": { "Tnr": 53387, "mitRand": 1, "AnzHBbeg": 4, "pHaupt": 1.0, "poHaupt": 0.0, "pQuerus": 0.034, "pFagus": 0.508, "pFraxinus": 0.0, "pCarpinus": 0.207, "pAcer": 0.0, "pTilia": 0.0, "pRobinia": 0.0, "pUlmus": 0.0, "pCastanea": 0.0, "pOtherLH": 0.0, "pBetula": 0.0, "pAlnus": 0.0, "pPopulus": 0.0, "pSalix": 0.0, "pSorbus": 0.0, "pPrunus": 0.0, "pMalus": 0.0, "pPyrus": 0.0, "pOtherLN": 0.0, "pPicea": 0.03, "pPinus": 0.174, "pAbies": 0.0, "pDouglas": 0.0, "pLarix": 0.046, "pOtherNb": 0.0, "pNoEurop": 0.0, "pNoEuropD": 0.0, "pEurop": 1.0, "pDecid": 0.75, "pConifer": 0.25, "pAll": 1.0, "Cell_id": "4342_3092", "EPSG": 31467, "Netz": 16, "Dichte": 8, "Bl": ";16;" }, "geometry": { "type": "Point", "coordinates": [ 591744.565559941111133, 5644352.181330310180783 ] } },
{ "type": "Feature", "properties": { "Tnr": 53389, "mitRand": 1, "AnzHBbeg": 2, "pHaupt": 1.0, "poHaupt": 0.0, "pQuerus": 0.0, "pFagus": 0.0, "pFraxinus": 0.0, "pCarpinus": 0.0, "pAcer": 0.0, "pTilia": 0.0, "pRobinia": 0.0, "pUlmus": 0.0, "pCastanea": 0.0, "pOtherLH": 0.0, "pBetula": 0.0, "pAlnus": 0.0, "pPopulus": 0.0, "pSalix": 0.0, "pSorbus": 0.0, "pPrunus": 0.0, "pMalus": 0.0, "pPyrus": 0.0, "pOtherLN": 0.0, "pPicea": 0.5, "pPinus": 0.201, "pAbies": 0.0, "pDouglas": 0.0, "pLarix": 0.299, "pOtherNb": 0.0, "pNoEurop": 0.0, "pNoEuropD": 0.0, "pEurop": 1.0, "pDecid": 0.0, "pConifer": 1.0, "pAll": 1.0, "Cell_id": "4346_3092", "EPSG": 31467, "Netz": 64, "Dichte": 8, "Bl": ";16;" }, "geometry": { "type": "Point", "coordinates": [ 595742.946442318730988, 5644406.115550819784403 ] } },
{ "type": "Feature", "properties": { "Tnr": 53413, "mitRand": 0, "AnzHBbeg": 4, "pHaupt": 1.0, "poHaupt": 0.0, "pQuerus": 0.395, "pFagus": 0.195, "pFraxinus": 0.049, "pCarpinus": 0.135, "pAcer": 0.152, "pTilia": 0.075, "pRobinia": 0.0, "pUlmus": 0.0, "pCastanea": 0.0, "pOtherLH": 0.0, "pBetula": 0.0, "pAlnus": 0.0, "pPopulus": 0.0, "pSalix": 0.0, "pSorbus": 0.0, "pPrunus": 0.0, "pMalus": 0.0, "pPyrus": 0.0, "pOtherLN": 0.0, "pPicea": 0.0, "pPinus": 0.0, "pAbies": 0.0, "pDouglas": 0.0, "pLarix": 0.0, "pOtherNb": 0.0, "pNoEurop": 0.0, "pNoEuropD": 0.0, "pEurop": 1.0, "pDecid": 1.0, "pConifer": 0.0, "pAll": 1.0, "Cell_id": "4393_3093", "EPSG": 31468, "Netz": 16, "Dichte": 8, "Bl": ";16;" }, "geometry": { "type": "Point", "coordinates": [ 642713.935149624361657, 5646038.933826129883528 ] } },
{ "type": "Feature", "properties": { "Tnr": 53441, "mitRand": 0, "AnzHBbeg": 1, "pHaupt": 1.0, "poHaupt": 0.0, "pQuerus": 0.464, "pFagus": 0.0, "pFraxinus": 0.0, "pCarpinus": 0.0, "pAcer": 0.141, "pTilia": 0.081, "pRobinia": 0.0, "pUlmus": 0.0, "pCastanea": 0.0, "pOtherLH": 0.0, "pBetula": 0.0, "pAlnus": 0.0, "pPopulus": 0.172, "pSalix": 0.0, "pSorbus": 0.142, "pPrunus": 0.0, "pMalus": 0.0, "pPyrus": 0.0, "pOtherLN": 0.0, "pPicea": 0.0, "pPinus": 0.0, "pAbies": 0.0, "pDouglas": 0.0, "pLarix": 0.0, "pOtherNb": 0.0, "pNoEurop": 0.0, "pNoEuropD": 0.0, "pEurop": 1.0, "pDecid": 1.0, "pConifer": 0.0, "pAll": 1.0, "Cell_id": "4449_3094", "EPSG": 31468, "Netz": 16, "Dichte": 8, "Bl": ";16;" }, "geometry": { "type": "Point", "coordinates": [ 698693.271207420155406, 5647788.594890682958066 ] } },
{ "type": "Feature", "properties": { "Tnr": 53443, "mitRand": 1, "AnzHBbeg": 3, "pHaupt": 1.0, "poHaupt": 0.0, "pQuerus": 0.625, "pFagus": 0.137, "pFraxinus": 0.0, "pCarpinus": 0.021, "pAcer": 0.022, "pTilia": 0.0, "pRobinia": 0.0, "pUlmus": 0.0, "pCastanea": 0.0, "pOtherLH": 0.0, "pBetula": 0.056, "pAlnus": 0.0, "pPopulus": 0.0, "pSalix": 0.0, "pSorbus": 0.0, "pPrunus": 0.0, "pMalus": 0.0, "pPyrus": 0.0, "pOtherLN": 0.0, "pPicea": 0.14, "pPinus": 0.0, "pAbies": 0.0, "pDouglas": 0.0, "pLarix": 0.0, "pOtherNb": 0.0, "pNoEurop": 0.0, "pNoEuropD": 0.0, "pEurop": 1.0, "pDecid": 0.86, "pConifer": 0.14, "pAll": 1.0, "Cell_id": "4453_3095", "EPSG": 31468, "Netz": 256, "Dichte": 8, "Bl": ";16;" }, "geometry": { "type": "Point", "coordinates": [ 702679.667627457645722, 5648842.122636743821204 ] } },
{ "type": "Feature", "properties": { "Tnr": 53445, "mitRand": 1, "AnzHBbeg": 2, "pHaupt": 1.0, "poHaupt": 0.0, "pQuerus": 0.272, "pFagus": 0.0, "pFraxinus": 0.036, "pCarpinus": 0.0, "pAcer": 0.174, "pTilia": 0.046, "pRobinia": 0.0, "pUlmus": 0.0, "pCastanea": 0.0, "pOtherLH": 0.0, "pBetula": 0.0, "pAlnus": 0.0, "pPopulus": 0.472, "pSalix": 0.0, "pSorbus": 0.0, "pPrunus": 0.0, "pMalus": 0.0, "pPyrus": 0.0, "pOtherLN": 0.0, "pPicea": 0.0, "pPinus": 0.0, "pAbies": 0.0, "pDouglas": 0.0, "pLarix": 0.0, "pOtherNb": 0.0, "pNoEurop": 0.0, "pNoEuropD": 0.0, "pEurop": 1.0, "pDecid": 1.0, "pConifer": 0.0, "pAll": 1.0, "Cell_id": "4457_3095", "EPSG": 31468, "Netz": 16, "Dichte": 8, "Bl": ";16;" }, "geometry": { "type": "Point", "coordinates": [ 706680.047004305291921, 5648896.055285044014454 ] } },
{ "type": "Feature", "properties": { "Tnr": 53447, "mitRand": 0, "AnzHBbeg": 1, "pHaupt": 1.0, "poHaupt": 0.0, "pQuerus": 0.0, "pFagus": 0.0, "pFraxinus": 0.0, "pCarpinus": 0.0, "pAcer": 0.619, "pTilia": 0.0, "pRobinia": 0.0, "pUlmus": 0.0, "pCastanea": 0.0, "pOtherLH": 0.0, "pBetula": 0.0, "pAlnus": 0.0, "pPopulus": 0.0, "pSalix": 0.0, "pSorbus": 0.0, "pPrunus": 0.381, "pMalus": 0.0, "pPyrus": 0.0, "pOtherLN": 0.0, "pPicea": 0.0, "pPinus": 0.0, "pAbies": 0.0, "pDouglas": 0.0, "pLarix": 0.0, "pOtherNb": 0.0, "pNoEurop": 0.0, "pNoEuropD": 0.0, "pEurop": 1.0, "pDecid": 1.0, "pConifer": 0.0, "pAll": 1.0, "Cell_id": "4461_3095", "EPSG": 31468, "Netz": 64, "Dichte": 8, "Bl": ";16;" }, "geometry": { "type": "Point", "coordinates": [ 710680.426340522826649, 5648948.988282892853022 ] } },
{ "type": "Feature", "properties": { "Tnr": 53546, "mitRand": 1, "AnzHBbeg": 2, "pHaupt": 1.0, "poHaupt": 0.0, "pQuerus": 0.343, "pFagus": 0.5, "pFraxinus": 0.0, "pCarpinus": 0.0, "pAcer": 0.0, "pTilia": 0.0, "pRobinia": 0.0, "pUlmus": 0.0, "pCastanea": 0.0, "pOtherLH": 0.0, "pBetula": 0.0, "pAlnus": 0.0, "pPopulus": 0.0, "pSalix": 0.0, "pSorbus": 0.0, "pPrunus": 0.0, "pMalus": 0.0, "pPyrus": 0.0, "pOtherLN": 0.0, "pPicea": 0.0, "pPinus": 0.157, "pAbies": 0.0, "pDouglas": 0.0, "pLarix": 0.0, "pOtherNb": 0.0, "pNoEurop": 0.0, "pNoEuropD": 0.0, "pEurop": 1.0, "pDecid": 0.843, "pConifer": 0.157, "pAll": 1.0, "Cell_id": "4324_3090", "EPSG": 31467, "Netz": 8, "Dichte": 8, "Bl": ";16;" }, "geometry": { "type": "Point", "coordinates": [ 573779.818130091647618, 5642109.286602077074349 ] } },
{ "type": "Feature", "properties": { "Tnr": 53550, "mitRand": 1, "AnzHBbeg": 2, "pHaupt": 1.0, "poHaupt": 0.0, "pQuerus": 0.0, "pFagus": 0.0, "pFraxinus": 0.0, "pCarpinus": 0.0, "pAcer": 0.0, "pTilia": 0.0, "pRobinia": 0.0, "pUlmus": 0.0, "pCastanea": 0.0, "pOtherLH": 0.0, "pBetula": 0.0, "pAlnus": 0.0, "pPopulus": 0.134, "pSalix": 0.0, "pSorbus": 0.0, "pPrunus": 0.0, "pMalus": 0.0, "pPyrus": 0.0, "pOtherLN": 0.0, "pPicea": 0.115, "pPinus": 0.751, "pAbies": 0.0, "pDouglas": 0.0, "pLarix": 0.0, "pOtherNb": 0.0, "pNoEurop": 0.0, "pNoEuropD": 0.0, "pEurop": 1.0, "pDecid": 0.134, "pConifer": 0.866, "pAll": 1.0, "Cell_id": "4332_3090", "EPSG": 31467, "Netz": 8, "Dichte": 8, "Bl": ";16;" }, "geometry": { "type": "Point", "coordinates": [ 581775.580444651772268, 5642218.155109487473965 ] } },
{ "type": "Feature", "properties": { "Tnr": 53554, "mitRand": 1, "AnzHBbeg": 3, "pHaupt": 1.0, "poHaupt": 0.0, "pQuerus": 0.0, "pFagus": 0.667, "pFraxinus": 0.0, "pCarpinus": 0.0, "pAcer": 0.0, "pTilia": 0.0, "pRobinia": 0.0, "pUlmus": 0.0, "pCastanea": 0.0, "pOtherLH": 0.0, "pBetula": 0.0, "pAlnus": 0.0, "pPopulus": 0.0, "pSalix": 0.0, "pSorbus": 0.0, "pPrunus": 0.0, "pMalus": 0.0, "pPyrus": 0.0, "pOtherLN": 0.0, "pPicea": 0.333, "pPinus": 0.0, "pAbies": 0.0, "pDouglas": 0.0, "pLarix": 0.0, "pOtherNb": 0.0, "pNoEurop": 0.0, "pNoEuropD": 0.0, "pEurop": 1.0, "pDecid": 0.667, "pConifer": 0.333, "pAll": 1.0, "Cell_id": "4340_3090", "EPSG": 31467, "Netz": 8, "Dichte": 8, "Bl": ";16;" }, "geometry": { "type": "Point", "coordinates": [ 589772.342249741079286, 5642326.023792770691216 ] } },
{ "type": "Feature", "properties": { "Tnr": 53556, "mitRand": 1, "AnzHBbeg": 4, "pHaupt": 1.0, "poHaupt": 0.0, "pQuerus": 0.0, "pFagus": 0.238, "pFraxinus": 0.0, "pCarpinus": 0.0, "pAcer": 0.0, "pTilia": 0.0, "pRobinia": 0.0, "pUlmus": 0.0, "pCastanea": 0.0, "pOtherLH": 0.0, "pBetula": 0.25, "pAlnus": 0.0, "pPopulus": 0.0, "pSalix": 0.0, "pSorbus": 0.012, "pPrunus": 0.0, "pMalus": 0.0, "pPyrus": 0.0, "pOtherLN": 0.0, "pPicea": 0.338, "pPinus": 0.041, "pAbies": 0.0, "pDouglas": 0.0, "pLarix": 0.122, "pOtherNb": 0.0, "pNoEurop": 0.0, "pNoEuropD": 0.0, "pEurop": 1.0, "pDecid": 0.5, "pConifer": 0.5, "pAll": 1.0, "Cell_id": "4344_3090", "EPSG": 31467, "Netz": 8, "Dichte": 8, "Bl": ";16;" }, "geometry": { "type": "Point", "coordinates": [ 593770.723116698209196, 5642379.958052545785904 ] } },
{ "type": "Feature", "properties": { "Tnr": 53558, "mitRand": 1, "AnzHBbeg": 1, "pHaupt": 1.0, "poHaupt": 0.0, "pQuerus": 0.0, "pFagus": 0.0, "pFraxinus": 0.444, "pCarpinus": 0.0, "pAcer": 0.556, "pTilia": 0.0, "pRobinia": 0.0, "pUlmus": 0.0, "pCastanea": 0.0, "pOtherLH": 0.0, "pBetula": 0.0, "pAlnus": 0.0, "pPopulus": 0.0, "pSalix": 0.0, "pSorbus": 0.0, "pPrunus": 0.0, "pMalus": 0.0, "pPyrus": 0.0, "pOtherLN": 0.0, "pPicea": 0.0, "pPinus": 0.0, "pAbies": 0.0, "pDouglas": 0.0, "pLarix": 0.0, "pOtherNb": 0.0, "pNoEurop": 0.0, "pNoEuropD": 0.0, "pEurop": 1.0, "pDecid": 1.0, "pConifer": 0.0, "pAll": 1.0, "Cell_id": "4348_3090", "EPSG": 31467, "Netz": 8, "Dichte": 8, "Bl": ";16;" }, "geometry": { "type": "Point", "coordinates": [ 597769.103959681466222, 5642433.892257713712752 ] } },
{ "type": "Feature", "properties": { "Tnr": 53560, "mitRand": 1, "AnzHBbeg": 4, "pHaupt": 1.0, "poHaupt": 0.0, "pQuerus": 0.069, "pFagus": 0.073, "pFraxinus": 0.0, "pCarpinus": 0.0, "pAcer": 0.25, "pTilia": 0.0, "pRobinia": 0.0, "pUlmus": 0.0, "pCastanea": 0.0, "pOtherLH": 0.0, "pBetula": 0.25, "pAlnus": 0.0, "pPopulus": 0.0, "pSalix": 0.0, "pSorbus": 0.0, "pPrunus": 0.0, "pMalus": 0.0, "pPyrus": 0.0, "pOtherLN": 0.0, "pPicea": 0.358, "pPinus": 0.0, "pAbies": 0.0, "pDouglas": 0.0, "pLarix": 0.0, "pOtherNb": 0.0, "pNoEurop": 0.0, "pNoEuropD": 0.0, "pEurop": 1.0, "pDecid": 0.642, "pConifer": 0.358, "pAll": 1.0, "Cell_id": "4352_3090", "EPSG": 31467, "Netz": 8, "Dichte": 8, "Bl": ";16;" }, "geometry": { "type": "Point", "coordinates": [ 601767.484778504702263, 5642487.82640824932605 ] } },
{ "type": "Feature", "properties": { "Tnr": 53562, "mitRand": 1, "AnzHBbeg": 4, "pHaupt": 1.0, "poHaupt": 0.0, "pQuerus": 0.025, "pFagus": 0.0, "pFraxinus": 0.0, "pCarpinus": 0.0, "pAcer": 0.0, "pTilia": 0.0, "pRobinia": 0.0, "pUlmus": 0.0, "pCastanea": 0.0, "pOtherLH": 0.0, "pBetula": 0.0, "pAlnus": 0.0, "pPopulus": 0.0, "pSalix": 0.0, "pSorbus": 0.0, "pPrunus": 0.0, "pMalus": 0.0, "pPyrus": 0.0, "pOtherLN": 0.0, "pPicea": 0.845, "pPinus": 0.13, "pAbies": 0.0, "pDouglas": 0.0, "pLarix": 0.0, "pOtherNb": 0.0, "pNoEurop": 0.0, "pNoEuropD": 0.0, "pEurop": 1.0, "pDecid": 0.025, "pConifer": 0.975, "pAll": 1.0, "Cell_id": "4356_3090", "EPSG": 31468, "Netz": 8, "Dichte": 8, "Bl": ";16;" }, "geometry": { "type": "Point", "coordinates": [ 605765.865572981070727, 5642541.760504123754799 ] } },
{ "type": "Feature", "properties": { "Tnr": 53572, "mitRand": 1, "AnzHBbeg": 4, "pHaupt": 0.75, "poHaupt": 0.25, "pQuerus": 0.141, "pFagus": 0.25, "pFraxinus": 0.0, "pCarpinus": 0.0, "pAcer": 0.0, "pTilia": 0.0, "pRobinia": 0.0, "pUlmus": 0.0, "pCastanea": 0.0, "pOtherLH": 0.0, "pBetula": 0.266, "pAlnus": 0.0, "pPopulus": 0.0, "pSalix": 0.0, "pSorbus": 0.08, "pPrunus": 0.0, "pMalus": 0.0, "pPyrus": 0.0, "pOtherLN": 0.0, "pPicea": 0.0, "pPinus": 0.013, "pAbies": 0.0, "pDouglas": 0.0, "pLarix": 0.0, "pOtherNb": 0.0, "pNoEurop": 0.0, "pNoEuropD": 0.0, "pEurop": 0.75, "pDecid": 0.737, "pConifer": 0.013, "pAll": 0.75, "Cell_id": "4375_3090", "EPSG": 31468, "Netz": 8, "Dichte": 8, "Bl": ";16;" }, "geometry": { "type": "Point", "coordinates": [ 624759.173598006251268, 5642797.446903768926859 ] } },
{ "type": "Feature", "properties": { "Tnr": 53584, "mitRand": 1, "AnzHBbeg": 4, "pHaupt": 1.0, "poHaupt": 0.0, "pQuerus": 0.396, "pFagus": 0.429, "pFraxinus": 0.0, "pCarpinus": 0.023, "pAcer": 0.0, "pTilia": 0.152, "pRobinia": 0.0, "pUlmus": 0.0, "pCastanea": 0.0, "pOtherLH": 0.0, "pBetula": 0.0, "pAlnus": 0.0, "pPopulus": 0.0, "pSalix": 0.0, "pSorbus": 0.0, "pPrunus": 0.0, "pMalus": 0.0, "pPyrus": 0.0, "pOtherLN": 0.0, "pPicea": 0.0, "pPinus": 0.0, "pAbies": 0.0, "pDouglas": 0.0, "pLarix": 0.0, "pOtherNb": 0.0, "pNoEurop": 0.0, "pNoEuropD": 0.0, "pEurop": 1.0, "pDecid": 1.0, "pConifer": 0.0, "pAll": 1.0, "Cell_id": "4399_3091", "EPSG": 31468, "Netz": 8, "Dichte": 8, "Bl": ";16;" }, "geometry": { "type": "Point", "coordinates": [ 648739.472318297252059, 5644119.644242559559643 ] } },
{ "type": "Feature", "properties": { "Tnr": 53586, "mitRand": 0, "AnzHBbeg": 4, "pHaupt": 1.0, "poHaupt": 0.0, "pQuerus": 0.125, "pFagus": 0.284, "pFraxinus": 0.044, "pCarpinus": 0.215, "pAcer": 0.0, "pTilia": 0.0, "pRobinia": 0.0, "pUlmus": 0.0, "pCastanea": 0.0, "pOtherLH": 0.0, "pBetula": 0.0, "pAlnus": 0.0, "pPopulus": 0.0, "pSalix": 0.0, "pSorbus": 0.029, "pPrunus": 0.0, "pMalus": 0.0, "pPyrus": 0.0, "pOtherLN": 0.0, "pPicea": 0.111, "pPinus": 0.192, "pAbies": 0.0, "pDouglas": 0.0, "pLarix": 0.0, "pOtherNb": 0.0, "pNoEurop": 0.0, "pNoEuropD": 0.0, "pEurop": 1.0, "pDecid": 0.698, "pConifer": 0.302, "pAll": 1.0, "Cell_id": "4403_3091", "EPSG": 31468, "Netz": 8, "Dichte": 8, "Bl": ";16;" }, "geometry": { "type": "Point", "coordinates": [ 652737.852826453279704, 5644173.577687665820122 ] } },
{ "type": "Feature", "properties": { "Tnr": 53588, "mitRand": 1, "AnzHBbeg": 4, "pHaupt": 1.0, "poHaupt": 0.0, "pQuerus": 0.0, "pFagus": 0.405, "pFraxinus": 0.464, "pCarpinus": 0.02, "pAcer": 0.091, "pTilia": 0.02, "pRobinia": 0.0, "pUlmus": 0.0, "pCastanea": 0.0, "pOtherLH": 0.0, "pBetula": 0.0, "pAlnus": 0.0, "pPopulus": 0.0, "pSalix": 0.0, "pSorbus": 0.0, "pPrunus": 0.0, "pMalus": 0.0, "pPyrus": 0.0, "pOtherLN": 0.0, "pPicea": 0.0, "pPinus": 0.0, "pAbies": 0.0, "pDouglas": 0.0, "pLarix": 0.0, "pOtherNb": 0.0, "pNoEurop": 0.0, "pNoEuropD": 0.0, "pEurop": 1.0, "pDecid": 1.0, "pConifer": 0.0, "pAll": 1.0, "Cell_id": "4407_3091", "EPSG": 31468, "Netz": 8, "Dichte": 8, "Bl": ";16;" }, "geometry": { "type": "Point", "coordinates": [ 656737.23290285631083, 5644227.511066562496126 ] } },
{ "type": "Feature", "properties": { "Tnr": 53592, "mitRand": 0, "AnzHBbeg": 3, "pHaupt": 1.0, "poHaupt": 0.0, "pQuerus": 0.097, "pFagus": 0.0, "pFraxinus": 0.127, "pCarpinus": 0.0, "pAcer": 0.0, "pTilia": 0.0, "pRobinia": 0.0, "pUlmus": 0.0, "pCastanea": 0.0, "pOtherLH": 0.0, "pBetula": 0.0, "pAlnus": 0.0, "pPopulus": 0.0, "pSalix": 0.0, "pSorbus": 0.0, "pPrunus": 0.0, "pMalus": 0.0, "pPyrus": 0.0, "pOtherLN": 0.0, "pPicea": 0.237, "pPinus": 0.539, "pAbies": 0.0, "pDouglas": 0.0, "pLarix": 0.0, "pOtherNb": 0.0, "pNoEurop": 0.0, "pNoEuropD": 0.0, "pEurop": 1.0, "pDecid": 0.225, "pConifer": 0.775, "pAll": 1.0, "Cell_id": "4415_3092", "EPSG": 31468, "Netz": 8, "Dichte": 8, "Bl": ";16;" }, "geometry": { "type": "Point", "coordinates": [ 664723.009449558099732, 5645333.973144221119583 ] } },
{ "type": "Feature", "properties": { "Tnr": 53598, "mitRand": 0, "AnzHBbeg": 1, "pHaupt": 1.0, "poHaupt": 0.0, "pQuerus": 0.0, "pFagus": 0.098, "pFraxinus": 0.15, "pCarpinus": 0.0, "pAcer": 0.0, "pTilia": 0.0, "pRobinia": 0.0, "pUlmus": 0.0, "pCastanea": 0.0, "pOtherLH": 0.0, "pBetula": 0.17, "pAlnus": 0.0, "pPopulus": 0.0, "pSalix": 0.0, "pSorbus": 0.0, "pPrunus": 0.0, "pMalus": 0.0, "pPyrus": 0.0, "pOtherLN": 0.0, "pPicea": 0.0, "pPinus": 0.582, "pAbies": 0.0, "pDouglas": 0.0, "pLarix": 0.0, "pOtherNb": 0.0, "pNoEurop": 0.0, "pNoEuropD": 0.0, "pEurop": 1.0, "pDecid": 0.418, "pConifer": 0.582, "pAll": 1.0, "Cell_id": "4427_3092", "EPSG": 31468, "Netz": 8, "Dichte": 8, "Bl": ";16;" }, "geometry": { "type": "Point", "coordinates": [ 676721.149382330244407, 5645494.773004076443613 ] } },
{ "type": "Feature", "properties": { "Tnr": 53604, "mitRand": 1, "AnzHBbeg": 2, "pHaupt": 1.0, "poHaupt": 0.0, "pQuerus": 0.696, "pFagus": 0.156, "pFraxinus": 0.0, "pCarpinus": 0.028, "pAcer": 0.0, "pTilia": 0.12, "pRobinia": 0.0, "pUlmus": 0.0, "pCastanea": 0.0, "pOtherLH": 0.0, "pBetula": 0.0, "pAlnus": 0.0, "pPopulus": 0.0, "pSalix": 0.0, "pSorbus": 0.0, "pPrunus": 0.0, "pMalus": 0.0, "pPyrus": 0.0, "pOtherLN": 0.0, "pPicea": 0.0, "pPinus": 0.0, "pAbies": 0.0, "pDouglas": 0.0, "pLarix": 0.0, "pOtherNb": 0.0, "pNoEurop": 0.0, "pNoEuropD": 0.0, "pEurop": 1.0, "pDecid": 1.0, "pConifer": 0.0, "pAll": 1.0, "Cell_id": "4439_3092", "EPSG": 31468, "Netz": 8, "Dichte": 8, "Bl": ";16;" }, "geometry": { "type": "Point", "coordinates": [ 688720.288659309619106, 5645655.572355524636805 ] } },
{ "type": "Feature", "properties": { "Tnr": 53608, "mitRand": 0, "AnzHBbeg": 4, "pHaupt": 1.0, "poHaupt": 0.0, "pQuerus": 0.0, "pFagus": 0.0, "pFraxinus": 0.0, "pCarpinus": 0.0, "pAcer": 0.0, "pTilia": 0.0, "pRobinia": 0.0, "pUlmus": 0.0, "pCastanea": 0.0, "pOtherLH": 0.0, "pBetula": 0.0, "pAlnus": 0.0, "pPopulus": 0.0, "pSalix": 0.0, "pSorbus": 0.0, "pPrunus": 0.0, "pMalus": 0.0, "pPyrus": 0.0, "pOtherLN": 0.0, "pPicea": 0.417, "pPinus": 0.583, "pAbies": 0.0, "pDouglas": 0.0, "pLarix": 0.0, "pOtherNb": 0.0, "pNoEurop": 0.0, "pNoEuropD": 0.0, "pEurop": 1.0, "pDecid": 0.0, "pConifer": 1.0, "pAll": 1.0, "Cell_id": "4447_3092", "EPSG": 31468, "Netz": 8, "Dichte": 8, "Bl": ";16;" }, "geometry": { "type": "Point", "coordinates": [ 696720.047896689153276, 5645762.438444551080465 ] } },
{ "type": "Feature", "properties": { "Tnr": 53610, "mitRand": 0, "AnzHBbeg": 4, "pHaupt": 1.0, "poHaupt": 0.0, "pQuerus": 0.0, "pFagus": 0.0, "pFraxinus": 0.0, "pCarpinus": 0.0, "pAcer": 0.0, "pTilia": 0.0, "pRobinia": 0.0, "pUlmus": 0.0, "pCastanea": 0.0, "pOtherLH": 0.0, "pBetula": 0.25, "pAlnus": 0.0, "pPopulus": 0.0, "pSalix": 0.0, "pSorbus": 0.0, "pPrunus": 0.0, "pMalus": 0.0, "pPyrus": 0.0, "pOtherLN": 0.0, "pPicea": 0.374, "pPinus": 0.376, "pAbies": 0.0, "pDouglas": 0.0, "pLarix": 0.0, "pOtherNb": 0.0, "pNoEurop": 0.0, "pNoEuropD": 0.0, "pEurop": 1.0, "pDecid": 0.25, "pConifer": 0.75, "pAll": 1.0, "Cell_id": "4451_3093", "EPSG": 31468, "Netz": 8, "Dichte": 8, "Bl": ";16;" }, "geometry": { "type": "Point", "coordinates": [ 700706.444292864529416, 5646815.966229407116771 ] } },
{ "type": "Feature", "properties": { "Tnr": 53614, "mitRand": 0, "AnzHBbeg": 2, "pHaupt": 1.0, "poHaupt": 0.0, "pQuerus": 0.67, "pFagus": 0.0, "pFraxinus": 0.0, "pCarpinus": 0.0, "pAcer": 0.0, "pTilia": 0.0, "pRobinia": 0.0, "pUlmus": 0.0, "pCastanea": 0.0, "pOtherLH": 0.0, "pBetula": 0.0, "pAlnus": 0.0, "pPopulus": 0.0, "pSalix": 0.0, "pSorbus": 0.0, "pPrunus": 0.0, "pMalus": 0.0, "pPyrus": 0.0, "pOtherLN": 0.0, "pPicea": 0.203, "pPinus": 0.127, "pAbies": 0.0, "pDouglas": 0.0, "pLarix": 0.0, "pOtherNb": 0.0, "pNoEurop": 0.0, "pNoEuropD": 0.0, "pEurop": 1.0, "pDecid": 0.67, "pConifer": 0.33, "pAll": 1.0, "Cell_id": "4459_3093", "EPSG": 31468, "Netz": 8, "Dichte": 8, "Bl": ";16;" }, "geometry": { "type": "Point", "coordinates": [ 708707.202979526948184, 5646922.831960228271782 ] } },
{ "type": "Feature", "properties": { "Tnr": 53714, "mitRand": 0, "AnzHBbeg": 1, "pHaupt": 1.0, "poHaupt": 0.0, "pQuerus": 0.0, "pFagus": 0.0, "pFraxinus": 0.0, "pCarpinus": 0.0, "pAcer": 0.0, "pTilia": 0.0, "pRobinia": 0.0, "pUlmus": 0.0, "pCastanea": 0.0, "pOtherLH": 0.0, "pBetula": 0.0, "pAlnus": 0.0, "pPopulus": 0.0, "pSalix": 0.0, "pSorbus": 0.0, "pPrunus": 0.0, "pMalus": 0.0, "pPyrus": 0.0, "pOtherLN": 0.0, "pPicea": 0.168, "pPinus": 0.11, "pAbies": 0.0, "pDouglas": 0.0, "pLarix": 0.722, "pOtherNb": 0.0, "pNoEurop": 0.0, "pNoEuropD": 0.0, "pEurop": 1.0, "pDecid": 0.0, "pConifer": 1.0, "pAll": 1.0, "Cell_id": "4326_3088", "EPSG": 31467, "Netz": 16, "Dichte": 8, "Bl": ";16;" }, "geometry": { "type": "Point", "coordinates": [ 575805.975854917196557, 5640137.063413843512535 ] } },
{ "type": "Feature", "properties": { "Tnr": 53716, "mitRand": 1, "AnzHBbeg": 4, "pHaupt": 1.0, "poHaupt": 0.0, "pQuerus": 0.0, "pFagus": 0.21, "pFraxinus": 0.0, "pCarpinus": 0.0, "pAcer": 0.0, "pTilia": 0.0, "pRobinia": 0.0, "pUlmus": 0.0, "pCastanea": 0.0, "pOtherLH": 0.0, "pBetula": 0.0, "pAlnus": 0.0, "pPopulus": 0.0, "pSalix": 0.0, "pSorbus": 0.0, "pPrunus": 0.0, "pMalus": 0.0, "pPyrus": 0.0, "pOtherLN": 0.0, "pPicea": 0.134, "pPinus": 0.616, "pAbies": 0.0, "pDouglas": 0.0, "pLarix": 0.04, "pOtherNb": 0.0, "pNoEurop": 0.0, "pNoEuropD": 0.0, "pEurop": 1.0, "pDecid": 0.21, "pConifer": 0.79, "pAll": 1.0, "Cell_id": "4330_3088", "EPSG": 31467, "Netz": 16, "Dichte": 8, "Bl": ";16;" }, "geometry": { "type": "Point", "coordinates": [ 579803.357181925326586, 5640190.997887076810002 ] } },
{ "type": "Feature", "properties": { "Tnr": 53722, "mitRand": 1, "AnzHBbeg": 2, "pHaupt": 1.0, "poHaupt": 0.0, "pQuerus": 0.0, "pFagus": 0.0, "pFraxinus": 0.0, "pCarpinus": 0.0, "pAcer": 0.0, "pTilia": 0.0, "pRobinia": 0.0, "pUlmus": 0.0, "pCastanea": 0.0, "pOtherLH": 0.0, "pBetula": 0.0, "pAlnus": 0.0, "pPopulus": 0.0, "pSalix": 0.0, "pSorbus": 0.0, "pPrunus": 0.0, "pMalus": 0.0, "pPyrus": 0.0, "pOtherLN": 0.0, "pPicea": 0.755, "pPinus": 0.086, "pAbies": 0.0, "pDouglas": 0.0, "pLarix": 0.159, "pOtherNb": 0.0, "pNoEurop": 0.086, "pNoEuropD": 0.086, "pEurop": 0.914, "pDecid": 0.0, "pConifer": 1.0, "pAll": 1.0, "Cell_id": "4342_3088", "EPSG": 31467, "Netz": 16, "Dichte": 8, "Bl": ";16;" }, "geometry": { "type": "Point", "coordinates": [ 591798.4998184281867, 5640353.800542401149869 ] } },
{ "type": "Feature", "properties": { "Tnr": 53724, "mitRand": 1, "AnzHBbeg": 4, "pHaupt": 1.0, "poHaupt": 0.0, "pQuerus": 0.0, "pFagus": 0.275, "pFraxinus": 0.0, "pCarpinus": 0.0, "pAcer": 0.0, "pTilia": 0.0, "pRobinia": 0.0, "pUlmus": 0.0, "pCastanea": 0.0, "pOtherLH": 0.0, "pBetula": 0.045, "pAlnus": 0.0, "pPopulus": 0.0, "pSalix": 0.0, "pSorbus": 0.0, "pPrunus": 0.0, "pMalus": 0.0, "pPyrus": 0.0, "pOtherLN": 0.0, "pPicea": 0.648, "pPinus": 0.0, "pAbies": 0.0, "pDouglas": 0.0, "pLarix": 0.031, "pOtherNb": 0.0, "pNoEurop": 0.0, "pNoEuropD": 0.0, "pEurop": 1.0, "pDecid": 0.32, "pConifer": 0.68, "pAll": 1.0, "Cell_id": "4346_3088", "EPSG": 31467, "Netz": 16, "Dichte": 8, "Bl": ";16;" }, "geometry": { "type": "Point", "coordinates": [ 595796.880646083736792, 5640407.734786846674979 ] } },
{ "type": "Feature", "properties": { "Tnr": 53726, "mitRand": 0, "AnzHBbeg": 1, "pHaupt": 1.0, "poHaupt": 0.0, "pQuerus": 0.0, "pFagus": 1.0, "pFraxinus": 0.0, "pCarpinus": 0.0, "pAcer": 0.0, "pTilia": 0.0, "pRobinia": 0.0, "pUlmus": 0.0, "pCastanea": 0.0, "pOtherLH": 0.0, "pBetula": 0.0, "pAlnus": 0.0, "pPopulus": 0.0, "pSalix": 0.0, "pSorbus": 0.0, "pPrunus": 0.0, "pMalus": 0.0, "pPyrus": 0.0, "pOtherLN": 0.0, "pPicea": 0.0, "pPinus": 0.0, "pAbies": 0.0, "pDouglas": 0.0, "pLarix": 0.0, "pOtherNb": 0.0, "pNoEurop": 0.0, "pNoEuropD": 0.0, "pEurop": 1.0, "pDecid": 1.0, "pConifer": 0.0, "pAll": 1.0, "Cell_id": "4350_3088", "EPSG": 31467, "Netz": 16, "Dichte": 8, "Bl": ";16;" }, "geometry": { "type": "Point", "coordinates": [ 599795.261449659592472, 5640461.668976764194667 ] } },
{ "type": "Feature", "properties": { "Tnr": 53728, "mitRand": 1, "AnzHBbeg": 1, "pHaupt": 1.0, "poHaupt": 0.0, "pQuerus": 0.0, "pFagus": 0.0, "pFraxinus": 0.541, "pCarpinus": 0.0, "pAcer": 0.0, "pTilia": 0.0, "pRobinia": 0.0, "pUlmus": 0.0, "pCastanea": 0.0, "pOtherLH": 0.0, "pBetula": 0.0, "pAlnus": 0.459, "pPopulus": 0.0, "pSalix": 0.0, "pSorbus": 0.0, "pPrunus": 0.0, "pMalus": 0.0, "pPyrus": 0.0, "pOtherLN": 0.0, "pPicea": 0.0, "pPinus": 0.0, "pAbies": 0.0, "pDouglas": 0.0, "pLarix": 0.0, "pOtherNb": 0.0, "pNoEurop": 0.0, "pNoEuropD": 0.0, "pEurop": 1.0, "pDecid": 1.0, "pConifer": 0.0, "pAll": 1.0, "Cell_id": "4354_3088", "EPSG": 31467, "Netz": 16, "Dichte": 8, "Bl": ";16;" }, "geometry": { "type": "Point", "coordinates": [ 603793.642228970420547, 5640515.603112127631903 ] } },
{ "type": "Feature", "properties": { "Tnr": 53748, "mitRand": 1, "AnzHBbeg": 1, "pHaupt": 1.0, "poHaupt": 0.0, "pQuerus": 0.681, "pFagus": 0.0, "pFraxinus": 0.319, "pCarpinus": 0.0, "pAcer": 0.0, "pTilia": 0.0, "pRobinia": 0.0, "pUlmus": 0.0, "pCastanea": 0.0, "pOtherLH": 0.0, "pBetula": 0.0, "pAlnus": 0.0, "pPopulus": 0.0, "pSalix": 0.0, "pSorbus": 0.0, "pPrunus": 0.0, "pMalus": 0.0, "pPyrus": 0.0, "pOtherLN": 0.0, "pPicea": 0.0, "pPinus": 0.0, "pAbies": 0.0, "pDouglas": 0.0, "pLarix": 0.0, "pOtherNb": 0.0, "pNoEurop": 0.0, "pNoEuropD": 0.0, "pEurop": 1.0, "pDecid": 1.0, "pConifer": 0.0, "pAll": 1.0, "Cell_id": "4393_3089", "EPSG": 31468, "Netz": 16, "Dichte": 8, "Bl": ";16;" }, "geometry": { "type": "Point", "coordinates": [ 642767.868690840201452, 5642039.553748553618789 ] } },
{ "type": "Feature", "properties": { "Tnr": 53750, "mitRand": 1, "AnzHBbeg": 4, "pHaupt": 1.0, "poHaupt": 0.0, "pQuerus": 0.419, "pFagus": 0.134, "pFraxinus": 0.0, "pCarpinus": 0.0, "pAcer": 0.0, "pTilia": 0.198, "pRobinia": 0.0, "pUlmus": 0.0, "pCastanea": 0.0, "pOtherLH": 0.0, "pBetula": 0.0, "pAlnus": 0.25, "pPopulus": 0.0, "pSalix": 0.0, "pSorbus": 0.0, "pPrunus": 0.0, "pMalus": 0.0, "pPyrus": 0.0, "pOtherLN": 0.0, "pPicea": 0.0, "pPinus": 0.0, "pAbies": 0.0, "pDouglas": 0.0, "pLarix": 0.0, "pOtherNb": 0.0, "pNoEurop": 0.0, "pNoEuropD": 0.0, "pEurop": 1.0, "pDecid": 1.0, "pConifer": 0.0, "pAll": 1.0, "Cell_id": "4397_3089", "EPSG": 31468, "Netz": 16, "Dichte": 8, "Bl": ";16;" }, "geometry": { "type": "Point", "coordinates": [ 646766.24921121483203, 5642093.487289303913713 ] } },
{ "type": "Feature", "properties": { "Tnr": 53756, "mitRand": 1, "AnzHBbeg": 2, "pHaupt": 1.0, "poHaupt": 0.0, "pQuerus": 0.0, "pFagus": 0.832, "pFraxinus": 0.0, "pCarpinus": 0.0, "pAcer": 0.0, "pTilia": 0.0, "pRobinia": 0.0, "pUlmus": 0.0, "pCastanea": 0.0, "pOtherLH": 0.0, "pBetula": 0.0, "pAlnus": 0.0, "pPopulus": 0.0, "pSalix": 0.0, "pSorbus": 0.0, "pPrunus": 0.0, "pMalus": 0.0, "pPyrus": 0.0, "pOtherLN": 0.0, "pPicea": 0.168, "pPinus": 0.0, "pAbies": 0.0, "pDouglas": 0.0, "pLarix": 0.0, "pOtherNb": 0.0, "pNoEurop": 0.0, "pNoEuropD": 0.0, "pEurop": 1.0, "pDecid": 0.832, "pConifer": 0.168, "pAll": 1.0, "Cell_id": "4409_3089", "EPSG": 31468, "Netz": 16, "Dichte": 8, "Bl": ";16;" }, "geometry": { "type": "Point", "coordinates": [ 658764.389386557391845, 5642254.287953622639179 ] } },
{ "type": "Feature", "properties": { "Tnr": 53764, "mitRand": 1, "AnzHBbeg": 4, "pHaupt": 1.0, "poHaupt": 0.0, "pQuerus": 0.094, "pFagus": 0.744, "pFraxinus": 0.022, "pCarpinus": 0.058, "pAcer": 0.0, "pTilia": 0.04, "pRobinia": 0.0, "pUlmus": 0.0, "pCastanea": 0.0, "pOtherLH": 0.0, "pBetula": 0.0, "pAlnus": 0.0, "pPopulus": 0.0, "pSalix": 0.0, "pSorbus": 0.042, "pPrunus": 0.0, "pMalus": 0.0, "pPyrus": 0.0, "pOtherLN": 0.0, "pPicea": 0.0, "pPinus": 0.0, "pAbies": 0.0, "pDouglas": 0.0, "pLarix": 0.0, "pOtherNb": 0.0, "pNoEurop": 0.0, "pNoEuropD": 0.0, "pEurop": 1.0, "pDecid": 1.0, "pConifer": 0.0, "pAll": 1.0, "Cell_id": "4425_3090", "EPSG": 31468, "Netz": 16, "Dichte": 8, "Bl": ";16;" }, "geometry": { "type": "Point", "coordinates": [ 674747.92616694921162, 5643468.616334948688745 ] } },
{ "type": "Feature", "properties": { "Tnr": 53766, "mitRand": 1, "AnzHBbeg": 2, "pHaupt": 1.0, "poHaupt": 0.0, "pQuerus": 0.099, "pFagus": 0.0, "pFraxinus": 0.0, "pCarpinus": 0.0, "pAcer": 0.0, "pTilia": 0.0, "pRobinia": 0.0, "pUlmus": 0.0, "pCastanea": 0.0, "pOtherLH": 0.0, "pBetula": 0.0, "pAlnus": 0.0, "pPopulus": 0.401, "pSalix": 0.0, "pSorbus": 0.0, "pPrunus": 0.0, "pMalus": 0.0, "pPyrus": 0.0, "pOtherLN": 0.0, "pPicea": 0.0, "pPinus": 0.5, "pAbies": 0.0, "pDouglas": 0.0, "pLarix": 0.0, "pOtherNb": 0.0, "pNoEurop": 0.0, "pNoEuropD": 0.0, "pEurop": 1.0, "pDecid": 0.5, "pConifer": 0.5, "pAll": 1.0, "Cell_id": "4429_3090", "EPSG": 31468, "Netz": 16, "Dichte": 8, "Bl": ";16;" }, "geometry": { "type": "Point", "coordinates": [ 678748.305674065835774, 5643522.54940636176616 ] } },
{ "type": "Feature", "properties": { "Tnr": 53768, "mitRand": 0, "AnzHBbeg": 2, "pHaupt": 1.0, "poHaupt": 0.0, "pQuerus": 0.0, "pFagus": 0.229, "pFraxinus": 0.056, "pCarpinus": 0.0, "pAcer": 0.13, "pTilia": 0.083, "pRobinia": 0.0, "pUlmus": 0.0, "pCastanea": 0.0, "pOtherLH": 0.0, "pBetula": 0.0, "pAlnus": 0.0, "pPopulus": 0.0, "pSalix": 0.0, "pSorbus": 0.141, "pPrunus": 0.0, "pMalus": 0.0, "pPyrus": 0.0, "pOtherLN": 0.0, "pPicea": 0.0, "pPinus": 0.36, "pAbies": 0.0, "pDouglas": 0.0, "pLarix": 0.0, "pOtherNb": 0.0, "pNoEurop": 0.0, "pNoEuropD": 0.0, "pEurop": 1.0, "pDecid": 0.64, "pConifer": 0.36, "pAll": 1.0, "Cell_id": "4433_3090", "EPSG": 31468, "Netz": 16, "Dichte": 8, "Bl": ";16;" }, "geometry": { "type": "Point", "coordinates": [ 682747.68554701958783, 5643575.482838972471654 ] } },
{ "type": "Feature", "properties": { "Tnr": 53770, "mitRand": 1, "AnzHBbeg": 4, "pHaupt": 1.0, "poHaupt": 0.0, "pQuerus": 0.0, "pFagus": 0.695, "pFraxinus": 0.0, "pCarpinus": 0.0, "pAcer": 0.189, "pTilia": 0.0, "pRobinia": 0.0, "pUlmus": 0.0, "pCastanea": 0.0, "pOtherLH": 0.0, "pBetula": 0.0, "pAlnus": 0.0, "pPopulus": 0.0, "pSalix": 0.0, "pSorbus": 0.0, "pPrunus": 0.0, "pMalus": 0.0, "pPyrus": 0.0, "pOtherLN": 0.0, "pPicea": 0.0, "pPinus": 0.0, "pAbies": 0.0, "pDouglas": 0.0, "pLarix": 0.116, "pOtherNb": 0.0, "pNoEurop": 0.0, "pNoEuropD": 0.0, "pEurop": 1.0, "pDecid": 0.884, "pConifer": 0.116, "pAll": 1.0, "Cell_id": "4437_3090", "EPSG": 31468, "Netz": 16, "Dichte": 8, "Bl": ";16;" }, "geometry": { "type": "Point", "coordinates": [ 686747.065403099404648, 5643629.415811305865645 ] } },
{ "type": "Feature", "properties": { "Tnr": 53772, "mitRand": 1, "AnzHBbeg": 1, "pHaupt": 1.0, "poHaupt": 0.0, "pQuerus": 0.0, "pFagus": 0.0, "pFraxinus": 0.0, "pCarpinus": 0.0, "pAcer": 0.0, "pTilia": 0.0, "pRobinia": 0.0, "pUlmus": 0.0, "pCastanea": 0.0, "pOtherLH": 0.0, "pBetula": 0.0, "pAlnus": 0.0, "pPopulus": 0.0, "pSalix": 0.0, "pSorbus": 0.0, "pPrunus": 1.0, "pMalus": 0.0, "pPyrus": 0.0, "pOtherLN": 0.0, "pPicea": 0.0, "pPinus": 0.0, "pAbies": 0.0, "pDouglas": 0.0, "pLarix": 0.0, "pOtherNb": 0.0, "pNoEurop": 0.0, "pNoEuropD": 0.0, "pEurop": 1.0, "pDecid": 1.0, "pConifer": 0.0, "pAll": 1.0, "Cell_id": "4441_3090", "EPSG": 31468, "Netz": 16, "Dichte": 8, "Bl": ";16;" }, "geometry": { "type": "Point", "coordinates": [ 690747.444814448594116, 5643682.34912224393338 ] } },
{ "type": "Feature", "properties": { "Tnr": 53774, "mitRand": 0, "AnzHBbeg": 3, "pHaupt": 1.0, "poHaupt": 0.0, "pQuerus": 0.0, "pFagus": 0.532, "pFraxinus": 0.0, "pCarpinus": 0.0, "pAcer": 0.04, "pTilia": 0.0, "pRobinia": 0.0, "pUlmus": 0.0, "pCastanea": 0.0, "pOtherLH": 0.0, "pBetula": 0.0, "pAlnus": 0.0, "pPopulus": 0.0, "pSalix": 0.0, "pSorbus": 0.0, "pPrunus": 0.0, "pMalus": 0.0, "pPyrus": 0.0, "pOtherLN": 0.0, "pPicea": 0.127, "pPinus": 0.301, "pAbies": 0.0, "pDouglas": 0.0, "pLarix": 0.0, "pOtherNb": 0.0, "pNoEurop": 0.0, "pNoEuropD": 0.0, "pEurop": 1.0, "pDecid": 0.572, "pConifer": 0.428, "pAll": 1.0, "Cell_id": "4445_3090", "EPSG": 31468, "Netz": 16, "Dichte": 8, "Bl": ";16;" }, "geometry": { "type": "Point", "coordinates": [ 694746.824613668257371, 5643736.281984133645892 ] } },
{ "type": "Feature", "properties": { "Tnr": 53776, "mitRand": 1, "AnzHBbeg": 3, "pHaupt": 1.0, "poHaupt": 0.0, "pQuerus": 0.0, "pFagus": 0.0, "pFraxinus": 0.0, "pCarpinus": 0.0, "pAcer": 0.0, "pTilia": 0.0, "pRobinia": 0.0, "pUlmus": 0.0, "pCastanea": 0.0, "pOtherLH": 0.0, "pBetula": 0.333, "pAlnus": 0.0, "pPopulus": 0.0, "pSalix": 0.0, "pSorbus": 0.0, "pPrunus": 0.0, "pMalus": 0.0, "pPyrus": 0.0, "pOtherLN": 0.0, "pPicea": 0.166, "pPinus": 0.5, "pAbies": 0.0, "pDouglas": 0.0, "pLarix": 0.0, "pOtherNb": 0.0, "pNoEurop": 0.0, "pNoEuropD": 0.0, "pEurop": 1.0, "pDecid": 0.333, "pConifer": 0.667, "pAll": 1.0, "Cell_id": "4449_3090", "EPSG": 31468, "Netz": 16, "Dichte": 8, "Bl": ";16;" }, "geometry": { "type": "Point", "coordinates": [ 698747.203967741108499, 5643789.215184567496181 ] } },
{ "type": "Feature", "properties": { "Tnr": 53780, "mitRand": 1, "AnzHBbeg": 3, "pHaupt": 1.0, "poHaupt": 0.0, "pQuerus": 0.071, "pFagus": 0.0, "pFraxinus": 0.0, "pCarpinus": 0.0, "pAcer": 0.0, "pTilia": 0.0, "pRobinia": 0.0, "pUlmus": 0.0, "pCastanea": 0.0, "pOtherLH": 0.0, "pBetula": 0.0, "pAlnus": 0.073, "pPopulus": 0.0, "pSalix": 0.0, "pSorbus": 0.0, "pPrunus": 0.0, "pMalus": 0.0, "pPyrus": 0.0, "pOtherLN": 0.0, "pPicea": 0.542, "pPinus": 0.313, "pAbies": 0.0, "pDouglas": 0.0, "pLarix": 0.0, "pOtherNb": 0.0, "pNoEurop": 0.0, "pNoEuropD": 0.0, "pEurop": 1.0, "pDecid": 0.145, "pConifer": 0.855, "pAll": 1.0, "Cell_id": "4457_3091", "EPSG": 31468, "Netz": 16, "Dichte": 8, "Bl": ";16;" }, "geometry": { "type": "Point", "coordinates": [ 706733.979634937713854, 5644895.676028142683208 ] } },
{ "type": "Feature", "properties": { "Tnr": 53790, "mitRand": 1, "AnzHBbeg": 1, "pHaupt": 1.0, "poHaupt": 0.0, "pQuerus": 0.716, "pFagus": 0.0, "pFraxinus": 0.0, "pCarpinus": 0.0, "pAcer": 0.284, "pTilia": 0.0, "pRobinia": 0.0, "pUlmus": 0.0, "pCastanea": 0.0, "pOtherLH": 0.0, "pBetula": 0.0, "pAlnus": 0.0, "pPopulus": 0.0, "pSalix": 0.0, "pSorbus": 0.0, "pPrunus": 0.0, "pMalus": 0.0, "pPyrus": 0.0, "pOtherLN": 0.0, "pPicea": 0.0, "pPinus": 0.0, "pAbies": 0.0, "pDouglas": 0.0, "pLarix": 0.0, "pOtherNb": 0.0, "pNoEurop": 0.0, "pNoEuropD": 0.0, "pEurop": 1.0, "pDecid": 1.0, "pConifer": 0.0, "pAll": 1.0, "Cell_id": "4477_3091", "EPSG": 31468, "Netz": 16, "Dichte": 8, "Bl": ";16;" }, "geometry": { "type": "Point", "coordinates": [ 726736.875358971534297, 5645162.339787761680782 ] } },
{ "type": "Feature", "properties": { "Tnr": 53877, "mitRand": 0, "AnzHBbeg": 3, "pHaupt": 1.0, "poHaupt": 0.0, "pQuerus": 0.0, "pFagus": 0.071, "pFraxinus": 0.0, "pCarpinus": 0.0, "pAcer": 0.0, "pTilia": 0.0, "pRobinia": 0.0, "pUlmus": 0.0, "pCastanea": 0.0, "pOtherLH": 0.0, "pBetula": 0.446, "pAlnus": 0.0, "pPopulus": 0.287, "pSalix": 0.0, "pSorbus": 0.0, "pPrunus": 0.0, "pMalus": 0.0, "pPyrus": 0.0, "pOtherLN": 0.0, "pPicea": 0.0, "pPinus": 0.196, "pAbies": 0.0, "pDouglas": 0.0, "pLarix": 0.0, "pOtherNb": 0.0, "pNoEurop": 0.0, "pNoEuropD": 0.0, "pEurop": 1.0, "pDecid": 0.804, "pConifer": 0.196, "pAll": 1.0, "Cell_id": "4324_3086", "EPSG": 31467, "Netz": 8, "Dichte": 8, "Bl": ";16;" }, "geometry": { "type": "Point", "coordinates": [ 573833.752646023640409, 5638110.905736186541617 ] } },
{ "type": "Feature", "properties": { "Tnr": 53879, "mitRand": 1, "AnzHBbeg": 4, "pHaupt": 1.0, "poHaupt": 0.0, "pQuerus": 0.0, "pFagus": 0.057, "pFraxinus": 0.0, "pCarpinus": 0.0, "pAcer": 0.0, "pTilia": 0.0, "pRobinia": 0.0, "pUlmus": 0.0, "pCastanea": 0.0, "pOtherLH": 0.0, "pBetula": 0.0, "pAlnus": 0.0, "pPopulus": 0.0, "pSalix": 0.0, "pSorbus": 0.0, "pPrunus": 0.0, "pMalus": 0.0, "pPyrus": 0.0, "pOtherLN": 0.0, "pPicea": 0.698, "pPinus": 0.245, "pAbies": 0.0, "pDouglas": 0.0, "pLarix": 0.0, "pOtherNb": 0.0, "pNoEurop": 0.0, "pNoEuropD": 0.0, "pEurop": 1.0, "pDecid": 0.057, "pConifer": 0.943, "pAll": 1.0, "Cell_id": "4328_3086", "EPSG": 31467, "Netz": 8, "Dichte": 8, "Bl": ";16;" }, "geometry": { "type": "Point", "coordinates": [ 577832.133552472456358, 5638164.840237258933485 ] } },
{ "type": "Feature", "properties": { "Tnr": 53881, "mitRand": 1, "AnzHBbeg": 4, "pHaupt": 1.0, "poHaupt": 0.0, "pQuerus": 0.0, "pFagus": 0.0, "pFraxinus": 0.0, "pCarpinus": 0.0, "pAcer": 0.0, "pTilia": 0.0, "pRobinia": 0.0, "pUlmus": 0.0, "pCastanea": 0.0, "pOtherLH": 0.0, "pBetula": 0.0, "pAlnus": 0.0, "pPopulus": 0.0, "pSalix": 0.0, "pSorbus": 0.0, "pPrunus": 0.0, "pMalus": 0.0, "pPyrus": 0.0, "pOtherLN": 0.0, "pPicea": 0.721, "pPinus": 0.15, "pAbies": 0.0, "pDouglas": 0.0, "pLarix": 0.129, "pOtherNb": 0.0, "pNoEurop": 0.0, "pNoEuropD": 0.0, "pEurop": 1.0, "pDecid": 0.0, "pConifer": 1.0, "pAll": 1.0, "Cell_id": "4332_3086", "EPSG": 31467, "Netz": 8, "Dichte": 8, "Bl": ";16;" }, "geometry": { "type": "Point", "coordinates": [ 581829.514840598218143, 5638218.77469493355602 ] } },
{ "type": "Feature", "properties": { "Tnr": 53885, "mitRand": 1, "AnzHBbeg": 3, "pHaupt": 1.0, "poHaupt": 0.0, "pQuerus": 0.078, "pFagus": 0.829, "pFraxinus": 0.0, "pCarpinus": 0.093, "pAcer": 0.0, "pTilia": 0.0, "pRobinia": 0.0, "pUlmus": 0.0, "pCastanea": 0.0, "pOtherLH": 0.0, "pBetula": 0.0, "pAlnus": 0.0, "pPopulus": 0.0, "pSalix": 0.0, "pSorbus": 0.0, "pPrunus": 0.0, "pMalus": 0.0, "pPyrus": 0.0, "pOtherLN": 0.0, "pPicea": 0.0, "pPinus": 0.0, "pAbies": 0.0, "pDouglas": 0.0, "pLarix": 0.0, "pOtherNb": 0.0, "pNoEurop": 0.0, "pNoEuropD": 0.0, "pEurop": 1.0, "pDecid": 1.0, "pConifer": 0.0, "pAll": 1.0, "Cell_id": "4340_3086", "EPSG": 31467, "Netz": 8, "Dichte": 8, "Bl": ";16;" }, "geometry": { "type": "Point", "coordinates": [ 589826.27654745534528, 5638327.643020419403911 ] } },
{ "type": "Feature", "properties": { "Tnr": 53887, "mitRand": 0, "AnzHBbeg": 2, "pHaupt": 1.0, "poHaupt": 0.0, "pQuerus": 0.0, "pFagus": 0.179, "pFraxinus": 0.0, "pCarpinus": 0.0, "pAcer": 0.0, "pTilia": 0.0, "pRobinia": 0.0, "pUlmus": 0.0, "pCastanea": 0.0, "pOtherLH": 0.0, "pBetula": 0.159, "pAlnus": 0.0, "pPopulus": 0.0, "pSalix": 0.0, "pSorbus": 0.0, "pPrunus": 0.0, "pMalus": 0.0, "pPyrus": 0.0, "pOtherLN": 0.0, "pPicea": 0.663, "pPinus": 0.0, "pAbies": 0.0, "pDouglas": 0.0, "pLarix": 0.0, "pOtherNb": 0.0, "pNoEurop": 0.0, "pNoEuropD": 0.0, "pEurop": 1.0, "pDecid": 0.337, "pConifer": 0.663, "pAll": 1.0, "Cell_id": "4344_3086", "EPSG": 31467, "Netz": 8, "Dichte": 8, "Bl": ";16;" }, "geometry": { "type": "Point", "coordinates": [ 593824.657359794829972, 5638381.57730405125767 ] } },
{ "type": "Feature", "properties": { "Tnr": 53889, "mitRand": 0, "AnzHBbeg": 3, "pHaupt": 1.0, "poHaupt": 0.0, "pQuerus": 0.016, "pFagus": 0.035, "pFraxinus": 0.0, "pCarpinus": 0.0, "pAcer": 0.0, "pTilia": 0.0, "pRobinia": 0.0, "pUlmus": 0.0, "pCastanea": 0.0, "pOtherLH": 0.0, "pBetula": 0.0, "pAlnus": 0.0, "pPopulus": 0.0, "pSalix": 0.0, "pSorbus": 0.16, "pPrunus": 0.0, "pMalus": 0.0, "pPyrus": 0.0, "pOtherLN": 0.0, "pPicea": 0.146, "pPinus": 0.0, "pAbies": 0.0, "pDouglas": 0.403, "pLarix": 0.24, "pOtherNb": 0.0, "pNoEurop": 0.403, "pNoEuropD": 0.0, "pEurop": 0.597, "pDecid": 0.211, "pConifer": 0.789, "pAll": 1.0, "Cell_id": "4348_3086", "EPSG": 31467, "Netz": 8, "Dichte": 8, "Bl": ";16;" }, "geometry": { "type": "Point", "coordinates": [ 597823.038148136576638, 5638435.511533259414136 ] } },
{ "type": "Feature", "properties": { "Tnr": 53895, "mitRand": 1, "AnzHBbeg": 3, "pHaupt": 1.0, "poHaupt": 0.0, "pQuerus": 0.0, "pFagus": 0.0, "pFraxinus": 0.0, "pCarpinus": 0.0, "pAcer": 0.0, "pTilia": 0.0, "pRobinia": 0.0, "pUlmus": 0.0, "pCastanea": 0.0, "pOtherLH": 0.0, "pBetula": 0.157, "pAlnus": 0.0, "pPopulus": 0.0, "pSalix": 0.0, "pSorbus": 0.0, "pPrunus": 0.0, "pMalus": 0.0, "pPyrus": 0.0, "pOtherLN": 0.0, "pPicea": 0.731, "pPinus": 0.112, "pAbies": 0.0, "pDouglas": 0.0, "pLarix": 0.0, "pOtherNb": 0.0, "pNoEurop": 0.0, "pNoEuropD": 0.0, "pEurop": 1.0, "pDecid": 0.157, "pConifer": 0.843, "pAll": 1.0, "Cell_id": "4359_3086", "EPSG": 31468, "Netz": 8, "Dichte": 8, "Bl": ";16;" }, "geometry": { "type": "Point", "coordinates": [ 608818.585185303003527, 5638583.330585255287588 ] } },
{ "type": "Feature", "properties": { "Tnr": 53915, "mitRand": 0, "AnzHBbeg": 2, "pHaupt": 1.0, "poHaupt": 0.0, "pQuerus": 0.0, "pFagus": 0.0, "pFraxinus": 0.396, "pCarpinus": 0.0, "pAcer": 0.0, "pTilia": 0.0, "pRobinia": 0.0, "pUlmus": 0.0, "pCastanea": 0.0, "pOtherLH": 0.0, "pBetula": 0.0, "pAlnus": 0.104, "pPopulus": 0.0, "pSalix": 0.0, "pSorbus": 0.0, "pPrunus": 0.0, "pMalus": 0.0, "pPyrus": 0.0, "pOtherLN": 0.0, "pPicea": 0.0, "pPinus": 0.5, "pAbies": 0.0, "pDouglas": 0.0, "pLarix": 0.0, "pOtherNb": 0.0, "pNoEurop": 0.0, "pNoEuropD": 0.0, "pEurop": 1.0, "pDecid": 0.5, "pConifer": 0.5, "pAll": 1.0, "Cell_id": "4399_3087", "EPSG": 31468, "Netz": 8, "Dichte": 8, "Bl": ";16;" }, "geometry": { "type": "Point", "coordinates": [ 648793.40580125967972, 5640121.263827140443027 ] } },
{ "type": "Feature", "properties": { "Tnr": 53923, "mitRand": 1, "AnzHBbeg": 3, "pHaupt": 1.0, "poHaupt": 0.0, "pQuerus": 0.0, "pFagus": 0.95, "pFraxinus": 0.034, "pCarpinus": 0.0, "pAcer": 0.016, "pTilia": 0.0, "pRobinia": 0.0, "pUlmus": 0.0, "pCastanea": 0.0, "pOtherLH": 0.0, "pBetula": 0.0, "pAlnus": 0.0, "pPopulus": 0.0, "pSalix": 0.0, "pSorbus": 0.0, "pPrunus": 0.0, "pMalus": 0.0, "pPyrus": 0.0, "pOtherLN": 0.0, "pPicea": 0.0, "pPinus": 0.0, "pAbies": 0.0, "pDouglas": 0.0, "pLarix": 0.0, "pOtherNb": 0.0, "pNoEurop": 0.0, "pNoEuropD": 0.0, "pEurop": 1.0, "pDecid": 1.0, "pConifer": 0.0, "pAll": 1.0, "Cell_id": "4415_3088", "EPSG": 31468, "Netz": 8, "Dichte": 8, "Bl": ";16;" }, "geometry": { "type": "Point", "coordinates": [ 664776.942694219993427, 5641334.593227546662092 ] } },
{ "type": "Feature", "properties": { "Tnr": 53925, "mitRand": 1, "AnzHBbeg": 4, "pHaupt": 1.0, "poHaupt": 0.0, "pQuerus": 0.0, "pFagus": 0.129, "pFraxinus": 0.0, "pCarpinus": 0.0, "pAcer": 0.0, "pTilia": 0.0, "pRobinia": 0.0, "pUlmus": 0.0, "pCastanea": 0.0, "pOtherLH": 0.0, "pBetula": 0.027, "pAlnus": 0.0, "pPopulus": 0.073, "pSalix": 0.0, "pSorbus": 0.0, "pPrunus": 0.0, "pMalus": 0.0, "pPyrus": 0.0, "pOtherLN": 0.0, "pPicea": 0.268, "pPinus": 0.314, "pAbies": 0.0, "pDouglas": 0.0, "pLarix": 0.189, "pOtherNb": 0.0, "pNoEurop": 0.0, "pNoEuropD": 0.0, "pEurop": 1.0, "pDecid": 0.229, "pConifer": 0.771, "pAll": 1.0, "Cell_id": "4419_3088", "EPSG": 31468, "Netz": 8, "Dichte": 8, "Bl": ";16;" }, "geometry": { "type": "Point", "coordinates": [ 668776.32264790579211, 5641388.52646167576313 ] } },
{ "type": "Feature", "properties": { "Tnr": 53933, "mitRand": 0, "AnzHBbeg": 4, "pHaupt": 1.0, "poHaupt": 0.0, "pQuerus": 0.0, "pFagus": 0.0, "pFraxinus": 0.038, "pCarpinus": 0.0, "pAcer": 0.0, "pTilia": 0.0, "pRobinia": 0.0, "pUlmus": 0.0, "pCastanea": 0.0, "pOtherLH": 0.0, "pBetula": 0.0, "pAlnus": 0.0, "pPopulus": 0.0, "pSalix": 0.0, "pSorbus": 0.028, "pPrunus": 0.0, "pMalus": 0.0, "pPyrus": 0.0, "pOtherLN": 0.0, "pPicea": 0.0, "pPinus": 0.934, "pAbies": 0.0, "pDouglas": 0.0, "pLarix": 0.0, "pOtherNb": 0.0, "pNoEurop": 0.0, "pNoEuropD": 0.0, "pEurop": 1.0, "pDecid": 0.066, "pConifer": 0.934, "pAll": 1.0, "Cell_id": "4435_3088", "EPSG": 31468, "Netz": 8, "Dichte": 8, "Bl": ";16;" }, "geometry": { "type": "Point", "coordinates": [ 684774.841758146765642, 5641602.25964685715735 ] } },
{ "type": "Feature", "properties": { "Tnr": 53937, "mitRand": 0, "AnzHBbeg": 1, "pHaupt": 1.0, "poHaupt": 0.0, "pQuerus": 0.0, "pFagus": 0.0, "pFraxinus": 0.0, "pCarpinus": 0.0, "pAcer": 0.0, "pTilia": 0.0, "pRobinia": 0.0, "pUlmus": 0.0, "pCastanea": 0.0, "pOtherLH": 0.0, "pBetula": 0.545, "pAlnus": 0.0, "pPopulus": 0.0, "pSalix": 0.0, "pSorbus": 0.0, "pPrunus": 0.0, "pMalus": 0.0, "pPyrus": 0.0, "pOtherLN": 0.0, "pPicea": 0.0, "pPinus": 0.455, "pAbies": 0.0, "pDouglas": 0.0, "pLarix": 0.0, "pOtherNb": 0.0, "pNoEurop": 0.0, "pNoEuropD": 0.0, "pEurop": 1.0, "pDecid": 0.545, "pConifer": 0.455, "pAll": 1.0, "Cell_id": "4443_3088", "EPSG": 31468, "Netz": 8, "Dichte": 8, "Bl": ";16;" }, "geometry": { "type": "Point", "coordinates": [ 692774.600941886543296, 5641709.125903288833797 ] } },
{ "type": "Feature", "properties": { "Tnr": 53939, "mitRand": 1, "AnzHBbeg": 1, "pHaupt": 1.0, "poHaupt": 0.0, "pQuerus": 0.249, "pFagus": 0.0, "pFraxinus": 0.0, "pCarpinus": 0.0, "pAcer": 0.0, "pTilia": 0.0, "pRobinia": 0.0, "pUlmus": 0.0, "pCastanea": 0.0, "pOtherLH": 0.0, "pBetula": 0.51, "pAlnus": 0.0, "pPopulus": 0.0, "pSalix": 0.0, "pSorbus": 0.0, "pPrunus": 0.0, "pMalus": 0.0, "pPyrus": 0.0, "pOtherLN": 0.0, "pPicea": 0.0, "pPinus": 0.242, "pAbies": 0.0, "pDouglas": 0.0, "pLarix": 0.0, "pOtherNb": 0.0, "pNoEurop": 0.0, "pNoEuropD": 0.0, "pEurop": 1.0, "pDecid": 0.758, "pConifer": 0.242, "pAll": 1.0, "Cell_id": "4447_3088", "EPSG": 31468, "Netz": 8, "Dichte": 8, "Bl": ";16;" }, "geometry": { "type": "Point", "coordinates": [ 696773.98069911042694, 5641763.058751878328621 ] } },
{ "type": "Feature", "properties": { "Tnr": 53943, "mitRand": 0, "AnzHBbeg": 1, "pHaupt": 1.0, "poHaupt": 0.0, "pQuerus": 0.0, "pFagus": 0.0, "pFraxinus": 0.0, "pCarpinus": 0.0, "pAcer": 0.0, "pTilia": 0.0, "pRobinia": 0.0, "pUlmus": 0.0, "pCastanea": 0.0, "pOtherLH": 0.0, "pBetula": 0.0, "pAlnus": 0.0, "pPopulus": 1.0, "pSalix": 0.0, "pSorbus": 0.0, "pPrunus": 0.0, "pMalus": 0.0, "pPyrus": 0.0, "pOtherLN": 0.0, "pPicea": 0.0, "pPinus": 0.0, "pAbies": 0.0, "pDouglas": 0.0, "pLarix": 0.0, "pOtherNb": 0.0, "pNoEurop": 0.0, "pNoEuropD": 0.0, "pEurop": 1.0, "pDecid": 1.0, "pConifer": 0.0, "pAll": 1.0, "Cell_id": "4455_3089", "EPSG": 31468, "Netz": 8, "Dichte": 8, "Bl": ";16;" }, "geometry": { "type": "Point", "coordinates": [ 704760.756329439231195, 5642869.519676399417222 ] } },
{ "type": "Feature", "properties": { "Tnr": 53953, "mitRand": 1, "AnzHBbeg": 1, "pHaupt": 1.0, "poHaupt": 0.0, "pQuerus": 0.654, "pFagus": 0.0, "pFraxinus": 0.346, "pCarpinus": 0.0, "pAcer": 0.0, "pTilia": 0.0, "pRobinia": 0.0, "pUlmus": 0.0, "pCastanea": 0.0, "pOtherLH": 0.0, "pBetula": 0.0, "pAlnus": 0.0, "pPopulus": 0.0, "pSalix": 0.0, "pSorbus": 0.0, "pPrunus": 0.0, "pMalus": 0.0, "pPyrus": 0.0, "pOtherLN": 0.0, "pPicea": 0.0, "pPinus": 0.0, "pAbies": 0.0, "pDouglas": 0.0, "pLarix": 0.0, "pOtherNb": 0.0, "pNoEurop": 0.0, "pNoEuropD": 0.0, "pEurop": 1.0, "pDecid": 1.0, "pConifer": 0.0, "pAll": 1.0, "Cell_id": "4475_3089", "EPSG": 31468, "Netz": 8, "Dichte": 8, "Bl": ";16;" }, "geometry": { "type": "Point", "coordinates": [ 724763.65197759133298, 5643135.184053804725409 ] } },
{ "type": "Feature", "properties": { "Tnr": 54040, "mitRand": 1, "AnzHBbeg": 4, "pHaupt": 1.0, "poHaupt": 0.0, "pQuerus": 0.0, "pFagus": 0.035, "pFraxinus": 0.0, "pCarpinus": 0.0, "pAcer": 0.0, "pTilia": 0.0, "pRobinia": 0.0, "pUlmus": 0.0, "pCastanea": 0.0, "pOtherLH": 0.0, "pBetula": 0.0, "pAlnus": 0.0, "pPopulus": 0.0, "pSalix": 0.0, "pSorbus": 0.0, "pPrunus": 0.0, "pMalus": 0.0, "pPyrus": 0.0, "pOtherLN": 0.0, "pPicea": 0.93, "pPinus": 0.035, "pAbies": 0.0, "pDouglas": 0.0, "pLarix": 0.0, "pOtherNb": 0.0, "pNoEurop": 0.0, "pNoEuropD": 0.0, "pEurop": 1.0, "pDecid": 0.035, "pConifer": 0.965, "pAll": 1.0, "Cell_id": "4326_3084", "EPSG": 31467, "Netz": 16, "Dichte": 8, "Bl": ";16;" }, "geometry": { "type": "Point", "coordinates": [ 575859.910355148720555, 5636138.682586851529777 ] } },
{ "type": "Feature", "properties": { "Tnr": 54044, "mitRand": 1, "AnzHBbeg": 4, "pHaupt": 1.0, "poHaupt": 0.0, "pQuerus": 0.03, "pFagus": 0.645, "pFraxinus": 0.0, "pCarpinus": 0.165, "pAcer": 0.0, "pTilia": 0.0, "pRobinia": 0.0, "pUlmus": 0.0, "pCastanea": 0.0, "pOtherLH": 0.0, "pBetula": 0.0, "pAlnus": 0.0, "pPopulus": 0.0, "pSalix": 0.0, "pSorbus": 0.0, "pPrunus": 0.0, "pMalus": 0.0, "pPyrus": 0.0, "pOtherLN": 0.0, "pPicea": 0.089, "pPinus": 0.071, "pAbies": 0.0, "pDouglas": 0.0, "pLarix": 0.0, "pOtherNb": 0.0, "pNoEurop": 0.0, "pNoEuropD": 0.0, "pEurop": 1.0, "pDecid": 0.84, "pConifer": 0.16, "pAll": 1.0, "Cell_id": "4334_3084", "EPSG": 31467, "Netz": 16, "Dichte": 8, "Bl": ";16;" }, "geometry": { "type": "Point", "coordinates": [ 583855.672472029109485, 5636246.551514586433768 ] } },
{ "type": "Feature", "properties": { "Tnr": 54048, "mitRand": 1, "AnzHBbeg": 4, "pHaupt": 1.0, "poHaupt": 0.0, "pQuerus": 0.0, "pFagus": 0.145, "pFraxinus": 0.0, "pCarpinus": 0.0, "pAcer": 0.0, "pTilia": 0.0, "pRobinia": 0.0, "pUlmus": 0.0, "pCastanea": 0.0, "pOtherLH": 0.0, "pBetula": 0.0, "pAlnus": 0.0, "pPopulus": 0.0, "pSalix": 0.0, "pSorbus": 0.0, "pPrunus": 0.0, "pMalus": 0.0, "pPyrus": 0.0, "pOtherLN": 0.0, "pPicea": 0.598, "pPinus": 0.0, "pAbies": 0.0, "pDouglas": 0.0, "pLarix": 0.257, "pOtherNb": 0.0, "pNoEurop": 0.0, "pNoEuropD": 0.0, "pEurop": 1.0, "pDecid": 0.145, "pConifer": 0.855, "pAll": 1.0, "Cell_id": "4342_3084", "EPSG": 31467, "Netz": 16, "Dichte": 8, "Bl": ";16;" }, "geometry": { "type": "Point", "coordinates": [ 591852.434100763872266, 5636355.419809370301664 ] } },
{ "type": "Feature", "properties": { "Tnr": 54050, "mitRand": 1, "AnzHBbeg": 4, "pHaupt": 1.0, "poHaupt": 0.0, "pQuerus": 0.0, "pFagus": 0.083, "pFraxinus": 0.0, "pCarpinus": 0.0, "pAcer": 0.0, "pTilia": 0.0, "pRobinia": 0.0, "pUlmus": 0.0, "pCastanea": 0.0, "pOtherLH": 0.0, "pBetula": 0.0, "pAlnus": 0.0, "pPopulus": 0.0, "pSalix": 0.0, "pSorbus": 0.0, "pPrunus": 0.0, "pMalus": 0.0, "pPyrus": 0.0, "pOtherLN": 0.0, "pPicea": 0.917, "pPinus": 0.0, "pAbies": 0.0, "pDouglas": 0.0, "pLarix": 0.0, "pOtherNb": 0.0, "pNoEurop": 0.0, "pNoEuropD": 0.0, "pEurop": 1.0, "pDecid": 0.083, "pConifer": 0.917, "pAll": 1.0, "Cell_id": "4346_3084", "EPSG": 31467, "Netz": 64, "Dichte": 8, "Bl": ";16;" }, "geometry": { "type": "Point", "coordinates": [ 595850.814873882103711, 5636409.354077771306038 ] } },
{ "type": "Feature", "properties": { "Tnr": 54052, "mitRand": 1, "AnzHBbeg": 4, "pHaupt": 1.0, "poHaupt": 0.0, "pQuerus": 0.0, "pFagus": 0.456, "pFraxinus": 0.0, "pCarpinus": 0.0, "pAcer": 0.171, "pTilia": 0.0, "pRobinia": 0.0, "pUlmus": 0.0, "pCastanea": 0.0, "pOtherLH": 0.0, "pBetula": 0.0, "pAlnus": 0.0, "pPopulus": 0.0, "pSalix": 0.0, "pSorbus": 0.0, "pPrunus": 0.0, "pMalus": 0.0, "pPyrus": 0.0, "pOtherLN": 0.0, "pPicea": 0.373, "pPinus": 0.0, "pAbies": 0.0, "pDouglas": 0.0, "pLarix": 0.0, "pOtherNb": 0.0, "pNoEurop": 0.0, "pNoEuropD": 0.0, "pEurop": 1.0, "pDecid": 0.627, "pConifer": 0.373, "pAll": 1.0, "Cell_id": "4350_3084", "EPSG": 31467, "Netz": 16, "Dichte": 8, "Bl": ";16;" }, "geometry": { "type": "Point", "coordinates": [ 599849.195622897474095, 5636463.288291835226119 ] } },
{ "type": "Feature", "properties": { "Tnr": 54054, "mitRand": 1, "AnzHBbeg": 4, "pHaupt": 1.0, "poHaupt": 0.0, "pQuerus": 0.0, "pFagus": 0.0, "pFraxinus": 0.0, "pCarpinus": 0.0, "pAcer": 0.0, "pTilia": 0.0, "pRobinia": 0.0, "pUlmus": 0.0, "pCastanea": 0.0, "pOtherLH": 0.0, "pBetula": 0.25, "pAlnus": 0.0, "pPopulus": 0.0, "pSalix": 0.0, "pSorbus": 0.0, "pPrunus": 0.0, "pMalus": 0.0, "pPyrus": 0.0, "pOtherLN": 0.0, "pPicea": 0.75, "pPinus": 0.0, "pAbies": 0.0, "pDouglas": 0.0, "pLarix": 0.0, "pOtherNb": 0.0, "pNoEurop": 0.0, "pNoEuropD": 0.0, "pEurop": 1.0, "pDecid": 0.25, "pConifer": 0.75, "pAll": 1.0, "Cell_id": "4354_3084", "EPSG": 31467, "Netz": 64, "Dichte": 8, "Bl": ";16;" }, "geometry": { "type": "Point", "coordinates": [ 603847.57634762278758, 5636517.222451530396938 ] } },
{ "type": "Feature", "properties": { "Tnr": 54058, "mitRand": 1, "AnzHBbeg": 4, "pHaupt": 1.0, "poHaupt": 0.0, "pQuerus": 0.0, "pFagus": 0.0, "pFraxinus": 0.0, "pCarpinus": 0.0, "pAcer": 0.0, "pTilia": 0.0, "pRobinia": 0.0, "pUlmus": 0.0, "pCastanea": 0.0, "pOtherLH": 0.0, "pBetula": 0.0, "pAlnus": 0.08, "pPopulus": 0.048, "pSalix": 0.0, "pSorbus": 0.0, "pPrunus": 0.0, "pMalus": 0.0, "pPyrus": 0.0, "pOtherLN": 0.0, "pPicea": 0.584, "pPinus": 0.288, "pAbies": 0.0, "pDouglas": 0.0, "pLarix": 0.0, "pOtherNb": 0.0, "pNoEurop": 0.0, "pNoEuropD": 0.0, "pEurop": 1.0, "pDecid": 0.128, "pConifer": 0.872, "pAll": 1.0, "Cell_id": "4361_3084", "EPSG": 31468, "Netz": 16, "Dichte": 8, "Bl": ";16;" }, "geometry": { "type": "Point", "coordinates": [ 610844.742551370756701, 5636611.107302600517869 ] } },
{ "type": "Feature", "properties": { "Tnr": 54060, "mitRand": 1, "AnzHBbeg": 1, "pHaupt": 1.0, "poHaupt": 0.0, "pQuerus": 0.0, "pFagus": 0.0, "pFraxinus": 0.0, "pCarpinus": 0.0, "pAcer": 0.0, "pTilia": 0.0, "pRobinia": 0.0, "pUlmus": 0.0, "pCastanea": 0.0, "pOtherLH": 0.0, "pBetula": 0.0, "pAlnus": 0.0, "pPopulus": 0.0, "pSalix": 0.0, "pSorbus": 0.0, "pPrunus": 0.0, "pMalus": 0.0, "pPyrus": 0.0, "pOtherLN": 0.0, "pPicea": 0.0, "pPinus": 1.0, "pAbies": 0.0, "pDouglas": 0.0, "pLarix": 0.0, "pOtherNb": 0.0, "pNoEurop": 0.0, "pNoEuropD": 0.0, "pEurop": 1.0, "pDecid": 0.0, "pConifer": 1.0, "pAll": 1.0, "Cell_id": "4365_3084", "EPSG": 31468, "Netz": 64, "Dichte": 8, "Bl": ";16;" }, "geometry": { "type": "Point", "coordinates": [ 614844.122803342295811, 5636665.041301624849439 ] } },
{ "type": "Feature", "properties": { "Tnr": 54068, "mitRand": 1, "AnzHBbeg": 3, "pHaupt": 1.0, "poHaupt": 0.0, "pQuerus": 0.0, "pFagus": 0.0, "pFraxinus": 0.0, "pCarpinus": 0.0, "pAcer": 0.0, "pTilia": 0.0, "pRobinia": 0.0, "pUlmus": 0.0, "pCastanea": 0.0, "pOtherLH": 0.0, "pBetula": 0.0, "pAlnus": 0.0, "pPopulus": 0.0, "pSalix": 0.0, "pSorbus": 0.0, "pPrunus": 0.333, "pMalus": 0.0, "pPyrus": 0.0, "pOtherLN": 0.0, "pPicea": 0.0, "pPinus": 0.667, "pAbies": 0.0, "pDouglas": 0.0, "pLarix": 0.0, "pOtherNb": 0.0, "pNoEurop": 0.0, "pNoEuropD": 0.0, "pEurop": 1.0, "pDecid": 0.333, "pConifer": 0.667, "pAll": 1.0, "Cell_id": "4381_3085", "EPSG": 31468, "Netz": 64, "Dichte": 8, "Bl": ";16;" }, "geometry": { "type": "Point", "coordinates": [ 630824.661526003852487, 5637879.37231417838484 ] } },
{ "type": "Feature", "properties": { "Tnr": 54080, "mitRand": 1, "AnzHBbeg": 3, "pHaupt": 1.0, "poHaupt": 0.0, "pQuerus": 0.093, "pFagus": 0.0, "pFraxinus": 0.0, "pCarpinus": 0.0, "pAcer": 0.096, "pTilia": 0.0, "pRobinia": 0.0, "pUlmus": 0.0, "pCastanea": 0.0, "pOtherLH": 0.112, "pBetula": 0.0, "pAlnus": 0.0, "pPopulus": 0.0, "pSalix": 0.0, "pSorbus": 0.0, "pPrunus": 0.0, "pMalus": 0.0, "pPyrus": 0.0, "pOtherLN": 0.0, "pPicea": 0.486, "pPinus": 0.141, "pAbies": 0.0, "pDouglas": 0.0, "pLarix": 0.073, "pOtherNb": 0.0, "pNoEurop": 0.112, "pNoEuropD": 0.112, "pEurop": 0.888, "pDecid": 0.301, "pConifer": 0.699, "pAll": 1.0, "Cell_id": "4405_3085", "EPSG": 31468, "Netz": 64, "Dichte": 8, "Bl": ";16;" }, "geometry": { "type": "Point", "coordinates": [ 654818.942764965002425, 5638201.974241006188095 ] } },
{ "type": "Feature", "properties": { "Tnr": 54084, "mitRand": 1, "AnzHBbeg": 3, "pHaupt": 1.0, "poHaupt": 0.0, "pQuerus": 0.0, "pFagus": 0.032, "pFraxinus": 0.0, "pCarpinus": 0.0, "pAcer": 0.0, "pTilia": 0.0, "pRobinia": 0.0, "pUlmus": 0.0, "pCastanea": 0.0, "pOtherLH": 0.0, "pBetula": 0.0, "pAlnus": 0.0, "pPopulus": 0.0, "pSalix": 0.0, "pSorbus": 0.0, "pPrunus": 0.0, "pMalus": 0.0, "pPyrus": 0.0, "pOtherLN": 0.0, "pPicea": 0.671, "pPinus": 0.079, "pAbies": 0.0, "pDouglas": 0.217, "pLarix": 0.0, "pOtherNb": 0.0, "pNoEurop": 0.217, "pNoEuropD": 0.0, "pEurop": 0.783, "pDecid": 0.032, "pConifer": 0.968, "pAll": 1.0, "Cell_id": "4413_3085", "EPSG": 31468, "Netz": 64, "Dichte": 8, "Bl": ";16;" }, "geometry": { "type": "Point", "coordinates": [ 662817.702687532524578, 5638308.841374665498734 ] } },
{ "type": "Feature", "properties": { "Tnr": 54086, "mitRand": 1, "AnzHBbeg": 1, "pHaupt": 0.0, "poHaupt": 1.0, "pQuerus": 0.0, "pFagus": 0.0, "pFraxinus": 0.0, "pCarpinus": 0.0, "pAcer": 0.0, "pTilia": 0.0, "pRobinia": 0.0, "pUlmus": 0.0, "pCastanea": 0.0, "pOtherLH": 0.0, "pBetula": 0.0, "pAlnus": 0.0, "pPopulus": 0.0, "pSalix": 0.0, "pSorbus": 0.0, "pPrunus": 0.0, "pMalus": 0.0, "pPyrus": 0.0, "pOtherLN": 0.0, "pPicea": 0.0, "pPinus": 0.0, "pAbies": 0.0, "pDouglas": 0.0, "pLarix": 0.0, "pOtherNb": 0.0, "pNoEurop": 0.0, "pNoEuropD": 0.0, "pEurop": 0.0, "pDecid": 0.0, "pConifer": 0.0, "pAll": 0.0, "Cell_id": "4417_3086", "EPSG": 31468, "Netz": 16, "Dichte": 8, "Bl": ";16;" }, "geometry": { "type": "Point", "coordinates": [ 666803.099501417367719, 5639362.369723807089031 ] } },
{ "type": "Feature", "properties": { "Tnr": 54096, "mitRand": 1, "AnzHBbeg": 4, "pHaupt": 1.0, "poHaupt": 0.0, "pQuerus": 0.089, "pFagus": 0.038, "pFraxinus": 0.0, "pCarpinus": 0.0, "pAcer": 0.0, "pTilia": 0.0, "pRobinia": 0.0, "pUlmus": 0.0, "pCastanea": 0.0, "pOtherLH": 0.0, "pBetula": 0.076, "pAlnus": 0.0, "pPopulus": 0.0, "pSalix": 0.0, "pSorbus": 0.0, "pPrunus": 0.0, "pMalus": 0.0, "pPyrus": 0.0, "pOtherLN": 0.0, "pPicea": 0.279, "pPinus": 0.518, "pAbies": 0.0, "pDouglas": 0.0, "pLarix": 0.0, "pOtherNb": 0.0, "pNoEurop": 0.0, "pNoEuropD": 0.0, "pEurop": 1.0, "pDecid": 0.203, "pConifer": 0.797, "pAll": 1.0, "Cell_id": "4437_3086", "EPSG": 31468, "Netz": 64, "Dichte": 8, "Bl": ";16;" }, "geometry": { "type": "Point", "coordinates": [ 686800.998346743173897, 5639629.036480223760009 ] } },
{ "type": "Feature", "properties": { "Tnr": 54106, "mitRand": 1, "AnzHBbeg": 1, "pHaupt": 1.0, "poHaupt": 0.0, "pQuerus": 0.879, "pFagus": 0.121, "pFraxinus": 0.0, "pCarpinus": 0.0, "pAcer": 0.0, "pTilia": 0.0, "pRobinia": 0.0, "pUlmus": 0.0, "pCastanea": 0.0, "pOtherLH": 0.0, "pBetula": 0.0, "pAlnus": 0.0, "pPopulus": 0.0, "pSalix": 0.0, "pSorbus": 0.0, "pPrunus": 0.0, "pMalus": 0.0, "pPyrus": 0.0, "pOtherLN": 0.0, "pPicea": 0.0, "pPinus": 0.0, "pAbies": 0.0, "pDouglas": 0.0, "pLarix": 0.0, "pOtherNb": 0.0, "pNoEurop": 0.0, "pNoEuropD": 0.0, "pEurop": 1.0, "pDecid": 1.0, "pConifer": 0.0, "pAll": 1.0, "Cell_id": "4457_3087", "EPSG": 31468, "Netz": 16, "Dichte": 8, "Bl": ";16;" }, "geometry": { "type": "Point", "coordinates": [ 706787.912306125508621, 5640896.296421851031482 ] } },
{ "type": "Feature", "properties": { "Tnr": 54110, "mitRand": 1, "AnzHBbeg": 4, "pHaupt": 1.0, "poHaupt": 0.0, "pQuerus": 0.265, "pFagus": 0.665, "pFraxinus": 0.0, "pCarpinus": 0.0, "pAcer": 0.019, "pTilia": 0.026, "pRobinia": 0.0, "pUlmus": 0.0, "pCastanea": 0.0, "pOtherLH": 0.0, "pBetula": 0.025, "pAlnus": 0.0, "pPopulus": 0.0, "pSalix": 0.0, "pSorbus": 0.0, "pPrunus": 0.0, "pMalus": 0.0, "pPyrus": 0.0, "pOtherLN": 0.0, "pPicea": 0.0, "pPinus": 0.0, "pAbies": 0.0, "pDouglas": 0.0, "pLarix": 0.0, "pOtherNb": 0.0, "pNoEurop": 0.12, "pNoEuropD": 0.12, "pEurop": 0.88, "pDecid": 1.0, "pConifer": 0.0, "pAll": 1.0, "Cell_id": "4465_3087", "EPSG": 31468, "Netz": 16, "Dichte": 8, "Bl": ";16;" }, "geometry": { "type": "Point", "coordinates": [ 714788.670727015705779, 5641002.162479586899281 ] } },
{ "type": "Feature", "properties": { "Tnr": 54124, "mitRand": 1, "AnzHBbeg": 1, "pHaupt": 1.0, "poHaupt": 0.0, "pQuerus": 0.66, "pFagus": 0.0, "pFraxinus": 0.0, "pCarpinus": 0.155, "pAcer": 0.186, "pTilia": 0.0, "pRobinia": 0.0, "pUlmus": 0.0, "pCastanea": 0.0, "pOtherLH": 0.0, "pBetula": 0.0, "pAlnus": 0.0, "pPopulus": 0.0, "pSalix": 0.0, "pSorbus": 0.0, "pPrunus": 0.0, "pMalus": 0.0, "pPyrus": 0.0, "pOtherLN": 0.0, "pPicea": 0.0, "pPinus": 0.0, "pAbies": 0.0, "pDouglas": 0.0, "pLarix": 0.0, "pOtherNb": 0.0, "pNoEurop": 0.0, "pNoEuropD": 0.0, "pEurop": 1.0, "pDecid": 1.0, "pConifer": 0.0, "pAll": 1.0, "Cell_id": "4493_3088", "EPSG": 31468, "Netz": 64, "Dichte": 8, "Bl": ";16;" }, "geometry": { "type": "Point", "coordinates": [ 742781.339810984791256, 5642374.286019354127347 ] } },
{ "type": "Feature", "properties": { "Tnr": 54197, "mitRand": 1, "AnzHBbeg": 4, "pHaupt": 1.0, "poHaupt": 0.0, "pQuerus": 0.0, "pFagus": 0.688, "pFraxinus": 0.0, "pCarpinus": 0.0, "pAcer": 0.0, "pTilia": 0.0, "pRobinia": 0.0, "pUlmus": 0.0, "pCastanea": 0.0, "pOtherLH": 0.0, "pBetula": 0.0, "pAlnus": 0.0, "pPopulus": 0.0, "pSalix": 0.0, "pSorbus": 0.0, "pPrunus": 0.0, "pMalus": 0.0, "pPyrus": 0.0, "pOtherLN": 0.0, "pPicea": 0.134, "pPinus": 0.077, "pAbies": 0.0, "pDouglas": 0.0, "pLarix": 0.101, "pOtherNb": 0.0, "pNoEurop": 0.0, "pNoEuropD": 0.0, "pEurop": 1.0, "pDecid": 0.688, "pConifer": 0.312, "pAll": 1.0, "Cell_id": "4324_3082", "EPSG": 31467, "Netz": 8, "Dichte": 8, "Bl": ";16;" }, "geometry": { "type": "Point", "coordinates": [ 573887.687184982583858, 5634112.524924969300628 ] } },
{ "type": "Feature", "properties": { "Tnr": 54199, "mitRand": 1, "AnzHBbeg": 4, "pHaupt": 1.0, "poHaupt": 0.0, "pQuerus": 0.0, "pFagus": 0.0, "pFraxinus": 0.0, "pCarpinus": 0.0, "pAcer": 0.0, "pTilia": 0.0, "pRobinia": 0.0, "pUlmus": 0.0, "pCastanea": 0.0, "pOtherLH": 0.0, "pBetula": 0.0, "pAlnus": 0.0, "pPopulus": 0.0, "pSalix": 0.0, "pSorbus": 0.0, "pPrunus": 0.0, "pMalus": 0.0, "pPyrus": 0.0, "pOtherLN": 0.0, "pPicea": 0.741, "pPinus": 0.259, "pAbies": 0.0, "pDouglas": 0.0, "pLarix": 0.0, "pOtherNb": 0.0, "pNoEurop": 0.219, "pNoEuropD": 0.219, "pEurop": 0.781, "pDecid": 0.0, "pConifer": 1.0, "pAll": 1.0, "Cell_id": "4328_3082", "EPSG": 31467, "Netz": 8, "Dichte": 8, "Bl": ";16;" }, "geometry": { "type": "Point", "coordinates": [ 577886.068037096993066, 5634166.459449175745249 ] } },
{ "type": "Feature", "properties": { "Tnr": 54201, "mitRand": 1, "AnzHBbeg": 4, "pHaupt": 1.0, "poHaupt": 0.0, "pQuerus": 0.032, "pFagus": 0.0, "pFraxinus": 0.0, "pCarpinus": 0.0, "pAcer": 0.0, "pTilia": 0.0, "pRobinia": 0.0, "pUlmus": 0.0, "pCastanea": 0.0, "pOtherLH": 0.0, "pBetula": 0.051, "pAlnus": 0.0, "pPopulus": 0.0, "pSalix": 0.0, "pSorbus": 0.0, "pPrunus": 0.0, "pMalus": 0.0, "pPyrus": 0.0, "pOtherLN": 0.0, "pPicea": 0.533, "pPinus": 0.384, "pAbies": 0.0, "pDouglas": 0.0, "pLarix": 0.0, "pOtherNb": 0.0, "pNoEurop": 0.25, "pNoEuropD": 0.25, "pEurop": 0.75, "pDecid": 0.083, "pConifer": 0.917, "pAll": 1.0, "Cell_id": "4332_3082", "EPSG": 31467, "Netz": 8, "Dichte": 8, "Bl": ";16;" }, "geometry": { "type": "Point", "coordinates": [ 581884.448865934158675, 5634220.393919247202575 ] } },
{ "type": "Feature", "properties": { "Tnr": 54207, "mitRand": 1, "AnzHBbeg": 4, "pHaupt": 1.0, "poHaupt": 0.0, "pQuerus": 0.0, "pFagus": 0.5, "pFraxinus": 0.0, "pCarpinus": 0.0, "pAcer": 0.0, "pTilia": 0.0, "pRobinia": 0.0, "pUlmus": 0.0, "pCastanea": 0.0, "pOtherLH": 0.0, "pBetula": 0.0, "pAlnus": 0.25, "pPopulus": 0.0, "pSalix": 0.0, "pSorbus": 0.0, "pPrunus": 0.0, "pMalus": 0.0, "pPyrus": 0.0, "pOtherLN": 0.0, "pPicea": 0.25, "pPinus": 0.0, "pAbies": 0.0, "pDouglas": 0.0, "pLarix": 0.0, "pOtherNb": 0.0, "pNoEurop": 0.0, "pNoEuropD": 0.0, "pEurop": 1.0, "pDecid": 0.75, "pConifer": 0.25, "pAll": 1.0, "Cell_id": "4344_3082", "EPSG": 31467, "Netz": 8, "Dichte": 8, "Bl": ";16;" }, "geometry": { "type": "Point", "coordinates": [ 593878.591626845649444, 5634383.196610349230468 ] } },
{ "type": "Feature", "properties": { "Tnr": 54209, "mitRand": 1, "AnzHBbeg": 4, "pHaupt": 1.0, "poHaupt": 0.0, "pQuerus": 0.0, "pFagus": 0.665, "pFraxinus": 0.0, "pCarpinus": 0.0, "pAcer": 0.017, "pTilia": 0.0, "pRobinia": 0.0, "pUlmus": 0.0, "pCastanea": 0.0, "pOtherLH": 0.0, "pBetula": 0.028, "pAlnus": 0.194, "pPopulus": 0.0, "pSalix": 0.0, "pSorbus": 0.0, "pPrunus": 0.0, "pMalus": 0.0, "pPyrus": 0.0, "pOtherLN": 0.0, "pPicea": 0.096, "pPinus": 0.0, "pAbies": 0.0, "pDouglas": 0.0, "pLarix": 0.0, "pOtherNb": 0.0, "pNoEurop": 0.0, "pNoEuropD": 0.0, "pEurop": 1.0, "pDecid": 0.904, "pConifer": 0.096, "pAll": 1.0, "Cell_id": "4348_3082", "EPSG": 31467, "Netz": 8, "Dichte": 8, "Bl": ";16;" }, "geometry": { "type": "Point", "coordinates": [ 597876.97236073052045, 5634437.130863619036973 ] } },
{ "type": "Feature", "properties": { "Tnr": 54211, "mitRand": 1, "AnzHBbeg": 4, "pHaupt": 1.0, "poHaupt": 0.0, "pQuerus": 0.0, "pFagus": 0.917, "pFraxinus": 0.0, "pCarpinus": 0.0, "pAcer": 0.0, "pTilia": 0.0, "pRobinia": 0.0, "pUlmus": 0.0, "pCastanea": 0.0, "pOtherLH": 0.0, "pBetula": 0.0, "pAlnus": 0.0, "pPopulus": 0.0, "pSalix": 0.0, "pSorbus": 0.0, "pPrunus": 0.0, "pMalus": 0.0, "pPyrus": 0.0, "pOtherLN": 0.0, "pPicea": 0.083, "pPinus": 0.0, "pAbies": 0.0, "pDouglas": 0.0, "pLarix": 0.0, "pOtherNb": 0.0, "pNoEurop": 0.0, "pNoEuropD": 0.0, "pEurop": 1.0, "pDecid": 0.917, "pConifer": 0.083, "pAll": 1.0, "Cell_id": "4352_3082", "EPSG": 31467, "Netz": 8, "Dichte": 8, "Bl": ";16;" }, "geometry": { "type": "Point", "coordinates": [ 601875.353070406708866, 5634491.065062629058957 ] } },
{ "type": "Feature", "properties": { "Tnr": 54213, "mitRand": 1, "AnzHBbeg": 4, "pHaupt": 1.0, "poHaupt": 0.0, "pQuerus": 0.0, "pFagus": 0.097, "pFraxinus": 0.035, "pCarpinus": 0.0, "pAcer": 0.049, "pTilia": 0.0, "pRobinia": 0.0, "pUlmus": 0.033, "pCastanea": 0.0, "pOtherLH": 0.0, "pBetula": 0.25, "pAlnus": 0.0, "pPopulus": 0.0, "pSalix": 0.0, "pSorbus": 0.0, "pPrunus": 0.0, "pMalus": 0.0, "pPyrus": 0.0, "pOtherLN": 0.0, "pPicea": 0.536, "pPinus": 0.0, "pAbies": 0.0, "pDouglas": 0.0, "pLarix": 0.0, "pOtherNb": 0.0, "pNoEurop": 0.0, "pNoEuropD": 0.0, "pEurop": 1.0, "pDecid": 0.464, "pConifer": 0.536, "pAll": 1.0, "Cell_id": "4356_3082", "EPSG": 31468, "Netz": 8, "Dichte": 8, "Bl": ";16;" }, "geometry": { "type": "Point", "coordinates": [ 605873.733755687484518, 5634544.99920735321939 ] } },
{ "type": "Feature", "properties": { "Tnr": 54215, "mitRand": 1, "AnzHBbeg": 4, "pHaupt": 0.75, "poHaupt": 0.25, "pQuerus": 0.0, "pFagus": 0.0, "pFraxinus": 0.0, "pCarpinus": 0.0, "pAcer": 0.0, "pTilia": 0.0, "pRobinia": 0.0, "pUlmus": 0.0, "pCastanea": 0.0, "pOtherLH": 0.0, "pBetula": 0.0, "pAlnus": 0.0, "pPopulus": 0.0, "pSalix": 0.0, "pSorbus": 0.0, "pPrunus": 0.0, "pMalus": 0.0, "pPyrus": 0.0, "pOtherLN": 0.0, "pPicea": 0.75, "pPinus": 0.0, "pAbies": 0.0, "pDouglas": 0.0, "pLarix": 0.0, "pOtherNb": 0.0, "pNoEurop": 0.0, "pNoEuropD": 0.0, "pEurop": 0.75, "pDecid": 0.0, "pConifer": 0.75, "pAll": 0.75, "Cell_id": "4360_3082", "EPSG": 31468, "Netz": 8, "Dichte": 8, "Bl": ";16;" }, "geometry": { "type": "Point", "coordinates": [ 609872.114405369386077, 5634597.93370277248323 ] } },
{ "type": "Feature", "properties": { "Tnr": 54217, "mitRand": 1, "AnzHBbeg": 4, "pHaupt": 1.0, "poHaupt": 0.0, "pQuerus": 0.0, "pFagus": 0.25, "pFraxinus": 0.0, "pCarpinus": 0.0, "pAcer": 0.0, "pTilia": 0.0, "pRobinia": 0.0, "pUlmus": 0.0, "pCastanea": 0.0, "pOtherLH": 0.0, "pBetula": 0.14, "pAlnus": 0.0, "pPopulus": 0.0, "pSalix": 0.0, "pSorbus": 0.0, "pPrunus": 0.0, "pMalus": 0.0, "pPyrus": 0.0, "pOtherLN": 0.0, "pPicea": 0.341, "pPinus": 0.269, "pAbies": 0.0, "pDouglas": 0.0, "pLarix": 0.0, "pOtherNb": 0.0, "pNoEurop": 0.0, "pNoEuropD": 0.0, "pEurop": 1.0, "pDecid": 0.39, "pConifer": 0.61, "pAll": 1.0, "Cell_id": "4364_3082", "EPSG": 31468, "Netz": 8, "Dichte": 8, "Bl": ";16;" }, "geometry": { "type": "Point", "coordinates": [ 613871.494636293500662, 5634651.867727822624147 ] } },
{ "type": "Feature", "properties": { "Tnr": 54219, "mitRand": 0, "AnzHBbeg": 4, "pHaupt": 1.0, "poHaupt": 0.0, "pQuerus": 0.986, "pFagus": 0.0, "pFraxinus": 0.0, "pCarpinus": 0.0, "pAcer": 0.0, "pTilia": 0.0, "pRobinia": 0.0, "pUlmus": 0.0, "pCastanea": 0.0, "pOtherLH": 0.0, "pBetula": 0.0, "pAlnus": 0.0, "pPopulus": 0.0, "pSalix": 0.0, "pSorbus": 0.0, "pPrunus": 0.0, "pMalus": 0.0, "pPyrus": 0.0, "pOtherLN": 0.0, "pPicea": 0.014, "pPinus": 0.0, "pAbies": 0.0, "pDouglas": 0.0, "pLarix": 0.0, "pOtherNb": 0.0, "pNoEurop": 0.0, "pNoEuropD": 0.0, "pEurop": 1.0, "pDecid": 0.986, "pConifer": 0.014, "pAll": 1.0, "Cell_id": "4368_3082", "EPSG": 31468, "Netz": 8, "Dichte": 8, "Bl": ";16;" }, "geometry": { "type": "Point", "coordinates": [ 617869.875247249263339, 5634705.801709529943764 ] } },
{ "type": "Feature", "properties": { "Tnr": 54237, "mitRand": 0, "AnzHBbeg": 3, "pHaupt": 1.0, "poHaupt": 0.0, "pQuerus": 0.0, "pFagus": 0.061, "pFraxinus": 0.0, "pCarpinus": 0.0, "pAcer": 0.0, "pTilia": 0.0, "pRobinia": 0.0, "pUlmus": 0.0, "pCastanea": 0.0, "pOtherLH": 0.0, "pBetula": 0.0, "pAlnus": 0.0, "pPopulus": 0.0, "pSalix": 0.0, "pSorbus": 0.0, "pPrunus": 0.0, "pMalus": 0.0, "pPyrus": 0.0, "pOtherLN": 0.0, "pPicea": 0.878, "pPinus": 0.061, "pAbies": 0.0, "pDouglas": 0.0, "pLarix": 0.0, "pOtherNb": 0.0, "pNoEurop": 0.0, "pNoEuropD": 0.0, "pEurop": 1.0, "pDecid": 0.061, "pConifer": 0.939, "pAll": 1.0, "Cell_id": "4403_3083", "EPSG": 31468, "Netz": 8, "Dichte": 8, "Bl": ";16;" }, "geometry": { "type": "Point", "coordinates": [ 652846.719292797381058, 5636175.817359118722379 ] } },
{ "type": "Feature", "properties": { "Tnr": 54241, "mitRand": 1, "AnzHBbeg": 4, "pHaupt": 1.0, "poHaupt": 0.0, "pQuerus": 0.0, "pFagus": 0.0, "pFraxinus": 0.0, "pCarpinus": 0.0, "pAcer": 0.0, "pTilia": 0.0, "pRobinia": 0.0, "pUlmus": 0.0, "pCastanea": 0.0, "pOtherLH": 0.0, "pBetula": 0.0, "pAlnus": 0.0, "pPopulus": 0.0, "pSalix": 0.0, "pSorbus": 0.0, "pPrunus": 0.0, "pMalus": 0.0, "pPyrus": 0.0, "pOtherLN": 0.0, "pPicea": 0.714, "pPinus": 0.286, "pAbies": 0.0, "pDouglas": 0.0, "pLarix": 0.0, "pOtherNb": 0.0, "pNoEurop": 0.0, "pNoEuropD": 0.0, "pEurop": 1.0, "pDecid": 0.0, "pConifer": 1.0, "pAll": 1.0, "Cell_id": "4411_3083", "EPSG": 31468, "Netz": 8, "Dichte": 8, "Bl": ";16;" }, "geometry": { "type": "Point", "coordinates": [ 660844.479592597926967, 5636282.684585662558675 ] } },
{ "type": "Feature", "properties": { "Tnr": 54245, "mitRand": 0, "AnzHBbeg": 3, "pHaupt": 1.0, "poHaupt": 0.0, "pQuerus": 0.636, "pFagus": 0.074, "pFraxinus": 0.0, "pCarpinus": 0.0, "pAcer": 0.112, "pTilia": 0.0, "pRobinia": 0.0, "pUlmus": 0.0, "pCastanea": 0.0, "pOtherLH": 0.0, "pBetula": 0.0, "pAlnus": 0.0, "pPopulus": 0.0, "pSalix": 0.0, "pSorbus": 0.177, "pPrunus": 0.0, "pMalus": 0.0, "pPyrus": 0.0, "pOtherLN": 0.0, "pPicea": 0.0, "pPinus": 0.0, "pAbies": 0.0, "pDouglas": 0.0, "pLarix": 0.0, "pOtherNb": 0.0, "pNoEurop": 0.0, "pNoEuropD": 0.0, "pEurop": 1.0, "pDecid": 1.0, "pConifer": 0.0, "pAll": 1.0, "Cell_id": "4419_3084", "EPSG": 31468, "Netz": 8, "Dichte": 8, "Bl": ";16;" }, "geometry": { "type": "Point", "coordinates": [ 668830.255864809849299, 5637389.146627712063491 ] } },
{ "type": "Feature", "properties": { "Tnr": 54251, "mitRand": 0, "AnzHBbeg": 4, "pHaupt": 1.0, "poHaupt": 0.0, "pQuerus": 0.031, "pFagus": 0.024, "pFraxinus": 0.057, "pCarpinus": 0.0, "pAcer": 0.0, "pTilia": 0.0, "pRobinia": 0.0, "pUlmus": 0.0, "pCastanea": 0.0, "pOtherLH": 0.0, "pBetula": 0.0, "pAlnus": 0.0, "pPopulus": 0.0, "pSalix": 0.0, "pSorbus": 0.198, "pPrunus": 0.0, "pMalus": 0.0, "pPyrus": 0.0, "pOtherLN": 0.0, "pPicea": 0.0, "pPinus": 0.689, "pAbies": 0.0, "pDouglas": 0.0, "pLarix": 0.0, "pOtherNb": 0.0, "pNoEurop": 0.0, "pNoEuropD": 0.0, "pEurop": 1.0, "pDecid": 0.311, "pConifer": 0.689, "pAll": 1.0, "Cell_id": "4431_3084", "EPSG": 31468, "Netz": 8, "Dichte": 8, "Bl": ";16;" }, "geometry": { "type": "Point", "coordinates": [ 680828.395383702474646, 5637549.946488316170871 ] } },
{ "type": "Feature", "properties": { "Tnr": 54257, "mitRand": 1, "AnzHBbeg": 4, "pHaupt": 1.0, "poHaupt": 0.0, "pQuerus": 0.355, "pFagus": 0.044, "pFraxinus": 0.0, "pCarpinus": 0.022, "pAcer": 0.0, "pTilia": 0.0, "pRobinia": 0.0, "pUlmus": 0.0, "pCastanea": 0.0, "pOtherLH": 0.0, "pBetula": 0.0, "pAlnus": 0.0, "pPopulus": 0.028, "pSalix": 0.0, "pSorbus": 0.0, "pPrunus": 0.0, "pMalus": 0.0, "pPyrus": 0.0, "pOtherLN": 0.0, "pPicea": 0.082, "pPinus": 0.371, "pAbies": 0.0, "pDouglas": 0.0, "pLarix": 0.1, "pOtherNb": 0.0, "pNoEurop": 0.176, "pNoEuropD": 0.176, "pEurop": 0.824, "pDecid": 0.447, "pConifer": 0.553, "pAll": 1.0, "Cell_id": "4443_3084", "EPSG": 31468, "Netz": 8, "Dichte": 8, "Bl": ";16;" }, "geometry": { "type": "Point", "coordinates": [ 692828.533828223473392, 5637709.746237486600876 ] } },
{ "type": "Feature", "properties": { "Tnr": 54259, "mitRand": 1, "AnzHBbeg": 4, "pHaupt": 1.0, "poHaupt": 0.0, "pQuerus": 0.105, "pFagus": 0.0, "pFraxinus": 0.0, "pCarpinus": 0.0, "pAcer": 0.0, "pTilia": 0.0, "pRobinia": 0.0, "pUlmus": 0.0, "pCastanea": 0.0, "pOtherLH": 0.0, "pBetula": 0.199, "pAlnus": 0.0, "pPopulus": 0.0, "pSalix": 0.0, "pSorbus": 0.0, "pPrunus": 0.0, "pMalus": 0.0, "pPyrus": 0.0, "pOtherLN": 0.0, "pPicea": 0.082, "pPinus": 0.615, "pAbies": 0.0, "pDouglas": 0.0, "pLarix": 0.0, "pOtherNb": 0.0, "pNoEurop": 0.0, "pNoEuropD": 0.0, "pEurop": 1.0, "pDecid": 0.304, "pConifer": 0.696, "pAll": 1.0, "Cell_id": "4447_3084", "EPSG": 31468, "Netz": 8, "Dichte": 8, "Bl": ";16;" }, "geometry": { "type": "Point", "coordinates": [ 696827.913518952671438, 5637762.679519893601537 ] } },
{ "type": "Feature", "properties": { "Tnr": 54261, "mitRand": 1, "AnzHBbeg": 4, "pHaupt": 1.0, "poHaupt": 0.0, "pQuerus": 0.0, "pFagus": 0.048, "pFraxinus": 0.0, "pCarpinus": 0.0, "pAcer": 0.0, "pTilia": 0.0, "pRobinia": 0.0, "pUlmus": 0.0, "pCastanea": 0.0, "pOtherLH": 0.0, "pBetula": 0.351, "pAlnus": 0.0, "pPopulus": 0.0, "pSalix": 0.0, "pSorbus": 0.0, "pPrunus": 0.0, "pMalus": 0.0, "pPyrus": 0.0, "pOtherLN": 0.0, "pPicea": 0.476, "pPinus": 0.099, "pAbies": 0.0, "pDouglas": 0.0, "pLarix": 0.026, "pOtherNb": 0.0, "pNoEurop": 0.0, "pNoEuropD": 0.0, "pEurop": 1.0, "pDecid": 0.399, "pConifer": 0.601, "pAll": 1.0, "Cell_id": "4451_3085", "EPSG": 31468, "Netz": 8, "Dichte": 8, "Bl": ";16;" }, "geometry": { "type": "Point", "coordinates": [ 700814.309790050960146, 5638816.207334656268358 ] } },
{ "type": "Feature", "properties": { "Tnr": 54263, "mitRand": 0, "AnzHBbeg": 3, "pHaupt": 1.0, "poHaupt": 0.0, "pQuerus": 0.05, "pFagus": 0.0, "pFraxinus": 0.0, "pCarpinus": 0.0, "pAcer": 0.0, "pTilia": 0.0, "pRobinia": 0.0, "pUlmus": 0.0, "pCastanea": 0.0, "pOtherLH": 0.0, "pBetula": 0.21, "pAlnus": 0.0, "pPopulus": 0.0, "pSalix": 0.0, "pSorbus": 0.0, "pPrunus": 0.0, "pMalus": 0.0, "pPyrus": 0.0, "pOtherLN": 0.0, "pPicea": 0.333, "pPinus": 0.408, "pAbies": 0.0, "pDouglas": 0.0, "pLarix": 0.0, "pOtherNb": 0.0, "pNoEurop": 0.0, "pNoEuropD": 0.0, "pEurop": 1.0, "pDecid": 0.259, "pConifer": 0.741, "pAll": 1.0, "Cell_id": "4455_3085", "EPSG": 31468, "Netz": 8, "Dichte": 8, "Bl": ";16;" }, "geometry": { "type": "Point", "coordinates": [ 704814.689031531685032, 5638869.140488469973207 ] } },
{ "type": "Feature", "properties": { "Tnr": 54267, "mitRand": 1, "AnzHBbeg": 2, "pHaupt": 0.5, "poHaupt": 0.5, "pQuerus": 0.0, "pFagus": 0.0, "pFraxinus": 0.0, "pCarpinus": 0.0, "pAcer": 0.242, "pTilia": 0.0, "pRobinia": 0.0, "pUlmus": 0.0, "pCastanea": 0.0, "pOtherLH": 0.0, "pBetula": 0.0, "pAlnus": 0.0, "pPopulus": 0.0, "pSalix": 0.0, "pSorbus": 0.0, "pPrunus": 0.0, "pMalus": 0.0, "pPyrus": 0.0, "pOtherLN": 0.0, "pPicea": 0.258, "pPinus": 0.0, "pAbies": 0.0, "pDouglas": 0.0, "pLarix": 0.0, "pOtherNb": 0.0, "pNoEurop": 0.0, "pNoEuropD": 0.0, "pEurop": 0.5, "pDecid": 0.242, "pConifer": 0.258, "pAll": 0.5, "Cell_id": "4463_3085", "EPSG": 31468, "Netz": 8, "Dichte": 8, "Bl": ";16;" }, "geometry": { "type": "Point", "coordinates": [ 712815.447437959606759, 5638976.006225604563951 ] } },
{ "type": "Feature", "properties": { "Tnr": 54355, "mitRand": 1, "AnzHBbeg": 4, "pHaupt": 1.0, "poHaupt": 0.0, "pQuerus": 0.25, "pFagus": 0.346, "pFraxinus": 0.0, "pCarpinus": 0.0, "pAcer": 0.0, "pTilia": 0.0, "pRobinia": 0.0, "pUlmus": 0.0, "pCastanea": 0.0, "pOtherLH": 0.0, "pBetula": 0.0, "pAlnus": 0.0, "pPopulus": 0.0, "pSalix": 0.0, "pSorbus": 0.0, "pPrunus": 0.0, "pMalus": 0.0, "pPyrus": 0.0, "pOtherLN": 0.0, "pPicea": 0.0, "pPinus": 0.199, "pAbies": 0.0, "pDouglas": 0.0, "pLarix": 0.205, "pOtherNb": 0.0, "pNoEurop": 0.0, "pNoEuropD": 0.0, "pEurop": 1.0, "pDecid": 0.596, "pConifer": 0.404, "pAll": 1.0, "Cell_id": "4330_3080", "EPSG": 31467, "Netz": 16, "Dichte": 8, "Bl": ";16;" }, "geometry": { "type": "Point", "coordinates": [ 579912.225691907573491, 5632194.236323216930032 ] } },
{ "type": "Feature", "properties": { "Tnr": 54357, "mitRand": 1, "AnzHBbeg": 1, "pHaupt": 1.0, "poHaupt": 0.0, "pQuerus": 0.0, "pFagus": 0.0, "pFraxinus": 0.0, "pCarpinus": 0.0, "pAcer": 0.0, "pTilia": 0.0, "pRobinia": 0.0, "pUlmus": 0.0, "pCastanea": 0.0, "pOtherLH": 0.0, "pBetula": 0.0, "pAlnus": 0.0, "pPopulus": 0.0, "pSalix": 0.0, "pSorbus": 0.0, "pPrunus": 0.0, "pMalus": 0.0, "pPyrus": 0.0, "pOtherLN": 0.0, "pPicea": 0.631, "pPinus": 0.369, "pAbies": 0.0, "pDouglas": 0.0, "pLarix": 0.0, "pOtherNb": 0.0, "pNoEurop": 0.0, "pNoEuropD": 0.0, "pEurop": 1.0, "pDecid": 0.0, "pConifer": 1.0, "pAll": 1.0, "Cell_id": "4334_3080", "EPSG": 31467, "Netz": 16, "Dichte": 8, "Bl": ";16;" }, "geometry": { "type": "Point", "coordinates": [ 583910.606481920694932, 5632248.170777919702232 ] } },
{ "type": "Feature", "properties": { "Tnr": 54359, "mitRand": 1, "AnzHBbeg": 4, "pHaupt": 1.0, "poHaupt": 0.0, "pQuerus": 0.004, "pFagus": 0.006, "pFraxinus": 0.0, "pCarpinus": 0.0, "pAcer": 0.0, "pTilia": 0.0, "pRobinia": 0.0, "pUlmus": 0.0, "pCastanea": 0.0, "pOtherLH": 0.0, "pBetula": 0.018, "pAlnus": 0.0, "pPopulus": 0.0, "pSalix": 0.0, "pSorbus": 0.05, "pPrunus": 0.0, "pMalus": 0.0, "pPyrus": 0.0, "pOtherLN": 0.0, "pPicea": 0.674, "pPinus": 0.16, "pAbies": 0.0, "pDouglas": 0.0, "pLarix": 0.09, "pOtherNb": 0.0, "pNoEurop": 0.0, "pNoEuropD": 0.0, "pEurop": 1.0, "pDecid": 0.076, "pConifer": 0.924, "pAll": 1.0, "Cell_id": "4338_3080", "EPSG": 31467, "Netz": 16, "Dichte": 8, "Bl": ";16;" }, "geometry": { "type": "Point", "coordinates": [ 587907.987653323914856, 5632302.105189481750131 ] } },
{ "type": "Feature", "properties": { "Tnr": 54365, "mitRand": 1, "AnzHBbeg": 2, "pHaupt": 1.0, "poHaupt": 0.0, "pQuerus": 0.0, "pFagus": 0.684, "pFraxinus": 0.0, "pCarpinus": 0.0, "pAcer": 0.0, "pTilia": 0.0, "pRobinia": 0.0, "pUlmus": 0.0, "pCastanea": 0.0, "pOtherLH": 0.0, "pBetula": 0.0, "pAlnus": 0.0, "pPopulus": 0.0, "pSalix": 0.0, "pSorbus": 0.0, "pPrunus": 0.0, "pMalus": 0.0, "pPyrus": 0.0, "pOtherLN": 0.0, "pPicea": 0.316, "pPinus": 0.0, "pAbies": 0.0, "pDouglas": 0.0, "pLarix": 0.0, "pOtherNb": 0.0, "pNoEurop": 0.0, "pNoEuropD": 0.0, "pEurop": 1.0, "pDecid": 0.684, "pConifer": 0.316, "pAll": 1.0, "Cell_id": "4350_3080", "EPSG": 31467, "Netz": 16, "Dichte": 8, "Bl": ";16;" }, "geometry": { "type": "Point", "coordinates": [ 599903.129809398786165, 5632463.908066640608013 ] } },
{ "type": "Feature", "properties": { "Tnr": 54367, "mitRand": 1, "AnzHBbeg": 4, "pHaupt": 1.0, "poHaupt": 0.0, "pQuerus": 0.0, "pFagus": 0.25, "pFraxinus": 0.0, "pCarpinus": 0.0, "pAcer": 0.0, "pTilia": 0.0, "pRobinia": 0.0, "pUlmus": 0.0, "pCastanea": 0.0, "pOtherLH": 0.0, "pBetula": 0.0, "pAlnus": 0.0, "pPopulus": 0.0, "pSalix": 0.0, "pSorbus": 0.0, "pPrunus": 0.0, "pMalus": 0.0, "pPyrus": 0.0, "pOtherLN": 0.0, "pPicea": 0.75, "pPinus": 0.0, "pAbies": 0.0, "pDouglas": 0.0, "pLarix": 0.0, "pOtherNb": 0.0, "pNoEurop": 0.0, "pNoEuropD": 0.0, "pEurop": 1.0, "pDecid": 0.25, "pConifer": 0.75, "pAll": 1.0, "Cell_id": "4354_3080", "EPSG": 31467, "Netz": 16, "Dichte": 8, "Bl": ";16;" }, "geometry": { "type": "Point", "coordinates": [ 603901.510479710996151, 5632517.842250698246062 ] } },
{ "type": "Feature", "properties": { "Tnr": 54369, "mitRand": 1, "AnzHBbeg": 3, "pHaupt": 1.0, "poHaupt": 0.0, "pQuerus": 0.0, "pFagus": 0.18, "pFraxinus": 0.0, "pCarpinus": 0.0, "pAcer": 0.0, "pTilia": 0.0, "pRobinia": 0.0, "pUlmus": 0.0, "pCastanea": 0.0, "pOtherLH": 0.0, "pBetula": 0.0, "pAlnus": 0.0, "pPopulus": 0.0, "pSalix": 0.0, "pSorbus": 0.0, "pPrunus": 0.0, "pMalus": 0.0, "pPyrus": 0.0, "pOtherLN": 0.0, "pPicea": 0.82, "pPinus": 0.0, "pAbies": 0.0, "pDouglas": 0.0, "pLarix": 0.0, "pOtherNb": 0.0, "pNoEurop": 0.0, "pNoEuropD": 0.0, "pEurop": 1.0, "pDecid": 0.18, "pConifer": 0.82, "pAll": 1.0, "Cell_id": "4358_3080", "EPSG": 31468, "Netz": 16, "Dichte": 8, "Bl": ";16;" }, "geometry": { "type": "Point", "coordinates": [ 607899.891125521389768, 5632571.776380549184978 ] } },
{ "type": "Feature", "properties": { "Tnr": 54389, "mitRand": 1, "AnzHBbeg": 1, "pHaupt": 1.0, "poHaupt": 0.0, "pQuerus": 1.0, "pFagus": 0.0, "pFraxinus": 0.0, "pCarpinus": 0.0, "pAcer": 0.0, "pTilia": 0.0, "pRobinia": 0.0, "pUlmus": 0.0, "pCastanea": 0.0, "pOtherLH": 0.0, "pBetula": 0.0, "pAlnus": 0.0, "pPopulus": 0.0, "pSalix": 0.0, "pSorbus": 0.0, "pPrunus": 0.0, "pMalus": 0.0, "pPyrus": 0.0, "pOtherLN": 0.0, "pPicea": 0.0, "pPinus": 0.0, "pAbies": 0.0, "pDouglas": 0.0, "pLarix": 0.0, "pOtherNb": 0.0, "pNoEurop": 0.0, "pNoEuropD": 0.0, "pEurop": 1.0, "pDecid": 1.0, "pConifer": 0.0, "pAll": 1.0, "Cell_id": "4398_3081", "EPSG": 31468, "Netz": 16, "Dichte": 8, "Bl": ";16;" }, "geometry": { "type": "Point", "coordinates": [ 647874.710961780860089, 5634108.710528588853776 ] } },
{ "type": "Feature", "properties": { "Tnr": 54391, "mitRand": 1, "AnzHBbeg": 3, "pHaupt": 1.0, "poHaupt": 0.0, "pQuerus": 0.0, "pFagus": 0.0, "pFraxinus": 0.0, "pCarpinus": 0.0, "pAcer": 0.0, "pTilia": 0.0, "pRobinia": 0.0, "pUlmus": 0.0, "pCastanea": 0.0, "pOtherLH": 0.0, "pBetula": 0.0, "pAlnus": 0.0, "pPopulus": 0.0, "pSalix": 0.0, "pSorbus": 0.0, "pPrunus": 0.0, "pMalus": 0.0, "pPyrus": 0.0, "pOtherLN": 0.0, "pPicea": 0.428, "pPinus": 0.044, "pAbies": 0.0, "pDouglas": 0.0, "pLarix": 0.528, "pOtherNb": 0.0, "pNoEurop": 0.0, "pNoEuropD": 0.0, "pEurop": 1.0, "pDecid": 0.0, "pConifer": 1.0, "pAll": 1.0, "Cell_id": "4402_3081", "EPSG": 31468, "Netz": 16, "Dichte": 8, "Bl": ";16;" }, "geometry": { "type": "Point", "coordinates": [ 651873.091339372680523, 5634162.644053859636188 ] } },
{ "type": "Feature", "properties": { "Tnr": 54395, "mitRand": 1, "AnzHBbeg": 1, "pHaupt": 1.0, "poHaupt": 0.0, "pQuerus": 0.0, "pFagus": 0.0, "pFraxinus": 0.0, "pCarpinus": 0.0, "pAcer": 0.0, "pTilia": 0.0, "pRobinia": 0.0, "pUlmus": 0.0, "pCastanea": 0.0, "pOtherLH": 0.0, "pBetula": 0.0, "pAlnus": 0.0, "pPopulus": 0.0, "pSalix": 0.0, "pSorbus": 0.0, "pPrunus": 0.0, "pMalus": 0.0, "pPyrus": 0.0, "pOtherLN": 0.0, "pPicea": 0.0, "pPinus": 1.0, "pAbies": 0.0, "pDouglas": 0.0, "pLarix": 0.0, "pOtherNb": 0.0, "pNoEurop": 0.0, "pNoEuropD": 0.0, "pEurop": 1.0, "pDecid": 0.0, "pConifer": 1.0, "pAll": 1.0, "Cell_id": "4410_3081", "EPSG": 31468, "Netz": 16, "Dichte": 8, "Bl": ";16;" }, "geometry": { "type": "Point", "coordinates": [ 659871.851192839210853, 5634269.511323465034366 ] } },
{ "type": "Feature", "properties": { "Tnr": 54409, "mitRand": 0, "AnzHBbeg": 3, "pHaupt": 1.0, "poHaupt": 0.0, "pQuerus": 0.0, "pFagus": 0.066, "pFraxinus": 0.0, "pCarpinus": 0.0, "pAcer": 0.0, "pTilia": 0.0, "pRobinia": 0.0, "pUlmus": 0.0, "pCastanea": 0.0, "pOtherLH": 0.0, "pBetula": 0.469, "pAlnus": 0.0, "pPopulus": 0.0, "pSalix": 0.0, "pSorbus": 0.0, "pPrunus": 0.0, "pMalus": 0.0, "pPyrus": 0.0, "pOtherLN": 0.0, "pPicea": 0.2, "pPinus": 0.232, "pAbies": 0.0, "pDouglas": 0.0, "pLarix": 0.033, "pOtherNb": 0.0, "pNoEurop": 0.0, "pNoEuropD": 0.0, "pEurop": 1.0, "pDecid": 0.534, "pConifer": 0.466, "pAll": 1.0, "Cell_id": "4438_3082", "EPSG": 31468, "Netz": 16, "Dichte": 8, "Bl": ";16;" }, "geometry": { "type": "Point", "coordinates": [ 687855.525952515425161, 5635642.640242147259414 ] } },
{ "type": "Feature", "properties": { "Tnr": 54411, "mitRand": 0, "AnzHBbeg": 3, "pHaupt": 1.0, "poHaupt": 0.0, "pQuerus": 0.056, "pFagus": 0.206, "pFraxinus": 0.0, "pCarpinus": 0.0, "pAcer": 0.0, "pTilia": 0.0, "pRobinia": 0.0, "pUlmus": 0.0, "pCastanea": 0.0, "pOtherLH": 0.0, "pBetula": 0.0, "pAlnus": 0.0, "pPopulus": 0.0, "pSalix": 0.0, "pSorbus": 0.0, "pPrunus": 0.0, "pMalus": 0.0, "pPyrus": 0.0, "pOtherLN": 0.0, "pPicea": 0.599, "pPinus": 0.139, "pAbies": 0.0, "pDouglas": 0.0, "pLarix": 0.0, "pOtherNb": 0.0, "pNoEurop": 0.0, "pNoEuropD": 0.0, "pEurop": 1.0, "pDecid": 0.262, "pConifer": 0.738, "pAll": 1.0, "Cell_id": "4442_3082", "EPSG": 31468, "Netz": 16, "Dichte": 8, "Bl": ";16;" }, "geometry": { "type": "Point", "coordinates": [ 691854.905662836157717, 5635696.573202340863645 ] } },
{ "type": "Feature", "properties": { "Tnr": 54413, "mitRand": 0, "AnzHBbeg": 4, "pHaupt": 1.0, "poHaupt": 0.0, "pQuerus": 0.0, "pFagus": 0.0, "pFraxinus": 0.0, "pCarpinus": 0.0, "pAcer": 0.0, "pTilia": 0.0, "pRobinia": 0.0, "pUlmus": 0.0, "pCastanea": 0.0, "pOtherLH": 0.0, "pBetula": 0.03, "pAlnus": 0.0, "pPopulus": 0.0, "pSalix": 0.0, "pSorbus": 0.0, "pPrunus": 0.0, "pMalus": 0.0, "pPyrus": 0.0, "pOtherLN": 0.0, "pPicea": 0.092, "pPinus": 0.816, "pAbies": 0.0, "pDouglas": 0.0, "pLarix": 0.062, "pOtherNb": 0.0, "pNoEurop": 0.0, "pNoEuropD": 0.0, "pEurop": 1.0, "pDecid": 0.03, "pConifer": 0.97, "pAll": 1.0, "Cell_id": "4446_3082", "EPSG": 31468, "Netz": 16, "Dichte": 8, "Bl": ";16;" }, "geometry": { "type": "Point", "coordinates": [ 695855.284928104723804, 5635749.506501516327262 ] } },
{ "type": "Feature", "properties": { "Tnr": 54415, "mitRand": 1, "AnzHBbeg": 4, "pHaupt": 1.0, "poHaupt": 0.0, "pQuerus": 0.0, "pFagus": 0.0, "pFraxinus": 0.0, "pCarpinus": 0.0, "pAcer": 0.0, "pTilia": 0.0, "pRobinia": 0.0, "pUlmus": 0.0, "pCastanea": 0.0, "pOtherLH": 0.0, "pBetula": 0.058, "pAlnus": 0.0, "pPopulus": 0.0, "pSalix": 0.0, "pSorbus": 0.0, "pPrunus": 0.0, "pMalus": 0.0, "pPyrus": 0.0, "pOtherLN": 0.0, "pPicea": 0.575, "pPinus": 0.346, "pAbies": 0.0, "pDouglas": 0.0, "pLarix": 0.021, "pOtherNb": 0.0, "pNoEurop": 0.0, "pNoEuropD": 0.0, "pEurop": 1.0, "pDecid": 0.058, "pConifer": 0.942, "pAll": 1.0, "Cell_id": "4450_3082", "EPSG": 31468, "Netz": 16, "Dichte": 8, "Bl": ";16;" }, "geometry": { "type": "Point", "coordinates": [ 699854.664569678134285, 5635802.43975711427629 ] } },
{ "type": "Feature", "properties": { "Tnr": 54417, "mitRand": 1, "AnzHBbeg": 2, "pHaupt": 1.0, "poHaupt": 0.0, "pQuerus": 0.0, "pFagus": 0.0, "pFraxinus": 0.0, "pCarpinus": 0.0, "pAcer": 0.0, "pTilia": 0.0, "pRobinia": 0.0, "pUlmus": 0.0, "pCastanea": 0.0, "pOtherLH": 0.0, "pBetula": 0.0, "pAlnus": 0.0, "pPopulus": 0.0, "pSalix": 0.0, "pSorbus": 0.0, "pPrunus": 0.0, "pMalus": 0.0, "pPyrus": 0.0, "pOtherLN": 0.0, "pPicea": 0.081, "pPinus": 0.919, "pAbies": 0.0, "pDouglas": 0.0, "pLarix": 0.0, "pOtherNb": 0.0, "pNoEurop": 0.0, "pNoEuropD": 0.0, "pEurop": 1.0, "pDecid": 0.0, "pConifer": 1.0, "pAll": 1.0, "Cell_id": "4454_3083", "EPSG": 31468, "Netz": 16, "Dichte": 8, "Bl": ";16;" }, "geometry": { "type": "Point", "coordinates": [ 703842.060393025283702, 5636855.967521426267922 ] } },
{ "type": "Feature", "properties": { "Tnr": 54419, "mitRand": 1, "AnzHBbeg": 2, "pHaupt": 1.0, "poHaupt": 0.0, "pQuerus": 0.913, "pFagus": 0.0, "pFraxinus": 0.0, "pCarpinus": 0.0, "pAcer": 0.0, "pTilia": 0.0, "pRobinia": 0.0, "pUlmus": 0.0, "pCastanea": 0.0, "pOtherLH": 0.0, "pBetula": 0.0, "pAlnus": 0.0, "pPopulus": 0.0, "pSalix": 0.0, "pSorbus": 0.0, "pPrunus": 0.0, "pMalus": 0.0, "pPyrus": 0.0, "pOtherLN": 0.0, "pPicea": 0.0, "pPinus": 0.087, "pAbies": 0.0, "pDouglas": 0.0, "pLarix": 0.0, "pOtherNb": 0.0, "pNoEurop": 0.0, "pNoEuropD": 0.0, "pEurop": 1.0, "pDecid": 0.913, "pConifer": 0.087, "pAll": 1.0, "Cell_id": "4458_3083", "EPSG": 31468, "Netz": 16, "Dichte": 8, "Bl": ";16;" }, "geometry": { "type": "Point", "coordinates": [ 707841.439990160637535, 5636908.900659872218966 ] } },
{ "type": "Feature", "properties": { "Tnr": 54421, "mitRand": 1, "AnzHBbeg": 2, "pHaupt": 1.0, "poHaupt": 0.0, "pQuerus": 0.715, "pFagus": 0.0, "pFraxinus": 0.0, "pCarpinus": 0.0, "pAcer": 0.0, "pTilia": 0.0, "pRobinia": 0.0, "pUlmus": 0.0, "pCastanea": 0.0, "pOtherLH": 0.0, "pBetula": 0.113, "pAlnus": 0.0, "pPopulus": 0.0, "pSalix": 0.0, "pSorbus": 0.0, "pPrunus": 0.0, "pMalus": 0.0, "pPyrus": 0.0, "pOtherLN": 0.0, "pPicea": 0.115, "pPinus": 0.057, "pAbies": 0.0, "pDouglas": 0.0, "pLarix": 0.0, "pOtherNb": 0.0, "pNoEurop": 0.0, "pNoEuropD": 0.0, "pEurop": 1.0, "pDecid": 0.828, "pConifer": 0.172, "pAll": 1.0, "Cell_id": "4462_3083", "EPSG": 31468, "Netz": 16, "Dichte": 8, "Bl": ";16;" }, "geometry": { "type": "Point", "coordinates": [ 711841.819152758223936, 5636961.833731957711279 ] } },
{ "type": "Feature", "properties": { "Tnr": 54507, "mitRand": 1, "AnzHBbeg": 4, "pHaupt": 1.0, "poHaupt": 0.0, "pQuerus": 0.25, "pFagus": 0.0, "pFraxinus": 0.0, "pCarpinus": 0.0, "pAcer": 0.0, "pTilia": 0.0, "pRobinia": 0.0, "pUlmus": 0.0, "pCastanea": 0.0, "pOtherLH": 0.0, "pBetula": 0.119, "pAlnus": 0.0, "pPopulus": 0.0, "pSalix": 0.0, "pSorbus": 0.0, "pPrunus": 0.0, "pMalus": 0.0, "pPyrus": 0.0, "pOtherLN": 0.0, "pPicea": 0.417, "pPinus": 0.213, "pAbies": 0.0, "pDouglas": 0.0, "pLarix": 0.0, "pOtherNb": 0.0, "pNoEurop": 0.167, "pNoEuropD": 0.167, "pEurop": 0.833, "pDecid": 0.369, "pConifer": 0.631, "pAll": 1.0, "Cell_id": "4324_3078", "EPSG": 31467, "Netz": 8, "Dichte": 8, "Bl": ";16;" }, "geometry": { "type": "Point", "coordinates": [ 573941.621746991761029, 5630114.144168239086866 ] } },
{ "type": "Feature", "properties": { "Tnr": 54513, "mitRand": 0, "AnzHBbeg": 1, "pHaupt": 1.0, "poHaupt": 0.0, "pQuerus": 0.661, "pFagus": 0.0, "pFraxinus": 0.0, "pCarpinus": 0.0, "pAcer": 0.0, "pTilia": 0.0, "pRobinia": 0.0, "pUlmus": 0.0, "pCastanea": 0.0, "pOtherLH": 0.0, "pBetula": 0.0, "pAlnus": 0.0, "pPopulus": 0.0, "pSalix": 0.0, "pSorbus": 0.0, "pPrunus": 0.0, "pMalus": 0.0, "pPyrus": 0.0, "pOtherLN": 0.0, "pPicea": 0.0, "pPinus": 0.339, "pAbies": 0.0, "pDouglas": 0.0, "pLarix": 0.0, "pOtherNb": 0.0, "pNoEurop": 0.0, "pNoEuropD": 0.0, "pEurop": 1.0, "pDecid": 0.661, "pConifer": 0.339, "pAll": 1.0, "Cell_id": "4336_3078", "EPSG": 31467, "Netz": 8, "Dichte": 8, "Bl": ";16;" }, "geometry": { "type": "Point", "coordinates": [ 585936.764070797828026, 5630275.947648457251489 ] } },
{ "type": "Feature", "properties": { "Tnr": 54519, "mitRand": 1, "AnzHBbeg": 2, "pHaupt": 1.0, "poHaupt": 0.0, "pQuerus": 0.284, "pFagus": 0.65, "pFraxinus": 0.066, "pCarpinus": 0.0, "pAcer": 0.0, "pTilia": 0.0, "pRobinia": 0.0, "pUlmus": 0.0, "pCastanea": 0.0, "pOtherLH": 0.0, "pBetula": 0.0, "pAlnus": 0.0, "pPopulus": 0.0, "pSalix": 0.0, "pSorbus": 0.0, "pPrunus": 0.0, "pMalus": 0.0, "pPyrus": 0.0, "pOtherLN": 0.0, "pPicea": 0.0, "pPinus": 0.0, "pAbies": 0.0, "pDouglas": 0.0, "pLarix": 0.0, "pOtherNb": 0.0, "pNoEurop": 0.0, "pNoEuropD": 0.0, "pEurop": 1.0, "pDecid": 1.0, "pConifer": 0.0, "pAll": 1.0, "Cell_id": "4348_3078", "EPSG": 31467, "Netz": 8, "Dichte": 8, "Bl": ";16;" }, "geometry": { "type": "Point", "coordinates": [ 597930.906586518045515, 5630437.750653616152704 ] } },
{ "type": "Feature", "properties": { "Tnr": 54521, "mitRand": 1, "AnzHBbeg": 2, "pHaupt": 1.0, "poHaupt": 0.0, "pQuerus": 0.0, "pFagus": 0.0, "pFraxinus": 0.0, "pCarpinus": 0.0, "pAcer": 0.0, "pTilia": 0.0, "pRobinia": 0.0, "pUlmus": 0.0, "pCastanea": 0.0, "pOtherLH": 0.0, "pBetula": 0.0, "pAlnus": 0.0, "pPopulus": 0.0, "pSalix": 0.0, "pSorbus": 0.0, "pPrunus": 0.0, "pMalus": 0.0, "pPyrus": 0.0, "pOtherLN": 0.0, "pPicea": 1.0, "pPinus": 0.0, "pAbies": 0.0, "pDouglas": 0.0, "pLarix": 0.0, "pOtherNb": 0.0, "pNoEurop": 0.0, "pNoEuropD": 0.0, "pEurop": 1.0, "pDecid": 0.0, "pConifer": 1.0, "pAll": 1.0, "Cell_id": "4352_3078", "EPSG": 31467, "Netz": 8, "Dichte": 8, "Bl": ";16;" }, "geometry": { "type": "Point", "coordinates": [ 601929.287241885554977, 5630491.684876908548176 ] } },
{ "type": "Feature", "properties": { "Tnr": 54523, "mitRand": 1, "AnzHBbeg": 4, "pHaupt": 1.0, "poHaupt": 0.0, "pQuerus": 0.0, "pFagus": 0.0, "pFraxinus": 0.0, "pCarpinus": 0.0, "pAcer": 0.0, "pTilia": 0.0, "pRobinia": 0.0, "pUlmus": 0.0, "pCastanea": 0.0, "pOtherLH": 0.0, "pBetula": 0.0, "pAlnus": 0.0, "pPopulus": 0.0, "pSalix": 0.0, "pSorbus": 0.0, "pPrunus": 0.0, "pMalus": 0.0, "pPyrus": 0.0, "pOtherLN": 0.0, "pPicea": 1.0, "pPinus": 0.0, "pAbies": 0.0, "pDouglas": 0.0, "pLarix": 0.0, "pOtherNb": 0.0, "pNoEurop": 0.0, "pNoEuropD": 0.0, "pEurop": 1.0, "pDecid": 0.0, "pConifer": 1.0, "pAll": 1.0, "Cell_id": "4356_3078", "EPSG": 31468, "Netz": 8, "Dichte": 8, "Bl": ";16;" }, "geometry": { "type": "Point", "coordinates": [ 605927.667872833320871, 5630545.619046097621322 ] } },
{ "type": "Feature", "properties": { "Tnr": 54525, "mitRand": 1, "AnzHBbeg": 4, "pHaupt": 0.75, "poHaupt": 0.25, "pQuerus": 0.0, "pFagus": 0.206, "pFraxinus": 0.0, "pCarpinus": 0.0, "pAcer": 0.0, "pTilia": 0.0, "pRobinia": 0.0, "pUlmus": 0.0, "pCastanea": 0.0, "pOtherLH": 0.0, "pBetula": 0.0, "pAlnus": 0.0, "pPopulus": 0.0, "pSalix": 0.0, "pSorbus": 0.0, "pPrunus": 0.0, "pMalus": 0.0, "pPyrus": 0.0, "pOtherLN": 0.0, "pPicea": 0.544, "pPinus": 0.0, "pAbies": 0.0, "pDouglas": 0.0, "pLarix": 0.0, "pOtherNb": 0.0, "pNoEurop": 0.0, "pNoEuropD": 0.0, "pEurop": 0.75, "pDecid": 0.206, "pConifer": 0.544, "pAll": 0.75, "Cell_id": "4360_3078", "EPSG": 31468, "Netz": 8, "Dichte": 8, "Bl": ";16;" }, "geometry": { "type": "Point", "coordinates": [ 609927.048074174905196, 5630599.553150150924921 ] } },
{ "type": "Feature", "properties": { "Tnr": 54527, "mitRand": 0, "AnzHBbeg": 4, "pHaupt": 1.0, "poHaupt": 0.0, "pQuerus": 0.0, "pFagus": 0.0, "pFraxinus": 0.0, "pCarpinus": 0.0, "pAcer": 0.0, "pTilia": 0.0, "pRobinia": 0.0, "pUlmus": 0.0, "pCastanea": 0.0, "pOtherLH": 0.0, "pBetula": 0.0, "pAlnus": 0.0, "pPopulus": 0.0, "pSalix": 0.0, "pSorbus": 0.0, "pPrunus": 0.0, "pMalus": 0.0, "pPyrus": 0.0, "pOtherLN": 0.0, "pPicea": 1.0, "pPinus": 0.0, "pAbies": 0.0, "pDouglas": 0.0, "pLarix": 0.0, "pOtherNb": 0.0, "pNoEurop": 0.0, "pNoEuropD": 0.0, "pEurop": 1.0, "pDecid": 0.0, "pConifer": 1.0, "pAll": 1.0, "Cell_id": "4364_3078", "EPSG": 31468, "Netz": 8, "Dichte": 8, "Bl": ";16;" }, "geometry": { "type": "Point", "coordinates": [ 613925.428655717521906, 5630653.487211050465703 ] } },
{ "type": "Feature", "properties": { "Tnr": 54529, "mitRand": 0, "AnzHBbeg": 4, "pHaupt": 1.0, "poHaupt": 0.0, "pQuerus": 0.0, "pFagus": 0.0, "pFraxinus": 0.0, "pCarpinus": 0.0, "pAcer": 0.0, "pTilia": 0.0, "pRobinia": 0.0, "pUlmus": 0.0, "pCastanea": 0.0, "pOtherLH": 0.0, "pBetula": 0.0, "pAlnus": 0.0, "pPopulus": 0.0, "pSalix": 0.0, "pSorbus": 0.0, "pPrunus": 0.0, "pMalus": 0.0, "pPyrus": 0.0, "pOtherLN": 0.0, "pPicea": 0.75, "pPinus": 0.0, "pAbies": 0.0, "pDouglas": 0.0, "pLarix": 0.25, "pOtherNb": 0.0, "pNoEurop": 0.0, "pNoEuropD": 0.0, "pEurop": 1.0, "pDecid": 0.0, "pConifer": 1.0, "pAll": 1.0, "Cell_id": "4368_3078", "EPSG": 31468, "Netz": 8, "Dichte": 8, "Bl": ";16;" }, "geometry": { "type": "Point", "coordinates": [ 617923.809212281135842, 5630707.421217777766287 ] } },
{ "type": "Feature", "properties": { "Tnr": 54537, "mitRand": 1, "AnzHBbeg": 4, "pHaupt": 1.0, "poHaupt": 0.0, "pQuerus": 0.25, "pFagus": 0.065, "pFraxinus": 0.0, "pCarpinus": 0.0, "pAcer": 0.038, "pTilia": 0.0, "pRobinia": 0.0, "pUlmus": 0.0, "pCastanea": 0.0, "pOtherLH": 0.0, "pBetula": 0.0, "pAlnus": 0.0, "pPopulus": 0.0, "pSalix": 0.0, "pSorbus": 0.0, "pPrunus": 0.05, "pMalus": 0.0, "pPyrus": 0.0, "pOtherLN": 0.0, "pPicea": 0.46, "pPinus": 0.138, "pAbies": 0.0, "pDouglas": 0.0, "pLarix": 0.0, "pOtherNb": 0.0, "pNoEurop": 0.0, "pNoEuropD": 0.0, "pEurop": 1.0, "pDecid": 0.403, "pConifer": 0.597, "pAll": 1.0, "Cell_id": "4384_3079", "EPSG": 31468, "Netz": 8, "Dichte": 8, "Bl": ";16;" }, "geometry": { "type": "Point", "coordinates": [ 633905.347127137938514, 5631921.752183185890317 ] } },
{ "type": "Feature", "properties": { "Tnr": 54541, "mitRand": 1, "AnzHBbeg": 1, "pHaupt": 0.0, "poHaupt": 1.0, "pQuerus": 0.0, "pFagus": 0.0, "pFraxinus": 0.0, "pCarpinus": 0.0, "pAcer": 0.0, "pTilia": 0.0, "pRobinia": 0.0, "pUlmus": 0.0, "pCastanea": 0.0, "pOtherLH": 0.0, "pBetula": 0.0, "pAlnus": 0.0, "pPopulus": 0.0, "pSalix": 0.0, "pSorbus": 0.0, "pPrunus": 0.0, "pMalus": 0.0, "pPyrus": 0.0, "pOtherLN": 0.0, "pPicea": 0.0, "pPinus": 0.0, "pAbies": 0.0, "pDouglas": 0.0, "pLarix": 0.0, "pOtherNb": 0.0, "pNoEurop": 0.0, "pNoEuropD": 0.0, "pEurop": 0.0, "pDecid": 0.0, "pConifer": 0.0, "pAll": 0.0, "Cell_id": "4392_3079", "EPSG": 31468, "Netz": 8, "Dichte": 8, "Bl": ";16;" }, "geometry": { "type": "Point", "coordinates": [ 641903.107569791958667, 5632028.619980736635625 ] } },
{ "type": "Feature", "properties": { "Tnr": 54551, "mitRand": 1, "AnzHBbeg": 1, "pHaupt": 1.0, "poHaupt": 0.0, "pQuerus": 0.0, "pFagus": 0.0, "pFraxinus": 0.0, "pCarpinus": 0.0, "pAcer": 0.0, "pTilia": 0.0, "pRobinia": 0.0, "pUlmus": 0.0, "pCastanea": 0.0, "pOtherLH": 0.0, "pBetula": 0.0, "pAlnus": 0.0, "pPopulus": 0.0, "pSalix": 0.0, "pSorbus": 0.0, "pPrunus": 0.0, "pMalus": 0.0, "pPyrus": 0.0, "pOtherLN": 0.0, "pPicea": 0.0, "pPinus": 1.0, "pAbies": 0.0, "pDouglas": 0.0, "pLarix": 0.0, "pOtherNb": 0.0, "pNoEurop": 0.0, "pNoEuropD": 0.0, "pEurop": 1.0, "pDecid": 0.0, "pConifer": 1.0, "pAll": 1.0, "Cell_id": "4412_3079", "EPSG": 31468, "Netz": 8, "Dichte": 8, "Bl": ";16;" }, "geometry": { "type": "Point", "coordinates": [ 661898.00801598012913, 5632296.288314060308039 ] } },
{ "type": "Feature", "properties": { "Tnr": 54555, "mitRand": 1, "AnzHBbeg": 1, "pHaupt": 1.0, "poHaupt": 0.0, "pQuerus": 0.0, "pFagus": 0.0, "pFraxinus": 0.632, "pCarpinus": 0.0, "pAcer": 0.0, "pTilia": 0.0, "pRobinia": 0.0, "pUlmus": 0.0, "pCastanea": 0.0, "pOtherLH": 0.0, "pBetula": 0.0, "pAlnus": 0.0, "pPopulus": 0.0, "pSalix": 0.0, "pSorbus": 0.0, "pPrunus": 0.0, "pMalus": 0.368, "pPyrus": 0.0, "pOtherLN": 0.0, "pPicea": 0.0, "pPinus": 0.0, "pAbies": 0.0, "pDouglas": 0.0, "pLarix": 0.0, "pOtherNb": 0.0, "pNoEurop": 0.0, "pNoEuropD": 0.0, "pEurop": 1.0, "pDecid": 1.0, "pConifer": 0.0, "pAll": 1.0, "Cell_id": "4420_3080", "EPSG": 31468, "Netz": 8, "Dichte": 8, "Bl": ";16;" }, "geometry": { "type": "Point", "coordinates": [ 669883.784161505522206, 5633402.750367979519069 ] } },
{ "type": "Feature", "properties": { "Tnr": 54557, "mitRand": 0, "AnzHBbeg": 1, "pHaupt": 1.0, "poHaupt": 0.0, "pQuerus": 0.0, "pFagus": 0.0, "pFraxinus": 0.0, "pCarpinus": 0.0, "pAcer": 0.317, "pTilia": 0.0, "pRobinia": 0.0, "pUlmus": 0.0, "pCastanea": 0.0, "pOtherLH": 0.0, "pBetula": 0.0, "pAlnus": 0.0, "pPopulus": 0.0, "pSalix": 0.0, "pSorbus": 0.0, "pPrunus": 0.0, "pMalus": 0.0, "pPyrus": 0.0, "pOtherLN": 0.0, "pPicea": 0.0, "pPinus": 0.683, "pAbies": 0.0, "pDouglas": 0.0, "pLarix": 0.0, "pOtherNb": 0.0, "pNoEurop": 0.0, "pNoEuropD": 0.0, "pEurop": 1.0, "pDecid": 0.317, "pConifer": 0.683, "pAll": 1.0, "Cell_id": "4424_3080", "EPSG": 31468, "Netz": 8, "Dichte": 8, "Bl": ";16;" }, "geometry": { "type": "Point", "coordinates": [ 673883.163970894063823, 5633456.683588579297066 ] } },
{ "type": "Feature", "properties": { "Tnr": 54559, "mitRand": 1, "AnzHBbeg": 4, "pHaupt": 1.0, "poHaupt": 0.0, "pQuerus": 0.0, "pFagus": 0.715, "pFraxinus": 0.0, "pCarpinus": 0.0, "pAcer": 0.035, "pTilia": 0.0, "pRobinia": 0.0, "pUlmus": 0.0, "pCastanea": 0.0, "pOtherLH": 0.0, "pBetula": 0.0, "pAlnus": 0.0, "pPopulus": 0.0, "pSalix": 0.0, "pSorbus": 0.0, "pPrunus": 0.0, "pMalus": 0.0, "pPyrus": 0.0, "pOtherLN": 0.0, "pPicea": 0.0, "pPinus": 0.0, "pAbies": 0.0, "pDouglas": 0.0, "pLarix": 0.25, "pOtherNb": 0.0, "pNoEurop": 0.0, "pNoEuropD": 0.0, "pEurop": 1.0, "pDecid": 0.75, "pConifer": 0.25, "pAll": 1.0, "Cell_id": "4428_3080", "EPSG": 31468, "Netz": 8, "Dichte": 8, "Bl": ";16;" }, "geometry": { "type": "Point", "coordinates": [ 677882.543741257977672, 5633509.617159645073116 ] } },
{ "type": "Feature", "properties": { "Tnr": 54561, "mitRand": 1, "AnzHBbeg": 2, "pHaupt": 1.0, "poHaupt": 0.0, "pQuerus": 0.22, "pFagus": 0.371, "pFraxinus": 0.184, "pCarpinus": 0.0, "pAcer": 0.0, "pTilia": 0.055, "pRobinia": 0.0, "pUlmus": 0.0, "pCastanea": 0.0, "pOtherLH": 0.0, "pBetula": 0.0, "pAlnus": 0.0, "pPopulus": 0.0, "pSalix": 0.0, "pSorbus": 0.0, "pPrunus": 0.0, "pMalus": 0.0, "pPyrus": 0.0, "pOtherLN": 0.0, "pPicea": 0.0, "pPinus": 0.17, "pAbies": 0.0, "pDouglas": 0.0, "pLarix": 0.0, "pOtherNb": 0.0, "pNoEurop": 0.0, "pNoEuropD": 0.0, "pEurop": 1.0, "pDecid": 0.83, "pConifer": 0.17, "pAll": 1.0, "Cell_id": "4432_3080", "EPSG": 31468, "Netz": 8, "Dichte": 8, "Bl": ";16;" }, "geometry": { "type": "Point", "coordinates": [ 681882.923089770018123, 5633563.55025964602828 ] } },
{ "type": "Feature", "properties": { "Tnr": 54563, "mitRand": 0, "AnzHBbeg": 4, "pHaupt": 1.0, "poHaupt": 0.0, "pQuerus": 0.0, "pFagus": 0.0, "pFraxinus": 0.0, "pCarpinus": 0.0, "pAcer": 0.0, "pTilia": 0.0, "pRobinia": 0.0, "pUlmus": 0.0, "pCastanea": 0.0, "pOtherLH": 0.0, "pBetula": 0.0, "pAlnus": 0.0, "pPopulus": 0.0, "pSalix": 0.0, "pSorbus": 0.0, "pPrunus": 0.0, "pMalus": 0.0, "pPyrus": 0.0, "pOtherLN": 0.0, "pPicea": 0.0, "pPinus": 1.0, "pAbies": 0.0, "pDouglas": 0.0, "pLarix": 0.0, "pOtherNb": 0.0, "pNoEurop": 0.0, "pNoEuropD": 0.0, "pEurop": 1.0, "pDecid": 0.0, "pConifer": 1.0, "pAll": 1.0, "Cell_id": "4436_3080", "EPSG": 31468, "Netz": 8, "Dichte": 8, "Bl": ";16;" }, "geometry": { "type": "Point", "coordinates": [ 685882.302803966100328, 5633616.483721323311329 ] } },
{ "type": "Feature", "properties": { "Tnr": 54565, "mitRand": 1, "AnzHBbeg": 4, "pHaupt": 1.0, "poHaupt": 0.0, "pQuerus": 0.0, "pFagus": 0.0, "pFraxinus": 0.0, "pCarpinus": 0.0, "pAcer": 0.0, "pTilia": 0.0, "pRobinia": 0.0, "pUlmus": 0.0, "pCastanea": 0.0, "pOtherLH": 0.0, "pBetula": 0.062, "pAlnus": 0.0, "pPopulus": 0.173, "pSalix": 0.0, "pSorbus": 0.0, "pPrunus": 0.0, "pMalus": 0.0, "pPyrus": 0.0, "pOtherLN": 0.0, "pPicea": 0.474, "pPinus": 0.291, "pAbies": 0.0, "pDouglas": 0.0, "pLarix": 0.0, "pOtherNb": 0.0, "pNoEurop": 0.0, "pNoEuropD": 0.0, "pEurop": 1.0, "pDecid": 0.235, "pConifer": 0.765, "pAll": 1.0, "Cell_id": "4440_3080", "EPSG": 31468, "Netz": 8, "Dichte": 8, "Bl": ";16;" }, "geometry": { "type": "Point", "coordinates": [ 689881.682489794795401, 5633669.417128280736506 ] } },
{ "type": "Feature", "properties": { "Tnr": 54567, "mitRand": 1, "AnzHBbeg": 4, "pHaupt": 1.0, "poHaupt": 0.0, "pQuerus": 0.0, "pFagus": 0.0, "pFraxinus": 0.0, "pCarpinus": 0.0, "pAcer": 0.0, "pTilia": 0.0, "pRobinia": 0.0, "pUlmus": 0.0, "pCastanea": 0.0, "pOtherLH": 0.0, "pBetula": 0.221, "pAlnus": 0.0, "pPopulus": 0.0, "pSalix": 0.0, "pSorbus": 0.0, "pPrunus": 0.0, "pMalus": 0.0, "pPyrus": 0.0, "pOtherLN": 0.0, "pPicea": 0.529, "pPinus": 0.25, "pAbies": 0.0, "pDouglas": 0.0, "pLarix": 0.0, "pOtherNb": 0.0, "pNoEurop": 0.0, "pNoEuropD": 0.0, "pEurop": 1.0, "pDecid": 0.221, "pConifer": 0.779, "pAll": 1.0, "Cell_id": "4444_3080", "EPSG": 31468, "Netz": 8, "Dichte": 8, "Bl": ";16;" }, "geometry": { "type": "Point", "coordinates": [ 693882.061753229587339, 5633723.350064039230347 ] } },
{ "type": "Feature", "properties": { "Tnr": 54577, "mitRand": 1, "AnzHBbeg": 4, "pHaupt": 1.0, "poHaupt": 0.0, "pQuerus": 0.0, "pFagus": 0.0, "pFraxinus": 0.0, "pCarpinus": 0.0, "pAcer": 0.092, "pTilia": 0.0, "pRobinia": 0.0, "pUlmus": 0.0, "pCastanea": 0.0, "pOtherLH": 0.0, "pBetula": 0.0, "pAlnus": 0.0, "pPopulus": 0.0, "pSalix": 0.0, "pSorbus": 0.092, "pPrunus": 0.0, "pMalus": 0.0, "pPyrus": 0.0, "pOtherLN": 0.0, "pPicea": 0.601, "pPinus": 0.0, "pAbies": 0.0, "pDouglas": 0.215, "pLarix": 0.0, "pOtherNb": 0.0, "pNoEurop": 0.215, "pNoEuropD": 0.0, "pEurop": 0.785, "pDecid": 0.184, "pConifer": 0.816, "pAll": 1.0, "Cell_id": "4464_3081", "EPSG": 31468, "Netz": 8, "Dichte": 8, "Bl": ";16;" }, "geometry": { "type": "Point", "coordinates": [ 713868.975035937153734, 5634988.610518530011177 ] } },
{ "type": "Feature", "properties": { "Tnr": 54657, "mitRand": 1, "AnzHBbeg": 2, "pHaupt": 1.0, "poHaupt": 0.0, "pQuerus": 0.0, "pFagus": 0.35, "pFraxinus": 0.124, "pCarpinus": 0.0, "pAcer": 0.076, "pTilia": 0.0, "pRobinia": 0.0, "pUlmus": 0.45, "pCastanea": 0.0, "pOtherLH": 0.0, "pBetula": 0.0, "pAlnus": 0.0, "pPopulus": 0.0, "pSalix": 0.0, "pSorbus": 0.0, "pPrunus": 0.0, "pMalus": 0.0, "pPyrus": 0.0, "pOtherLN": 0.0, "pPicea": 0.0, "pPinus": 0.0, "pAbies": 0.0, "pDouglas": 0.0, "pLarix": 0.0, "pOtherNb": 0.0, "pNoEurop": 0.0, "pNoEuropD": 0.0, "pEurop": 1.0, "pDecid": 1.0, "pConifer": 0.0, "pAll": 1.0, "Cell_id": "4322_3076", "EPSG": 31467, "Netz": 256, "Dichte": 8, "Bl": ";16;" }, "geometry": { "type": "Point", "coordinates": [ 571969.398642483050935, 5628087.986510578542948 ] } },
{ "type": "Feature", "properties": { "Tnr": 54659, "mitRand": 1, "AnzHBbeg": 4, "pHaupt": 1.0, "poHaupt": 0.0, "pQuerus": 0.076, "pFagus": 0.201, "pFraxinus": 0.0, "pCarpinus": 0.0, "pAcer": 0.0, "pTilia": 0.0, "pRobinia": 0.0, "pUlmus": 0.0, "pCastanea": 0.0, "pOtherLH": 0.0, "pBetula": 0.0, "pAlnus": 0.0, "pPopulus": 0.0, "pSalix": 0.0, "pSorbus": 0.0, "pPrunus": 0.0, "pMalus": 0.0, "pPyrus": 0.0, "pOtherLN": 0.0, "pPicea": 0.289, "pPinus": 0.274, "pAbies": 0.0, "pDouglas": 0.0, "pLarix": 0.161, "pOtherNb": 0.0, "pNoEurop": 0.0, "pNoEuropD": 0.0, "pEurop": 1.0, "pDecid": 0.276, "pConifer": 0.724, "pAll": 1.0, "Cell_id": "4326_3076", "EPSG": 31467, "Netz": 16, "Dichte": 8, "Bl": ";16;" }, "geometry": { "type": "Point", "coordinates": [ 575967.779425031156279, 5628141.921096458099782 ] } },
{ "type": "Feature", "properties": { "Tnr": 54661, "mitRand": 1, "AnzHBbeg": 4, "pHaupt": 1.0, "poHaupt": 0.0, "pQuerus": 0.0, "pFagus": 0.477, "pFraxinus": 0.0, "pCarpinus": 0.0, "pAcer": 0.0, "pTilia": 0.0, "pRobinia": 0.0, "pUlmus": 0.0, "pCastanea": 0.0, "pOtherLH": 0.0, "pBetula": 0.0, "pAlnus": 0.0, "pPopulus": 0.0, "pSalix": 0.0, "pSorbus": 0.0, "pPrunus": 0.0, "pMalus": 0.0, "pPyrus": 0.0, "pOtherLN": 0.0, "pPicea": 0.354, "pPinus": 0.111, "pAbies": 0.0, "pDouglas": 0.0, "pLarix": 0.058, "pOtherNb": 0.0, "pNoEurop": 0.0, "pNoEuropD": 0.0, "pEurop": 1.0, "pDecid": 0.477, "pConifer": 0.523, "pAll": 1.0, "Cell_id": "4330_3076", "EPSG": 31467, "Netz": 64, "Dichte": 8, "Bl": ";16;" }, "geometry": { "type": "Point", "coordinates": [ 579966.160184358479455, 5628195.855628486722708 ] } },
{ "type": "Feature", "properties": { "Tnr": 54669, "mitRand": 1, "AnzHBbeg": 1, "pHaupt": 0.0, "poHaupt": 1.0, "pQuerus": 0.0, "pFagus": 0.0, "pFraxinus": 0.0, "pCarpinus": 0.0, "pAcer": 0.0, "pTilia": 0.0, "pRobinia": 0.0, "pUlmus": 0.0, "pCastanea": 0.0, "pOtherLH": 0.0, "pBetula": 0.0, "pAlnus": 0.0, "pPopulus": 0.0, "pSalix": 0.0, "pSorbus": 0.0, "pPrunus": 0.0, "pMalus": 0.0, "pPyrus": 0.0, "pOtherLN": 0.0, "pPicea": 0.0, "pPinus": 0.0, "pAbies": 0.0, "pDouglas": 0.0, "pLarix": 0.0, "pOtherNb": 0.0, "pNoEurop": 0.0, "pNoEuropD": 0.0, "pEurop": 0.0, "pDecid": 0.0, "pConifer": 0.0, "pAll": 0.0, "Cell_id": "4346_3076", "EPSG": 31467, "Netz": 64, "Dichte": 8, "Bl": ";16;" }, "geometry": { "type": "Point", "coordinates": [ 595958.683390720398165, 5628411.593228587880731 ] } },
{ "type": "Feature", "properties": { "Tnr": 54671, "mitRand": 0, "AnzHBbeg": 1, "pHaupt": 1.0, "poHaupt": 0.0, "pQuerus": 0.0, "pFagus": 0.655, "pFraxinus": 0.0, "pCarpinus": 0.0, "pAcer": 0.0, "pTilia": 0.0, "pRobinia": 0.0, "pUlmus": 0.0, "pCastanea": 0.0, "pOtherLH": 0.0, "pBetula": 0.0, "pAlnus": 0.0, "pPopulus": 0.0, "pSalix": 0.0, "pSorbus": 0.0, "pPrunus": 0.0, "pMalus": 0.0, "pPyrus": 0.0, "pOtherLN": 0.0, "pPicea": 0.345, "pPinus": 0.0, "pAbies": 0.0, "pDouglas": 0.0, "pLarix": 0.0, "pOtherNb": 0.0, "pNoEurop": 0.0, "pNoEuropD": 0.0, "pEurop": 1.0, "pDecid": 0.655, "pConifer": 0.345, "pAll": 1.0, "Cell_id": "4350_3076", "EPSG": 31467, "Netz": 16, "Dichte": 8, "Bl": ";16;" }, "geometry": { "type": "Point", "coordinates": [ 599957.064031156129204, 5628465.527491020038724 ] } },
{ "type": "Feature", "properties": { "Tnr": 54675, "mitRand": 1, "AnzHBbeg": 4, "pHaupt": 1.0, "poHaupt": 0.0, "pQuerus": 0.0, "pFagus": 0.0, "pFraxinus": 0.0, "pCarpinus": 0.0, "pAcer": 0.0, "pTilia": 0.0, "pRobinia": 0.0, "pUlmus": 0.0, "pCastanea": 0.0, "pOtherLH": 0.0, "pBetula": 0.0, "pAlnus": 0.0, "pPopulus": 0.0, "pSalix": 0.0, "pSorbus": 0.0, "pPrunus": 0.0, "pMalus": 0.0, "pPyrus": 0.0, "pOtherLN": 0.0, "pPicea": 1.0, "pPinus": 0.0, "pAbies": 0.0, "pDouglas": 0.0, "pLarix": 0.0, "pOtherNb": 0.0, "pNoEurop": 0.0, "pNoEuropD": 0.0, "pEurop": 1.0, "pDecid": 0.0, "pConifer": 1.0, "pAll": 1.0, "Cell_id": "4358_3076", "EPSG": 31468, "Netz": 256, "Dichte": 8, "Bl": ";16;" }, "geometry": { "type": "Point", "coordinates": [ 607954.824833821156062, 5628573.395842867903411 ] } },
{ "type": "Feature", "properties": { "Tnr": 54677, "mitRand": 1, "AnzHBbeg": 4, "pHaupt": 1.0, "poHaupt": 0.0, "pQuerus": 0.0, "pFagus": 0.0, "pFraxinus": 0.0, "pCarpinus": 0.0, "pAcer": 0.0, "pTilia": 0.0, "pRobinia": 0.0, "pUlmus": 0.0, "pCastanea": 0.0, "pOtherLH": 0.0, "pBetula": 0.0, "pAlnus": 0.0, "pPopulus": 0.0, "pSalix": 0.0, "pSorbus": 0.0, "pPrunus": 0.0, "pMalus": 0.0, "pPyrus": 0.0, "pOtherLN": 0.0, "pPicea": 1.0, "pPinus": 0.0, "pAbies": 0.0, "pDouglas": 0.0, "pLarix": 0.0, "pOtherNb": 0.0, "pNoEurop": 0.0, "pNoEuropD": 0.0, "pEurop": 1.0, "pDecid": 0.0, "pConifer": 1.0, "pAll": 1.0, "Cell_id": "4362_3076", "EPSG": 31468, "Netz": 16, "Dichte": 8, "Bl": ";16;" }, "geometry": { "type": "Point", "coordinates": [ 611953.205400674603879, 5628627.329943225719035 ] } },
{ "type": "Feature", "properties": { "Tnr": 54679, "mitRand": 1, "AnzHBbeg": 3, "pHaupt": 1.0, "poHaupt": 0.0, "pQuerus": 0.0, "pFagus": 0.0, "pFraxinus": 0.0, "pCarpinus": 0.0, "pAcer": 0.0, "pTilia": 0.0, "pRobinia": 0.0, "pUlmus": 0.0, "pCastanea": 0.0, "pOtherLH": 0.0, "pBetula": 0.0, "pAlnus": 0.0, "pPopulus": 0.0, "pSalix": 0.0, "pSorbus": 0.0, "pPrunus": 0.0, "pMalus": 0.0, "pPyrus": 0.0, "pOtherLN": 0.0, "pPicea": 0.47, "pPinus": 0.53, "pAbies": 0.0, "pDouglas": 0.0, "pLarix": 0.0, "pOtherNb": 0.0, "pNoEurop": 0.0, "pNoEuropD": 0.0, "pEurop": 1.0, "pDecid": 0.0, "pConifer": 1.0, "pAll": 1.0, "Cell_id": "4366_3076", "EPSG": 31468, "Netz": 64, "Dichte": 8, "Bl": ";16;" }, "geometry": { "type": "Point", "coordinates": [ 615951.585942630539648, 5628681.263989514671266 ] } },
{ "type": "Feature", "properties": { "Tnr": 54681, "mitRand": 1, "AnzHBbeg": 4, "pHaupt": 1.0, "poHaupt": 0.0, "pQuerus": 0.0, "pFagus": 0.0, "pFraxinus": 0.0, "pCarpinus": 0.0, "pAcer": 0.0, "pTilia": 0.0, "pRobinia": 0.0, "pUlmus": 0.0, "pCastanea": 0.0, "pOtherLH": 0.0, "pBetula": 0.0, "pAlnus": 0.0, "pPopulus": 0.0, "pSalix": 0.0, "pSorbus": 0.0, "pPrunus": 0.0, "pMalus": 0.0, "pPyrus": 0.0, "pOtherLN": 0.0, "pPicea": 1.0, "pPinus": 0.0, "pAbies": 0.0, "pDouglas": 0.0, "pLarix": 0.0, "pOtherNb": 0.0, "pNoEurop": 0.0, "pNoEuropD": 0.0, "pEurop": 1.0, "pDecid": 0.0, "pConifer": 1.0, "pAll": 1.0, "Cell_id": "4370_3076", "EPSG": 31468, "Netz": 16, "Dichte": 8, "Bl": ";16;" }, "geometry": { "type": "Point", "coordinates": [ 619949.966448460007086, 5628734.198386751115322 ] } },
{ "type": "Feature", "properties": { "Tnr": 54683, "mitRand": 1, "AnzHBbeg": 4, "pHaupt": 0.75, "poHaupt": 0.25, "pQuerus": 0.099, "pFagus": 0.462, "pFraxinus": 0.0, "pCarpinus": 0.0, "pAcer": 0.085, "pTilia": 0.0, "pRobinia": 0.0, "pUlmus": 0.0, "pCastanea": 0.0, "pOtherLH": 0.0, "pBetula": 0.0, "pAlnus": 0.0, "pPopulus": 0.0, "pSalix": 0.0, "pSorbus": 0.0, "pPrunus": 0.0, "pMalus": 0.0, "pPyrus": 0.0, "pOtherLN": 0.0, "pPicea": 0.031, "pPinus": 0.0, "pAbies": 0.0, "pDouglas": 0.073, "pLarix": 0.0, "pOtherNb": 0.0, "pNoEurop": 0.073, "pNoEuropD": 0.0, "pEurop": 0.677, "pDecid": 0.646, "pConifer": 0.104, "pAll": 0.75, "Cell_id": "4374_3076", "EPSG": 31468, "Netz": 256, "Dichte": 8, "Bl": ";16;" }, "geometry": { "type": "Point", "coordinates": [ 623948.346940046991222, 5628788.132324831560254 ] } },
{ "type": "Feature", "properties": { "Tnr": 54687, "mitRand": 1, "AnzHBbeg": 1, "pHaupt": 1.0, "poHaupt": 0.0, "pQuerus": 0.0, "pFagus": 0.0, "pFraxinus": 0.0, "pCarpinus": 0.0, "pAcer": 0.0, "pTilia": 0.0, "pRobinia": 0.0, "pUlmus": 0.0, "pCastanea": 0.0, "pOtherLH": 0.0, "pBetula": 0.0, "pAlnus": 0.0, "pPopulus": 0.0, "pSalix": 0.0, "pSorbus": 0.0, "pPrunus": 0.0, "pMalus": 0.0, "pPyrus": 0.0, "pOtherLN": 0.0, "pPicea": 0.0, "pPinus": 1.0, "pAbies": 0.0, "pDouglas": 0.0, "pLarix": 0.0, "pOtherNb": 0.0, "pNoEurop": 0.0, "pNoEuropD": 0.0, "pEurop": 1.0, "pDecid": 0.0, "pConifer": 1.0, "pAll": 1.0, "Cell_id": "4382_3077", "EPSG": 31468, "Netz": 64, "Dichte": 8, "Bl": ";16;" }, "geometry": { "type": "Point", "coordinates": [ 631933.12378984852694, 5629895.595110639929771 ] } },
{ "type": "Feature", "properties": { "Tnr": 54695, "mitRand": 1, "AnzHBbeg": 4, "pHaupt": 1.0, "poHaupt": 0.0, "pQuerus": 0.21, "pFagus": 0.25, "pFraxinus": 0.173, "pCarpinus": 0.0, "pAcer": 0.0, "pTilia": 0.092, "pRobinia": 0.0, "pUlmus": 0.0, "pCastanea": 0.0, "pOtherLH": 0.0, "pBetula": 0.0, "pAlnus": 0.0, "pPopulus": 0.0, "pSalix": 0.0, "pSorbus": 0.0, "pPrunus": 0.0, "pMalus": 0.0, "pPyrus": 0.0, "pOtherLN": 0.25, "pPicea": 0.025, "pPinus": 0.0, "pAbies": 0.0, "pDouglas": 0.0, "pLarix": 0.0, "pOtherNb": 0.0, "pNoEurop": 0.25, "pNoEuropD": 0.25, "pEurop": 0.75, "pDecid": 0.975, "pConifer": 0.025, "pAll": 1.0, "Cell_id": "4398_3077", "EPSG": 31468, "Netz": 64, "Dichte": 8, "Bl": ";16;" }, "geometry": { "type": "Point", "coordinates": [ 647928.644513546256348, 5630109.330649233423173 ] } },
{ "type": "Feature", "properties": { "Tnr": 54699, "mitRand": 1, "AnzHBbeg": 4, "pHaupt": 1.0, "poHaupt": 0.0, "pQuerus": 0.0, "pFagus": 0.0, "pFraxinus": 0.0, "pCarpinus": 0.0, "pAcer": 0.0, "pTilia": 0.0, "pRobinia": 0.0, "pUlmus": 0.0, "pCastanea": 0.0, "pOtherLH": 0.0, "pBetula": 0.0, "pAlnus": 0.0, "pPopulus": 0.0, "pSalix": 0.0, "pSorbus": 0.0, "pPrunus": 0.0, "pMalus": 0.0, "pPyrus": 0.0, "pOtherLN": 0.0, "pPicea": 0.927, "pPinus": 0.073, "pAbies": 0.0, "pDouglas": 0.0, "pLarix": 0.0, "pOtherNb": 0.0, "pNoEurop": 0.0, "pNoEuropD": 0.0, "pEurop": 1.0, "pDecid": 0.0, "pConifer": 1.0, "pAll": 1.0, "Cell_id": "4406_3077", "EPSG": 31468, "Netz": 256, "Dichte": 8, "Bl": ";16;" }, "geometry": { "type": "Point", "coordinates": [ 655926.404716594959609, 5630216.198092573322356 ] } },
{ "type": "Feature", "properties": { "Tnr": 54705, "mitRand": 1, "AnzHBbeg": 3, "pHaupt": 1.0, "poHaupt": 0.0, "pQuerus": 0.187, "pFagus": 0.0, "pFraxinus": 0.0, "pCarpinus": 0.0, "pAcer": 0.411, "pTilia": 0.0, "pRobinia": 0.0, "pUlmus": 0.0, "pCastanea": 0.0, "pOtherLH": 0.0, "pBetula": 0.1, "pAlnus": 0.0, "pPopulus": 0.0, "pSalix": 0.0, "pSorbus": 0.0, "pPrunus": 0.0, "pMalus": 0.0, "pPyrus": 0.0, "pOtherLN": 0.0, "pPicea": 0.227, "pPinus": 0.05, "pAbies": 0.0, "pDouglas": 0.0, "pLarix": 0.026, "pOtherNb": 0.0, "pNoEurop": 0.0, "pNoEuropD": 0.0, "pEurop": 1.0, "pDecid": 0.698, "pConifer": 0.302, "pAll": 1.0, "Cell_id": "4418_3078", "EPSG": 31468, "Netz": 16, "Dichte": 8, "Bl": ";16;" }, "geometry": { "type": "Point", "coordinates": [ 667910.561093931784853, 5631376.593668049201369 ] } },
{ "type": "Feature", "properties": { "Tnr": 54707, "mitRand": 1, "AnzHBbeg": 4, "pHaupt": 1.0, "poHaupt": 0.0, "pQuerus": 0.0, "pFagus": 0.526, "pFraxinus": 0.03, "pCarpinus": 0.0, "pAcer": 0.04, "pTilia": 0.073, "pRobinia": 0.0, "pUlmus": 0.0, "pCastanea": 0.0, "pOtherLH": 0.0, "pBetula": 0.0, "pAlnus": 0.0, "pPopulus": 0.0, "pSalix": 0.0, "pSorbus": 0.0, "pPrunus": 0.0, "pMalus": 0.0, "pPyrus": 0.0, "pOtherLN": 0.0, "pPicea": 0.057, "pPinus": 0.274, "pAbies": 0.0, "pDouglas": 0.0, "pLarix": 0.0, "pOtherNb": 0.0, "pNoEurop": 0.0, "pNoEuropD": 0.0, "pEurop": 1.0, "pDecid": 0.669, "pConifer": 0.331, "pAll": 1.0, "Cell_id": "4422_3078", "EPSG": 31468, "Netz": 256, "Dichte": 8, "Bl": ";16;" }, "geometry": { "type": "Point", "coordinates": [ 671909.940889799501747, 5631430.526929746381938 ] } },
{ "type": "Feature", "properties": { "Tnr": 54713, "mitRand": 1, "AnzHBbeg": 2, "pHaupt": 1.0, "poHaupt": 0.0, "pQuerus": 0.0, "pFagus": 0.5, "pFraxinus": 0.0, "pCarpinus": 0.0, "pAcer": 0.0, "pTilia": 0.0, "pRobinia": 0.0, "pUlmus": 0.0, "pCastanea": 0.0, "pOtherLH": 0.0, "pBetula": 0.0, "pAlnus": 0.0, "pPopulus": 0.0, "pSalix": 0.0, "pSorbus": 0.0, "pPrunus": 0.0, "pMalus": 0.0, "pPyrus": 0.0, "pOtherLN": 0.0, "pPicea": 0.5, "pPinus": 0.0, "pAbies": 0.0, "pDouglas": 0.0, "pLarix": 0.0, "pOtherNb": 0.0, "pNoEurop": 0.0, "pNoEuropD": 0.0, "pEurop": 1.0, "pDecid": 0.5, "pConifer": 0.5, "pAll": 1.0, "Cell_id": "4434_3078", "EPSG": 31468, "Netz": 16, "Dichte": 8, "Bl": ";16;" }, "geometry": { "type": "Point", "coordinates": [ 683909.079682816052809, 5631590.327186434529722 ] } },
{ "type": "Feature", "properties": { "Tnr": 54717, "mitRand": 0, "AnzHBbeg": 4, "pHaupt": 1.0, "poHaupt": 0.0, "pQuerus": 0.0, "pFagus": 0.0, "pFraxinus": 0.0, "pCarpinus": 0.0, "pAcer": 0.0, "pTilia": 0.0, "pRobinia": 0.0, "pUlmus": 0.0, "pCastanea": 0.0, "pOtherLH": 0.0, "pBetula": 0.191, "pAlnus": 0.0, "pPopulus": 0.0, "pSalix": 0.0, "pSorbus": 0.0, "pPrunus": 0.0, "pMalus": 0.0, "pPyrus": 0.0, "pOtherLN": 0.0, "pPicea": 0.0, "pPinus": 0.809, "pAbies": 0.0, "pDouglas": 0.0, "pLarix": 0.0, "pOtherNb": 0.0, "pNoEurop": 0.0, "pNoEuropD": 0.0, "pEurop": 1.0, "pDecid": 0.191, "pConifer": 0.809, "pAll": 1.0, "Cell_id": "4442_3078", "EPSG": 31468, "Netz": 16, "Dichte": 8, "Bl": ";16;" }, "geometry": { "type": "Point", "coordinates": [ 691908.838594488915987, 5631696.194017469882965 ] } },
{ "type": "Feature", "properties": { "Tnr": 54719, "mitRand": 0, "AnzHBbeg": 2, "pHaupt": 1.0, "poHaupt": 0.0, "pQuerus": 0.0, "pFagus": 0.0, "pFraxinus": 0.0, "pCarpinus": 0.0, "pAcer": 0.0, "pTilia": 0.0, "pRobinia": 0.0, "pUlmus": 0.0, "pCastanea": 0.0, "pOtherLH": 0.0, "pBetula": 0.0, "pAlnus": 0.0, "pPopulus": 0.0, "pSalix": 0.0, "pSorbus": 0.0, "pPrunus": 0.0, "pMalus": 0.0, "pPyrus": 0.0, "pOtherLN": 0.0, "pPicea": 0.0, "pPinus": 1.0, "pAbies": 0.0, "pDouglas": 0.0, "pLarix": 0.0, "pOtherNb": 0.0, "pNoEurop": 0.0, "pNoEuropD": 0.0, "pEurop": 1.0, "pDecid": 0.0, "pConifer": 1.0, "pAll": 1.0, "Cell_id": "4446_3078", "EPSG": 31468, "Netz": 64, "Dichte": 8, "Bl": ";16;" }, "geometry": { "type": "Point", "coordinates": [ 695909.217816146207042, 5631750.126940166577697 ] } },
{ "type": "Feature", "properties": { "Tnr": 54721, "mitRand": 1, "AnzHBbeg": 4, "pHaupt": 1.0, "poHaupt": 0.0, "pQuerus": 0.137, "pFagus": 0.0, "pFraxinus": 0.0, "pCarpinus": 0.0, "pAcer": 0.0, "pTilia": 0.0, "pRobinia": 0.0, "pUlmus": 0.0, "pCastanea": 0.0, "pOtherLH": 0.0, "pBetula": 0.042, "pAlnus": 0.0, "pPopulus": 0.0, "pSalix": 0.0, "pSorbus": 0.0, "pPrunus": 0.0, "pMalus": 0.0, "pPyrus": 0.0, "pOtherLN": 0.0, "pPicea": 0.537, "pPinus": 0.284, "pAbies": 0.0, "pDouglas": 0.0, "pLarix": 0.0, "pOtherNb": 0.0, "pNoEurop": 0.0, "pNoEuropD": 0.0, "pEurop": 1.0, "pDecid": 0.179, "pConifer": 0.821, "pAll": 1.0, "Cell_id": "4450_3078", "EPSG": 31468, "Netz": 16, "Dichte": 8, "Bl": ";16;" }, "geometry": { "type": "Point", "coordinates": [ 699908.59740280918777, 5631803.060224619694054 ] } },
{ "type": "Feature", "properties": { "Tnr": 54723, "mitRand": 1, "AnzHBbeg": 4, "pHaupt": 1.0, "poHaupt": 0.0, "pQuerus": 0.154, "pFagus": 0.0, "pFraxinus": 0.0, "pCarpinus": 0.0, "pAcer": 0.0, "pTilia": 0.0, "pRobinia": 0.0, "pUlmus": 0.0, "pCastanea": 0.0, "pOtherLH": 0.0, "pBetula": 0.053, "pAlnus": 0.0, "pPopulus": 0.0, "pSalix": 0.0, "pSorbus": 0.0, "pPrunus": 0.0, "pMalus": 0.0, "pPyrus": 0.0, "pOtherLN": 0.0, "pPicea": 0.378, "pPinus": 0.415, "pAbies": 0.0, "pDouglas": 0.0, "pLarix": 0.0, "pOtherNb": 0.0, "pNoEurop": 0.0, "pNoEuropD": 0.0, "pEurop": 1.0, "pDecid": 0.207, "pConifer": 0.793, "pAll": 1.0, "Cell_id": "4454_3079", "EPSG": 31468, "Netz": 256, "Dichte": 8, "Bl": ";16;" }, "geometry": { "type": "Point", "coordinates": [ 703895.993152587907389, 5632855.588409350253642 ] } },
{ "type": "Feature", "properties": { "Tnr": 54725, "mitRand": 1, "AnzHBbeg": 4, "pHaupt": 1.0, "poHaupt": 0.0, "pQuerus": 0.122, "pFagus": 0.023, "pFraxinus": 0.0, "pCarpinus": 0.0, "pAcer": 0.0, "pTilia": 0.0, "pRobinia": 0.0, "pUlmus": 0.0, "pCastanea": 0.0, "pOtherLH": 0.0, "pBetula": 0.043, "pAlnus": 0.0, "pPopulus": 0.0, "pSalix": 0.0, "pSorbus": 0.0, "pPrunus": 0.0, "pMalus": 0.0, "pPyrus": 0.0, "pOtherLN": 0.0, "pPicea": 0.556, "pPinus": 0.256, "pAbies": 0.0, "pDouglas": 0.0, "pLarix": 0.0, "pOtherNb": 0.0, "pNoEurop": 0.0, "pNoEuropD": 0.0, "pEurop": 1.0, "pDecid": 0.188, "pConifer": 0.812, "pAll": 1.0, "Cell_id": "4458_3079", "EPSG": 31468, "Netz": 16, "Dichte": 8, "Bl": ";16;" }, "geometry": { "type": "Point", "coordinates": [ 707895.372706049005501, 5632909.521171840839088 ] } },
{ "type": "Feature", "properties": { "Tnr": 54727, "mitRand": 1, "AnzHBbeg": 4, "pHaupt": 0.75, "poHaupt": 0.25, "pQuerus": 0.0, "pFagus": 0.0, "pFraxinus": 0.0, "pCarpinus": 0.0, "pAcer": 0.0, "pTilia": 0.0, "pRobinia": 0.0, "pUlmus": 0.0, "pCastanea": 0.0, "pOtherLH": 0.0, "pBetula": 0.064, "pAlnus": 0.0, "pPopulus": 0.0, "pSalix": 0.0, "pSorbus": 0.0, "pPrunus": 0.0, "pMalus": 0.0, "pPyrus": 0.0, "pOtherLN": 0.0, "pPicea": 0.065, "pPinus": 0.621, "pAbies": 0.0, "pDouglas": 0.0, "pLarix": 0.0, "pOtherNb": 0.0, "pNoEurop": 0.0, "pNoEuropD": 0.0, "pEurop": 0.75, "pDecid": 0.064, "pConifer": 0.686, "pAll": 0.75, "Cell_id": "4462_3079", "EPSG": 31468, "Netz": 64, "Dichte": 8, "Bl": ";16;" }, "geometry": { "type": "Point", "coordinates": [ 711895.751813603215851, 5632962.454273348674178 ] } },
{ "type": "Feature", "properties": { "Tnr": 54737, "mitRand": 0, "AnzHBbeg": 1, "pHaupt": 1.0, "poHaupt": 0.0, "pQuerus": 0.0, "pFagus": 0.0, "pFraxinus": 0.0, "pCarpinus": 0.0, "pAcer": 0.0, "pTilia": 0.0, "pRobinia": 0.0, "pUlmus": 0.0, "pCastanea": 0.0, "pOtherLH": 0.0, "pBetula": 0.661, "pAlnus": 0.0, "pPopulus": 0.0, "pSalix": 0.0, "pSorbus": 0.0, "pPrunus": 0.0, "pMalus": 0.0, "pPyrus": 0.0, "pOtherLN": 0.0, "pPicea": 0.0, "pPinus": 0.339, "pAbies": 0.0, "pDouglas": 0.0, "pLarix": 0.0, "pOtherNb": 0.0, "pNoEurop": 0.0, "pNoEuropD": 0.0, "pEurop": 1.0, "pDecid": 0.661, "pConifer": 0.339, "pAll": 1.0, "Cell_id": "4482_3079", "EPSG": 31468, "Netz": 16, "Dichte": 8, "Bl": ";14;" }, "geometry": { "type": "Point", "coordinates": [ 731899.64609315560665, 5633227.118934649974108 ] } },
{ "type": "Feature", "properties": { "Tnr": 54803, "mitRand": 1, "AnzHBbeg": 3, "pHaupt": 1.0, "poHaupt": 0.0, "pQuerus": 0.0, "pFagus": 0.0, "pFraxinus": 0.0, "pCarpinus": 0.0, "pAcer": 0.0, "pTilia": 0.0, "pRobinia": 0.0, "pUlmus": 0.0, "pCastanea": 0.0, "pOtherLH": 0.0, "pBetula": 0.0, "pAlnus": 0.0, "pPopulus": 0.0, "pSalix": 0.0, "pSorbus": 0.0, "pPrunus": 0.0, "pMalus": 0.0, "pPyrus": 0.0, "pOtherLN": 0.0, "pPicea": 1.0, "pPinus": 0.0, "pAbies": 0.0, "pDouglas": 0.0, "pLarix": 0.0, "pOtherNb": 0.0, "pNoEurop": 0.0, "pNoEuropD": 0.0, "pEurop": 1.0, "pDecid": 0.0, "pConifer": 1.0, "pAll": 1.0, "Cell_id": "4328_3074", "EPSG": 31467, "Netz": 8, "Dichte": 8, "Bl": ";16;" }, "geometry": { "type": "Point", "coordinates": [ 577993.937076078378595, 5626169.698036363348365 ] } },
{ "type": "Feature", "properties": { "Tnr": 54805, "mitRand": 0, "AnzHBbeg": 4, "pHaupt": 1.0, "poHaupt": 0.0, "pQuerus": 0.177, "pFagus": 0.062, "pFraxinus": 0.0, "pCarpinus": 0.0, "pAcer": 0.0, "pTilia": 0.0, "pRobinia": 0.0, "pUlmus": 0.0, "pCastanea": 0.0, "pOtherLH": 0.0, "pBetula": 0.0, "pAlnus": 0.0, "pPopulus": 0.0, "pSalix": 0.0, "pSorbus": 0.0, "pPrunus": 0.0, "pMalus": 0.0, "pPyrus": 0.0, "pOtherLN": 0.0, "pPicea": 0.28, "pPinus": 0.416, "pAbies": 0.0, "pDouglas": 0.0, "pLarix": 0.065, "pOtherNb": 0.0, "pNoEurop": 0.0, "pNoEuropD": 0.0, "pEurop": 1.0, "pDecid": 0.239, "pConifer": 0.761, "pAll": 1.0, "Cell_id": "4332_3074", "EPSG": 31467, "Netz": 8, "Dichte": 8, "Bl": ";16;" }, "geometry": { "type": "Point", "coordinates": [ 581992.317796754767187, 5626223.632553145289421 ] } },
{ "type": "Feature", "properties": { "Tnr": 54809, "mitRand": 1, "AnzHBbeg": 3, "pHaupt": 1.0, "poHaupt": 0.0, "pQuerus": 0.19, "pFagus": 0.178, "pFraxinus": 0.0, "pCarpinus": 0.0, "pAcer": 0.0, "pTilia": 0.0, "pRobinia": 0.0, "pUlmus": 0.0, "pCastanea": 0.0, "pOtherLH": 0.0, "pBetula": 0.0, "pAlnus": 0.0, "pPopulus": 0.269, "pSalix": 0.0, "pSorbus": 0.0, "pPrunus": 0.0, "pMalus": 0.0, "pPyrus": 0.0, "pOtherLN": 0.0, "pPicea": 0.0, "pPinus": 0.363, "pAbies": 0.0, "pDouglas": 0.0, "pLarix": 0.0, "pOtherNb": 0.0, "pNoEurop": 0.0, "pNoEuropD": 0.0, "pEurop": 1.0, "pDecid": 0.637, "pConifer": 0.363, "pAll": 1.0, "Cell_id": "4340_3074", "EPSG": 31467, "Netz": 8, "Dichte": 8, "Bl": ";16;" }, "geometry": { "type": "Point", "coordinates": [ 589989.079167384887114, 5626331.50142531376332 ] } },
{ "type": "Feature", "properties": { "Tnr": 54815, "mitRand": 0, "AnzHBbeg": 3, "pHaupt": 1.0, "poHaupt": 0.0, "pQuerus": 0.0, "pFagus": 0.0, "pFraxinus": 0.0, "pCarpinus": 0.0, "pAcer": 0.0, "pTilia": 0.0, "pRobinia": 0.0, "pUlmus": 0.0, "pCastanea": 0.0, "pOtherLH": 0.0, "pBetula": 0.0, "pAlnus": 0.0, "pPopulus": 0.0, "pSalix": 0.0, "pSorbus": 0.0, "pPrunus": 0.0, "pMalus": 0.0, "pPyrus": 0.0, "pOtherLN": 0.0, "pPicea": 1.0, "pPinus": 0.0, "pAbies": 0.0, "pDouglas": 0.0, "pLarix": 0.0, "pOtherNb": 0.0, "pNoEurop": 0.0, "pNoEuropD": 0.0, "pEurop": 1.0, "pDecid": 0.0, "pConifer": 1.0, "pAll": 1.0, "Cell_id": "4352_3074", "EPSG": 31467, "Netz": 8, "Dichte": 8, "Bl": ";16;" }, "geometry": { "type": "Point", "coordinates": [ 601984.221043727127835, 5626493.30432968493551 ] } },
{ "type": "Feature", "properties": { "Tnr": 54817, "mitRand": 0, "AnzHBbeg": 4, "pHaupt": 1.0, "poHaupt": 0.0, "pQuerus": 0.0, "pFagus": 0.0, "pFraxinus": 0.0, "pCarpinus": 0.0, "pAcer": 0.0, "pTilia": 0.0, "pRobinia": 0.0, "pUlmus": 0.0, "pCastanea": 0.0, "pOtherLH": 0.0, "pBetula": 0.065, "pAlnus": 0.0, "pPopulus": 0.0, "pSalix": 0.0, "pSorbus": 0.0, "pPrunus": 0.0, "pMalus": 0.0, "pPyrus": 0.0, "pOtherLN": 0.0, "pPicea": 0.935, "pPinus": 0.0, "pAbies": 0.0, "pDouglas": 0.0, "pLarix": 0.0, "pOtherNb": 0.0, "pNoEurop": 0.0, "pNoEuropD": 0.0, "pEurop": 1.0, "pDecid": 0.065, "pConifer": 0.935, "pAll": 1.0, "Cell_id": "4356_3074", "EPSG": 31468, "Netz": 8, "Dichte": 8, "Bl": ";16;" }, "geometry": { "type": "Point", "coordinates": [ 605982.601620534667745, 5626547.238523347303271 ] } },
{ "type": "Feature", "properties": { "Tnr": 54819, "mitRand": 1, "AnzHBbeg": 3, "pHaupt": 1.0, "poHaupt": 0.0, "pQuerus": 0.0, "pFagus": 0.0, "pFraxinus": 0.0, "pCarpinus": 0.0, "pAcer": 0.0, "pTilia": 0.0, "pRobinia": 0.0, "pUlmus": 0.0, "pCastanea": 0.0, "pOtherLH": 0.0, "pBetula": 0.0, "pAlnus": 0.0, "pPopulus": 0.0, "pSalix": 0.0, "pSorbus": 0.0, "pPrunus": 0.0, "pMalus": 0.0, "pPyrus": 0.0, "pOtherLN": 0.0, "pPicea": 1.0, "pPinus": 0.0, "pAbies": 0.0, "pDouglas": 0.0, "pLarix": 0.0, "pOtherNb": 0.0, "pNoEurop": 0.0, "pNoEuropD": 0.0, "pEurop": 1.0, "pDecid": 0.0, "pConifer": 1.0, "pAll": 1.0, "Cell_id": "4360_3074", "EPSG": 31468, "Netz": 8, "Dichte": 8, "Bl": ";16;" }, "geometry": { "type": "Point", "coordinates": [ 609980.982172711286694, 5626601.172663067467511 ] } },
{ "type": "Feature", "properties": { "Tnr": 54823, "mitRand": 1, "AnzHBbeg": 4, "pHaupt": 1.0, "poHaupt": 0.0, "pQuerus": 0.0, "pFagus": 0.0, "pFraxinus": 0.0, "pCarpinus": 0.0, "pAcer": 0.0, "pTilia": 0.0, "pRobinia": 0.0, "pUlmus": 0.0, "pCastanea": 0.0, "pOtherLH": 0.0, "pBetula": 0.0, "pAlnus": 0.0, "pPopulus": 0.0, "pSalix": 0.0, "pSorbus": 0.0, "pPrunus": 0.0, "pMalus": 0.0, "pPyrus": 0.0, "pOtherLN": 0.0, "pPicea": 1.0, "pPinus": 0.0, "pAbies": 0.0, "pDouglas": 0.0, "pLarix": 0.0, "pOtherNb": 0.0, "pNoEurop": 0.0, "pNoEuropD": 0.0, "pEurop": 1.0, "pDecid": 0.0, "pConifer": 1.0, "pAll": 1.0, "Cell_id": "4368_3074", "EPSG": 31468, "Netz": 8, "Dichte": 8, "Bl": ";16;" }, "geometry": { "type": "Point", "coordinates": [ 617977.743191396351904, 5626708.041185637004673 ] } },
{ "type": "Feature", "properties": { "Tnr": 54825, "mitRand": 1, "AnzHBbeg": 3, "pHaupt": 1.0, "poHaupt": 0.0, "pQuerus": 0.0, "pFagus": 0.0, "pFraxinus": 0.0, "pCarpinus": 0.0, "pAcer": 0.112, "pTilia": 0.0, "pRobinia": 0.0, "pUlmus": 0.0, "pCastanea": 0.0, "pOtherLH": 0.0, "pBetula": 0.0, "pAlnus": 0.0, "pPopulus": 0.0, "pSalix": 0.0, "pSorbus": 0.083, "pPrunus": 0.0, "pMalus": 0.0, "pPyrus": 0.0, "pOtherLN": 0.0, "pPicea": 0.805, "pPinus": 0.0, "pAbies": 0.0, "pDouglas": 0.0, "pLarix": 0.0, "pOtherNb": 0.0, "pNoEurop": 0.0, "pNoEuropD": 0.0, "pEurop": 1.0, "pDecid": 0.195, "pConifer": 0.805, "pAll": 1.0, "Cell_id": "4372_3074", "EPSG": 31468, "Netz": 8, "Dichte": 8, "Bl": ";16;" }, "geometry": { "type": "Point", "coordinates": [ 621976.123668549233116, 5626761.97516339737922 ] } },
{ "type": "Feature", "properties": { "Tnr": 54831, "mitRand": 1, "AnzHBbeg": 4, "pHaupt": 1.0, "poHaupt": 0.0, "pQuerus": 0.0, "pFagus": 0.0, "pFraxinus": 0.0, "pCarpinus": 0.0, "pAcer": 0.0, "pTilia": 0.0, "pRobinia": 0.0, "pUlmus": 0.0, "pCastanea": 0.0, "pOtherLH": 0.0, "pBetula": 0.0, "pAlnus": 0.0, "pPopulus": 0.0, "pSalix": 0.0, "pSorbus": 0.0, "pPrunus": 0.0, "pMalus": 0.0, "pPyrus": 0.0, "pOtherLN": 0.0, "pPicea": 0.0, "pPinus": 1.0, "pAbies": 0.0, "pDouglas": 0.0, "pLarix": 0.0, "pOtherNb": 0.0, "pNoEurop": 0.0, "pNoEuropD": 0.0, "pEurop": 1.0, "pDecid": 0.0, "pConifer": 1.0, "pAll": 1.0, "Cell_id": "4384_3075", "EPSG": 31468, "Netz": 8, "Dichte": 8, "Bl": ";16;" }, "geometry": { "type": "Point", "coordinates": [ 633959.280882646562532, 5627922.372239472344518 ] } },
{ "type": "Feature", "properties": { "Tnr": 54833, "mitRand": 0, "AnzHBbeg": 4, "pHaupt": 1.0, "poHaupt": 0.0, "pQuerus": 0.0, "pFagus": 0.29, "pFraxinus": 0.278, "pCarpinus": 0.009, "pAcer": 0.423, "pTilia": 0.0, "pRobinia": 0.0, "pUlmus": 0.0, "pCastanea": 0.0, "pOtherLH": 0.0, "pBetula": 0.0, "pAlnus": 0.0, "pPopulus": 0.0, "pSalix": 0.0, "pSorbus": 0.0, "pPrunus": 0.0, "pMalus": 0.0, "pPyrus": 0.0, "pOtherLN": 0.0, "pPicea": 0.0, "pPinus": 0.0, "pAbies": 0.0, "pDouglas": 0.0, "pLarix": 0.0, "pOtherNb": 0.0, "pNoEurop": 0.0, "pNoEuropD": 0.0, "pEurop": 1.0, "pDecid": 1.0, "pConifer": 0.0, "pAll": 1.0, "Cell_id": "4388_3075", "EPSG": 31468, "Netz": 8, "Dichte": 8, "Bl": ";16;" }, "geometry": { "type": "Point", "coordinates": [ 637957.661270716111176, 5627976.30599442590028 ] } },
{ "type": "Feature", "properties": { "Tnr": 54841, "mitRand": 0, "AnzHBbeg": 2, "pHaupt": 1.0, "poHaupt": 0.0, "pQuerus": 0.0, "pFagus": 0.0, "pFraxinus": 0.0, "pCarpinus": 0.0, "pAcer": 0.0, "pTilia": 0.0, "pRobinia": 0.0, "pUlmus": 0.0, "pCastanea": 0.0, "pOtherLH": 0.0, "pBetula": 0.0, "pAlnus": 0.0, "pPopulus": 0.0, "pSalix": 0.0, "pSorbus": 0.0, "pPrunus": 0.0, "pMalus": 0.0, "pPyrus": 0.0, "pOtherLN": 0.0, "pPicea": 0.5, "pPinus": 0.5, "pAbies": 0.0, "pDouglas": 0.0, "pLarix": 0.0, "pOtherNb": 0.0, "pNoEurop": 0.0, "pNoEuropD": 0.0, "pEurop": 1.0, "pDecid": 0.0, "pConifer": 1.0, "pAll": 1.0, "Cell_id": "4404_3075", "EPSG": 31468, "Netz": 8, "Dichte": 8, "Bl": ";16;" }, "geometry": { "type": "Point", "coordinates": [ 653954.181322405580431, 5628190.04124893527478 ] } },
{ "type": "Feature", "properties": { "Tnr": 54843, "mitRand": 1, "AnzHBbeg": 4, "pHaupt": 1.0, "poHaupt": 0.0, "pQuerus": 0.0, "pFagus": 0.027, "pFraxinus": 0.0, "pCarpinus": 0.0, "pAcer": 0.0, "pTilia": 0.181, "pRobinia": 0.0, "pUlmus": 0.0, "pCastanea": 0.0, "pOtherLH": 0.0, "pBetula": 0.0, "pAlnus": 0.0, "pPopulus": 0.0, "pSalix": 0.0, "pSorbus": 0.0, "pPrunus": 0.0, "pMalus": 0.0, "pPyrus": 0.0, "pOtherLN": 0.0, "pPicea": 0.662, "pPinus": 0.066, "pAbies": 0.0, "pDouglas": 0.0, "pLarix": 0.064, "pOtherNb": 0.0, "pNoEurop": 0.0, "pNoEuropD": 0.0, "pEurop": 1.0, "pDecid": 0.208, "pConifer": 0.792, "pAll": 1.0, "Cell_id": "4408_3075", "EPSG": 31468, "Netz": 8, "Dichte": 8, "Bl": ";16;" }, "geometry": { "type": "Point", "coordinates": [ 657953.561172889312729, 5628243.974721543490887 ] } },
{ "type": "Feature", "properties": { "Tnr": 54845, "mitRand": 1, "AnzHBbeg": 4, "pHaupt": 1.0, "poHaupt": 0.0, "pQuerus": 0.0, "pFagus": 0.0, "pFraxinus": 0.0, "pCarpinus": 0.0, "pAcer": 0.0, "pTilia": 0.0, "pRobinia": 0.0, "pUlmus": 0.0, "pCastanea": 0.0, "pOtherLH": 0.0, "pBetula": 0.0, "pAlnus": 0.0, "pPopulus": 0.0, "pSalix": 0.0, "pSorbus": 0.0, "pPrunus": 0.0, "pMalus": 0.0, "pPyrus": 0.0, "pOtherLN": 0.0, "pPicea": 0.436, "pPinus": 0.564, "pAbies": 0.0, "pDouglas": 0.0, "pLarix": 0.0, "pOtherNb": 0.0, "pNoEurop": 0.0, "pNoEuropD": 0.0, "pEurop": 1.0, "pDecid": 0.0, "pConifer": 1.0, "pAll": 1.0, "Cell_id": "4412_3075", "EPSG": 31468, "Netz": 8, "Dichte": 8, "Bl": ";16;" }, "geometry": { "type": "Point", "coordinates": [ 661951.941390225663781, 5628296.908556119538844 ] } },
{ "type": "Feature", "properties": { "Tnr": 54847, "mitRand": 1, "AnzHBbeg": 4, "pHaupt": 1.0, "poHaupt": 0.0, "pQuerus": 0.0, "pFagus": 0.0, "pFraxinus": 0.0, "pCarpinus": 0.0, "pAcer": 0.0, "pTilia": 0.0, "pRobinia": 0.0, "pUlmus": 0.0, "pCastanea": 0.0, "pOtherLH": 0.0, "pBetula": 0.0, "pAlnus": 0.0, "pPopulus": 0.0, "pSalix": 0.0, "pSorbus": 0.0, "pPrunus": 0.0, "pMalus": 0.0, "pPyrus": 0.0, "pOtherLN": 0.0, "pPicea": 0.25, "pPinus": 0.0, "pAbies": 0.0, "pDouglas": 0.5, "pLarix": 0.25, "pOtherNb": 0.0, "pNoEurop": 0.599, "pNoEuropD": 0.099, "pEurop": 0.401, "pDecid": 0.0, "pConifer": 1.0, "pAll": 1.0, "Cell_id": "4416_3076", "EPSG": 31468, "Netz": 8, "Dichte": 8, "Bl": ";16;" }, "geometry": { "type": "Point", "coordinates": [ 665938.337648556334898, 5629350.436943269334733 ] } },
{ "type": "Feature", "properties": { "Tnr": 54851, "mitRand": 1, "AnzHBbeg": 3, "pHaupt": 1.0, "poHaupt": 0.0, "pQuerus": 0.115, "pFagus": 0.203, "pFraxinus": 0.0, "pCarpinus": 0.0, "pAcer": 0.0, "pTilia": 0.0, "pRobinia": 0.0, "pUlmus": 0.0, "pCastanea": 0.0, "pOtherLH": 0.0, "pBetula": 0.0, "pAlnus": 0.0, "pPopulus": 0.0, "pSalix": 0.0, "pSorbus": 0.049, "pPrunus": 0.0, "pMalus": 0.0, "pPyrus": 0.0, "pOtherLN": 0.0, "pPicea": 0.0, "pPinus": 0.633, "pAbies": 0.0, "pDouglas": 0.0, "pLarix": 0.0, "pOtherNb": 0.0, "pNoEurop": 0.0, "pNoEuropD": 0.0, "pEurop": 1.0, "pDecid": 0.367, "pConifer": 0.633, "pAll": 1.0, "Cell_id": "4424_3076", "EPSG": 31468, "Netz": 8, "Dichte": 8, "Bl": ";16;" }, "geometry": { "type": "Point", "coordinates": [ 673937.097174419905059, 5629457.303899332880974 ] } },
{ "type": "Feature", "properties": { "Tnr": 54857, "mitRand": 1, "AnzHBbeg": 4, "pHaupt": 1.0, "poHaupt": 0.0, "pQuerus": 0.0, "pFagus": 0.0, "pFraxinus": 0.0, "pCarpinus": 0.0, "pAcer": 0.0, "pTilia": 0.0, "pRobinia": 0.0, "pUlmus": 0.0, "pCastanea": 0.0, "pOtherLH": 0.0, "pBetula": 0.0, "pAlnus": 0.0, "pPopulus": 0.0, "pSalix": 0.0, "pSorbus": 0.0, "pPrunus": 0.0, "pMalus": 0.0, "pPyrus": 0.0, "pOtherLN": 0.0, "pPicea": 0.39, "pPinus": 0.61, "pAbies": 0.0, "pDouglas": 0.0, "pLarix": 0.0, "pOtherNb": 0.0, "pNoEurop": 0.0, "pNoEuropD": 0.0, "pEurop": 1.0, "pDecid": 0.0, "pConifer": 1.0, "pAll": 1.0, "Cell_id": "4436_3076", "EPSG": 31468, "Netz": 8, "Dichte": 8, "Bl": ";16;" }, "geometry": { "type": "Point", "coordinates": [ 685936.235843345755711, 5629617.104116170667112 ] } },
{ "type": "Feature", "properties": { "Tnr": 54861, "mitRand": 1, "AnzHBbeg": 4, "pHaupt": 1.0, "poHaupt": 0.0, "pQuerus": 0.0, "pFagus": 0.0, "pFraxinus": 0.0, "pCarpinus": 0.0, "pAcer": 0.0, "pTilia": 0.0, "pRobinia": 0.0, "pUlmus": 0.0, "pCastanea": 0.0, "pOtherLH": 0.0, "pBetula": 0.0, "pAlnus": 0.0, "pPopulus": 0.0, "pSalix": 0.0, "pSorbus": 0.0, "pPrunus": 0.0, "pMalus": 0.0, "pPyrus": 0.0, "pOtherLN": 0.0, "pPicea": 0.27, "pPinus": 0.73, "pAbies": 0.0, "pDouglas": 0.0, "pLarix": 0.0, "pOtherNb": 0.0, "pNoEurop": 0.0, "pNoEuropD": 0.0, "pEurop": 1.0, "pDecid": 0.0, "pConifer": 1.0, "pAll": 1.0, "Cell_id": "4444_3076", "EPSG": 31468, "Netz": 8, "Dichte": 8, "Bl": ";16;" }, "geometry": { "type": "Point", "coordinates": [ 693935.994671758729964, 5629722.970921047031879 ] } },
{ "type": "Feature", "properties": { "Tnr": 54863, "mitRand": 0, "AnzHBbeg": 2, "pHaupt": 1.0, "poHaupt": 0.0, "pQuerus": 0.0, "pFagus": 0.0, "pFraxinus": 0.0, "pCarpinus": 0.0, "pAcer": 0.0, "pTilia": 0.0, "pRobinia": 0.0, "pUlmus": 0.0, "pCastanea": 0.0, "pOtherLH": 0.0, "pBetula": 0.0, "pAlnus": 0.0, "pPopulus": 0.0, "pSalix": 0.0, "pSorbus": 0.0, "pPrunus": 0.0, "pMalus": 0.0, "pPyrus": 0.0, "pOtherLN": 0.0, "pPicea": 0.612, "pPinus": 0.388, "pAbies": 0.0, "pDouglas": 0.0, "pLarix": 0.0, "pOtherNb": 0.0, "pNoEurop": 0.0, "pNoEuropD": 0.0, "pEurop": 1.0, "pDecid": 0.0, "pConifer": 1.0, "pAll": 1.0, "Cell_id": "4448_3076", "EPSG": 31468, "Netz": 8, "Dichte": 8, "Bl": ";16;" }, "geometry": { "type": "Point", "coordinates": [ 697935.374245479237288, 5629775.904247254133224 ] } },
{ "type": "Feature", "properties": { "Tnr": 54867, "mitRand": 0, "AnzHBbeg": 4, "pHaupt": 1.0, "poHaupt": 0.0, "pQuerus": 0.029, "pFagus": 0.045, "pFraxinus": 0.0, "pCarpinus": 0.0, "pAcer": 0.0, "pTilia": 0.0, "pRobinia": 0.0, "pUlmus": 0.0, "pCastanea": 0.0, "pOtherLH": 0.0, "pBetula": 0.038, "pAlnus": 0.0, "pPopulus": 0.0, "pSalix": 0.0, "pSorbus": 0.0, "pPrunus": 0.0, "pMalus": 0.0, "pPyrus": 0.0, "pOtherLN": 0.0, "pPicea": 0.069, "pPinus": 0.697, "pAbies": 0.0, "pDouglas": 0.0, "pLarix": 0.123, "pOtherNb": 0.0, "pNoEurop": 0.0, "pNoEuropD": 0.0, "pEurop": 1.0, "pDecid": 0.111, "pConifer": 0.889, "pAll": 1.0, "Cell_id": "4456_3077", "EPSG": 31468, "Netz": 8, "Dichte": 8, "Bl": ";16;" }, "geometry": { "type": "Point", "coordinates": [ 705922.149512547650374, 5630882.365275080315769 ] } },
{ "type": "Feature", "properties": { "Tnr": 54869, "mitRand": 1, "AnzHBbeg": 4, "pHaupt": 1.0, "poHaupt": 0.0, "pQuerus": 0.0, "pFagus": 0.0, "pFraxinus": 0.0, "pCarpinus": 0.0, "pAcer": 0.0, "pTilia": 0.0, "pRobinia": 0.0, "pUlmus": 0.0, "pCastanea": 0.0, "pOtherLH": 0.0, "pBetula": 0.213, "pAlnus": 0.0, "pPopulus": 0.0, "pSalix": 0.0, "pSorbus": 0.0, "pPrunus": 0.0, "pMalus": 0.0, "pPyrus": 0.0, "pOtherLN": 0.0, "pPicea": 0.325, "pPinus": 0.243, "pAbies": 0.0, "pDouglas": 0.0, "pLarix": 0.219, "pOtherNb": 0.0, "pNoEurop": 0.0, "pNoEuropD": 0.0, "pEurop": 1.0, "pDecid": 0.213, "pConifer": 0.787, "pAll": 1.0, "Cell_id": "4460_3077", "EPSG": 31468, "Netz": 8, "Dichte": 8, "Bl": ";16;" }, "geometry": { "type": "Point", "coordinates": [ 709922.528607374173589, 5630935.298418684862554 ] } },
{ "type": "Feature", "properties": { "Tnr": 54873, "mitRand": 0, "AnzHBbeg": 1, "pHaupt": 1.0, "poHaupt": 0.0, "pQuerus": 0.491, "pFagus": 0.0, "pFraxinus": 0.0, "pCarpinus": 0.509, "pAcer": 0.0, "pTilia": 0.0, "pRobinia": 0.0, "pUlmus": 0.0, "pCastanea": 0.0, "pOtherLH": 0.0, "pBetula": 0.0, "pAlnus": 0.0, "pPopulus": 0.0, "pSalix": 0.0, "pSorbus": 0.0, "pPrunus": 0.0, "pMalus": 0.0, "pPyrus": 0.0, "pOtherLN": 0.0, "pPicea": 0.0, "pPinus": 0.0, "pAbies": 0.0, "pDouglas": 0.0, "pLarix": 0.0, "pOtherNb": 0.0, "pNoEurop": 0.0, "pNoEuropD": 0.0, "pEurop": 1.0, "pDecid": 1.0, "pConifer": 0.0, "pAll": 1.0, "Cell_id": "4468_3077", "EPSG": 31468, "Netz": 8, "Dichte": 8, "Bl": ";16;" }, "geometry": { "type": "Point", "coordinates": [ 717923.286708273924887, 5631041.164541610516608 ] } },
{ "type": "Feature", "properties": { "Tnr": 54877, "mitRand": 0, "AnzHBbeg": 1, "pHaupt": 1.0, "poHaupt": 0.0, "pQuerus": 0.0, "pFagus": 0.0, "pFraxinus": 0.0, "pCarpinus": 0.0, "pAcer": 0.0, "pTilia": 0.0, "pRobinia": 0.0, "pUlmus": 0.0, "pCastanea": 0.0, "pOtherLH": 0.0, "pBetula": 0.0, "pAlnus": 0.0, "pPopulus": 1.0, "pSalix": 0.0, "pSorbus": 0.0, "pPrunus": 0.0, "pMalus": 0.0, "pPyrus": 0.0, "pOtherLN": 0.0, "pPicea": 0.0, "pPinus": 0.0, "pAbies": 0.0, "pDouglas": 0.0, "pLarix": 0.0, "pOtherNb": 0.0, "pNoEurop": 1.0, "pNoEuropD": 1.0, "pEurop": 0.0, "pDecid": 1.0, "pConifer": 0.0, "pAll": 1.0, "Cell_id": "4476_3077", "EPSG": 31468, "Netz": 8, "Dichte": 8, "Bl": ";16;" }, "geometry": { "type": "Point", "coordinates": [ 725925.044284380972385, 5631147.030433925800025 ] } },
{ "type": "Feature", "properties": { "Tnr": 54879, "mitRand": 1, "AnzHBbeg": 4, "pHaupt": 1.0, "poHaupt": 0.0, "pQuerus": 0.026, "pFagus": 0.0, "pFraxinus": 0.0, "pCarpinus": 0.0, "pAcer": 0.0, "pTilia": 0.0, "pRobinia": 0.0, "pUlmus": 0.0, "pCastanea": 0.0, "pOtherLH": 0.0, "pBetula": 0.368, "pAlnus": 0.0, "pPopulus": 0.0, "pSalix": 0.0, "pSorbus": 0.0, "pPrunus": 0.0, "pMalus": 0.0, "pPyrus": 0.0, "pOtherLN": 0.0, "pPicea": 0.5, "pPinus": 0.105, "pAbies": 0.0, "pDouglas": 0.0, "pLarix": 0.0, "pOtherNb": 0.0, "pNoEurop": 0.226, "pNoEuropD": 0.226, "pEurop": 0.774, "pDecid": 0.395, "pConifer": 0.605, "pAll": 1.0, "Cell_id": "4480_3077", "EPSG": 31468, "Netz": 8, "Dichte": 8, "Bl": ";14;" }, "geometry": { "type": "Point", "coordinates": [ 729925.423229718813673, 5631199.963303504511714 ] } },
{ "type": "Feature", "properties": { "Tnr": 54941, "mitRand": 0, "AnzHBbeg": 1, "pHaupt": 1.0, "poHaupt": 0.0, "pQuerus": 0.0, "pFagus": 1.0, "pFraxinus": 0.0, "pCarpinus": 0.0, "pAcer": 0.0, "pTilia": 0.0, "pRobinia": 0.0, "pUlmus": 0.0, "pCastanea": 0.0, "pOtherLH": 0.0, "pBetula": 0.0, "pAlnus": 0.0, "pPopulus": 0.0, "pSalix": 0.0, "pSorbus": 0.0, "pPrunus": 0.0, "pMalus": 0.0, "pPyrus": 0.0, "pOtherLN": 0.0, "pPicea": 0.0, "pPinus": 0.0, "pAbies": 0.0, "pDouglas": 0.0, "pLarix": 0.0, "pOtherNb": 0.0, "pNoEurop": 0.0, "pNoEuropD": 0.0, "pEurop": 1.0, "pDecid": 1.0, "pConifer": 0.0, "pAll": 1.0, "Cell_id": "4322_3072", "EPSG": 31467, "Netz": 16, "Dichte": 8, "Bl": ";16;" }, "geometry": { "type": "Point", "coordinates": [ 572023.33326604089234, 5624089.605823702178895 ] } },
{ "type": "Feature", "properties": { "Tnr": 54947, "mitRand": 1, "AnzHBbeg": 4, "pHaupt": 1.0, "poHaupt": 0.0, "pQuerus": 0.118, "pFagus": 0.021, "pFraxinus": 0.0, "pCarpinus": 0.0, "pAcer": 0.0, "pTilia": 0.0, "pRobinia": 0.0, "pUlmus": 0.0, "pCastanea": 0.0, "pOtherLH": 0.0, "pBetula": 0.229, "pAlnus": 0.0, "pPopulus": 0.0, "pSalix": 0.0, "pSorbus": 0.0, "pPrunus": 0.0, "pMalus": 0.0, "pPyrus": 0.0, "pOtherLN": 0.0, "pPicea": 0.172, "pPinus": 0.25, "pAbies": 0.0, "pDouglas": 0.0, "pLarix": 0.21, "pOtherNb": 0.0, "pNoEurop": 0.0, "pNoEuropD": 0.0, "pEurop": 1.0, "pDecid": 0.368, "pConifer": 0.632, "pAll": 1.0, "Cell_id": "4334_3072", "EPSG": 31467, "Netz": 16, "Dichte": 8, "Bl": ";16;" }, "geometry": { "type": "Point", "coordinates": [ 584018.475382187636569, 5624251.409489637240767 ] } },
{ "type": "Feature", "properties": { "Tnr": 54949, "mitRand": 0, "AnzHBbeg": 4, "pHaupt": 1.0, "poHaupt": 0.0, "pQuerus": 0.0, "pFagus": 0.0, "pFraxinus": 0.0, "pCarpinus": 0.0, "pAcer": 0.0, "pTilia": 0.0, "pRobinia": 0.0, "pUlmus": 0.0, "pCastanea": 0.0, "pOtherLH": 0.0, "pBetula": 0.167, "pAlnus": 0.0, "pPopulus": 0.0, "pSalix": 0.0, "pSorbus": 0.0, "pPrunus": 0.0, "pMalus": 0.0, "pPyrus": 0.0, "pOtherLN": 0.0, "pPicea": 0.25, "pPinus": 0.374, "pAbies": 0.0, "pDouglas": 0.0, "pLarix": 0.209, "pOtherNb": 0.0, "pNoEurop": 0.0, "pNoEuropD": 0.0, "pEurop": 1.0, "pDecid": 0.167, "pConifer": 0.833, "pAll": 1.0, "Cell_id": "4338_3072", "EPSG": 31467, "Netz": 16, "Dichte": 8, "Bl": ";16;" }, "geometry": { "type": "Point", "coordinates": [ 588016.856040583457798, 5624305.343937556259334 ] } },
{ "type": "Feature", "properties": { "Tnr": 54955, "mitRand": 1, "AnzHBbeg": 3, "pHaupt": 1.0, "poHaupt": 0.0, "pQuerus": 0.0, "pFagus": 0.0, "pFraxinus": 0.0, "pCarpinus": 0.0, "pAcer": 0.0, "pTilia": 0.0, "pRobinia": 0.0, "pUlmus": 0.0, "pCastanea": 0.0, "pOtherLH": 0.0, "pBetula": 0.0, "pAlnus": 0.0, "pPopulus": 0.0, "pSalix": 0.0, "pSorbus": 0.0, "pPrunus": 0.0, "pMalus": 0.0, "pPyrus": 0.0, "pOtherLN": 0.0, "pPicea": 0.922, "pPinus": 0.078, "pAbies": 0.0, "pDouglas": 0.0, "pLarix": 0.0, "pOtherNb": 0.0, "pNoEurop": 0.0, "pNoEuropD": 0.0, "pEurop": 1.0, "pDecid": 0.0, "pConifer": 1.0, "pAll": 1.0, "Cell_id": "4350_3072", "EPSG": 31467, "Netz": 16, "Dichte": 8, "Bl": ";16;" }, "geometry": { "type": "Point", "coordinates": [ 600011.99787220149301, 5624467.146958794444799 ] } },
{ "type": "Feature", "properties": { "Tnr": 54959, "mitRand": 1, "AnzHBbeg": 1, "pHaupt": 1.0, "poHaupt": 0.0, "pQuerus": 0.0, "pFagus": 1.0, "pFraxinus": 0.0, "pCarpinus": 0.0, "pAcer": 0.0, "pTilia": 0.0, "pRobinia": 0.0, "pUlmus": 0.0, "pCastanea": 0.0, "pOtherLH": 0.0, "pBetula": 0.0, "pAlnus": 0.0, "pPopulus": 0.0, "pSalix": 0.0, "pSorbus": 0.0, "pPrunus": 0.0, "pMalus": 0.0, "pPyrus": 0.0, "pOtherLN": 0.0, "pPicea": 0.0, "pPinus": 0.0, "pAbies": 0.0, "pDouglas": 0.0, "pLarix": 0.0, "pOtherNb": 0.0, "pNoEurop": 0.0, "pNoEuropD": 0.0, "pEurop": 1.0, "pDecid": 1.0, "pConifer": 0.0, "pAll": 1.0, "Cell_id": "4358_3072", "EPSG": 31468, "Netz": 16, "Dichte": 8, "Bl": ";16;" }, "geometry": { "type": "Point", "coordinates": [ 608008.758971775299869, 5624575.015370612964034 ] } },
{ "type": "Feature", "properties": { "Tnr": 54961, "mitRand": 1, "AnzHBbeg": 3, "pHaupt": 1.0, "poHaupt": 0.0, "pQuerus": 0.0, "pFagus": 0.227, "pFraxinus": 0.0, "pCarpinus": 0.0, "pAcer": 0.0, "pTilia": 0.0, "pRobinia": 0.0, "pUlmus": 0.0, "pCastanea": 0.0, "pOtherLH": 0.0, "pBetula": 0.0, "pAlnus": 0.0, "pPopulus": 0.0, "pSalix": 0.0, "pSorbus": 0.0, "pPrunus": 0.0, "pMalus": 0.0, "pPyrus": 0.0, "pOtherLN": 0.0, "pPicea": 0.773, "pPinus": 0.0, "pAbies": 0.0, "pDouglas": 0.0, "pLarix": 0.0, "pOtherNb": 0.0, "pNoEurop": 0.0, "pNoEuropD": 0.0, "pEurop": 1.0, "pDecid": 0.227, "pConifer": 0.773, "pAll": 1.0, "Cell_id": "4362_3072", "EPSG": 31468, "Netz": 16, "Dichte": 8, "Bl": ";16;" }, "geometry": { "type": "Point", "coordinates": [ 612007.139473543036729, 5624627.949900788255036 ] } },
{ "type": "Feature", "properties": { "Tnr": 54963, "mitRand": 0, "AnzHBbeg": 2, "pHaupt": 1.0, "poHaupt": 0.0, "pQuerus": 0.0, "pFagus": 0.0, "pFraxinus": 0.0, "pCarpinus": 0.0, "pAcer": 0.0, "pTilia": 0.0, "pRobinia": 0.0, "pUlmus": 0.0, "pCastanea": 0.0, "pOtherLH": 0.0, "pBetula": 0.0, "pAlnus": 0.0, "pPopulus": 0.0, "pSalix": 0.0, "pSorbus": 0.0, "pPrunus": 0.0, "pMalus": 0.0, "pPyrus": 0.0, "pOtherLN": 0.0, "pPicea": 1.0, "pPinus": 0.0, "pAbies": 0.0, "pDouglas": 0.0, "pLarix": 0.0, "pOtherNb": 0.0, "pNoEurop": 0.0, "pNoEuropD": 0.0, "pEurop": 1.0, "pDecid": 0.0, "pConifer": 1.0, "pAll": 1.0, "Cell_id": "4366_3072", "EPSG": 31468, "Netz": 16, "Dichte": 8, "Bl": ";16;" }, "geometry": { "type": "Point", "coordinates": [ 616005.519961382960901, 5624681.883972042240202 ] } },
{ "type": "Feature", "properties": { "Tnr": 54965, "mitRand": 1, "AnzHBbeg": 4, "pHaupt": 1.0, "poHaupt": 0.0, "pQuerus": 0.0, "pFagus": 0.0, "pFraxinus": 0.0, "pCarpinus": 0.0, "pAcer": 0.0, "pTilia": 0.0, "pRobinia": 0.0, "pUlmus": 0.0, "pCastanea": 0.0, "pOtherLH": 0.0, "pBetula": 0.0, "pAlnus": 0.0, "pPopulus": 0.0, "pSalix": 0.0, "pSorbus": 0.0, "pPrunus": 0.0, "pMalus": 0.0, "pPyrus": 0.0, "pOtherLN": 0.0, "pPicea": 1.0, "pPinus": 0.0, "pAbies": 0.0, "pDouglas": 0.0, "pLarix": 0.0, "pOtherNb": 0.0, "pNoEurop": 0.0, "pNoEuropD": 0.0, "pEurop": 1.0, "pDecid": 0.0, "pConifer": 1.0, "pAll": 1.0, "Cell_id": "4370_3072", "EPSG": 31468, "Netz": 16, "Dichte": 8, "Bl": ";16;" }, "geometry": { "type": "Point", "coordinates": [ 620003.900424114894122, 5624735.817989390343428 ] } },
{ "type": "Feature", "properties": { "Tnr": 54967, "mitRand": 1, "AnzHBbeg": 4, "pHaupt": 1.0, "poHaupt": 0.0, "pQuerus": 0.0, "pFagus": 0.0, "pFraxinus": 0.0, "pCarpinus": 0.0, "pAcer": 0.0, "pTilia": 0.0, "pRobinia": 0.0, "pUlmus": 0.0, "pCastanea": 0.0, "pOtherLH": 0.0, "pBetula": 0.0, "pAlnus": 0.0, "pPopulus": 0.0, "pSalix": 0.0, "pSorbus": 0.0, "pPrunus": 0.0, "pMalus": 0.0, "pPyrus": 0.0, "pOtherLN": 0.0, "pPicea": 1.0, "pPinus": 0.0, "pAbies": 0.0, "pDouglas": 0.0, "pLarix": 0.0, "pOtherNb": 0.0, "pNoEurop": 0.0, "pNoEuropD": 0.0, "pEurop": 1.0, "pDecid": 0.0, "pConifer": 1.0, "pAll": 1.0, "Cell_id": "4374_3072", "EPSG": 31468, "Netz": 16, "Dichte": 8, "Bl": ";16;" }, "geometry": { "type": "Point", "coordinates": [ 624002.280861550476402, 5624789.751952806487679 ] } },
{ "type": "Feature", "properties": { "Tnr": 54969, "mitRand": 1, "AnzHBbeg": 4, "pHaupt": 1.0, "poHaupt": 0.0, "pQuerus": 0.0, "pFagus": 0.0, "pFraxinus": 0.0, "pCarpinus": 0.0, "pAcer": 0.305, "pTilia": 0.0, "pRobinia": 0.0, "pUlmus": 0.0, "pCastanea": 0.0, "pOtherLH": 0.0, "pBetula": 0.0, "pAlnus": 0.0, "pPopulus": 0.0, "pSalix": 0.0, "pSorbus": 0.0, "pPrunus": 0.0, "pMalus": 0.0, "pPyrus": 0.0, "pOtherLN": 0.0, "pPicea": 0.149, "pPinus": 0.25, "pAbies": 0.0, "pDouglas": 0.0, "pLarix": 0.296, "pOtherNb": 0.0, "pNoEurop": 0.0, "pNoEuropD": 0.0, "pEurop": 1.0, "pDecid": 0.305, "pConifer": 0.695, "pAll": 1.0, "Cell_id": "4378_3073", "EPSG": 31468, "Netz": 16, "Dichte": 8, "Bl": ";16;" }, "geometry": { "type": "Point", "coordinates": [ 627987.677601748961024, 5625843.280938256531954 ] } },
{ "type": "Feature", "properties": { "Tnr": 54971, "mitRand": 1, "AnzHBbeg": 1, "pHaupt": 1.0, "poHaupt": 0.0, "pQuerus": 0.0, "pFagus": 0.0, "pFraxinus": 0.0, "pCarpinus": 0.0, "pAcer": 0.0, "pTilia": 0.0, "pRobinia": 0.0, "pUlmus": 0.0, "pCastanea": 0.0, "pOtherLH": 0.0, "pBetula": 0.0, "pAlnus": 0.0, "pPopulus": 0.0, "pSalix": 0.0, "pSorbus": 0.0, "pPrunus": 0.0, "pMalus": 0.0, "pPyrus": 0.0, "pOtherLN": 0.0, "pPicea": 0.22, "pPinus": 0.78, "pAbies": 0.0, "pDouglas": 0.0, "pLarix": 0.0, "pOtherNb": 0.0, "pNoEurop": 0.0, "pNoEuropD": 0.0, "pEurop": 1.0, "pDecid": 0.0, "pConifer": 1.0, "pAll": 1.0, "Cell_id": "4382_3073", "EPSG": 31468, "Netz": 16, "Dichte": 8, "Bl": ";16;" }, "geometry": { "type": "Point", "coordinates": [ 631987.057585433591157, 5625896.215181294828653 ] } },
{ "type": "Feature", "properties": { "Tnr": 54973, "mitRand": 0, "AnzHBbeg": 1, "pHaupt": 1.0, "poHaupt": 0.0, "pQuerus": 0.0, "pFagus": 0.0, "pFraxinus": 0.431, "pCarpinus": 0.0, "pAcer": 0.0, "pTilia": 0.0, "pRobinia": 0.0, "pUlmus": 0.0, "pCastanea": 0.0, "pOtherLH": 0.0, "pBetula": 0.0, "pAlnus": 0.0, "pPopulus": 0.0, "pSalix": 0.0, "pSorbus": 0.0, "pPrunus": 0.0, "pMalus": 0.0, "pPyrus": 0.0, "pOtherLN": 0.0, "pPicea": 0.081, "pPinus": 0.488, "pAbies": 0.0, "pDouglas": 0.0, "pLarix": 0.0, "pOtherNb": 0.0, "pNoEurop": 0.0, "pNoEuropD": 0.0, "pEurop": 1.0, "pDecid": 0.431, "pConifer": 0.569, "pAll": 1.0, "Cell_id": "4386_3073", "EPSG": 31468, "Netz": 16, "Dichte": 8, "Bl": ";16;" }, "geometry": { "type": "Point", "coordinates": [ 635985.437959380098619, 5625950.148976278491318 ] } },
{ "type": "Feature", "properties": { "Tnr": 54975, "mitRand": 1, "AnzHBbeg": 1, "pHaupt": 1.0, "poHaupt": 0.0, "pQuerus": 0.25, "pFagus": 0.75, "pFraxinus": 0.0, "pCarpinus": 0.0, "pAcer": 0.0, "pTilia": 0.0, "pRobinia": 0.0, "pUlmus": 0.0, "pCastanea": 0.0, "pOtherLH": 0.0, "pBetula": 0.0, "pAlnus": 0.0, "pPopulus": 0.0, "pSalix": 0.0, "pSorbus": 0.0, "pPrunus": 0.0, "pMalus": 0.0, "pPyrus": 0.0, "pOtherLN": 0.0, "pPicea": 0.0, "pPinus": 0.0, "pAbies": 0.0, "pDouglas": 0.0, "pLarix": 0.0, "pOtherNb": 0.0, "pNoEurop": 0.0, "pNoEuropD": 0.0, "pEurop": 1.0, "pDecid": 1.0, "pConifer": 0.0, "pAll": 1.0, "Cell_id": "4390_3073", "EPSG": 31468, "Netz": 16, "Dichte": 8, "Bl": ";16;" }, "geometry": { "type": "Point", "coordinates": [ 639983.818296186509542, 5626003.083122270181775 ] } },
{ "type": "Feature", "properties": { "Tnr": 54977, "mitRand": 1, "AnzHBbeg": 1, "pHaupt": 1.0, "poHaupt": 0.0, "pQuerus": 0.0, "pFagus": 0.0, "pFraxinus": 0.0, "pCarpinus": 0.0, "pAcer": 0.0, "pTilia": 0.0, "pRobinia": 0.0, "pUlmus": 0.0, "pCastanea": 0.0, "pOtherLH": 0.0, "pBetula": 0.0, "pAlnus": 0.0, "pPopulus": 0.0, "pSalix": 0.0, "pSorbus": 0.0, "pPrunus": 0.0, "pMalus": 0.0, "pPyrus": 0.0, "pOtherLN": 0.0, "pPicea": 0.0, "pPinus": 1.0, "pAbies": 0.0, "pDouglas": 0.0, "pLarix": 0.0, "pOtherNb": 0.0, "pNoEurop": 0.0, "pNoEuropD": 0.0, "pEurop": 1.0, "pDecid": 0.0, "pConifer": 1.0, "pAll": 1.0, "Cell_id": "4394_3073", "EPSG": 31468, "Netz": 16, "Dichte": 8, "Bl": ";16;" }, "geometry": { "type": "Point", "coordinates": [ 643983.198212788905948, 5626057.016797964461148 ] } },
{ "type": "Feature", "properties": { "Tnr": 54979, "mitRand": 1, "AnzHBbeg": 4, "pHaupt": 1.0, "poHaupt": 0.0, "pQuerus": 0.0, "pFagus": 0.0, "pFraxinus": 0.0, "pCarpinus": 0.0, "pAcer": 0.0, "pTilia": 0.0, "pRobinia": 0.0, "pUlmus": 0.0, "pCastanea": 0.0, "pOtherLH": 0.0, "pBetula": 0.051, "pAlnus": 0.0, "pPopulus": 0.0, "pSalix": 0.0, "pSorbus": 0.0, "pPrunus": 0.0, "pMalus": 0.0, "pPyrus": 0.0, "pOtherLN": 0.0, "pPicea": 0.0, "pPinus": 0.869, "pAbies": 0.0, "pDouglas": 0.0, "pLarix": 0.081, "pOtherNb": 0.0, "pNoEurop": 0.0, "pNoEuropD": 0.0, "pEurop": 1.0, "pDecid": 0.051, "pConifer": 0.949, "pAll": 1.0, "Cell_id": "4398_3073", "EPSG": 31468, "Netz": 16, "Dichte": 8, "Bl": ";16;" }, "geometry": { "type": "Point", "coordinates": [ 647982.578102969331667, 5626110.950419509783387 ] } },
{ "type": "Feature", "properties": { "Tnr": 54981, "mitRand": 1, "AnzHBbeg": 1, "pHaupt": 1.0, "poHaupt": 0.0, "pQuerus": 0.0, "pFagus": 0.0, "pFraxinus": 0.928, "pCarpinus": 0.0, "pAcer": 0.0, "pTilia": 0.0, "pRobinia": 0.0, "pUlmus": 0.0, "pCastanea": 0.0, "pOtherLH": 0.0, "pBetula": 0.0, "pAlnus": 0.0, "pPopulus": 0.0, "pSalix": 0.0, "pSorbus": 0.0, "pPrunus": 0.0, "pMalus": 0.0, "pPyrus": 0.0, "pOtherLN": 0.0, "pPicea": 0.0, "pPinus": 0.072, "pAbies": 0.0, "pDouglas": 0.0, "pLarix": 0.0, "pOtherNb": 0.0, "pNoEurop": 0.0, "pNoEuropD": 0.0, "pEurop": 1.0, "pDecid": 0.928, "pConifer": 0.072, "pAll": 1.0, "Cell_id": "4402_3073", "EPSG": 31468, "Netz": 16, "Dichte": 8, "Bl": ";16;" }, "geometry": { "type": "Point", "coordinates": [ 651980.958360483171418, 5626163.884403126314282 ] } },
{ "type": "Feature", "properties": { "Tnr": 54983, "mitRand": 0, "AnzHBbeg": 1, "pHaupt": 1.0, "poHaupt": 0.0, "pQuerus": 0.0, "pFagus": 0.0, "pFraxinus": 0.0, "pCarpinus": 0.0, "pAcer": 0.0, "pTilia": 0.0, "pRobinia": 0.0, "pUlmus": 0.0, "pCastanea": 0.0, "pOtherLH": 0.0, "pBetula": 0.0, "pAlnus": 0.0, "pPopulus": 0.0, "pSalix": 0.0, "pSorbus": 0.0, "pPrunus": 0.0, "pMalus": 0.0, "pPyrus": 0.0, "pOtherLN": 0.0, "pPicea": 0.0, "pPinus": 1.0, "pAbies": 0.0, "pDouglas": 0.0, "pLarix": 0.0, "pOtherNb": 0.0, "pNoEurop": 0.0, "pNoEuropD": 0.0, "pEurop": 1.0, "pDecid": 0.0, "pConifer": 1.0, "pAll": 1.0, "Cell_id": "4406_3073", "EPSG": 31468, "Netz": 16, "Dichte": 8, "Bl": ";16;" }, "geometry": { "type": "Point", "coordinates": [ 655980.338197253528051, 5626217.817916311323643 ] } },
{ "type": "Feature", "properties": { "Tnr": 54985, "mitRand": 1, "AnzHBbeg": 1, "pHaupt": 1.0, "poHaupt": 0.0, "pQuerus": 0.0, "pFagus": 0.0, "pFraxinus": 0.0, "pCarpinus": 0.0, "pAcer": 0.0, "pTilia": 0.0, "pRobinia": 0.0, "pUlmus": 0.0, "pCastanea": 0.0, "pOtherLH": 0.0, "pBetula": 0.0, "pAlnus": 0.0, "pPopulus": 0.0, "pSalix": 0.0, "pSorbus": 0.0, "pPrunus": 0.0, "pMalus": 0.0, "pPyrus": 0.0, "pOtherLN": 0.0, "pPicea": 0.0, "pPinus": 1.0, "pAbies": 0.0, "pDouglas": 0.0, "pLarix": 0.0, "pOtherNb": 0.0, "pNoEurop": 0.0, "pNoEuropD": 0.0, "pEurop": 1.0, "pDecid": 0.0, "pConifer": 1.0, "pAll": 1.0, "Cell_id": "4410_3073", "EPSG": 31468, "Netz": 16, "Dichte": 8, "Bl": ";16;" }, "geometry": { "type": "Point", "coordinates": [ 659979.717995869694278, 5626270.751780391670763 ] } },
{ "type": "Feature", "properties": { "Tnr": 54987, "mitRand": 1, "AnzHBbeg": 2, "pHaupt": 1.0, "poHaupt": 0.0, "pQuerus": 0.009, "pFagus": 0.0, "pFraxinus": 0.0, "pCarpinus": 0.0, "pAcer": 0.47, "pTilia": 0.0, "pRobinia": 0.0, "pUlmus": 0.0, "pCastanea": 0.0, "pOtherLH": 0.0, "pBetula": 0.021, "pAlnus": 0.0, "pPopulus": 0.0, "pSalix": 0.0, "pSorbus": 0.0, "pPrunus": 0.0, "pMalus": 0.0, "pPyrus": 0.0, "pOtherLN": 0.0, "pPicea": 0.0, "pPinus": 0.434, "pAbies": 0.0, "pDouglas": 0.0, "pLarix": 0.066, "pOtherNb": 0.0, "pNoEurop": 0.0, "pNoEuropD": 0.0, "pEurop": 1.0, "pDecid": 0.5, "pConifer": 0.5, "pAll": 1.0, "Cell_id": "4414_3073", "EPSG": 31468, "Netz": 16, "Dichte": 8, "Bl": ";16;" }, "geometry": { "type": "Point", "coordinates": [ 663979.097767290077172, 5626323.685590235516429 ] } },
{ "type": "Feature", "properties": { "Tnr": 54991, "mitRand": 1, "AnzHBbeg": 4, "pHaupt": 1.0, "poHaupt": 0.0, "pQuerus": 0.0, "pFagus": 0.053, "pFraxinus": 0.0, "pCarpinus": 0.0, "pAcer": 0.0, "pTilia": 0.0, "pRobinia": 0.0, "pUlmus": 0.0, "pCastanea": 0.0, "pOtherLH": 0.0, "pBetula": 0.0, "pAlnus": 0.0, "pPopulus": 0.0, "pSalix": 0.0, "pSorbus": 0.0, "pPrunus": 0.0, "pMalus": 0.0, "pPyrus": 0.0, "pOtherLN": 0.0, "pPicea": 0.329, "pPinus": 0.618, "pAbies": 0.0, "pDouglas": 0.0, "pLarix": 0.0, "pOtherNb": 0.0, "pNoEurop": 0.0, "pNoEuropD": 0.0, "pEurop": 1.0, "pDecid": 0.053, "pConifer": 0.947, "pAll": 1.0, "Cell_id": "4422_3074", "EPSG": 31468, "Netz": 16, "Dichte": 8, "Bl": ";16;" }, "geometry": { "type": "Point", "coordinates": [ 671963.874123272602446, 5627430.147659218870103 ] } },
{ "type": "Feature", "properties": { "Tnr": 54993, "mitRand": 0, "AnzHBbeg": 2, "pHaupt": 1.0, "poHaupt": 0.0, "pQuerus": 0.156, "pFagus": 0.0, "pFraxinus": 0.0, "pCarpinus": 0.0, "pAcer": 0.0, "pTilia": 0.0, "pRobinia": 0.0, "pUlmus": 0.0, "pCastanea": 0.0, "pOtherLH": 0.0, "pBetula": 0.0, "pAlnus": 0.0, "pPopulus": 0.0, "pSalix": 0.0, "pSorbus": 0.0, "pPrunus": 0.066, "pMalus": 0.0, "pPyrus": 0.0, "pOtherLN": 0.0, "pPicea": 0.0, "pPinus": 0.778, "pAbies": 0.0, "pDouglas": 0.0, "pLarix": 0.0, "pOtherNb": 0.0, "pNoEurop": 0.0, "pNoEuropD": 0.0, "pEurop": 1.0, "pDecid": 0.222, "pConifer": 0.778, "pAll": 1.0, "Cell_id": "4426_3074", "EPSG": 31468, "Netz": 16, "Dichte": 8, "Bl": ";16;" }, "geometry": { "type": "Point", "coordinates": [ 675964.253431716933846, 5627484.080882893875241 ] } },
{ "type": "Feature", "properties": { "Tnr": 54995, "mitRand": 1, "AnzHBbeg": 2, "pHaupt": 1.0, "poHaupt": 0.0, "pQuerus": 0.365, "pFagus": 0.0, "pFraxinus": 0.09, "pCarpinus": 0.118, "pAcer": 0.18, "pTilia": 0.149, "pRobinia": 0.0, "pUlmus": 0.0, "pCastanea": 0.0, "pOtherLH": 0.0, "pBetula": 0.1, "pAlnus": 0.0, "pPopulus": 0.0, "pSalix": 0.0, "pSorbus": 0.0, "pPrunus": 0.0, "pMalus": 0.0, "pPyrus": 0.0, "pOtherLN": 0.0, "pPicea": 0.0, "pPinus": 0.0, "pAbies": 0.0, "pDouglas": 0.0, "pLarix": 0.0, "pOtherNb": 0.0, "pNoEurop": 0.0, "pNoEuropD": 0.0, "pEurop": 1.0, "pDecid": 1.0, "pConifer": 0.0, "pAll": 1.0, "Cell_id": "4430_3074", "EPSG": 31468, "Netz": 16, "Dichte": 8, "Bl": ";16;" }, "geometry": { "type": "Point", "coordinates": [ 679963.633106128894724, 5627537.014468537643552 ] } },
{ "type": "Feature", "properties": { "Tnr": 54999, "mitRand": 1, "AnzHBbeg": 4, "pHaupt": 1.0, "poHaupt": 0.0, "pQuerus": 0.25, "pFagus": 0.0, "pFraxinus": 0.0, "pCarpinus": 0.0, "pAcer": 0.0, "pTilia": 0.0, "pRobinia": 0.0, "pUlmus": 0.0, "pCastanea": 0.0, "pOtherLH": 0.0, "pBetula": 0.0, "pAlnus": 0.0, "pPopulus": 0.0, "pSalix": 0.0, "pSorbus": 0.0, "pPrunus": 0.0, "pMalus": 0.0, "pPyrus": 0.0, "pOtherLN": 0.0, "pPicea": 0.527, "pPinus": 0.223, "pAbies": 0.0, "pDouglas": 0.0, "pLarix": 0.0, "pOtherNb": 0.0, "pNoEurop": 0.0, "pNoEuropD": 0.0, "pEurop": 1.0, "pDecid": 0.25, "pConifer": 0.75, "pAll": 1.0, "Cell_id": "4438_3074", "EPSG": 31468, "Netz": 16, "Dichte": 8, "Bl": ";16;" }, "geometry": { "type": "Point", "coordinates": [ 687962.392381662968546, 5627643.881071424111724 ] } },
{ "type": "Feature", "properties": { "Tnr": 55001, "mitRand": 0, "AnzHBbeg": 3, "pHaupt": 1.0, "poHaupt": 0.0, "pQuerus": 0.0, "pFagus": 0.0, "pFraxinus": 0.0, "pCarpinus": 0.0, "pAcer": 0.0, "pTilia": 0.0, "pRobinia": 0.0, "pUlmus": 0.0, "pCastanea": 0.0, "pOtherLH": 0.0, "pBetula": 0.388, "pAlnus": 0.0, "pPopulus": 0.0, "pSalix": 0.0, "pSorbus": 0.0, "pPrunus": 0.0, "pMalus": 0.0, "pPyrus": 0.0, "pOtherLN": 0.0, "pPicea": 0.237, "pPinus": 0.375, "pAbies": 0.0, "pDouglas": 0.0, "pLarix": 0.0, "pOtherNb": 0.0, "pNoEurop": 0.0, "pNoEuropD": 0.0, "pEurop": 1.0, "pDecid": 0.388, "pConifer": 0.612, "pAll": 1.0, "Cell_id": "4442_3074", "EPSG": 31468, "Netz": 16, "Dichte": 8, "Bl": ";16;" }, "geometry": { "type": "Point", "coordinates": [ 691962.771566003328189, 5627696.814482495188713 ] } },
{ "type": "Feature", "properties": { "Tnr": 55003, "mitRand": 0, "AnzHBbeg": 4, "pHaupt": 1.0, "poHaupt": 0.0, "pQuerus": 0.0, "pFagus": 0.0, "pFraxinus": 0.0, "pCarpinus": 0.0, "pAcer": 0.0, "pTilia": 0.0, "pRobinia": 0.0, "pUlmus": 0.0, "pCastanea": 0.0, "pOtherLH": 0.0, "pBetula": 0.0, "pAlnus": 0.0, "pPopulus": 0.0, "pSalix": 0.0, "pSorbus": 0.0, "pPrunus": 0.0, "pMalus": 0.0, "pPyrus": 0.0, "pOtherLN": 0.0, "pPicea": 0.092, "pPinus": 0.908, "pAbies": 0.0, "pDouglas": 0.0, "pLarix": 0.0, "pOtherNb": 0.0, "pNoEurop": 0.0, "pNoEuropD": 0.0, "pEurop": 1.0, "pDecid": 0.0, "pConifer": 1.0, "pAll": 1.0, "Cell_id": "4446_3074", "EPSG": 31468, "Netz": 16, "Dichte": 8, "Bl": ";16;" }, "geometry": { "type": "Point", "coordinates": [ 695962.151126806740649, 5627749.747850355692208 ] } },
{ "type": "Feature", "properties": { "Tnr": 55005, "mitRand": 1, "AnzHBbeg": 4, "pHaupt": 0.75, "poHaupt": 0.25, "pQuerus": 0.0, "pFagus": 0.0, "pFraxinus": 0.0, "pCarpinus": 0.0, "pAcer": 0.0, "pTilia": 0.0, "pRobinia": 0.0, "pUlmus": 0.0, "pCastanea": 0.0, "pOtherLH": 0.0, "pBetula": 0.345, "pAlnus": 0.103, "pPopulus": 0.0, "pSalix": 0.0, "pSorbus": 0.0, "pPrunus": 0.0, "pMalus": 0.0, "pPyrus": 0.0, "pOtherLN": 0.0, "pPicea": 0.052, "pPinus": 0.25, "pAbies": 0.0, "pDouglas": 0.0, "pLarix": 0.0, "pOtherNb": 0.0, "pNoEurop": 0.0, "pNoEuropD": 0.0, "pEurop": 0.75, "pDecid": 0.448, "pConifer": 0.302, "pAll": 0.75, "Cell_id": "4450_3074", "EPSG": 31468, "Netz": 16, "Dichte": 8, "Bl": ";16;" }, "geometry": { "type": "Point", "coordinates": [ 699962.5302535694791, 5627802.68115240894258 ] } },
{ "type": "Feature", "properties": { "Tnr": 55009, "mitRand": 1, "AnzHBbeg": 4, "pHaupt": 1.0, "poHaupt": 0.0, "pQuerus": 0.028, "pFagus": 0.0, "pFraxinus": 0.0, "pCarpinus": 0.0, "pAcer": 0.0, "pTilia": 0.0, "pRobinia": 0.0, "pUlmus": 0.0, "pCastanea": 0.0, "pOtherLH": 0.0, "pBetula": 0.127, "pAlnus": 0.0, "pPopulus": 0.142, "pSalix": 0.0, "pSorbus": 0.0, "pPrunus": 0.0, "pMalus": 0.0, "pPyrus": 0.0, "pOtherLN": 0.0, "pPicea": 0.0, "pPinus": 0.702, "pAbies": 0.0, "pDouglas": 0.0, "pLarix": 0.0, "pOtherNb": 0.0, "pNoEurop": 0.0, "pNoEuropD": 0.0, "pEurop": 1.0, "pDecid": 0.298, "pConifer": 0.702, "pAll": 1.0, "Cell_id": "4458_3075", "EPSG": 31468, "Netz": 16, "Dichte": 8, "Bl": ";16;" }, "geometry": { "type": "Point", "coordinates": [ 707949.305439903517254, 5628909.142144199460745 ] } },
{ "type": "Feature", "properties": { "Tnr": 55081, "mitRand": 1, "AnzHBbeg": 2, "pHaupt": 1.0, "poHaupt": 0.0, "pQuerus": 0.741, "pFagus": 0.259, "pFraxinus": 0.0, "pCarpinus": 0.0, "pAcer": 0.0, "pTilia": 0.0, "pRobinia": 0.0, "pUlmus": 0.0, "pCastanea": 0.0, "pOtherLH": 0.0, "pBetula": 0.0, "pAlnus": 0.0, "pPopulus": 0.0, "pSalix": 0.0, "pSorbus": 0.0, "pPrunus": 0.0, "pMalus": 0.0, "pPyrus": 0.0, "pOtherLN": 0.0, "pPicea": 0.0, "pPinus": 0.0, "pAbies": 0.0, "pDouglas": 0.0, "pLarix": 0.0, "pOtherNb": 0.0, "pNoEurop": 0.0, "pNoEuropD": 0.0, "pEurop": 1.0, "pDecid": 1.0, "pConifer": 0.0, "pAll": 1.0, "Cell_id": "4320_3070", "EPSG": 31467, "Netz": 8, "Dichte": 8, "Bl": ";16;" }, "geometry": { "type": "Point", "coordinates": [ 570052.109821906662546, 5622063.448159313760698 ] } },
{ "type": "Feature", "properties": { "Tnr": 55085, "mitRand": 1, "AnzHBbeg": 2, "pHaupt": 1.0, "poHaupt": 0.0, "pQuerus": 0.0, "pFagus": 0.879, "pFraxinus": 0.121, "pCarpinus": 0.0, "pAcer": 0.0, "pTilia": 0.0, "pRobinia": 0.0, "pUlmus": 0.0, "pCastanea": 0.0, "pOtherLH": 0.0, "pBetula": 0.0, "pAlnus": 0.0, "pPopulus": 0.0, "pSalix": 0.0, "pSorbus": 0.0, "pPrunus": 0.0, "pMalus": 0.0, "pPyrus": 0.0, "pOtherLN": 0.0, "pPicea": 0.0, "pPinus": 0.0, "pAbies": 0.0, "pDouglas": 0.0, "pLarix": 0.0, "pOtherNb": 0.0, "pNoEurop": 0.0, "pNoEuropD": 0.0, "pEurop": 1.0, "pDecid": 1.0, "pConifer": 0.0, "pAll": 1.0, "Cell_id": "4328_3070", "EPSG": 31467, "Netz": 8, "Dichte": 8, "Bl": ";16;" }, "geometry": { "type": "Point", "coordinates": [ 578047.871630484587513, 5622171.317411259748042 ] } },
{ "type": "Feature", "properties": { "Tnr": 55087, "mitRand": 1, "AnzHBbeg": 3, "pHaupt": 1.0, "poHaupt": 0.0, "pQuerus": 0.28, "pFagus": 0.053, "pFraxinus": 0.0, "pCarpinus": 0.0, "pAcer": 0.0, "pTilia": 0.0, "pRobinia": 0.0, "pUlmus": 0.0, "pCastanea": 0.0, "pOtherLH": 0.0, "pBetula": 0.0, "pAlnus": 0.0, "pPopulus": 0.0, "pSalix": 0.0, "pSorbus": 0.0, "pPrunus": 0.0, "pMalus": 0.0, "pPyrus": 0.0, "pOtherLN": 0.0, "pPicea": 0.667, "pPinus": 0.0, "pAbies": 0.0, "pDouglas": 0.0, "pLarix": 0.0, "pOtherNb": 0.0, "pNoEurop": 0.0, "pNoEuropD": 0.0, "pEurop": 1.0, "pDecid": 0.333, "pConifer": 0.667, "pAll": 1.0, "Cell_id": "4332_3070", "EPSG": 31467, "Netz": 8, "Dichte": 8, "Bl": ";16;" }, "geometry": { "type": "Point", "coordinates": [ 582046.252297358820215, 5622225.25195143930614 ] } },
{ "type": "Feature", "properties": { "Tnr": 55089, "mitRand": 1, "AnzHBbeg": 3, "pHaupt": 1.0, "poHaupt": 0.0, "pQuerus": 0.255, "pFagus": 0.078, "pFraxinus": 0.0, "pCarpinus": 0.0, "pAcer": 0.0, "pTilia": 0.0, "pRobinia": 0.0, "pUlmus": 0.0, "pCastanea": 0.0, "pOtherLH": 0.0, "pBetula": 0.0, "pAlnus": 0.0, "pPopulus": 0.0, "pSalix": 0.0, "pSorbus": 0.0, "pPrunus": 0.0, "pMalus": 0.0, "pPyrus": 0.0, "pOtherLN": 0.0, "pPicea": 0.0, "pPinus": 0.333, "pAbies": 0.0, "pDouglas": 0.0, "pLarix": 0.333, "pOtherNb": 0.0, "pNoEurop": 0.0, "pNoEuropD": 0.0, "pEurop": 1.0, "pDecid": 0.333, "pConifer": 0.667, "pAll": 1.0, "Cell_id": "4336_3070", "EPSG": 31467, "Netz": 8, "Dichte": 8, "Bl": ";16;" }, "geometry": { "type": "Point", "coordinates": [ 586044.632940696086735, 5622279.186438010074198 ] } },
{ "type": "Feature", "properties": { "Tnr": 55091, "mitRand": 1, "AnzHBbeg": 4, "pHaupt": 1.0, "poHaupt": 0.0, "pQuerus": 0.052, "pFagus": 0.25, "pFraxinus": 0.0, "pCarpinus": 0.0, "pAcer": 0.0, "pTilia": 0.0, "pRobinia": 0.0, "pUlmus": 0.0, "pCastanea": 0.0, "pOtherLH": 0.0, "pBetula": 0.0, "pAlnus": 0.0, "pPopulus": 0.0, "pSalix": 0.0, "pSorbus": 0.0, "pPrunus": 0.0, "pMalus": 0.0, "pPyrus": 0.0, "pOtherLN": 0.0, "pPicea": 0.27, "pPinus": 0.35, "pAbies": 0.0, "pDouglas": 0.0, "pLarix": 0.078, "pOtherNb": 0.0, "pNoEurop": 0.0, "pNoEuropD": 0.0, "pEurop": 1.0, "pDecid": 0.302, "pConifer": 0.698, "pAll": 1.0, "Cell_id": "4340_3070", "EPSG": 31467, "Netz": 8, "Dichte": 8, "Bl": ";16;" }, "geometry": { "type": "Point", "coordinates": [ 590043.013560310937464, 5622333.120870949700475 ] } },
{ "type": "Feature", "properties": { "Tnr": 55095, "mitRand": 1, "AnzHBbeg": 2, "pHaupt": 1.0, "poHaupt": 0.0, "pQuerus": 0.042, "pFagus": 0.0, "pFraxinus": 0.0, "pCarpinus": 0.056, "pAcer": 0.0, "pTilia": 0.0, "pRobinia": 0.0, "pUlmus": 0.0, "pCastanea": 0.0, "pOtherLH": 0.0, "pBetula": 0.278, "pAlnus": 0.0, "pPopulus": 0.624, "pSalix": 0.0, "pSorbus": 0.0, "pPrunus": 0.0, "pMalus": 0.0, "pPyrus": 0.0, "pOtherLN": 0.0, "pPicea": 0.0, "pPinus": 0.0, "pAbies": 0.0, "pDouglas": 0.0, "pLarix": 0.0, "pOtherNb": 0.0, "pNoEurop": 0.0, "pNoEuropD": 0.0, "pEurop": 1.0, "pDecid": 1.0, "pConifer": 0.0, "pAll": 1.0, "Cell_id": "4348_3070", "EPSG": 31467, "Netz": 8, "Dichte": 8, "Bl": ";16;" }, "geometry": { "type": "Point", "coordinates": [ 598039.774727626238018, 5622440.989575835876167 ] } },
{ "type": "Feature", "properties": { "Tnr": 55097, "mitRand": 1, "AnzHBbeg": 4, "pHaupt": 1.0, "poHaupt": 0.0, "pQuerus": 0.1, "pFagus": 0.037, "pFraxinus": 0.0, "pCarpinus": 0.0, "pAcer": 0.0, "pTilia": 0.0, "pRobinia": 0.0, "pUlmus": 0.0, "pCastanea": 0.0, "pOtherLH": 0.0, "pBetula": 0.215, "pAlnus": 0.0, "pPopulus": 0.0, "pSalix": 0.0, "pSorbus": 0.0, "pPrunus": 0.0, "pMalus": 0.0, "pPyrus": 0.0, "pOtherLN": 0.0, "pPicea": 0.555, "pPinus": 0.093, "pAbies": 0.0, "pDouglas": 0.0, "pLarix": 0.0, "pOtherNb": 0.0, "pNoEurop": 0.0, "pNoEuropD": 0.0, "pEurop": 1.0, "pDecid": 0.352, "pConifer": 0.648, "pAll": 1.0, "Cell_id": "4352_3070", "EPSG": 31467, "Netz": 8, "Dichte": 8, "Bl": ";16;" }, "geometry": { "type": "Point", "coordinates": [ 602038.155274953576736, 5622494.923847733996809 ] } },
{ "type": "Feature", "properties": { "Tnr": 55101, "mitRand": 1, "AnzHBbeg": 4, "pHaupt": 1.0, "poHaupt": 0.0, "pQuerus": 0.0, "pFagus": 0.0, "pFraxinus": 0.0, "pCarpinus": 0.0, "pAcer": 0.0, "pTilia": 0.0, "pRobinia": 0.0, "pUlmus": 0.0, "pCastanea": 0.0, "pOtherLH": 0.0, "pBetula": 0.0, "pAlnus": 0.0, "pPopulus": 0.0, "pSalix": 0.0, "pSorbus": 0.0, "pPrunus": 0.0, "pMalus": 0.0, "pPyrus": 0.0, "pOtherLN": 0.0, "pPicea": 1.0, "pPinus": 0.0, "pAbies": 0.0, "pDouglas": 0.0, "pLarix": 0.0, "pOtherNb": 0.0, "pNoEurop": 0.0, "pNoEuropD": 0.0, "pEurop": 1.0, "pDecid": 0.0, "pConifer": 1.0, "pAll": 1.0, "Cell_id": "4360_3070", "EPSG": 31468, "Netz": 8, "Dichte": 8, "Bl": ";16;" }, "geometry": { "type": "Point", "coordinates": [ 610034.916285018902272, 5622601.79263536632061 ] } },
{ "type": "Feature", "properties": { "Tnr": 55103, "mitRand": 1, "AnzHBbeg": 4, "pHaupt": 1.0, "poHaupt": 0.0, "pQuerus": 0.0, "pFagus": 0.0, "pFraxinus": 0.0, "pCarpinus": 0.0, "pAcer": 0.0, "pTilia": 0.0, "pRobinia": 0.0, "pUlmus": 0.0, "pCastanea": 0.0, "pOtherLH": 0.0, "pBetula": 0.0, "pAlnus": 0.0, "pPopulus": 0.0, "pSalix": 0.0, "pSorbus": 0.0, "pPrunus": 0.0, "pMalus": 0.0, "pPyrus": 0.0, "pOtherLN": 0.0, "pPicea": 1.0, "pPinus": 0.0, "pAbies": 0.0, "pDouglas": 0.0, "pLarix": 0.0, "pOtherNb": 0.0, "pNoEurop": 0.0, "pNoEuropD": 0.0, "pEurop": 1.0, "pDecid": 0.0, "pConifer": 1.0, "pAll": 1.0, "Cell_id": "4364_3070", "EPSG": 31468, "Netz": 8, "Dichte": 8, "Bl": ";16;" }, "geometry": { "type": "Point", "coordinates": [ 614033.296758368145674, 5622655.726746008731425 ] } },
{ "type": "Feature", "properties": { "Tnr": 55105, "mitRand": 1, "AnzHBbeg": 4, "pHaupt": 1.0, "poHaupt": 0.0, "pQuerus": 0.0, "pFagus": 0.0, "pFraxinus": 0.0, "pCarpinus": 0.0, "pAcer": 0.0, "pTilia": 0.0, "pRobinia": 0.0, "pUlmus": 0.0, "pCastanea": 0.0, "pOtherLH": 0.0, "pBetula": 0.0, "pAlnus": 0.0, "pPopulus": 0.0, "pSalix": 0.0, "pSorbus": 0.0, "pPrunus": 0.0, "pMalus": 0.0, "pPyrus": 0.0, "pOtherLN": 0.0, "pPicea": 1.0, "pPinus": 0.0, "pAbies": 0.0, "pDouglas": 0.0, "pLarix": 0.0, "pOtherNb": 0.0, "pNoEurop": 0.0, "pNoEuropD": 0.0, "pEurop": 1.0, "pDecid": 0.0, "pConifer": 1.0, "pAll": 1.0, "Cell_id": "4368_3070", "EPSG": 31468, "Netz": 8, "Dichte": 8, "Bl": ";16;" }, "geometry": { "type": "Point", "coordinates": [ 618031.677206690073945, 5622709.660802849568427 ] } },
{ "type": "Feature", "properties": { "Tnr": 55107, "mitRand": 1, "AnzHBbeg": 4, "pHaupt": 1.0, "poHaupt": 0.0, "pQuerus": 0.0, "pFagus": 0.0, "pFraxinus": 0.0, "pCarpinus": 0.0, "pAcer": 0.0, "pTilia": 0.0, "pRobinia": 0.0, "pUlmus": 0.0, "pCastanea": 0.0, "pOtherLH": 0.0, "pBetula": 0.0, "pAlnus": 0.0, "pPopulus": 0.0, "pSalix": 0.0, "pSorbus": 0.0, "pPrunus": 0.0, "pMalus": 0.0, "pPyrus": 0.0, "pOtherLN": 0.0, "pPicea": 1.0, "pPinus": 0.0, "pAbies": 0.0, "pDouglas": 0.0, "pLarix": 0.0, "pOtherNb": 0.0, "pNoEurop": 0.0, "pNoEuropD": 0.0, "pEurop": 1.0, "pDecid": 0.0, "pConifer": 1.0, "pAll": 1.0, "Cell_id": "4372_3070", "EPSG": 31468, "Netz": 8, "Dichte": 8, "Bl": ";16;" }, "geometry": { "type": "Point", "coordinates": [ 622030.057629797025584, 5622763.594805862754583 ] } },
{ "type": "Feature", "properties": { "Tnr": 55109, "mitRand": 1, "AnzHBbeg": 3, "pHaupt": 1.0, "poHaupt": 0.0, "pQuerus": 0.0, "pFagus": 0.167, "pFraxinus": 0.0, "pCarpinus": 0.0, "pAcer": 0.0, "pTilia": 0.0, "pRobinia": 0.0, "pUlmus": 0.0, "pCastanea": 0.0, "pOtherLH": 0.0, "pBetula": 0.0, "pAlnus": 0.0, "pPopulus": 0.0, "pSalix": 0.0, "pSorbus": 0.0, "pPrunus": 0.0, "pMalus": 0.0, "pPyrus": 0.0, "pOtherLN": 0.0, "pPicea": 0.48, "pPinus": 0.354, "pAbies": 0.0, "pDouglas": 0.0, "pLarix": 0.0, "pOtherNb": 0.0, "pNoEurop": 0.0, "pNoEuropD": 0.0, "pEurop": 1.0, "pDecid": 0.167, "pConifer": 0.833, "pAll": 1.0, "Cell_id": "4376_3070", "EPSG": 31468, "Netz": 8, "Dichte": 8, "Bl": ";16;" }, "geometry": { "type": "Point", "coordinates": [ 626028.438016452011652, 5622816.529160096310079 ] } },
{ "type": "Feature", "properties": { "Tnr": 55111, "mitRand": 1, "AnzHBbeg": 4, "pHaupt": 0.75, "poHaupt": 0.25, "pQuerus": 0.0, "pFagus": 0.139, "pFraxinus": 0.0, "pCarpinus": 0.0, "pAcer": 0.073, "pTilia": 0.0, "pRobinia": 0.0, "pUlmus": 0.0, "pCastanea": 0.0, "pOtherLH": 0.0, "pBetula": 0.0, "pAlnus": 0.0, "pPopulus": 0.0, "pSalix": 0.0, "pSorbus": 0.017, "pPrunus": 0.0, "pMalus": 0.0, "pPyrus": 0.0, "pOtherLN": 0.0, "pPicea": 0.107, "pPinus": 0.328, "pAbies": 0.019, "pDouglas": 0.067, "pLarix": 0.0, "pOtherNb": 0.0, "pNoEurop": 0.067, "pNoEuropD": 0.0, "pEurop": 0.683, "pDecid": 0.229, "pConifer": 0.521, "pAll": 0.75, "Cell_id": "4380_3071", "EPSG": 31468, "Netz": 8, "Dichte": 8, "Bl": ";16;" }, "geometry": { "type": "Point", "coordinates": [ 630013.834720346843824, 5623870.058121375739574 ] } },
{ "type": "Feature", "properties": { "Tnr": 55115, "mitRand": 1, "AnzHBbeg": 2, "pHaupt": 1.0, "poHaupt": 0.0, "pQuerus": 0.297, "pFagus": 0.0, "pFraxinus": 0.0, "pCarpinus": 0.0, "pAcer": 0.259, "pTilia": 0.0, "pRobinia": 0.0, "pUlmus": 0.0, "pCastanea": 0.0, "pOtherLH": 0.0, "pBetula": 0.0, "pAlnus": 0.032, "pPopulus": 0.0, "pSalix": 0.0, "pSorbus": 0.195, "pPrunus": 0.0, "pMalus": 0.0, "pPyrus": 0.0, "pOtherLN": 0.0, "pPicea": 0.217, "pPinus": 0.0, "pAbies": 0.0, "pDouglas": 0.0, "pLarix": 0.0, "pOtherNb": 0.0, "pNoEurop": 0.0, "pNoEuropD": 0.0, "pEurop": 1.0, "pDecid": 0.783, "pConifer": 0.217, "pAll": 1.0, "Cell_id": "4388_3071", "EPSG": 31468, "Netz": 8, "Dichte": 8, "Bl": ";16;" }, "geometry": { "type": "Point", "coordinates": [ 638011.594997911481187, 5623976.92613126244396 ] } },
{ "type": "Feature", "properties": { "Tnr": 55125, "mitRand": 1, "AnzHBbeg": 1, "pHaupt": 1.0, "poHaupt": 0.0, "pQuerus": 1.0, "pFagus": 0.0, "pFraxinus": 0.0, "pCarpinus": 0.0, "pAcer": 0.0, "pTilia": 0.0, "pRobinia": 0.0, "pUlmus": 0.0, "pCastanea": 0.0, "pOtherLH": 0.0, "pBetula": 0.0, "pAlnus": 0.0, "pPopulus": 0.0, "pSalix": 0.0, "pSorbus": 0.0, "pPrunus": 0.0, "pMalus": 0.0, "pPyrus": 0.0, "pOtherLN": 0.0, "pPicea": 0.0, "pPinus": 0.0, "pAbies": 0.0, "pDouglas": 0.0, "pLarix": 0.0, "pOtherNb": 0.0, "pNoEurop": 0.0, "pNoEuropD": 0.0, "pEurop": 1.0, "pDecid": 1.0, "pConifer": 0.0, "pAll": 1.0, "Cell_id": "4408_3071", "EPSG": 31468, "Netz": 8, "Dichte": 8, "Bl": ";16;" }, "geometry": { "type": "Point", "coordinates": [ 658006.49503376998473, 5624244.595002361573279 ] } },
{ "type": "Feature", "properties": { "Tnr": 55131, "mitRand": 0, "AnzHBbeg": 1, "pHaupt": 1.0, "poHaupt": 0.0, "pQuerus": 0.0, "pFagus": 0.203, "pFraxinus": 0.0, "pCarpinus": 0.0, "pAcer": 0.552, "pTilia": 0.0, "pRobinia": 0.0, "pUlmus": 0.245, "pCastanea": 0.0, "pOtherLH": 0.0, "pBetula": 0.0, "pAlnus": 0.0, "pPopulus": 0.0, "pSalix": 0.0, "pSorbus": 0.0, "pPrunus": 0.0, "pMalus": 0.0, "pPyrus": 0.0, "pOtherLN": 0.0, "pPicea": 0.0, "pPinus": 0.0, "pAbies": 0.0, "pDouglas": 0.0, "pLarix": 0.0, "pOtherNb": 0.0, "pNoEurop": 0.0, "pNoEuropD": 0.0, "pEurop": 1.0, "pDecid": 1.0, "pConifer": 0.0, "pAll": 1.0, "Cell_id": "4420_3072", "EPSG": 31468, "Netz": 8, "Dichte": 8, "Bl": ";16;" }, "geometry": { "type": "Point", "coordinates": [ 669991.650705446256325, 5625403.990989012643695 ] } },
{ "type": "Feature", "properties": { "Tnr": 55133, "mitRand": 0, "AnzHBbeg": 4, "pHaupt": 1.0, "poHaupt": 0.0, "pQuerus": 0.0, "pFagus": 0.0, "pFraxinus": 0.0, "pCarpinus": 0.0, "pAcer": 0.0, "pTilia": 0.0, "pRobinia": 0.0, "pUlmus": 0.0, "pCastanea": 0.0, "pOtherLH": 0.0, "pBetula": 0.0, "pAlnus": 0.0, "pPopulus": 0.0, "pSalix": 0.0, "pSorbus": 0.0, "pPrunus": 0.0, "pMalus": 0.0, "pPyrus": 0.0, "pOtherLN": 0.0, "pPicea": 0.378, "pPinus": 0.622, "pAbies": 0.0, "pDouglas": 0.0, "pLarix": 0.0, "pOtherNb": 0.0, "pNoEurop": 0.0, "pNoEuropD": 0.0, "pEurop": 1.0, "pDecid": 0.0, "pConifer": 1.0, "pAll": 1.0, "Cell_id": "4424_3072", "EPSG": 31468, "Netz": 8, "Dichte": 8, "Bl": ";16;" }, "geometry": { "type": "Point", "coordinates": [ 673991.030405686586164, 5625457.924264930188656 ] } },
{ "type": "Feature", "properties": { "Tnr": 55135, "mitRand": 1, "AnzHBbeg": 2, "pHaupt": 1.0, "poHaupt": 0.0, "pQuerus": 0.218, "pFagus": 0.09, "pFraxinus": 0.0, "pCarpinus": 0.0, "pAcer": 0.0, "pTilia": 0.0, "pRobinia": 0.0, "pUlmus": 0.0, "pCastanea": 0.0, "pOtherLH": 0.0, "pBetula": 0.0, "pAlnus": 0.0, "pPopulus": 0.488, "pSalix": 0.0, "pSorbus": 0.0, "pPrunus": 0.0, "pMalus": 0.0, "pPyrus": 0.0, "pOtherLN": 0.0, "pPicea": 0.0, "pPinus": 0.204, "pAbies": 0.0, "pDouglas": 0.0, "pLarix": 0.0, "pOtherNb": 0.0, "pNoEurop": 0.0, "pNoEuropD": 0.0, "pEurop": 1.0, "pDecid": 0.796, "pConifer": 0.204, "pAll": 1.0, "Cell_id": "4428_3072", "EPSG": 31468, "Netz": 8, "Dichte": 8, "Bl": ";16;" }, "geometry": { "type": "Point", "coordinates": [ 677990.41006686759647, 5625510.857891712337732 ] } },
{ "type": "Feature", "properties": { "Tnr": 55137, "mitRand": 1, "AnzHBbeg": 3, "pHaupt": 1.0, "poHaupt": 0.0, "pQuerus": 0.004, "pFagus": 0.011, "pFraxinus": 0.0, "pCarpinus": 0.0, "pAcer": 0.184, "pTilia": 0.0, "pRobinia": 0.0, "pUlmus": 0.0, "pCastanea": 0.0, "pOtherLH": 0.0, "pBetula": 0.0, "pAlnus": 0.0, "pPopulus": 0.0, "pSalix": 0.0, "pSorbus": 0.149, "pPrunus": 0.0, "pMalus": 0.0, "pPyrus": 0.0, "pOtherLN": 0.0, "pPicea": 0.652, "pPinus": 0.0, "pAbies": 0.0, "pDouglas": 0.0, "pLarix": 0.0, "pOtherNb": 0.0, "pNoEurop": 0.0, "pNoEuropD": 0.0, "pEurop": 1.0, "pDecid": 0.348, "pConifer": 0.652, "pAll": 1.0, "Cell_id": "4432_3072", "EPSG": 31468, "Netz": 8, "Dichte": 8, "Bl": ";16;" }, "geometry": { "type": "Point", "coordinates": [ 681989.789700007066131, 5625563.791464198380709 ] } },
{ "type": "Feature", "properties": { "Tnr": 55139, "mitRand": 1, "AnzHBbeg": 3, "pHaupt": 1.0, "poHaupt": 0.0, "pQuerus": 0.333, "pFagus": 0.055, "pFraxinus": 0.0, "pCarpinus": 0.0, "pAcer": 0.0, "pTilia": 0.0, "pRobinia": 0.0, "pUlmus": 0.0, "pCastanea": 0.0, "pOtherLH": 0.0, "pBetula": 0.0, "pAlnus": 0.0, "pPopulus": 0.0, "pSalix": 0.0, "pSorbus": 0.0, "pPrunus": 0.0, "pMalus": 0.0, "pPyrus": 0.0, "pOtherLN": 0.0, "pPicea": 0.562, "pPinus": 0.05, "pAbies": 0.0, "pDouglas": 0.0, "pLarix": 0.0, "pOtherNb": 0.0, "pNoEurop": 0.0, "pNoEuropD": 0.0, "pEurop": 1.0, "pDecid": 0.388, "pConifer": 0.612, "pAll": 1.0, "Cell_id": "4436_3072", "EPSG": 31468, "Netz": 8, "Dichte": 8, "Bl": ";16;" }, "geometry": { "type": "Point", "coordinates": [ 685990.168899766984396, 5625616.724971101619303 ] } },
{ "type": "Feature", "properties": { "Tnr": 55147, "mitRand": 1, "AnzHBbeg": 1, "pHaupt": 1.0, "poHaupt": 0.0, "pQuerus": 0.0, "pFagus": 0.0, "pFraxinus": 0.0, "pCarpinus": 0.0, "pAcer": 0.0, "pTilia": 0.0, "pRobinia": 0.0, "pUlmus": 0.0, "pCastanea": 0.0, "pOtherLH": 0.0, "pBetula": 0.0, "pAlnus": 0.0, "pPopulus": 0.0, "pSalix": 0.0, "pSorbus": 0.0, "pPrunus": 0.0, "pMalus": 0.0, "pPyrus": 0.0, "pOtherLN": 0.0, "pPicea": 0.0, "pPinus": 1.0, "pAbies": 0.0, "pDouglas": 0.0, "pLarix": 0.0, "pOtherNb": 0.0, "pNoEurop": 0.0, "pNoEuropD": 0.0, "pEurop": 1.0, "pDecid": 0.0, "pConifer": 1.0, "pAll": 1.0, "Cell_id": "4452_3073", "EPSG": 31468, "Netz": 8, "Dichte": 8, "Bl": ";16;" }, "geometry": { "type": "Point", "coordinates": [ 701975.70321903412696, 5626829.053032803349197 ] } },
{ "type": "Feature", "properties": { "Tnr": 55153, "mitRand": 1, "AnzHBbeg": 4, "pHaupt": 1.0, "poHaupt": 0.0, "pQuerus": 0.409, "pFagus": 0.0, "pFraxinus": 0.0, "pCarpinus": 0.0, "pAcer": 0.0, "pTilia": 0.0, "pRobinia": 0.0, "pUlmus": 0.0, "pCastanea": 0.0, "pOtherLH": 0.0, "pBetula": 0.091, "pAlnus": 0.0, "pPopulus": 0.0, "pSalix": 0.0, "pSorbus": 0.0, "pPrunus": 0.0, "pMalus": 0.0, "pPyrus": 0.0, "pOtherLN": 0.0, "pPicea": 0.362, "pPinus": 0.104, "pAbies": 0.0, "pDouglas": 0.0, "pLarix": 0.034, "pOtherNb": 0.0, "pNoEurop": 0.0, "pNoEuropD": 0.0, "pEurop": 1.0, "pDecid": 0.5, "pConifer": 0.5, "pAll": 1.0, "Cell_id": "4464_3073", "EPSG": 31468, "Netz": 8, "Dichte": 8, "Bl": ";16;" }, "geometry": { "type": "Point", "coordinates": [ 713976.840350383543409, 5626988.852146486751735 ] } },
{ "type": "Feature", "properties": { "Tnr": 55155, "mitRand": 1, "AnzHBbeg": 3, "pHaupt": 0.333, "poHaupt": 0.667, "pQuerus": 0.0, "pFagus": 0.0, "pFraxinus": 0.0, "pCarpinus": 0.0, "pAcer": 0.057, "pTilia": 0.0, "pRobinia": 0.0, "pUlmus": 0.0, "pCastanea": 0.0, "pOtherLH": 0.0, "pBetula": 0.0, "pAlnus": 0.0, "pPopulus": 0.0, "pSalix": 0.0, "pSorbus": 0.0, "pPrunus": 0.0, "pMalus": 0.0, "pPyrus": 0.0, "pOtherLN": 0.0, "pPicea": 0.276, "pPinus": 0.0, "pAbies": 0.0, "pDouglas": 0.0, "pLarix": 0.0, "pOtherNb": 0.0, "pNoEurop": 0.0, "pNoEuropD": 0.0, "pEurop": 0.333, "pDecid": 0.057, "pConifer": 0.276, "pAll": 0.333, "Cell_id": "4468_3073", "EPSG": 31468, "Netz": 8, "Dichte": 8, "Bl": ";16;" }, "geometry": { "type": "Point", "coordinates": [ 717977.219331178464927, 5627041.785210291855037 ] } },
{ "type": "Feature", "properties": { "Tnr": 55157, "mitRand": 1, "AnzHBbeg": 1, "pHaupt": 1.0, "poHaupt": 0.0, "pQuerus": 0.768, "pFagus": 0.07, "pFraxinus": 0.0, "pCarpinus": 0.0, "pAcer": 0.067, "pTilia": 0.095, "pRobinia": 0.0, "pUlmus": 0.0, "pCastanea": 0.0, "pOtherLH": 0.0, "pBetula": 0.0, "pAlnus": 0.0, "pPopulus": 0.0, "pSalix": 0.0, "pSorbus": 0.0, "pPrunus": 0.0, "pMalus": 0.0, "pPyrus": 0.0, "pOtherLN": 0.0, "pPicea": 0.0, "pPinus": 0.0, "pAbies": 0.0, "pDouglas": 0.0, "pLarix": 0.0, "pOtherNb": 0.0, "pNoEurop": 0.0, "pNoEuropD": 0.0, "pEurop": 1.0, "pDecid": 1.0, "pConifer": 0.0, "pAll": 1.0, "Cell_id": "4472_3073", "EPSG": 31468, "Netz": 8, "Dichte": 8, "Bl": ";16;" }, "geometry": { "type": "Point", "coordinates": [ 721977.598282053251751, 5627094.718219486065209 ] } },
{ "type": "Feature", "properties": { "Tnr": 55223, "mitRand": 0, "AnzHBbeg": 2, "pHaupt": 1.0, "poHaupt": 0.0, "pQuerus": 0.0, "pFagus": 0.0, "pFraxinus": 0.5, "pCarpinus": 0.0, "pAcer": 0.14, "pTilia": 0.0, "pRobinia": 0.0, "pUlmus": 0.0, "pCastanea": 0.0, "pOtherLH": 0.0, "pBetula": 0.0, "pAlnus": 0.0, "pPopulus": 0.0, "pSalix": 0.0, "pSorbus": 0.0, "pPrunus": 0.0, "pMalus": 0.0, "pPyrus": 0.0, "pOtherLN": 0.0, "pPicea": 0.0, "pPinus": 0.36, "pAbies": 0.0, "pDouglas": 0.0, "pLarix": 0.0, "pOtherNb": 0.0, "pNoEurop": 0.0, "pNoEuropD": 0.0, "pEurop": 1.0, "pDecid": 0.64, "pConifer": 0.36, "pAll": 1.0, "Cell_id": "4322_3068", "EPSG": 31467, "Netz": 64, "Dichte": 8, "Bl": ";16;" }, "geometry": { "type": "Point", "coordinates": [ 572078.267507642158307, 5620091.22517997212708 ] } },
{ "type": "Feature", "properties": { "Tnr": 55225, "mitRand": 1, "AnzHBbeg": 3, "pHaupt": 1.0, "poHaupt": 0.0, "pQuerus": 0.0, "pFagus": 0.662, "pFraxinus": 0.0, "pCarpinus": 0.0, "pAcer": 0.053, "pTilia": 0.0, "pRobinia": 0.0, "pUlmus": 0.0, "pCastanea": 0.0, "pOtherLH": 0.0, "pBetula": 0.0, "pAlnus": 0.0, "pPopulus": 0.0, "pSalix": 0.0, "pSorbus": 0.0, "pPrunus": 0.0, "pMalus": 0.0, "pPyrus": 0.0, "pOtherLN": 0.0, "pPicea": 0.285, "pPinus": 0.0, "pAbies": 0.0, "pDouglas": 0.0, "pLarix": 0.0, "pOtherNb": 0.0, "pNoEurop": 0.0, "pNoEuropD": 0.0, "pEurop": 1.0, "pDecid": 0.715, "pConifer": 0.285, "pAll": 1.0, "Cell_id": "4326_3068", "EPSG": 31467, "Netz": 16, "Dichte": 8, "Bl": ";16;" }, "geometry": { "type": "Point", "coordinates": [ 576075.648587633273564, 5620145.159822950139642 ] } },
{ "type": "Feature", "properties": { "Tnr": 55231, "mitRand": 1, "AnzHBbeg": 4, "pHaupt": 1.0, "poHaupt": 0.0, "pQuerus": 0.0, "pFagus": 0.025, "pFraxinus": 0.0, "pCarpinus": 0.0, "pAcer": 0.0, "pTilia": 0.0, "pRobinia": 0.0, "pUlmus": 0.0, "pCastanea": 0.0, "pOtherLH": 0.0, "pBetula": 0.142, "pAlnus": 0.0, "pPopulus": 0.0, "pSalix": 0.0, "pSorbus": 0.0, "pPrunus": 0.0, "pMalus": 0.0, "pPyrus": 0.0, "pOtherLN": 0.0, "pPicea": 0.215, "pPinus": 0.235, "pAbies": 0.0, "pDouglas": 0.0, "pLarix": 0.384, "pOtherNb": 0.0, "pNoEurop": 0.0, "pNoEuropD": 0.0, "pEurop": 1.0, "pDecid": 0.167, "pConifer": 0.833, "pAll": 1.0, "Cell_id": "4338_3068", "EPSG": 31467, "Netz": 64, "Dichte": 8, "Bl": ";16;" }, "geometry": { "type": "Point", "coordinates": [ 588070.790472321328707, 5620306.963398318737745 ] } },
{ "type": "Feature", "properties": { "Tnr": 55233, "mitRand": 1, "AnzHBbeg": 3, "pHaupt": 1.0, "poHaupt": 0.0, "pQuerus": 0.0, "pFagus": 0.111, "pFraxinus": 0.0, "pCarpinus": 0.0, "pAcer": 0.0, "pTilia": 0.0, "pRobinia": 0.0, "pUlmus": 0.0, "pCastanea": 0.0, "pOtherLH": 0.0, "pBetula": 0.0, "pAlnus": 0.0, "pPopulus": 0.0, "pSalix": 0.0, "pSorbus": 0.0, "pPrunus": 0.0, "pMalus": 0.0, "pPyrus": 0.0, "pOtherLN": 0.0, "pPicea": 0.222, "pPinus": 0.667, "pAbies": 0.0, "pDouglas": 0.0, "pLarix": 0.0, "pOtherNb": 0.0, "pNoEurop": 0.0, "pNoEuropD": 0.0, "pEurop": 1.0, "pDecid": 0.111, "pConifer": 0.889, "pAll": 1.0, "Cell_id": "4342_3068", "EPSG": 31467, "Netz": 16, "Dichte": 8, "Bl": ";16;" }, "geometry": { "type": "Point", "coordinates": [ 592069.171053142752498, 5620360.897816371172667 ] } },
{ "type": "Feature", "properties": { "Tnr": 55237, "mitRand": 1, "AnzHBbeg": 3, "pHaupt": 1.0, "poHaupt": 0.0, "pQuerus": 0.125, "pFagus": 0.231, "pFraxinus": 0.0, "pCarpinus": 0.115, "pAcer": 0.0, "pTilia": 0.0, "pRobinia": 0.0, "pUlmus": 0.0, "pCastanea": 0.0, "pOtherLH": 0.0, "pBetula": 0.0, "pAlnus": 0.0, "pPopulus": 0.0, "pSalix": 0.0, "pSorbus": 0.0, "pPrunus": 0.0, "pMalus": 0.0, "pPyrus": 0.0, "pOtherLN": 0.0, "pPicea": 0.245, "pPinus": 0.285, "pAbies": 0.0, "pDouglas": 0.0, "pLarix": 0.0, "pOtherNb": 0.0, "pNoEurop": 0.0, "pNoEuropD": 0.0, "pEurop": 1.0, "pDecid": 0.47, "pConifer": 0.53, "pAll": 1.0, "Cell_id": "4350_3068", "EPSG": 31467, "Netz": 16, "Dichte": 8, "Bl": ";16;" }, "geometry": { "type": "Point", "coordinates": [ 600065.932142554782331, 5620468.76649172604084 ] } },
{ "type": "Feature", "properties": { "Tnr": 55241, "mitRand": 0, "AnzHBbeg": 1, "pHaupt": 1.0, "poHaupt": 0.0, "pQuerus": 0.0, "pFagus": 0.0, "pFraxinus": 0.0, "pCarpinus": 0.0, "pAcer": 0.0, "pTilia": 0.0, "pRobinia": 0.0, "pUlmus": 0.0, "pCastanea": 0.0, "pOtherLH": 0.0, "pBetula": 0.299, "pAlnus": 0.0, "pPopulus": 0.0, "pSalix": 0.0, "pSorbus": 0.0, "pPrunus": 0.0, "pMalus": 0.0, "pPyrus": 0.0, "pOtherLN": 0.0, "pPicea": 0.701, "pPinus": 0.0, "pAbies": 0.0, "pDouglas": 0.0, "pLarix": 0.0, "pOtherNb": 0.0, "pNoEurop": 0.0, "pNoEuropD": 0.0, "pEurop": 1.0, "pDecid": 0.299, "pConifer": 0.701, "pAll": 1.0, "Cell_id": "4358_3068", "EPSG": 31468, "Netz": 64, "Dichte": 8, "Bl": ";16;" }, "geometry": { "type": "Point", "coordinates": [ 608062.693123428849503, 5620575.635357636027038 ] } },
{ "type": "Feature", "properties": { "Tnr": 55243, "mitRand": 1, "AnzHBbeg": 4, "pHaupt": 1.0, "poHaupt": 0.0, "pQuerus": 0.0, "pFagus": 0.0, "pFraxinus": 0.0, "pCarpinus": 0.0, "pAcer": 0.0, "pTilia": 0.0, "pRobinia": 0.0, "pUlmus": 0.0, "pCastanea": 0.0, "pOtherLH": 0.0, "pBetula": 0.0, "pAlnus": 0.0, "pPopulus": 0.0, "pSalix": 0.0, "pSorbus": 0.0, "pPrunus": 0.0, "pMalus": 0.0, "pPyrus": 0.0, "pOtherLN": 0.0, "pPicea": 1.0, "pPinus": 0.0, "pAbies": 0.0, "pDouglas": 0.0, "pLarix": 0.0, "pOtherNb": 0.0, "pNoEurop": 0.0, "pNoEuropD": 0.0, "pEurop": 1.0, "pDecid": 0.0, "pConifer": 1.0, "pAll": 1.0, "Cell_id": "4362_3068", "EPSG": 31468, "Netz": 16, "Dichte": 8, "Bl": ";16;" }, "geometry": { "type": "Point", "coordinates": [ 612061.073582299053669, 5620629.569507574662566 ] } },
{ "type": "Feature", "properties": { "Tnr": 55245, "mitRand": 1, "AnzHBbeg": 4, "pHaupt": 1.0, "poHaupt": 0.0, "pQuerus": 0.0, "pFagus": 0.0, "pFraxinus": 0.0, "pCarpinus": 0.0, "pAcer": 0.0, "pTilia": 0.0, "pRobinia": 0.0, "pUlmus": 0.0, "pCastanea": 0.0, "pOtherLH": 0.0, "pBetula": 0.0, "pAlnus": 0.0, "pPopulus": 0.0, "pSalix": 0.0, "pSorbus": 0.106, "pPrunus": 0.0, "pMalus": 0.0, "pPyrus": 0.0, "pOtherLN": 0.0, "pPicea": 0.894, "pPinus": 0.0, "pAbies": 0.0, "pDouglas": 0.0, "pLarix": 0.0, "pOtherNb": 0.0, "pNoEurop": 0.0, "pNoEuropD": 0.0, "pEurop": 1.0, "pDecid": 0.106, "pConifer": 0.894, "pAll": 1.0, "Cell_id": "4366_3068", "EPSG": 31468, "Netz": 64, "Dichte": 8, "Bl": ";16;" }, "geometry": { "type": "Point", "coordinates": [ 616059.454016223084182, 5620683.503603815101087 ] } },
{ "type": "Feature", "properties": { "Tnr": 55247, "mitRand": 0, "AnzHBbeg": 4, "pHaupt": 1.0, "poHaupt": 0.0, "pQuerus": 0.0, "pFagus": 0.0, "pFraxinus": 0.0, "pCarpinus": 0.0, "pAcer": 0.0, "pTilia": 0.0, "pRobinia": 0.0, "pUlmus": 0.0, "pCastanea": 0.0, "pOtherLH": 0.0, "pBetula": 0.064, "pAlnus": 0.0, "pPopulus": 0.0, "pSalix": 0.0, "pSorbus": 0.0, "pPrunus": 0.0, "pMalus": 0.0, "pPyrus": 0.0, "pOtherLN": 0.0, "pPicea": 0.936, "pPinus": 0.0, "pAbies": 0.0, "pDouglas": 0.0, "pLarix": 0.0, "pOtherNb": 0.0, "pNoEurop": 0.0, "pNoEuropD": 0.0, "pEurop": 1.0, "pDecid": 0.064, "pConifer": 0.936, "pAll": 1.0, "Cell_id": "4370_3068", "EPSG": 31468, "Netz": 16, "Dichte": 8, "Bl": ";16;" }, "geometry": { "type": "Point", "coordinates": [ 620057.834425013745204, 5620737.437646334059536 ] } },
{ "type": "Feature", "properties": { "Tnr": 55249, "mitRand": 1, "AnzHBbeg": 3, "pHaupt": 1.0, "poHaupt": 0.0, "pQuerus": 0.0, "pFagus": 0.0, "pFraxinus": 0.0, "pCarpinus": 0.0, "pAcer": 0.0, "pTilia": 0.0, "pRobinia": 0.0, "pUlmus": 0.0, "pCastanea": 0.0, "pOtherLH": 0.0, "pBetula": 0.0, "pAlnus": 0.0, "pPopulus": 0.0, "pSalix": 0.0, "pSorbus": 0.0, "pPrunus": 0.0, "pMalus": 0.0, "pPyrus": 0.0, "pOtherLN": 0.0, "pPicea": 0.854, "pPinus": 0.0, "pAbies": 0.0, "pDouglas": 0.0, "pLarix": 0.146, "pOtherNb": 0.0, "pNoEurop": 0.0, "pNoEuropD": 0.0, "pEurop": 1.0, "pDecid": 0.0, "pConifer": 1.0, "pAll": 1.0, "Cell_id": "4374_3068", "EPSG": 31468, "Netz": 64, "Dichte": 8, "Bl": ";16;" }, "geometry": { "type": "Point", "coordinates": [ 624056.214797443128191, 5620790.372040181420743 ] } },
{ "type": "Feature", "properties": { "Tnr": 55251, "mitRand": 1, "AnzHBbeg": 3, "pHaupt": 1.0, "poHaupt": 0.0, "pQuerus": 0.0, "pFagus": 0.0, "pFraxinus": 0.0, "pCarpinus": 0.0, "pAcer": 0.0, "pTilia": 0.0, "pRobinia": 0.0, "pUlmus": 0.0, "pCastanea": 0.0, "pOtherLH": 0.0, "pBetula": 0.0, "pAlnus": 0.0, "pPopulus": 0.0, "pSalix": 0.0, "pSorbus": 0.0, "pPrunus": 0.0, "pMalus": 0.0, "pPyrus": 0.0, "pOtherLN": 0.0, "pPicea": 0.015, "pPinus": 0.935, "pAbies": 0.0, "pDouglas": 0.0, "pLarix": 0.05, "pOtherNb": 0.0, "pNoEurop": 0.0, "pNoEuropD": 0.0, "pEurop": 1.0, "pDecid": 0.0, "pConifer": 1.0, "pAll": 1.0, "Cell_id": "4378_3069", "EPSG": 31468, "Netz": 16, "Dichte": 8, "Bl": ";16;" }, "geometry": { "type": "Point", "coordinates": [ 628041.611477223807015, 5621843.901037611998618 ] } },
{ "type": "Feature", "properties": { "Tnr": 55253, "mitRand": 1, "AnzHBbeg": 4, "pHaupt": 1.0, "poHaupt": 0.0, "pQuerus": 0.0, "pFagus": 0.098, "pFraxinus": 0.0, "pCarpinus": 0.0, "pAcer": 0.0, "pTilia": 0.0, "pRobinia": 0.0, "pUlmus": 0.0, "pCastanea": 0.0, "pOtherLH": 0.0, "pBetula": 0.0, "pAlnus": 0.0, "pPopulus": 0.0, "pSalix": 0.0, "pSorbus": 0.0, "pPrunus": 0.0, "pMalus": 0.0, "pPyrus": 0.0, "pOtherLN": 0.0, "pPicea": 0.468, "pPinus": 0.312, "pAbies": 0.0, "pDouglas": 0.0, "pLarix": 0.122, "pOtherNb": 0.0, "pNoEurop": 0.0, "pNoEuropD": 0.0, "pEurop": 1.0, "pDecid": 0.098, "pConifer": 0.902, "pAll": 1.0, "Cell_id": "4382_3069", "EPSG": 31468, "Netz": 64, "Dichte": 8, "Bl": ";16;" }, "geometry": { "type": "Point", "coordinates": [ 632039.991822965093888, 5621897.834912384860218 ] } },
{ "type": "Feature", "properties": { "Tnr": 55257, "mitRand": 1, "AnzHBbeg": 2, "pHaupt": 1.0, "poHaupt": 0.0, "pQuerus": 0.0, "pFagus": 0.0, "pFraxinus": 0.0, "pCarpinus": 0.0, "pAcer": 0.0, "pTilia": 0.0, "pRobinia": 0.0, "pUlmus": 0.0, "pCastanea": 0.0, "pOtherLH": 0.0, "pBetula": 0.0, "pAlnus": 0.0, "pPopulus": 0.0, "pSalix": 0.0, "pSorbus": 0.0, "pPrunus": 0.0, "pMalus": 0.0, "pPyrus": 0.0, "pOtherLN": 0.0, "pPicea": 0.272, "pPinus": 0.728, "pAbies": 0.0, "pDouglas": 0.0, "pLarix": 0.0, "pOtherNb": 0.0, "pNoEurop": 0.0, "pNoEuropD": 0.0, "pEurop": 1.0, "pDecid": 0.0, "pConifer": 1.0, "pAll": 1.0, "Cell_id": "4390_3069", "EPSG": 31468, "Netz": 64, "Dichte": 8, "Bl": ";16;" }, "geometry": { "type": "Point", "coordinates": [ 640037.752020465093665, 5622004.70289430487901 ] } },
{ "type": "Feature", "properties": { "Tnr": 55261, "mitRand": 1, "AnzHBbeg": 4, "pHaupt": 1.0, "poHaupt": 0.0, "pQuerus": 0.0, "pFagus": 0.0, "pFraxinus": 0.0, "pCarpinus": 0.0, "pAcer": 0.0, "pTilia": 0.0, "pRobinia": 0.0, "pUlmus": 0.0, "pCastanea": 0.0, "pOtherLH": 0.0, "pBetula": 0.0, "pAlnus": 0.0, "pPopulus": 0.0, "pSalix": 0.0, "pSorbus": 0.0, "pPrunus": 0.0, "pMalus": 0.0, "pPyrus": 0.0, "pOtherLN": 0.0, "pPicea": 0.575, "pPinus": 0.396, "pAbies": 0.0, "pDouglas": 0.0, "pLarix": 0.028, "pOtherNb": 0.0, "pNoEurop": 0.0, "pNoEuropD": 0.0, "pEurop": 1.0, "pDecid": 0.0, "pConifer": 1.0, "pAll": 1.0, "Cell_id": "4398_3069", "EPSG": 31468, "Netz": 64, "Dichte": 8, "Bl": ";16;" }, "geometry": { "type": "Point", "coordinates": [ 648036.511707806959748, 5622111.570649418979883 ] } },
{ "type": "Feature", "properties": { "Tnr": 55265, "mitRand": 0, "AnzHBbeg": 1, "pHaupt": 1.0, "poHaupt": 0.0, "pQuerus": 0.0, "pFagus": 0.0, "pFraxinus": 0.0, "pCarpinus": 0.0, "pAcer": 0.0, "pTilia": 0.0, "pRobinia": 0.0, "pUlmus": 0.0, "pCastanea": 0.0, "pOtherLH": 0.0, "pBetula": 0.0, "pAlnus": 0.0, "pPopulus": 0.0, "pSalix": 0.0, "pSorbus": 0.0, "pPrunus": 0.0, "pMalus": 0.0, "pPyrus": 0.0, "pOtherLN": 0.0, "pPicea": 0.0, "pPinus": 1.0, "pAbies": 0.0, "pDouglas": 0.0, "pLarix": 0.0, "pOtherNb": 0.0, "pNoEurop": 0.0, "pNoEuropD": 0.0, "pEurop": 1.0, "pDecid": 0.0, "pConifer": 1.0, "pAll": 1.0, "Cell_id": "4406_3069", "EPSG": 31468, "Netz": 64, "Dichte": 8, "Bl": ";16;" }, "geometry": { "type": "Point", "coordinates": [ 656034.27169366995804, 5622218.438199743628502 ] } },
{ "type": "Feature", "properties": { "Tnr": 55271, "mitRand": 0, "AnzHBbeg": 1, "pHaupt": 1.0, "poHaupt": 0.0, "pQuerus": 1.0, "pFagus": 0.0, "pFraxinus": 0.0, "pCarpinus": 0.0, "pAcer": 0.0, "pTilia": 0.0, "pRobinia": 0.0, "pUlmus": 0.0, "pCastanea": 0.0, "pOtherLH": 0.0, "pBetula": 0.0, "pAlnus": 0.0, "pPopulus": 0.0, "pSalix": 0.0, "pSorbus": 0.0, "pPrunus": 0.0, "pMalus": 0.0, "pPyrus": 0.0, "pOtherLN": 0.0, "pPicea": 0.0, "pPinus": 0.0, "pAbies": 0.0, "pDouglas": 0.0, "pLarix": 0.0, "pOtherNb": 0.0, "pNoEurop": 0.0, "pNoEuropD": 0.0, "pEurop": 1.0, "pDecid": 1.0, "pConifer": 0.0, "pAll": 1.0, "Cell_id": "4418_3070", "EPSG": 31468, "Netz": 16, "Dichte": 8, "Bl": ";16;" }, "geometry": { "type": "Point", "coordinates": [ 668018.42771990399342, 5623377.834316301159561 ] } },
{ "type": "Feature", "properties": { "Tnr": 55275, "mitRand": 1, "AnzHBbeg": 4, "pHaupt": 1.0, "poHaupt": 0.0, "pQuerus": 0.0, "pFagus": 0.263, "pFraxinus": 0.0, "pCarpinus": 0.0, "pAcer": 0.0, "pTilia": 0.0, "pRobinia": 0.0, "pUlmus": 0.0, "pCastanea": 0.0, "pOtherLH": 0.0, "pBetula": 0.059, "pAlnus": 0.0, "pPopulus": 0.0, "pSalix": 0.0, "pSorbus": 0.0, "pPrunus": 0.0, "pMalus": 0.0, "pPyrus": 0.0, "pOtherLN": 0.0, "pPicea": 0.323, "pPinus": 0.356, "pAbies": 0.0, "pDouglas": 0.0, "pLarix": 0.0, "pOtherNb": 0.0, "pNoEurop": 0.0, "pNoEuropD": 0.0, "pEurop": 1.0, "pDecid": 0.322, "pConifer": 0.678, "pAll": 1.0, "Cell_id": "4426_3070", "EPSG": 31468, "Netz": 16, "Dichte": 8, "Bl": ";16;" }, "geometry": { "type": "Point", "coordinates": [ 676017.18705479579512, 5623484.701300982385874 ] } },
{ "type": "Feature", "properties": { "Tnr": 55277, "mitRand": 1, "AnzHBbeg": 4, "pHaupt": 1.0, "poHaupt": 0.0, "pQuerus": 0.0, "pFagus": 0.039, "pFraxinus": 0.0, "pCarpinus": 0.0, "pAcer": 0.0, "pTilia": 0.0, "pRobinia": 0.0, "pUlmus": 0.0, "pCastanea": 0.0, "pOtherLH": 0.0, "pBetula": 0.016, "pAlnus": 0.0, "pPopulus": 0.0, "pSalix": 0.0, "pSorbus": 0.0, "pPrunus": 0.0, "pMalus": 0.0, "pPyrus": 0.0, "pOtherLN": 0.0, "pPicea": 0.778, "pPinus": 0.164, "pAbies": 0.0, "pDouglas": 0.003, "pLarix": 0.0, "pOtherNb": 0.0, "pNoEurop": 0.003, "pNoEuropD": 0.0, "pEurop": 0.997, "pDecid": 0.055, "pConifer": 0.945, "pAll": 1.0, "Cell_id": "4430_3070", "EPSG": 31468, "Netz": 64, "Dichte": 8, "Bl": ";16;" }, "geometry": { "type": "Point", "coordinates": [ 680017.566269651520997, 5623537.634903386235237 ] } },
{ "type": "Feature", "properties": { "Tnr": 55281, "mitRand": 0, "AnzHBbeg": 4, "pHaupt": 1.0, "poHaupt": 0.0, "pQuerus": 0.0, "pFagus": 0.0, "pFraxinus": 0.0, "pCarpinus": 0.0, "pAcer": 0.0, "pTilia": 0.0, "pRobinia": 0.0, "pUlmus": 0.0, "pCastanea": 0.0, "pOtherLH": 0.0, "pBetula": 0.0, "pAlnus": 0.0, "pPopulus": 0.0, "pSalix": 0.0, "pSorbus": 0.0, "pPrunus": 0.0, "pMalus": 0.0, "pPyrus": 0.0, "pOtherLN": 0.0, "pPicea": 0.169, "pPinus": 0.831, "pAbies": 0.0, "pDouglas": 0.0, "pLarix": 0.0, "pOtherNb": 0.0, "pNoEurop": 0.0, "pNoEuropD": 0.0, "pEurop": 1.0, "pDecid": 0.0, "pConifer": 1.0, "pAll": 1.0, "Cell_id": "4438_3070", "EPSG": 31468, "Netz": 64, "Dichte": 8, "Bl": ";16;" }, "geometry": { "type": "Point", "coordinates": [ 688016.325425010290928, 5623643.501967947930098 ] } },
{ "type": "Feature", "properties": { "Tnr": 55293, "mitRand": 1, "AnzHBbeg": 4, "pHaupt": 1.0, "poHaupt": 0.0, "pQuerus": 0.0, "pFagus": 0.0, "pFraxinus": 0.0, "pCarpinus": 0.0, "pAcer": 0.0, "pTilia": 0.0, "pRobinia": 0.0, "pUlmus": 0.0, "pCastanea": 0.0, "pOtherLH": 0.0, "pBetula": 0.0, "pAlnus": 0.0, "pPopulus": 0.0, "pSalix": 0.0, "pSorbus": 0.0, "pPrunus": 0.0, "pMalus": 0.0, "pPyrus": 0.0, "pOtherLN": 0.0, "pPicea": 0.5, "pPinus": 0.5, "pAbies": 0.0, "pDouglas": 0.0, "pLarix": 0.0, "pOtherNb": 0.0, "pNoEurop": 0.0, "pNoEuropD": 0.0, "pEurop": 1.0, "pDecid": 0.0, "pConifer": 1.0, "pAll": 1.0, "Cell_id": "4462_3071", "EPSG": 31468, "Netz": 64, "Dichte": 8, "Bl": ";16;" }, "geometry": { "type": "Point", "coordinates": [ 712003.617201099521481, 5624961.696332014165819 ] } },
{ "type": "Feature", "properties": { "Tnr": 55295, "mitRand": 1, "AnzHBbeg": 2, "pHaupt": 1.0, "poHaupt": 0.0, "pQuerus": 0.0, "pFagus": 0.0, "pFraxinus": 0.0, "pCarpinus": 0.0, "pAcer": 0.0, "pTilia": 0.0, "pRobinia": 0.0, "pUlmus": 0.0, "pCastanea": 0.0, "pOtherLH": 0.0, "pBetula": 0.0, "pAlnus": 0.0, "pPopulus": 0.0, "pSalix": 0.0, "pSorbus": 0.0, "pPrunus": 0.0, "pMalus": 0.0, "pPyrus": 0.0, "pOtherLN": 0.0, "pPicea": 0.5, "pPinus": 0.5, "pAbies": 0.0, "pDouglas": 0.0, "pLarix": 0.0, "pOtherNb": 0.0, "pNoEurop": 0.0, "pNoEuropD": 0.0, "pEurop": 1.0, "pDecid": 0.0, "pConifer": 1.0, "pAll": 1.0, "Cell_id": "4466_3071", "EPSG": 31468, "Netz": 16, "Dichte": 8, "Bl": ";16;" }, "geometry": { "type": "Point", "coordinates": [ 716003.996169446618296, 5625014.629437959752977 ] } },
{ "type": "Feature", "properties": { "Tnr": 55299, "mitRand": 1, "AnzHBbeg": 1, "pHaupt": 1.0, "poHaupt": 0.0, "pQuerus": 0.722, "pFagus": 0.0, "pFraxinus": 0.0, "pCarpinus": 0.278, "pAcer": 0.0, "pTilia": 0.0, "pRobinia": 0.0, "pUlmus": 0.0, "pCastanea": 0.0, "pOtherLH": 0.0, "pBetula": 0.0, "pAlnus": 0.0, "pPopulus": 0.0, "pSalix": 0.0, "pSorbus": 0.0, "pPrunus": 0.0, "pMalus": 0.0, "pPyrus": 0.0, "pOtherLN": 0.0, "pPicea": 0.0, "pPinus": 0.0, "pAbies": 0.0, "pDouglas": 0.0, "pLarix": 0.0, "pOtherNb": 0.0, "pNoEurop": 0.0, "pNoEuropD": 0.0, "pEurop": 1.0, "pDecid": 1.0, "pConifer": 0.0, "pAll": 1.0, "Cell_id": "4474_3071", "EPSG": 31468, "Netz": 16, "Dichte": 8, "Bl": ";16;" }, "geometry": { "type": "Point", "coordinates": [ 724004.75401643733494, 5625120.495486292056739 ] } },
{ "type": "Feature", "properties": { "Tnr": 55361, "mitRand": 1, "AnzHBbeg": 1, "pHaupt": 1.0, "poHaupt": 0.0, "pQuerus": 0.0, "pFagus": 0.369, "pFraxinus": 0.0, "pCarpinus": 0.0, "pAcer": 0.0, "pTilia": 0.0, "pRobinia": 0.0, "pUlmus": 0.0, "pCastanea": 0.0, "pOtherLH": 0.0, "pBetula": 0.0, "pAlnus": 0.0, "pPopulus": 0.0, "pSalix": 0.0, "pSorbus": 0.0, "pPrunus": 0.0, "pMalus": 0.0, "pPyrus": 0.0, "pOtherLN": 0.0, "pPicea": 0.124, "pPinus": 0.507, "pAbies": 0.0, "pDouglas": 0.0, "pLarix": 0.0, "pOtherNb": 0.0, "pNoEurop": 0.0, "pNoEuropD": 0.0, "pEurop": 1.0, "pDecid": 0.369, "pConifer": 0.631, "pAll": 1.0, "Cell_id": "4320_3066", "EPSG": 31467, "Netz": 8, "Dichte": 8, "Bl": ";16;" }, "geometry": { "type": "Point", "coordinates": [ 570106.044506769394502, 5618065.067541890777647 ] } },
{ "type": "Feature", "properties": { "Tnr": 55363, "mitRand": 1, "AnzHBbeg": 4, "pHaupt": 1.0, "poHaupt": 0.0, "pQuerus": 0.0, "pFagus": 0.432, "pFraxinus": 0.0, "pCarpinus": 0.0, "pAcer": 0.068, "pTilia": 0.0, "pRobinia": 0.0, "pUlmus": 0.0, "pCastanea": 0.0, "pOtherLH": 0.0, "pBetula": 0.0, "pAlnus": 0.0, "pPopulus": 0.0, "pSalix": 0.0, "pSorbus": 0.0, "pPrunus": 0.0, "pMalus": 0.0, "pPyrus": 0.0, "pOtherLN": 0.0, "pPicea": 0.5, "pPinus": 0.0, "pAbies": 0.0, "pDouglas": 0.0, "pLarix": 0.0, "pOtherNb": 0.0, "pNoEurop": 0.0, "pNoEuropD": 0.0, "pEurop": 1.0, "pDecid": 0.5, "pConifer": 0.5, "pAll": 1.0, "Cell_id": "4324_3066", "EPSG": 31467, "Netz": 8, "Dichte": 8, "Bl": ";16;" }, "geometry": { "type": "Point", "coordinates": [ 574103.42557156807743, 5618119.002223117277026 ] } },
{ "type": "Feature", "properties": { "Tnr": 55371, "mitRand": 0, "AnzHBbeg": 2, "pHaupt": 1.0, "poHaupt": 0.0, "pQuerus": 0.0, "pFagus": 0.0, "pFraxinus": 0.0, "pCarpinus": 0.0, "pAcer": 0.0, "pTilia": 0.0, "pRobinia": 0.0, "pUlmus": 0.0, "pCastanea": 0.0, "pOtherLH": 0.0, "pBetula": 0.0, "pAlnus": 0.0, "pPopulus": 0.0, "pSalix": 0.0, "pSorbus": 0.0, "pPrunus": 0.0, "pMalus": 0.0, "pPyrus": 0.0, "pOtherLN": 0.0, "pPicea": 0.577, "pPinus": 0.423, "pAbies": 0.0, "pDouglas": 0.0, "pLarix": 0.0, "pOtherNb": 0.0, "pNoEurop": 0.0, "pNoEuropD": 0.0, "pEurop": 1.0, "pDecid": 0.0, "pConifer": 1.0, "pAll": 1.0, "Cell_id": "4340_3066", "EPSG": 31467, "Netz": 8, "Dichte": 8, "Bl": ";16;" }, "geometry": { "type": "Point", "coordinates": [ 590096.947977102827281, 5618334.740370613522828 ] } },
{ "type": "Feature", "properties": { "Tnr": 55373, "mitRand": 1, "AnzHBbeg": 4, "pHaupt": 1.0, "poHaupt": 0.0, "pQuerus": 0.0, "pFagus": 0.0, "pFraxinus": 0.0, "pCarpinus": 0.0, "pAcer": 0.0, "pTilia": 0.0, "pRobinia": 0.0, "pUlmus": 0.0, "pCastanea": 0.0, "pOtherLH": 0.0, "pBetula": 0.0, "pAlnus": 0.0, "pPopulus": 0.0, "pSalix": 0.0, "pSorbus": 0.0, "pPrunus": 0.0, "pMalus": 0.0, "pPyrus": 0.0, "pOtherLN": 0.0, "pPicea": 0.713, "pPinus": 0.287, "pAbies": 0.0, "pDouglas": 0.0, "pLarix": 0.0, "pOtherNb": 0.0, "pNoEurop": 0.0, "pNoEuropD": 0.0, "pEurop": 1.0, "pDecid": 0.0, "pConifer": 1.0, "pAll": 1.0, "Cell_id": "4344_3066", "EPSG": 31467, "Netz": 8, "Dichte": 8, "Bl": ";16;" }, "geometry": { "type": "Point", "coordinates": [ 594095.328519117785618, 5618388.674773872829974 ] } },
{ "type": "Feature", "properties": { "Tnr": 55377, "mitRand": 0, "AnzHBbeg": 1, "pHaupt": 1.0, "poHaupt": 0.0, "pQuerus": 0.598, "pFagus": 0.0, "pFraxinus": 0.0, "pCarpinus": 0.0, "pAcer": 0.0, "pTilia": 0.0, "pRobinia": 0.0, "pUlmus": 0.0, "pCastanea": 0.0, "pOtherLH": 0.0, "pBetula": 0.402, "pAlnus": 0.0, "pPopulus": 0.0, "pSalix": 0.0, "pSorbus": 0.0, "pPrunus": 0.0, "pMalus": 0.0, "pPyrus": 0.0, "pOtherLN": 0.0, "pPicea": 0.0, "pPinus": 0.0, "pAbies": 0.0, "pDouglas": 0.0, "pLarix": 0.0, "pOtherNb": 0.0, "pNoEurop": 0.0, "pNoEuropD": 0.0, "pEurop": 1.0, "pDecid": 1.0, "pConifer": 0.0, "pAll": 1.0, "Cell_id": "4352_3066", "EPSG": 31467, "Netz": 8, "Dichte": 8, "Bl": ";16;" }, "geometry": { "type": "Point", "coordinates": [ 602092.089519637287594, 5618495.54382493160665 ] } },
{ "type": "Feature", "properties": { "Tnr": 55379, "mitRand": 1, "AnzHBbeg": 4, "pHaupt": 1.0, "poHaupt": 0.0, "pQuerus": 0.0, "pFagus": 0.397, "pFraxinus": 0.0, "pCarpinus": 0.0, "pAcer": 0.0, "pTilia": 0.0, "pRobinia": 0.0, "pUlmus": 0.0, "pCastanea": 0.0, "pOtherLH": 0.0, "pBetula": 0.0, "pAlnus": 0.0, "pPopulus": 0.0, "pSalix": 0.0, "pSorbus": 0.0, "pPrunus": 0.0, "pMalus": 0.0, "pPyrus": 0.0, "pOtherLN": 0.0, "pPicea": 0.603, "pPinus": 0.0, "pAbies": 0.0, "pDouglas": 0.0, "pLarix": 0.0, "pOtherNb": 0.0, "pNoEurop": 0.0, "pNoEuropD": 0.0, "pEurop": 1.0, "pDecid": 0.397, "pConifer": 0.603, "pAll": 1.0, "Cell_id": "4356_3066", "EPSG": 31468, "Netz": 8, "Dichte": 8, "Bl": ";16;" }, "geometry": { "type": "Point", "coordinates": [ 606090.469988720142283, 5618549.478067642077804 ] } },
{ "type": "Feature", "properties": { "Tnr": 55381, "mitRand": 1, "AnzHBbeg": 2, "pHaupt": 1.0, "poHaupt": 0.0, "pQuerus": 0.0, "pFagus": 0.0, "pFraxinus": 0.0, "pCarpinus": 0.0, "pAcer": 0.167, "pTilia": 0.0, "pRobinia": 0.0, "pUlmus": 0.0, "pCastanea": 0.0, "pOtherLH": 0.0, "pBetula": 0.398, "pAlnus": 0.0, "pPopulus": 0.32, "pSalix": 0.0, "pSorbus": 0.0, "pPrunus": 0.074, "pMalus": 0.0, "pPyrus": 0.0, "pOtherLN": 0.0, "pPicea": 0.041, "pPinus": 0.0, "pAbies": 0.0, "pDouglas": 0.0, "pLarix": 0.0, "pOtherNb": 0.0, "pNoEurop": 0.0, "pNoEuropD": 0.0, "pEurop": 1.0, "pDecid": 0.959, "pConifer": 0.041, "pAll": 1.0, "Cell_id": "4360_3066", "EPSG": 31468, "Netz": 8, "Dichte": 8, "Bl": ";16;" }, "geometry": { "type": "Point", "coordinates": [ 610088.850433123763651, 5618603.412256781943142 ] } },
{ "type": "Feature", "properties": { "Tnr": 55385, "mitRand": 1, "AnzHBbeg": 4, "pHaupt": 0.75, "poHaupt": 0.25, "pQuerus": 0.0, "pFagus": 0.0, "pFraxinus": 0.0, "pCarpinus": 0.0, "pAcer": 0.0, "pTilia": 0.0, "pRobinia": 0.0, "pUlmus": 0.0, "pCastanea": 0.0, "pOtherLH": 0.0, "pBetula": 0.0, "pAlnus": 0.0, "pPopulus": 0.0, "pSalix": 0.0, "pSorbus": 0.0, "pPrunus": 0.0, "pMalus": 0.0, "pPyrus": 0.0, "pOtherLN": 0.0, "pPicea": 0.75, "pPinus": 0.0, "pAbies": 0.0, "pDouglas": 0.0, "pLarix": 0.0, "pOtherNb": 0.0, "pNoEurop": 0.0, "pNoEuropD": 0.0, "pEurop": 0.75, "pDecid": 0.0, "pConifer": 0.75, "pAll": 0.75, "Cell_id": "4368_3066", "EPSG": 31468, "Netz": 8, "Dichte": 8, "Bl": ";16;" }, "geometry": { "type": "Point", "coordinates": [ 618085.611236128839664, 5618710.280879333615303 ] } },
{ "type": "Feature", "properties": { "Tnr": 55387, "mitRand": 1, "AnzHBbeg": 3, "pHaupt": 1.0, "poHaupt": 0.0, "pQuerus": 0.0, "pFagus": 0.0, "pFraxinus": 0.0, "pCarpinus": 0.0, "pAcer": 0.0, "pTilia": 0.0, "pRobinia": 0.0, "pUlmus": 0.0, "pCastanea": 0.0, "pOtherLH": 0.0, "pBetula": 0.0, "pAlnus": 0.0, "pPopulus": 0.0, "pSalix": 0.0, "pSorbus": 0.0, "pPrunus": 0.0, "pMalus": 0.0, "pPyrus": 0.0, "pOtherLN": 0.0, "pPicea": 1.0, "pPinus": 0.0, "pAbies": 0.0, "pDouglas": 0.0, "pLarix": 0.0, "pOtherNb": 0.0, "pNoEurop": 0.0, "pNoEuropD": 0.0, "pEurop": 1.0, "pDecid": 0.0, "pConifer": 1.0, "pAll": 1.0, "Cell_id": "4372_3066", "EPSG": 31468, "Netz": 8, "Dichte": 8, "Bl": ";16;" }, "geometry": { "type": "Point", "coordinates": [ 622083.991605362854898, 5618764.214907627552748 ] } },
{ "type": "Feature", "properties": { "Tnr": 55389, "mitRand": 0, "AnzHBbeg": 2, "pHaupt": 1.0, "poHaupt": 0.0, "pQuerus": 0.0, "pFagus": 0.5, "pFraxinus": 0.0, "pCarpinus": 0.0, "pAcer": 0.0, "pTilia": 0.0, "pRobinia": 0.0, "pUlmus": 0.0, "pCastanea": 0.0, "pOtherLH": 0.0, "pBetula": 0.057, "pAlnus": 0.0, "pPopulus": 0.0, "pSalix": 0.0, "pSorbus": 0.0, "pPrunus": 0.0, "pMalus": 0.0, "pPyrus": 0.0, "pOtherLN": 0.0, "pPicea": 0.443, "pPinus": 0.0, "pAbies": 0.0, "pDouglas": 0.0, "pLarix": 0.0, "pOtherNb": 0.0, "pNoEurop": 0.0, "pNoEuropD": 0.0, "pEurop": 1.0, "pDecid": 0.557, "pConifer": 0.443, "pAll": 1.0, "Cell_id": "4376_3066", "EPSG": 31468, "Netz": 8, "Dichte": 8, "Bl": ";16;" }, "geometry": { "type": "Point", "coordinates": [ 626082.371949171531014, 5618818.148882259614766 ] } },
{ "type": "Feature", "properties": { "Tnr": 55393, "mitRand": 0, "AnzHBbeg": 4, "pHaupt": 1.0, "poHaupt": 0.0, "pQuerus": 0.0, "pFagus": 0.0, "pFraxinus": 0.0, "pCarpinus": 0.0, "pAcer": 0.0, "pTilia": 0.0, "pRobinia": 0.0, "pUlmus": 0.0, "pCastanea": 0.0, "pOtherLH": 0.0, "pBetula": 0.0, "pAlnus": 0.0, "pPopulus": 0.0, "pSalix": 0.0, "pSorbus": 0.0, "pPrunus": 0.0, "pMalus": 0.0, "pPyrus": 0.0, "pOtherLN": 0.0, "pPicea": 0.071, "pPinus": 0.774, "pAbies": 0.0, "pDouglas": 0.0, "pLarix": 0.155, "pOtherNb": 0.0, "pNoEurop": 0.0, "pNoEuropD": 0.0, "pEurop": 1.0, "pDecid": 0.0, "pConifer": 1.0, "pAll": 1.0, "Cell_id": "4384_3067", "EPSG": 31468, "Netz": 8, "Dichte": 8, "Bl": ";16;" }, "geometry": { "type": "Point", "coordinates": [ 634067.148482430027798, 5619924.612110421061516 ] } },
{ "type": "Feature", "properties": { "Tnr": 55395, "mitRand": 0, "AnzHBbeg": 4, "pHaupt": 1.0, "poHaupt": 0.0, "pQuerus": 0.0, "pFagus": 0.0, "pFraxinus": 0.0, "pCarpinus": 0.0, "pAcer": 0.0, "pTilia": 0.0, "pRobinia": 0.0, "pUlmus": 0.0, "pCastanea": 0.0, "pOtherLH": 0.0, "pBetula": 0.0, "pAlnus": 0.0, "pPopulus": 0.0, "pSalix": 0.0, "pSorbus": 0.0, "pPrunus": 0.0, "pMalus": 0.0, "pPyrus": 0.0, "pOtherLN": 0.0, "pPicea": 0.063, "pPinus": 0.937, "pAbies": 0.0, "pDouglas": 0.0, "pLarix": 0.0, "pOtherNb": 0.0, "pNoEurop": 0.0, "pNoEuropD": 0.0, "pEurop": 1.0, "pDecid": 0.0, "pConifer": 1.0, "pAll": 1.0, "Cell_id": "4388_3067", "EPSG": 31468, "Netz": 8, "Dichte": 8, "Bl": ";16;" }, "geometry": { "type": "Point", "coordinates": [ 638065.528762293281034, 5619978.545917387120426 ] } },
{ "type": "Feature", "properties": { "Tnr": 55399, "mitRand": 0, "AnzHBbeg": 4, "pHaupt": 1.0, "poHaupt": 0.0, "pQuerus": 0.0, "pFagus": 0.0, "pFraxinus": 0.0, "pCarpinus": 0.0, "pAcer": 0.0, "pTilia": 0.0, "pRobinia": 0.0, "pUlmus": 0.0, "pCastanea": 0.0, "pOtherLH": 0.0, "pBetula": 0.147, "pAlnus": 0.0, "pPopulus": 0.0, "pSalix": 0.0, "pSorbus": 0.0, "pPrunus": 0.0, "pMalus": 0.0, "pPyrus": 0.0, "pOtherLN": 0.0, "pPicea": 0.164, "pPinus": 0.599, "pAbies": 0.0, "pDouglas": 0.0, "pLarix": 0.09, "pOtherNb": 0.0, "pNoEurop": 0.0, "pNoEuropD": 0.0, "pEurop": 1.0, "pDecid": 0.147, "pConifer": 0.853, "pAll": 1.0, "Cell_id": "4396_3067", "EPSG": 31468, "Netz": 8, "Dichte": 8, "Bl": ";16;" }, "geometry": { "type": "Point", "coordinates": [ 646063.288827127311379, 5620085.413763867691159 ] } },
{ "type": "Feature", "properties": { "Tnr": 55401, "mitRand": 1, "AnzHBbeg": 4, "pHaupt": 1.0, "poHaupt": 0.0, "pQuerus": 0.0, "pFagus": 0.0, "pFraxinus": 0.0, "pCarpinus": 0.0, "pAcer": 0.0, "pTilia": 0.0, "pRobinia": 0.0, "pUlmus": 0.0, "pCastanea": 0.0, "pOtherLH": 0.0, "pBetula": 0.083, "pAlnus": 0.0, "pPopulus": 0.0, "pSalix": 0.0, "pSorbus": 0.0, "pPrunus": 0.0, "pMalus": 0.0, "pPyrus": 0.0, "pOtherLN": 0.0, "pPicea": 0.242, "pPinus": 0.674, "pAbies": 0.0, "pDouglas": 0.0, "pLarix": 0.0, "pOtherNb": 0.0, "pNoEurop": 0.0, "pNoEuropD": 0.0, "pEurop": 1.0, "pDecid": 0.083, "pConifer": 0.917, "pAll": 1.0, "Cell_id": "4400_3067", "EPSG": 31468, "Netz": 8, "Dichte": 8, "Bl": ";16;" }, "geometry": { "type": "Point", "coordinates": [ 650062.66861168469768, 5620138.347803320735693 ] } },
{ "type": "Feature", "properties": { "Tnr": 55403, "mitRand": 1, "AnzHBbeg": 1, "pHaupt": 1.0, "poHaupt": 0.0, "pQuerus": 0.421, "pFagus": 0.0, "pFraxinus": 0.0, "pCarpinus": 0.0, "pAcer": 0.0, "pTilia": 0.0, "pRobinia": 0.0, "pUlmus": 0.0, "pCastanea": 0.0, "pOtherLH": 0.0, "pBetula": 0.0, "pAlnus": 0.0, "pPopulus": 0.0, "pSalix": 0.0, "pSorbus": 0.0, "pPrunus": 0.0, "pMalus": 0.0, "pPyrus": 0.0, "pOtherLN": 0.0, "pPicea": 0.0, "pPinus": 0.579, "pAbies": 0.0, "pDouglas": 0.0, "pLarix": 0.0, "pOtherNb": 0.0, "pNoEurop": 0.0, "pNoEuropD": 0.0, "pEurop": 1.0, "pDecid": 0.421, "pConifer": 0.579, "pAll": 1.0, "Cell_id": "4404_3067", "EPSG": 31468, "Netz": 8, "Dichte": 8, "Bl": ";16;" }, "geometry": { "type": "Point", "coordinates": [ 654062.048380617867224, 5620192.281383746303618 ] } },
{ "type": "Feature", "properties": { "Tnr": 55405, "mitRand": 0, "AnzHBbeg": 4, "pHaupt": 1.0, "poHaupt": 0.0, "pQuerus": 0.0, "pFagus": 0.0, "pFraxinus": 0.0, "pCarpinus": 0.0, "pAcer": 0.086, "pTilia": 0.0, "pRobinia": 0.0, "pUlmus": 0.0, "pCastanea": 0.0, "pOtherLH": 0.0, "pBetula": 0.0, "pAlnus": 0.0, "pPopulus": 0.0, "pSalix": 0.0, "pSorbus": 0.0, "pPrunus": 0.0, "pMalus": 0.0, "pPyrus": 0.0, "pOtherLN": 0.0, "pPicea": 0.656, "pPinus": 0.258, "pAbies": 0.0, "pDouglas": 0.0, "pLarix": 0.0, "pOtherNb": 0.0, "pNoEurop": 0.0, "pNoEuropD": 0.0, "pEurop": 1.0, "pDecid": 0.086, "pConifer": 0.914, "pAll": 1.0, "Cell_id": "4408_3067", "EPSG": 31468, "Netz": 8, "Dichte": 8, "Bl": ";16;" }, "geometry": { "type": "Point", "coordinates": [ 658060.428516588523053, 5620245.215326527133584 ] } },
{ "type": "Feature", "properties": { "Tnr": 55413, "mitRand": 1, "AnzHBbeg": 4, "pHaupt": 1.0, "poHaupt": 0.0, "pQuerus": 0.0, "pFagus": 0.0, "pFraxinus": 0.0, "pCarpinus": 0.0, "pAcer": 0.0, "pTilia": 0.0, "pRobinia": 0.0, "pUlmus": 0.0, "pCastanea": 0.0, "pOtherLH": 0.0, "pBetula": 0.0, "pAlnus": 0.0, "pPopulus": 0.0, "pSalix": 0.0, "pSorbus": 0.0, "pPrunus": 0.0, "pMalus": 0.0, "pPyrus": 0.0, "pOtherLN": 0.0, "pPicea": 0.053, "pPinus": 0.947, "pAbies": 0.0, "pDouglas": 0.0, "pLarix": 0.0, "pOtherNb": 0.0, "pNoEurop": 0.0, "pNoEuropD": 0.0, "pEurop": 1.0, "pDecid": 0.0, "pConifer": 1.0, "pAll": 1.0, "Cell_id": "4424_3068", "EPSG": 31468, "Netz": 8, "Dichte": 8, "Bl": ";16;" }, "geometry": { "type": "Point", "coordinates": [ 674044.963653509155847, 5621457.54509034473449 ] } },
{ "type": "Feature", "properties": { "Tnr": 55415, "mitRand": 0, "AnzHBbeg": 4, "pHaupt": 1.0, "poHaupt": 0.0, "pQuerus": 0.0, "pFagus": 0.0, "pFraxinus": 0.0, "pCarpinus": 0.0, "pAcer": 0.0, "pTilia": 0.0, "pRobinia": 0.0, "pUlmus": 0.0, "pCastanea": 0.0, "pOtherLH": 0.0, "pBetula": 0.0, "pAlnus": 0.0, "pPopulus": 0.0, "pSalix": 0.0, "pSorbus": 0.0, "pPrunus": 0.0, "pMalus": 0.0, "pPyrus": 0.0, "pOtherLN": 0.0, "pPicea": 0.014, "pPinus": 0.986, "pAbies": 0.0, "pDouglas": 0.0, "pLarix": 0.0, "pOtherNb": 0.0, "pNoEurop": 0.0, "pNoEuropD": 0.0, "pEurop": 1.0, "pDecid": 0.0, "pConifer": 1.0, "pAll": 1.0, "Cell_id": "4428_3068", "EPSG": 31468, "Netz": 8, "Dichte": 8, "Bl": ";16;" }, "geometry": { "type": "Point", "coordinates": [ 678044.343271587858908, 5621511.478339861147106 ] } },
{ "type": "Feature", "properties": { "Tnr": 55417, "mitRand": 1, "AnzHBbeg": 4, "pHaupt": 1.0, "poHaupt": 0.0, "pQuerus": 0.0, "pFagus": 0.0, "pFraxinus": 0.0, "pCarpinus": 0.0, "pAcer": 0.0, "pTilia": 0.0, "pRobinia": 0.0, "pUlmus": 0.0, "pCastanea": 0.0, "pOtherLH": 0.0, "pBetula": 0.183, "pAlnus": 0.0, "pPopulus": 0.0, "pSalix": 0.0, "pSorbus": 0.0, "pPrunus": 0.0, "pMalus": 0.0, "pPyrus": 0.0, "pOtherLN": 0.0, "pPicea": 0.019, "pPinus": 0.798, "pAbies": 0.0, "pDouglas": 0.0, "pLarix": 0.0, "pOtherNb": 0.0, "pNoEurop": 0.0, "pNoEuropD": 0.0, "pEurop": 1.0, "pDecid": 0.183, "pConifer": 0.817, "pAll": 1.0, "Cell_id": "4432_3068", "EPSG": 31468, "Netz": 8, "Dichte": 8, "Bl": ";16;" }, "geometry": { "type": "Point", "coordinates": [ 682043.722850390244275, 5621564.411940425634384 ] } },
{ "type": "Feature", "properties": { "Tnr": 55425, "mitRand": 1, "AnzHBbeg": 1, "pHaupt": 1.0, "poHaupt": 0.0, "pQuerus": 0.0, "pFagus": 0.0, "pFraxinus": 0.0, "pCarpinus": 0.0, "pAcer": 1.0, "pTilia": 0.0, "pRobinia": 0.0, "pUlmus": 0.0, "pCastanea": 0.0, "pOtherLH": 0.0, "pBetula": 0.0, "pAlnus": 0.0, "pPopulus": 0.0, "pSalix": 0.0, "pSorbus": 0.0, "pPrunus": 0.0, "pMalus": 0.0, "pPyrus": 0.0, "pOtherLN": 0.0, "pPicea": 0.0, "pPinus": 0.0, "pAbies": 0.0, "pDouglas": 0.0, "pLarix": 0.0, "pOtherNb": 0.0, "pNoEurop": 0.0, "pNoEuropD": 0.0, "pEurop": 1.0, "pDecid": 1.0, "pConifer": 0.0, "pAll": 1.0, "Cell_id": "4448_3068", "EPSG": 31468, "Netz": 8, "Dichte": 8, "Bl": ";16;" }, "geometry": { "type": "Point", "coordinates": [ 698043.240070829051547, 5621776.145778490230441 ] } },
{ "type": "Feature", "properties": { "Tnr": 55429, "mitRand": 1, "AnzHBbeg": 1, "pHaupt": 1.0, "poHaupt": 0.0, "pQuerus": 0.0, "pFagus": 0.0, "pFraxinus": 0.0, "pCarpinus": 0.0, "pAcer": 0.0, "pTilia": 0.0, "pRobinia": 0.0, "pUlmus": 0.0, "pCastanea": 0.0, "pOtherLH": 0.0, "pBetula": 0.0, "pAlnus": 0.0, "pPopulus": 0.0, "pSalix": 0.0, "pSorbus": 0.0, "pPrunus": 0.0, "pMalus": 0.0, "pPyrus": 0.0, "pOtherLN": 0.0, "pPicea": 0.329, "pPinus": 0.671, "pAbies": 0.0, "pDouglas": 0.0, "pLarix": 0.0, "pOtherNb": 0.0, "pNoEurop": 0.0, "pNoEuropD": 0.0, "pEurop": 1.0, "pDecid": 0.0, "pConifer": 1.0, "pAll": 1.0, "Cell_id": "4456_3069", "EPSG": 31468, "Netz": 8, "Dichte": 8, "Bl": ";16;" }, "geometry": { "type": "Point", "coordinates": [ 706030.015104940976016, 5622882.606895267032087 ] } },
{ "type": "Feature", "properties": { "Tnr": 55441, "mitRand": 1, "AnzHBbeg": 3, "pHaupt": 1.0, "poHaupt": 0.0, "pQuerus": 0.23, "pFagus": 0.0, "pFraxinus": 0.0, "pCarpinus": 0.025, "pAcer": 0.333, "pTilia": 0.0, "pRobinia": 0.0, "pUlmus": 0.0, "pCastanea": 0.0, "pOtherLH": 0.0, "pBetula": 0.201, "pAlnus": 0.0, "pPopulus": 0.0, "pSalix": 0.0, "pSorbus": 0.09, "pPrunus": 0.0, "pMalus": 0.0, "pPyrus": 0.0, "pOtherLN": 0.0, "pPicea": 0.034, "pPinus": 0.088, "pAbies": 0.0, "pDouglas": 0.0, "pLarix": 0.0, "pOtherNb": 0.0, "pNoEurop": 0.0, "pNoEuropD": 0.0, "pEurop": 1.0, "pDecid": 0.878, "pConifer": 0.122, "pAll": 1.0, "Cell_id": "4480_3069", "EPSG": 31468, "Netz": 8, "Dichte": 8, "Bl": ";14;16;" }, "geometry": { "type": "Point", "coordinates": [ 730033.288153971894644, 5623199.205687096342444 ] } },
{ "type": "Feature", "properties": { "Tnr": 55490, "mitRand": 1, "AnzHBbeg": 1, "pHaupt": 1.0, "poHaupt": 0.0, "pQuerus": 0.0, "pFagus": 0.428, "pFraxinus": 0.0, "pCarpinus": 0.0, "pAcer": 0.159, "pTilia": 0.0, "pRobinia": 0.0, "pUlmus": 0.0, "pCastanea": 0.0, "pOtherLH": 0.0, "pBetula": 0.0, "pAlnus": 0.0, "pPopulus": 0.0, "pSalix": 0.0, "pSorbus": 0.0, "pPrunus": 0.0, "pMalus": 0.0, "pPyrus": 0.0, "pOtherLN": 0.0, "pPicea": 0.413, "pPinus": 0.0, "pAbies": 0.0, "pDouglas": 0.0, "pLarix": 0.0, "pOtherNb": 0.0, "pNoEurop": 0.0, "pNoEuropD": 0.0, "pEurop": 1.0, "pDecid": 0.587, "pConifer": 0.413, "pAll": 1.0, "Cell_id": "4322_3064", "EPSG": 31467, "Netz": 16, "Dichte": 8, "Bl": ";16;" }, "geometry": { "type": "Point", "coordinates": [ 572132.202177248662338, 5616092.844600941054523 ] } },
{ "type": "Feature", "properties": { "Tnr": 55494, "mitRand": 0, "AnzHBbeg": 4, "pHaupt": 1.0, "poHaupt": 0.0, "pQuerus": 0.0, "pFagus": 0.525, "pFraxinus": 0.237, "pCarpinus": 0.0, "pAcer": 0.061, "pTilia": 0.0, "pRobinia": 0.0, "pUlmus": 0.0, "pCastanea": 0.0, "pOtherLH": 0.0, "pBetula": 0.0, "pAlnus": 0.074, "pPopulus": 0.0, "pSalix": 0.0, "pSorbus": 0.034, "pPrunus": 0.0, "pMalus": 0.0, "pPyrus": 0.0, "pOtherLN": 0.0, "pPicea": 0.069, "pPinus": 0.0, "pAbies": 0.0, "pDouglas": 0.0, "pLarix": 0.0, "pOtherNb": 0.0, "pNoEurop": 0.0, "pNoEuropD": 0.0, "pEurop": 1.0, "pDecid": 0.931, "pConifer": 0.069, "pAll": 1.0, "Cell_id": "4330_3064", "EPSG": 31467, "Netz": 16, "Dichte": 8, "Bl": ";16;" }, "geometry": { "type": "Point", "coordinates": [ 580127.963802000507712, 5616200.713869035243988 ] } },
{ "type": "Feature", "properties": { "Tnr": 55500, "mitRand": 1, "AnzHBbeg": 4, "pHaupt": 1.0, "poHaupt": 0.0, "pQuerus": 0.25, "pFagus": 0.161, "pFraxinus": 0.0, "pCarpinus": 0.0, "pAcer": 0.0, "pTilia": 0.0, "pRobinia": 0.0, "pUlmus": 0.0, "pCastanea": 0.0, "pOtherLH": 0.0, "pBetula": 0.0, "pAlnus": 0.0, "pPopulus": 0.0, "pSalix": 0.0, "pSorbus": 0.0, "pPrunus": 0.0, "pMalus": 0.0, "pPyrus": 0.0, "pOtherLN": 0.0, "pPicea": 0.0, "pPinus": 0.071, "pAbies": 0.0, "pDouglas": 0.0, "pLarix": 0.518, "pOtherNb": 0.0, "pNoEurop": 0.0, "pNoEuropD": 0.0, "pEurop": 1.0, "pDecid": 0.411, "pConifer": 0.589, "pAll": 1.0, "Cell_id": "4342_3064", "EPSG": 31467, "Netz": 16, "Dichte": 8, "Bl": ";16;" }, "geometry": { "type": "Point", "coordinates": [ 592123.105455080512911, 5616362.517354951240122 ] } },
{ "type": "Feature", "properties": { "Tnr": 55504, "mitRand": 1, "AnzHBbeg": 4, "pHaupt": 1.0, "poHaupt": 0.0, "pQuerus": 0.207, "pFagus": 0.043, "pFraxinus": 0.0, "pCarpinus": 0.0, "pAcer": 0.0, "pTilia": 0.0, "pRobinia": 0.0, "pUlmus": 0.0, "pCastanea": 0.0, "pOtherLH": 0.0, "pBetula": 0.087, "pAlnus": 0.0, "pPopulus": 0.0, "pSalix": 0.0, "pSorbus": 0.0, "pPrunus": 0.0, "pMalus": 0.0, "pPyrus": 0.0, "pOtherLN": 0.0, "pPicea": 0.25, "pPinus": 0.25, "pAbies": 0.0, "pDouglas": 0.0, "pLarix": 0.163, "pOtherNb": 0.0, "pNoEurop": 0.0, "pNoEuropD": 0.0, "pEurop": 1.0, "pDecid": 0.337, "pConifer": 0.663, "pAll": 1.0, "Cell_id": "4350_3064", "EPSG": 31467, "Netz": 16, "Dichte": 8, "Bl": ";16;" }, "geometry": { "type": "Point", "coordinates": [ 600119.866426294553094, 5616469.386483706533909 ] } },
{ "type": "Feature", "properties": { "Tnr": 55506, "mitRand": 1, "AnzHBbeg": 4, "pHaupt": 1.0, "poHaupt": 0.0, "pQuerus": 0.0, "pFagus": 0.407, "pFraxinus": 0.0, "pCarpinus": 0.0, "pAcer": 0.0, "pTilia": 0.0, "pRobinia": 0.0, "pUlmus": 0.0, "pCastanea": 0.0, "pOtherLH": 0.0, "pBetula": 0.0, "pAlnus": 0.0, "pPopulus": 0.0, "pSalix": 0.0, "pSorbus": 0.0, "pPrunus": 0.0, "pMalus": 0.0, "pPyrus": 0.0, "pOtherLN": 0.0, "pPicea": 0.493, "pPinus": 0.101, "pAbies": 0.0, "pDouglas": 0.0, "pLarix": 0.0, "pOtherNb": 0.0, "pNoEurop": 0.0, "pNoEuropD": 0.0, "pEurop": 1.0, "pDecid": 0.407, "pConifer": 0.593, "pAll": 1.0, "Cell_id": "4354_3064", "EPSG": 31467, "Netz": 16, "Dichte": 8, "Bl": ";16;" }, "geometry": { "type": "Point", "coordinates": [ 604118.246880841092207, 5616523.320765418931842 ] } },
{ "type": "Feature", "properties": { "Tnr": 55508, "mitRand": 1, "AnzHBbeg": 1, "pHaupt": 1.0, "poHaupt": 0.0, "pQuerus": 0.481, "pFagus": 0.0, "pFraxinus": 0.0, "pCarpinus": 0.0, "pAcer": 0.0, "pTilia": 0.0, "pRobinia": 0.0, "pUlmus": 0.0, "pCastanea": 0.0, "pOtherLH": 0.0, "pBetula": 0.0, "pAlnus": 0.0, "pPopulus": 0.0, "pSalix": 0.0, "pSorbus": 0.0, "pPrunus": 0.0, "pMalus": 0.0, "pPyrus": 0.0, "pOtherLN": 0.0, "pPicea": 0.061, "pPinus": 0.458, "pAbies": 0.0, "pDouglas": 0.0, "pLarix": 0.0, "pOtherNb": 0.0, "pNoEurop": 0.0, "pNoEuropD": 0.0, "pEurop": 1.0, "pDecid": 0.481, "pConifer": 0.519, "pAll": 1.0, "Cell_id": "4358_3064", "EPSG": 31468, "Netz": 16, "Dichte": 8, "Bl": ";16;" }, "geometry": { "type": "Point", "coordinates": [ 608116.627310789539479, 5616577.254993667826056 ] } },
{ "type": "Feature", "properties": { "Tnr": 55510, "mitRand": 1, "AnzHBbeg": 2, "pHaupt": 1.0, "poHaupt": 0.0, "pQuerus": 0.0, "pFagus": 0.0, "pFraxinus": 0.0, "pCarpinus": 0.0, "pAcer": 0.262, "pTilia": 0.0, "pRobinia": 0.0, "pUlmus": 0.0, "pCastanea": 0.0, "pOtherLH": 0.0, "pBetula": 0.0, "pAlnus": 0.0, "pPopulus": 0.0, "pSalix": 0.238, "pSorbus": 0.5, "pPrunus": 0.0, "pMalus": 0.0, "pPyrus": 0.0, "pOtherLN": 0.0, "pPicea": 0.0, "pPinus": 0.0, "pAbies": 0.0, "pDouglas": 0.0, "pLarix": 0.0, "pOtherNb": 0.0, "pNoEurop": 0.0, "pNoEuropD": 0.0, "pEurop": 1.0, "pDecid": 1.0, "pConifer": 0.0, "pAll": 1.0, "Cell_id": "4362_3064", "EPSG": 31468, "Netz": 16, "Dichte": 8, "Bl": ";16;" }, "geometry": { "type": "Point", "coordinates": [ 612115.007715953863226, 5616631.189168429933488 ] } },
{ "type": "Feature", "properties": { "Tnr": 55512, "mitRand": 1, "AnzHBbeg": 2, "pHaupt": 1.0, "poHaupt": 0.0, "pQuerus": 0.0, "pFagus": 0.0, "pFraxinus": 0.0, "pCarpinus": 0.0, "pAcer": 0.0, "pTilia": 0.0, "pRobinia": 0.0, "pUlmus": 0.0, "pCastanea": 0.0, "pOtherLH": 0.0, "pBetula": 0.0, "pAlnus": 0.0, "pPopulus": 0.0, "pSalix": 0.0, "pSorbus": 0.0, "pPrunus": 0.0, "pMalus": 0.0, "pPyrus": 0.0, "pOtherLN": 0.0, "pPicea": 1.0, "pPinus": 0.0, "pAbies": 0.0, "pDouglas": 0.0, "pLarix": 0.0, "pOtherNb": 0.0, "pNoEurop": 0.0, "pNoEuropD": 0.0, "pEurop": 1.0, "pDecid": 0.0, "pConifer": 1.0, "pAll": 1.0, "Cell_id": "4366_3064", "EPSG": 31468, "Netz": 16, "Dichte": 8, "Bl": ";16;" }, "geometry": { "type": "Point", "coordinates": [ 616113.388085137936287, 5616684.123694756999612 ] } },
{ "type": "Feature", "properties": { "Tnr": 55514, "mitRand": 0, "AnzHBbeg": 4, "pHaupt": 1.0, "poHaupt": 0.0, "pQuerus": 0.0, "pFagus": 0.0, "pFraxinus": 0.0, "pCarpinus": 0.0, "pAcer": 0.0, "pTilia": 0.0, "pRobinia": 0.0, "pUlmus": 0.0, "pCastanea": 0.0, "pOtherLH": 0.0, "pBetula": 0.0, "pAlnus": 0.0, "pPopulus": 0.0, "pSalix": 0.0, "pSorbus": 0.0, "pPrunus": 0.0, "pMalus": 0.0, "pPyrus": 0.0, "pOtherLN": 0.0, "pPicea": 1.0, "pPinus": 0.0, "pAbies": 0.0, "pDouglas": 0.0, "pLarix": 0.0, "pOtherNb": 0.0, "pNoEurop": 0.0, "pNoEuropD": 0.0, "pEurop": 1.0, "pDecid": 0.0, "pConifer": 1.0, "pAll": 1.0, "Cell_id": "4370_3064", "EPSG": 31468, "Netz": 16, "Dichte": 8, "Bl": ";16;" }, "geometry": { "type": "Point", "coordinates": [ 620111.768440159619786, 5616738.057762476615608 ] } },
{ "type": "Feature", "properties": { "Tnr": 55516, "mitRand": 1, "AnzHBbeg": 4, "pHaupt": 1.0, "poHaupt": 0.0, "pQuerus": 0.0, "pFagus": 0.0, "pFraxinus": 0.0, "pCarpinus": 0.0, "pAcer": 0.0, "pTilia": 0.0, "pRobinia": 0.0, "pUlmus": 0.0, "pCastanea": 0.0, "pOtherLH": 0.0, "pBetula": 0.0, "pAlnus": 0.0, "pPopulus": 0.0, "pSalix": 0.0, "pSorbus": 0.0, "pPrunus": 0.0, "pMalus": 0.0, "pPyrus": 0.0, "pOtherLN": 0.0, "pPicea": 1.0, "pPinus": 0.0, "pAbies": 0.0, "pDouglas": 0.0, "pLarix": 0.0, "pOtherNb": 0.0, "pNoEurop": 0.0, "pNoEuropD": 0.0, "pEurop": 1.0, "pDecid": 0.0, "pConifer": 1.0, "pAll": 1.0, "Cell_id": "4374_3064", "EPSG": 31468, "Netz": 16, "Dichte": 8, "Bl": ";16;" }, "geometry": { "type": "Point", "coordinates": [ 624110.148769837804139, 5616791.991776637732983 ] } },
{ "type": "Feature", "properties": { "Tnr": 55520, "mitRand": 0, "AnzHBbeg": 4, "pHaupt": 1.0, "poHaupt": 0.0, "pQuerus": 0.0, "pFagus": 0.0, "pFraxinus": 0.0, "pCarpinus": 0.0, "pAcer": 0.0, "pTilia": 0.0, "pRobinia": 0.0, "pUlmus": 0.0, "pCastanea": 0.0, "pOtherLH": 0.0, "pBetula": 0.138, "pAlnus": 0.0, "pPopulus": 0.0, "pSalix": 0.0, "pSorbus": 0.0, "pPrunus": 0.0, "pMalus": 0.0, "pPyrus": 0.0, "pOtherLN": 0.0, "pPicea": 0.773, "pPinus": 0.038, "pAbies": 0.0, "pDouglas": 0.0, "pLarix": 0.051, "pOtherNb": 0.0, "pNoEurop": 0.0, "pNoEuropD": 0.0, "pEurop": 1.0, "pDecid": 0.138, "pConifer": 0.862, "pAll": 1.0, "Cell_id": "4382_3065", "EPSG": 31468, "Netz": 16, "Dichte": 8, "Bl": ";16;" }, "geometry": { "type": "Point", "coordinates": [ 632093.925670199329033, 5617898.455091730691493 ] } },
{ "type": "Feature", "properties": { "Tnr": 55526, "mitRand": 0, "AnzHBbeg": 4, "pHaupt": 1.0, "poHaupt": 0.0, "pQuerus": 0.0, "pFagus": 0.0, "pFraxinus": 0.0, "pCarpinus": 0.0, "pAcer": 0.0, "pTilia": 0.0, "pRobinia": 0.0, "pUlmus": 0.0, "pCastanea": 0.0, "pOtherLH": 0.0, "pBetula": 0.0, "pAlnus": 0.0, "pPopulus": 0.0, "pSalix": 0.0, "pSorbus": 0.0, "pPrunus": 0.0, "pMalus": 0.0, "pPyrus": 0.0, "pOtherLN": 0.0, "pPicea": 0.0, "pPinus": 0.963, "pAbies": 0.0, "pDouglas": 0.0, "pLarix": 0.037, "pOtherNb": 0.0, "pNoEurop": 0.0, "pNoEuropD": 0.0, "pEurop": 1.0, "pDecid": 0.0, "pConifer": 1.0, "pAll": 1.0, "Cell_id": "4394_3065", "EPSG": 31468, "Netz": 16, "Dichte": 8, "Bl": ";16;" }, "geometry": { "type": "Point", "coordinates": [ 644091.065568325924687, 5618059.256854041479528 ] } },
{ "type": "Feature", "properties": { "Tnr": 55528, "mitRand": 0, "AnzHBbeg": 4, "pHaupt": 1.0, "poHaupt": 0.0, "pQuerus": 0.0, "pFagus": 0.0, "pFraxinus": 0.0, "pCarpinus": 0.0, "pAcer": 0.0, "pTilia": 0.0, "pRobinia": 0.0, "pUlmus": 0.0, "pCastanea": 0.0, "pOtherLH": 0.0, "pBetula": 0.161, "pAlnus": 0.0, "pPopulus": 0.0, "pSalix": 0.0, "pSorbus": 0.0, "pPrunus": 0.0, "pMalus": 0.0, "pPyrus": 0.0, "pOtherLN": 0.0, "pPicea": 0.185, "pPinus": 0.364, "pAbies": 0.0, "pDouglas": 0.0, "pLarix": 0.29, "pOtherNb": 0.0, "pNoEurop": 0.0, "pNoEuropD": 0.0, "pEurop": 1.0, "pDecid": 0.161, "pConifer": 0.839, "pAll": 1.0, "Cell_id": "4398_3065", "EPSG": 31468, "Netz": 16, "Dichte": 8, "Bl": ";16;" }, "geometry": { "type": "Point", "coordinates": [ 648089.445744327036664, 5618112.190944804809988 ] } },
{ "type": "Feature", "properties": { "Tnr": 55530, "mitRand": 1, "AnzHBbeg": 3, "pHaupt": 1.0, "poHaupt": 0.0, "pQuerus": 0.0, "pFagus": 0.0, "pFraxinus": 0.0, "pCarpinus": 0.0, "pAcer": 0.0, "pTilia": 0.0, "pRobinia": 0.0, "pUlmus": 0.0, "pCastanea": 0.0, "pOtherLH": 0.0, "pBetula": 0.0, "pAlnus": 0.0, "pPopulus": 0.0, "pSalix": 0.0, "pSorbus": 0.0, "pPrunus": 0.0, "pMalus": 0.0, "pPyrus": 0.0, "pOtherLN": 0.0, "pPicea": 0.0, "pPinus": 1.0, "pAbies": 0.0, "pDouglas": 0.0, "pLarix": 0.0, "pOtherNb": 0.0, "pNoEurop": 0.0, "pNoEuropD": 0.0, "pEurop": 1.0, "pDecid": 0.0, "pConifer": 1.0, "pAll": 1.0, "Cell_id": "4402_3065", "EPSG": 31468, "Netz": 16, "Dichte": 8, "Bl": ";16;" }, "geometry": { "type": "Point", "coordinates": [ 652088.8254885438364, 5618165.124970671720803 ] } },
{ "type": "Feature", "properties": { "Tnr": 55534, "mitRand": 0, "AnzHBbeg": 4, "pHaupt": 1.0, "poHaupt": 0.0, "pQuerus": 0.0, "pFagus": 0.0, "pFraxinus": 0.0, "pCarpinus": 0.0, "pAcer": 0.0, "pTilia": 0.0, "pRobinia": 0.0, "pUlmus": 0.0, "pCastanea": 0.0, "pOtherLH": 0.0, "pBetula": 0.0, "pAlnus": 0.0, "pPopulus": 0.0, "pSalix": 0.0, "pSorbus": 0.0, "pPrunus": 0.0, "pMalus": 0.0, "pPyrus": 0.0, "pOtherLN": 0.0, "pPicea": 0.474, "pPinus": 0.526, "pAbies": 0.0, "pDouglas": 0.0, "pLarix": 0.0, "pOtherNb": 0.0, "pNoEurop": 0.0, "pNoEuropD": 0.0, "pEurop": 1.0, "pDecid": 0.0, "pConifer": 1.0, "pAll": 1.0, "Cell_id": "4410_3065", "EPSG": 31468, "Netz": 16, "Dichte": 8, "Bl": ";16;" }, "geometry": { "type": "Point", "coordinates": [ 660087.584907336509787, 5618271.992455792613328 ] } },
{ "type": "Feature", "properties": { "Tnr": 55540, "mitRand": 0, "AnzHBbeg": 4, "pHaupt": 1.0, "poHaupt": 0.0, "pQuerus": 0.0, "pFagus": 0.0, "pFraxinus": 0.0, "pCarpinus": 0.0, "pAcer": 0.0, "pTilia": 0.0, "pRobinia": 0.0, "pUlmus": 0.0, "pCastanea": 0.0, "pOtherLH": 0.0, "pBetula": 0.053, "pAlnus": 0.0, "pPopulus": 0.0, "pSalix": 0.0, "pSorbus": 0.0, "pPrunus": 0.0, "pMalus": 0.0, "pPyrus": 0.0, "pOtherLN": 0.0, "pPicea": 0.697, "pPinus": 0.25, "pAbies": 0.0, "pDouglas": 0.0, "pLarix": 0.0, "pOtherNb": 0.0, "pNoEurop": 0.0, "pNoEuropD": 0.0, "pEurop": 1.0, "pDecid": 0.053, "pConifer": 0.947, "pAll": 1.0, "Cell_id": "4422_3066", "EPSG": 31468, "Netz": 16, "Dichte": 8, "Bl": ";16;" }, "geometry": { "type": "Point", "coordinates": [ 672071.74069566570688, 5619431.38847194518894 ] } },
{ "type": "Feature", "properties": { "Tnr": 55542, "mitRand": 1, "AnzHBbeg": 4, "pHaupt": 1.0, "poHaupt": 0.0, "pQuerus": 0.0, "pFagus": 0.0, "pFraxinus": 0.0, "pCarpinus": 0.0, "pAcer": 0.0, "pTilia": 0.0, "pRobinia": 0.0, "pUlmus": 0.0, "pCastanea": 0.0, "pOtherLH": 0.0, "pBetula": 0.0, "pAlnus": 0.0, "pPopulus": 0.0, "pSalix": 0.0, "pSorbus": 0.0, "pPrunus": 0.0, "pMalus": 0.0, "pPyrus": 0.0, "pOtherLN": 0.0, "pPicea": 0.434, "pPinus": 0.566, "pAbies": 0.0, "pDouglas": 0.0, "pLarix": 0.0, "pOtherNb": 0.0, "pNoEurop": 0.0, "pNoEuropD": 0.0, "pEurop": 1.0, "pDecid": 0.0, "pConifer": 1.0, "pAll": 1.0, "Cell_id": "4426_3066", "EPSG": 31468, "Netz": 16, "Dichte": 8, "Bl": ";16;" }, "geometry": { "type": "Point", "coordinates": [ 676071.120289407204837, 5619484.322167593985796 ] } },
{ "type": "Feature", "properties": { "Tnr": 55552, "mitRand": 1, "AnzHBbeg": 4, "pHaupt": 1.0, "poHaupt": 0.0, "pQuerus": 0.0, "pFagus": 0.0, "pFraxinus": 0.0, "pCarpinus": 0.0, "pAcer": 0.0, "pTilia": 0.0, "pRobinia": 0.0, "pUlmus": 0.0, "pCastanea": 0.0, "pOtherLH": 0.0, "pBetula": 0.0, "pAlnus": 0.0, "pPopulus": 0.0, "pSalix": 0.0, "pSorbus": 0.0, "pPrunus": 0.0, "pMalus": 0.0, "pPyrus": 0.0, "pOtherLN": 0.0, "pPicea": 0.81, "pPinus": 0.0, "pAbies": 0.0, "pDouglas": 0.0, "pLarix": 0.19, "pOtherNb": 0.0, "pNoEurop": 0.04, "pNoEuropD": 0.04, "pEurop": 0.96, "pDecid": 0.0, "pConifer": 1.0, "pAll": 1.0, "Cell_id": "4446_3066", "EPSG": 31468, "Netz": 16, "Dichte": 8, "Bl": ";16;" }, "geometry": { "type": "Point", "coordinates": [ 696070.017035506432876, 5619749.989407473243773 ] } },
{ "type": "Feature", "properties": { "Tnr": 55554, "mitRand": 1, "AnzHBbeg": 4, "pHaupt": 1.0, "poHaupt": 0.0, "pQuerus": 0.25, "pFagus": 0.0, "pFraxinus": 0.0, "pCarpinus": 0.0, "pAcer": 0.0, "pTilia": 0.0, "pRobinia": 0.0, "pUlmus": 0.0, "pCastanea": 0.0, "pOtherLH": 0.0, "pBetula": 0.114, "pAlnus": 0.0, "pPopulus": 0.0, "pSalix": 0.0, "pSorbus": 0.0, "pPrunus": 0.0, "pMalus": 0.0, "pPyrus": 0.0, "pOtherLN": 0.0, "pPicea": 0.503, "pPinus": 0.097, "pAbies": 0.0, "pDouglas": 0.0, "pLarix": 0.036, "pOtherNb": 0.0, "pNoEurop": 0.447, "pNoEuropD": 0.447, "pEurop": 0.553, "pDecid": 0.364, "pConifer": 0.636, "pAll": 1.0, "Cell_id": "4450_3066", "EPSG": 31468, "Netz": 16, "Dichte": 8, "Bl": ";16;" }, "geometry": { "type": "Point", "coordinates": [ 700070.396053338074125, 5619802.922767384909093 ] } },
{ "type": "Feature", "properties": { "Tnr": 55556, "mitRand": 1, "AnzHBbeg": 4, "pHaupt": 1.0, "poHaupt": 0.0, "pQuerus": 0.029, "pFagus": 0.241, "pFraxinus": 0.0, "pCarpinus": 0.035, "pAcer": 0.0, "pTilia": 0.037, "pRobinia": 0.0, "pUlmus": 0.0, "pCastanea": 0.0, "pOtherLH": 0.0, "pBetula": 0.158, "pAlnus": 0.0, "pPopulus": 0.0, "pSalix": 0.0, "pSorbus": 0.0, "pPrunus": 0.0, "pMalus": 0.0, "pPyrus": 0.0, "pOtherLN": 0.0, "pPicea": 0.205, "pPinus": 0.102, "pAbies": 0.135, "pDouglas": 0.0, "pLarix": 0.057, "pOtherNb": 0.0, "pNoEurop": 0.135, "pNoEuropD": 0.135, "pEurop": 0.865, "pDecid": 0.5, "pConifer": 0.5, "pAll": 1.0, "Cell_id": "4454_3067", "EPSG": 31468, "Netz": 16, "Dichte": 8, "Bl": ";16;" }, "geometry": { "type": "Point", "coordinates": [ 704056.792033983860165, 5620856.450604388490319 ] } },
{ "type": "Feature", "properties": { "Tnr": 55566, "mitRand": 0, "AnzHBbeg": 4, "pHaupt": 1.0, "poHaupt": 0.0, "pQuerus": 0.109, "pFagus": 0.082, "pFraxinus": 0.0, "pCarpinus": 0.0, "pAcer": 0.0, "pTilia": 0.0, "pRobinia": 0.0, "pUlmus": 0.0, "pCastanea": 0.0, "pOtherLH": 0.0, "pBetula": 0.0, "pAlnus": 0.0, "pPopulus": 0.0, "pSalix": 0.0, "pSorbus": 0.0, "pPrunus": 0.0, "pMalus": 0.0, "pPyrus": 0.0, "pOtherLN": 0.0, "pPicea": 0.135, "pPinus": 0.674, "pAbies": 0.0, "pDouglas": 0.0, "pLarix": 0.0, "pOtherNb": 0.0, "pNoEurop": 0.0, "pNoEuropD": 0.0, "pEurop": 1.0, "pDecid": 0.191, "pConifer": 0.809, "pAll": 1.0, "Cell_id": "4474_3067", "EPSG": 31468, "Netz": 16, "Dichte": 8, "Bl": ";16;" }, "geometry": { "type": "Point", "coordinates": [ 724058.686590862926096, 5621120.11668763589114 ] } },
{ "type": "Feature", "properties": { "Tnr": 55568, "mitRand": 1, "AnzHBbeg": 4, "pHaupt": 1.0, "poHaupt": 0.0, "pQuerus": 0.0, "pFagus": 0.025, "pFraxinus": 0.0, "pCarpinus": 0.0, "pAcer": 0.0, "pTilia": 0.0, "pRobinia": 0.0, "pUlmus": 0.0, "pCastanea": 0.0, "pOtherLH": 0.0, "pBetula": 0.0, "pAlnus": 0.0, "pPopulus": 0.0, "pSalix": 0.0, "pSorbus": 0.0, "pPrunus": 0.0, "pMalus": 0.0, "pPyrus": 0.0, "pOtherLN": 0.0, "pPicea": 0.394, "pPinus": 0.203, "pAbies": 0.0, "pDouglas": 0.0, "pLarix": 0.378, "pOtherNb": 0.0, "pNoEurop": 0.0, "pNoEuropD": 0.0, "pEurop": 1.0, "pDecid": 0.025, "pConifer": 0.975, "pAll": 1.0, "Cell_id": "4478_3067", "EPSG": 31468, "Netz": 16, "Dichte": 8, "Bl": ";16;" }, "geometry": { "type": "Point", "coordinates": [ 728059.065414537093602, 5621173.049660217948258 ] } },
{ "type": "Feature", "properties": { "Tnr": 55616, "mitRand": 1, "AnzHBbeg": 2, "pHaupt": 1.0, "poHaupt": 0.0, "pQuerus": 0.0, "pFagus": 0.0, "pFraxinus": 0.0, "pCarpinus": 0.0, "pAcer": 0.0, "pTilia": 0.0, "pRobinia": 0.0, "pUlmus": 0.0, "pCastanea": 0.0, "pOtherLH": 0.0, "pBetula": 0.0, "pAlnus": 0.0, "pPopulus": 0.0, "pSalix": 0.0, "pSorbus": 0.0, "pPrunus": 0.0, "pMalus": 0.0, "pPyrus": 0.0, "pOtherLN": 0.0, "pPicea": 0.06, "pPinus": 0.782, "pAbies": 0.0, "pDouglas": 0.0, "pLarix": 0.158, "pOtherNb": 0.0, "pNoEurop": 0.0, "pNoEuropD": 0.0, "pEurop": 1.0, "pDecid": 0.0, "pConifer": 1.0, "pAll": 1.0, "Cell_id": "4316_3062", "EPSG": 31467, "Netz": 8, "Dichte": 8, "Bl": ";16;" }, "geometry": { "type": "Point", "coordinates": [ 566161.59858513798099, 5614012.752231604419649 ] } },
{ "type": "Feature", "properties": { "Tnr": 55618, "mitRand": 1, "AnzHBbeg": 1, "pHaupt": 1.0, "poHaupt": 0.0, "pQuerus": 0.0, "pFagus": 1.0, "pFraxinus": 0.0, "pCarpinus": 0.0, "pAcer": 0.0, "pTilia": 0.0, "pRobinia": 0.0, "pUlmus": 0.0, "pCastanea": 0.0, "pOtherLH": 0.0, "pBetula": 0.0, "pAlnus": 0.0, "pPopulus": 0.0, "pSalix": 0.0, "pSorbus": 0.0, "pPrunus": 0.0, "pMalus": 0.0, "pPyrus": 0.0, "pOtherLN": 0.0, "pPicea": 0.0, "pPinus": 0.0, "pAbies": 0.0, "pDouglas": 0.0, "pLarix": 0.0, "pOtherNb": 0.0, "pNoEurop": 0.0, "pNoEuropD": 0.0, "pEurop": 1.0, "pDecid": 1.0, "pConifer": 0.0, "pAll": 1.0, "Cell_id": "4320_3062", "EPSG": 31467, "Netz": 8, "Dichte": 8, "Bl": ";16;" }, "geometry": { "type": "Point", "coordinates": [ 570159.979214595048688, 5614066.686978192068636 ] } },
{ "type": "Feature", "properties": { "Tnr": 55624, "mitRand": 1, "AnzHBbeg": 3, "pHaupt": 1.0, "poHaupt": 0.0, "pQuerus": 0.0, "pFagus": 0.729, "pFraxinus": 0.0, "pCarpinus": 0.0, "pAcer": 0.0, "pTilia": 0.0, "pRobinia": 0.0, "pUlmus": 0.0, "pCastanea": 0.0, "pOtherLH": 0.0, "pBetula": 0.0, "pAlnus": 0.0, "pPopulus": 0.0, "pSalix": 0.0, "pSorbus": 0.0, "pPrunus": 0.0, "pMalus": 0.0, "pPyrus": 0.0, "pOtherLN": 0.0, "pPicea": 0.271, "pPinus": 0.0, "pAbies": 0.0, "pDouglas": 0.0, "pLarix": 0.0, "pOtherNb": 0.0, "pNoEurop": 0.0, "pNoEuropD": 0.0, "pEurop": 1.0, "pDecid": 0.729, "pConifer": 0.271, "pAll": 1.0, "Cell_id": "4332_3062", "EPSG": 31467, "Netz": 8, "Dichte": 8, "Bl": ";16;" }, "geometry": { "type": "Point", "coordinates": [ 582154.121369074680842, 5614228.490909773856401 ] } },
{ "type": "Feature", "properties": { "Tnr": 55626, "mitRand": 0, "AnzHBbeg": 4, "pHaupt": 1.0, "poHaupt": 0.0, "pQuerus": 0.0, "pFagus": 0.692, "pFraxinus": 0.132, "pCarpinus": 0.0, "pAcer": 0.0, "pTilia": 0.0, "pRobinia": 0.0, "pUlmus": 0.0, "pCastanea": 0.0, "pOtherLH": 0.0, "pBetula": 0.0, "pAlnus": 0.0, "pPopulus": 0.0, "pSalix": 0.0, "pSorbus": 0.0, "pPrunus": 0.0, "pMalus": 0.0, "pPyrus": 0.0, "pOtherLN": 0.0, "pPicea": 0.021, "pPinus": 0.154, "pAbies": 0.0, "pDouglas": 0.0, "pLarix": 0.0, "pOtherNb": 0.0, "pNoEurop": 0.0, "pNoEuropD": 0.0, "pEurop": 1.0, "pDecid": 0.824, "pConifer": 0.176, "pAll": 1.0, "Cell_id": "4336_3062", "EPSG": 31467, "Netz": 8, "Dichte": 8, "Bl": ";16;" }, "geometry": { "type": "Point", "coordinates": [ 586152.501905315089971, 5614282.425443578511477 ] } },
{ "type": "Feature", "properties": { "Tnr": 55628, "mitRand": 1, "AnzHBbeg": 4, "pHaupt": 1.0, "poHaupt": 0.0, "pQuerus": 0.0, "pFagus": 0.0, "pFraxinus": 0.0, "pCarpinus": 0.0, "pAcer": 0.0, "pTilia": 0.0, "pRobinia": 0.0, "pUlmus": 0.0, "pCastanea": 0.0, "pOtherLH": 0.0, "pBetula": 0.0, "pAlnus": 0.0, "pPopulus": 0.0, "pSalix": 0.0, "pSorbus": 0.0, "pPrunus": 0.0, "pMalus": 0.0, "pPyrus": 0.0, "pOtherLN": 0.0, "pPicea": 0.95, "pPinus": 0.05, "pAbies": 0.0, "pDouglas": 0.0, "pLarix": 0.0, "pOtherNb": 0.0, "pNoEurop": 0.0, "pNoEuropD": 0.0, "pEurop": 1.0, "pDecid": 0.0, "pConifer": 1.0, "pAll": 1.0, "Cell_id": "4340_3062", "EPSG": 31467, "Netz": 8, "Dichte": 8, "Bl": ";16;" }, "geometry": { "type": "Point", "coordinates": [ 590150.882417784305289, 5614336.359924122691154 ] } },
{ "type": "Feature", "properties": { "Tnr": 55630, "mitRand": 1, "AnzHBbeg": 2, "pHaupt": 1.0, "poHaupt": 0.0, "pQuerus": 0.0, "pFagus": 0.0, "pFraxinus": 0.0, "pCarpinus": 0.0, "pAcer": 0.0, "pTilia": 0.0, "pRobinia": 0.0, "pUlmus": 0.0, "pCastanea": 0.0, "pOtherLH": 0.0, "pBetula": 0.0, "pAlnus": 0.0, "pPopulus": 0.0, "pSalix": 0.0, "pSorbus": 0.0, "pPrunus": 0.0, "pMalus": 0.0, "pPyrus": 0.0, "pOtherLN": 0.0, "pPicea": 0.887, "pPinus": 0.113, "pAbies": 0.0, "pDouglas": 0.0, "pLarix": 0.0, "pOtherNb": 0.0, "pNoEurop": 0.0, "pNoEuropD": 0.0, "pEurop": 1.0, "pDecid": 0.0, "pConifer": 1.0, "pAll": 1.0, "Cell_id": "4344_3062", "EPSG": 31467, "Netz": 8, "Dichte": 8, "Bl": ";16;" }, "geometry": { "type": "Point", "coordinates": [ 594149.262906295247376, 5614390.294351380318403 ] } },
{ "type": "Feature", "properties": { "Tnr": 55632, "mitRand": 1, "AnzHBbeg": 4, "pHaupt": 1.0, "poHaupt": 0.0, "pQuerus": 0.0, "pFagus": 0.0, "pFraxinus": 0.0, "pCarpinus": 0.0, "pAcer": 0.0, "pTilia": 0.0, "pRobinia": 0.0, "pUlmus": 0.0, "pCastanea": 0.0, "pOtherLH": 0.0, "pBetula": 0.0, "pAlnus": 0.0, "pPopulus": 0.0, "pSalix": 0.0, "pSorbus": 0.0, "pPrunus": 0.0, "pMalus": 0.0, "pPyrus": 0.0, "pOtherLN": 0.0, "pPicea": 0.509, "pPinus": 0.28, "pAbies": 0.0, "pDouglas": 0.0, "pLarix": 0.21, "pOtherNb": 0.0, "pNoEurop": 0.0, "pNoEuropD": 0.0, "pEurop": 1.0, "pDecid": 0.0, "pConifer": 1.0, "pAll": 1.0, "Cell_id": "4348_3062", "EPSG": 31467, "Netz": 8, "Dichte": 8, "Bl": ";16;" }, "geometry": { "type": "Point", "coordinates": [ 598147.643359716050327, 5614443.229130387306213 ] } },
{ "type": "Feature", "properties": { "Tnr": 55634, "mitRand": 1, "AnzHBbeg": 4, "pHaupt": 1.0, "poHaupt": 0.0, "pQuerus": 0.0, "pFagus": 0.0, "pFraxinus": 0.0, "pCarpinus": 0.0, "pAcer": 0.0, "pTilia": 0.0, "pRobinia": 0.0, "pUlmus": 0.0, "pCastanea": 0.0, "pOtherLH": 0.0, "pBetula": 0.0, "pAlnus": 0.0, "pPopulus": 0.0, "pSalix": 0.0, "pSorbus": 0.0, "pPrunus": 0.0, "pMalus": 0.0, "pPyrus": 0.0, "pOtherLN": 0.0, "pPicea": 0.677, "pPinus": 0.0, "pAbies": 0.0, "pDouglas": 0.0, "pLarix": 0.323, "pOtherNb": 0.0, "pNoEurop": 0.0, "pNoEuropD": 0.0, "pEurop": 1.0, "pDecid": 0.0, "pConifer": 1.0, "pAll": 1.0, "Cell_id": "4352_3062", "EPSG": 31467, "Netz": 8, "Dichte": 8, "Bl": ";16;" }, "geometry": { "type": "Point", "coordinates": [ 602146.023799738963135, 5614497.163451009429991 ] } },
{ "type": "Feature", "properties": { "Tnr": 55636, "mitRand": 1, "AnzHBbeg": 4, "pHaupt": 1.0, "poHaupt": 0.0, "pQuerus": 0.0, "pFagus": 0.444, "pFraxinus": 0.125, "pCarpinus": 0.0, "pAcer": 0.122, "pTilia": 0.0, "pRobinia": 0.0, "pUlmus": 0.0, "pCastanea": 0.0, "pOtherLH": 0.0, "pBetula": 0.0, "pAlnus": 0.0, "pPopulus": 0.0, "pSalix": 0.0, "pSorbus": 0.059, "pPrunus": 0.0, "pMalus": 0.0, "pPyrus": 0.0, "pOtherLN": 0.0, "pPicea": 0.075, "pPinus": 0.0, "pAbies": 0.0, "pDouglas": 0.0, "pLarix": 0.175, "pOtherNb": 0.0, "pNoEurop": 0.0, "pNoEuropD": 0.0, "pEurop": 1.0, "pDecid": 0.75, "pConifer": 0.25, "pAll": 1.0, "Cell_id": "4356_3062", "EPSG": 31468, "Netz": 8, "Dichte": 8, "Bl": ";16;" }, "geometry": { "type": "Point", "coordinates": [ 606144.404215244110674, 5614551.097718276083469 ] } },
{ "type": "Feature", "properties": { "Tnr": 55640, "mitRand": 1, "AnzHBbeg": 4, "pHaupt": 1.0, "poHaupt": 0.0, "pQuerus": 0.0, "pFagus": 0.0, "pFraxinus": 0.0, "pCarpinus": 0.0, "pAcer": 0.0, "pTilia": 0.0, "pRobinia": 0.0, "pUlmus": 0.0, "pCastanea": 0.0, "pOtherLH": 0.0, "pBetula": 0.174, "pAlnus": 0.0, "pPopulus": 0.0, "pSalix": 0.074, "pSorbus": 0.078, "pPrunus": 0.0, "pMalus": 0.0, "pPyrus": 0.0, "pOtherLN": 0.0, "pPicea": 0.674, "pPinus": 0.0, "pAbies": 0.0, "pDouglas": 0.0, "pLarix": 0.0, "pOtherNb": 0.0, "pNoEurop": 0.0, "pNoEuropD": 0.0, "pEurop": 1.0, "pDecid": 0.326, "pConifer": 0.674, "pAll": 1.0, "Cell_id": "4364_3062", "EPSG": 31468, "Netz": 8, "Dichte": 8, "Bl": ";16;" }, "geometry": { "type": "Point", "coordinates": [ 614141.164960959577002, 5614657.966497715562582 ] } },
{ "type": "Feature", "properties": { "Tnr": 55642, "mitRand": 1, "AnzHBbeg": 4, "pHaupt": 1.0, "poHaupt": 0.0, "pQuerus": 0.0, "pFagus": 0.549, "pFraxinus": 0.0, "pCarpinus": 0.0, "pAcer": 0.0, "pTilia": 0.0, "pRobinia": 0.0, "pUlmus": 0.0, "pCastanea": 0.0, "pOtherLH": 0.0, "pBetula": 0.0, "pAlnus": 0.0, "pPopulus": 0.0, "pSalix": 0.0, "pSorbus": 0.25, "pPrunus": 0.0, "pMalus": 0.0, "pPyrus": 0.0, "pOtherLN": 0.0, "pPicea": 0.201, "pPinus": 0.0, "pAbies": 0.0, "pDouglas": 0.0, "pLarix": 0.0, "pOtherNb": 0.0, "pNoEurop": 0.0, "pNoEuropD": 0.0, "pEurop": 1.0, "pDecid": 0.799, "pConifer": 0.201, "pAll": 1.0, "Cell_id": "4368_3062", "EPSG": 31468, "Netz": 8, "Dichte": 8, "Bl": ";16;" }, "geometry": { "type": "Point", "coordinates": [ 618139.545301781734452, 5614711.900604768656194 ] } },
{ "type": "Feature", "properties": { "Tnr": 55644, "mitRand": 1, "AnzHBbeg": 4, "pHaupt": 1.0, "poHaupt": 0.0, "pQuerus": 0.0, "pFagus": 0.0, "pFraxinus": 0.0, "pCarpinus": 0.0, "pAcer": 0.0, "pTilia": 0.0, "pRobinia": 0.0, "pUlmus": 0.0, "pCastanea": 0.0, "pOtherLH": 0.0, "pBetula": 0.028, "pAlnus": 0.0, "pPopulus": 0.0, "pSalix": 0.0, "pSorbus": 0.0, "pPrunus": 0.0, "pMalus": 0.0, "pPyrus": 0.0, "pOtherLN": 0.0, "pPicea": 0.972, "pPinus": 0.0, "pAbies": 0.0, "pDouglas": 0.0, "pLarix": 0.0, "pOtherNb": 0.0, "pNoEurop": 0.0, "pNoEuropD": 0.0, "pEurop": 1.0, "pDecid": 0.028, "pConifer": 0.972, "pAll": 1.0, "Cell_id": "4372_3062", "EPSG": 31468, "Netz": 8, "Dichte": 8, "Bl": ";16;" }, "geometry": { "type": "Point", "coordinates": [ 622137.925617340835743, 5614765.834658365696669 ] } },
{ "type": "Feature", "properties": { "Tnr": 55648, "mitRand": 1, "AnzHBbeg": 4, "pHaupt": 1.0, "poHaupt": 0.0, "pQuerus": 0.0, "pFagus": 0.0, "pFraxinus": 0.0, "pCarpinus": 0.0, "pAcer": 0.0, "pTilia": 0.0, "pRobinia": 0.0, "pUlmus": 0.0, "pCastanea": 0.0, "pOtherLH": 0.0, "pBetula": 0.0, "pAlnus": 0.0, "pPopulus": 0.0, "pSalix": 0.0, "pSorbus": 0.0, "pPrunus": 0.0, "pMalus": 0.0, "pPyrus": 0.0, "pOtherLN": 0.0, "pPicea": 1.0, "pPinus": 0.0, "pAbies": 0.0, "pDouglas": 0.0, "pLarix": 0.0, "pOtherNb": 0.0, "pNoEurop": 0.0, "pNoEuropD": 0.0, "pEurop": 1.0, "pDecid": 0.0, "pConifer": 1.0, "pAll": 1.0, "Cell_id": "4380_3063", "EPSG": 31468, "Netz": 8, "Dichte": 8, "Bl": ";16;" }, "geometry": { "type": "Point", "coordinates": [ 630121.702479775762185, 5615872.298049136064947 ] } },
{ "type": "Feature", "properties": { "Tnr": 55650, "mitRand": 1, "AnzHBbeg": 4, "pHaupt": 1.0, "poHaupt": 0.0, "pQuerus": 0.01, "pFagus": 0.0, "pFraxinus": 0.0, "pCarpinus": 0.0, "pAcer": 0.021, "pTilia": 0.0, "pRobinia": 0.0, "pUlmus": 0.0, "pCastanea": 0.0, "pOtherLH": 0.0, "pBetula": 0.124, "pAlnus": 0.0, "pPopulus": 0.0, "pSalix": 0.103, "pSorbus": 0.031, "pPrunus": 0.0, "pMalus": 0.0, "pPyrus": 0.0, "pOtherLN": 0.0, "pPicea": 0.68, "pPinus": 0.031, "pAbies": 0.0, "pDouglas": 0.0, "pLarix": 0.0, "pOtherNb": 0.0, "pNoEurop": 0.01, "pNoEuropD": 0.01, "pEurop": 0.99, "pDecid": 0.289, "pConifer": 0.711, "pAll": 1.0, "Cell_id": "4384_3063", "EPSG": 31468, "Netz": 8, "Dichte": 8, "Bl": ";16;" }, "geometry": { "type": "Point", "coordinates": [ 634121.082315673236735, 5615925.232329796999693 ] } },
{ "type": "Feature", "properties": { "Tnr": 55652, "mitRand": 1, "AnzHBbeg": 2, "pHaupt": 1.0, "poHaupt": 0.0, "pQuerus": 0.089, "pFagus": 0.0, "pFraxinus": 0.213, "pCarpinus": 0.0, "pAcer": 0.287, "pTilia": 0.0, "pRobinia": 0.0, "pUlmus": 0.0, "pCastanea": 0.0, "pOtherLH": 0.0, "pBetula": 0.0, "pAlnus": 0.0, "pPopulus": 0.0, "pSalix": 0.0, "pSorbus": 0.0, "pPrunus": 0.0, "pMalus": 0.0, "pPyrus": 0.0, "pOtherLN": 0.0, "pPicea": 0.135, "pPinus": 0.275, "pAbies": 0.0, "pDouglas": 0.0, "pLarix": 0.0, "pOtherNb": 0.0, "pNoEurop": 0.0, "pNoEuropD": 0.0, "pEurop": 1.0, "pDecid": 0.589, "pConifer": 0.411, "pAll": 1.0, "Cell_id": "4388_3063", "EPSG": 31468, "Netz": 8, "Dichte": 8, "Bl": ";16;" }, "geometry": { "type": "Point", "coordinates": [ 638119.462541705230251, 5615979.166162806563079 ] } },
{ "type": "Feature", "properties": { "Tnr": 55654, "mitRand": 0, "AnzHBbeg": 3, "pHaupt": 1.0, "poHaupt": 0.0, "pQuerus": 0.0, "pFagus": 0.0, "pFraxinus": 0.0, "pCarpinus": 0.0, "pAcer": 0.0, "pTilia": 0.0, "pRobinia": 0.0, "pUlmus": 0.0, "pCastanea": 0.0, "pOtherLH": 0.0, "pBetula": 0.067, "pAlnus": 0.0, "pPopulus": 0.0, "pSalix": 0.0, "pSorbus": 0.0, "pPrunus": 0.0, "pMalus": 0.0, "pPyrus": 0.0, "pOtherLN": 0.0, "pPicea": 0.253, "pPinus": 0.68, "pAbies": 0.0, "pDouglas": 0.0, "pLarix": 0.0, "pOtherNb": 0.0, "pNoEurop": 0.0, "pNoEuropD": 0.0, "pEurop": 1.0, "pDecid": 0.067, "pConifer": 0.933, "pAll": 1.0, "Cell_id": "4392_3063", "EPSG": 31468, "Netz": 8, "Dichte": 8, "Bl": ";16;" }, "geometry": { "type": "Point", "coordinates": [ 642118.842325350502506, 5616032.100336223840714 ] } },
{ "type": "Feature", "properties": { "Tnr": 55656, "mitRand": 1, "AnzHBbeg": 4, "pHaupt": 1.0, "poHaupt": 0.0, "pQuerus": 0.0, "pFagus": 0.0, "pFraxinus": 0.0, "pCarpinus": 0.0, "pAcer": 0.0, "pTilia": 0.0, "pRobinia": 0.0, "pUlmus": 0.0, "pCastanea": 0.0, "pOtherLH": 0.0, "pBetula": 0.0, "pAlnus": 0.0, "pPopulus": 0.0, "pSalix": 0.0, "pSorbus": 0.0, "pPrunus": 0.0, "pMalus": 0.0, "pPyrus": 0.0, "pOtherLN": 0.0, "pPicea": 0.0, "pPinus": 1.0, "pAbies": 0.0, "pDouglas": 0.0, "pLarix": 0.0, "pOtherNb": 0.0, "pNoEurop": 0.0, "pNoEuropD": 0.0, "pEurop": 1.0, "pDecid": 0.0, "pConifer": 1.0, "pAll": 1.0, "Cell_id": "4396_3063", "EPSG": 31468, "Netz": 8, "Dichte": 8, "Bl": ";16;" }, "geometry": { "type": "Point", "coordinates": [ 646117.222498796647415, 5616086.034061955288053 ] } },
{ "type": "Feature", "properties": { "Tnr": 55660, "mitRand": 0, "AnzHBbeg": 4, "pHaupt": 1.0, "poHaupt": 0.0, "pQuerus": 0.042, "pFagus": 0.0, "pFraxinus": 0.0, "pCarpinus": 0.0, "pAcer": 0.0, "pTilia": 0.0, "pRobinia": 0.0, "pUlmus": 0.0, "pCastanea": 0.0, "pOtherLH": 0.0, "pBetula": 0.0, "pAlnus": 0.0, "pPopulus": 0.0, "pSalix": 0.0, "pSorbus": 0.0, "pPrunus": 0.0, "pMalus": 0.0, "pPyrus": 0.0, "pOtherLN": 0.0, "pPicea": 0.475, "pPinus": 0.483, "pAbies": 0.0, "pDouglas": 0.0, "pLarix": 0.0, "pOtherNb": 0.0, "pNoEurop": 0.0, "pNoEuropD": 0.0, "pEurop": 1.0, "pDecid": 0.042, "pConifer": 0.958, "pAll": 1.0, "Cell_id": "4404_3063", "EPSG": 31468, "Netz": 8, "Dichte": 8, "Bl": ";16;" }, "geometry": { "type": "Point", "coordinates": [ 654114.982349558267742, 5616192.901746383868158 ] } },
{ "type": "Feature", "properties": { "Tnr": 55662, "mitRand": 1, "AnzHBbeg": 3, "pHaupt": 1.0, "poHaupt": 0.0, "pQuerus": 0.263, "pFagus": 0.191, "pFraxinus": 0.0, "pCarpinus": 0.0, "pAcer": 0.187, "pTilia": 0.0, "pRobinia": 0.0, "pUlmus": 0.0, "pCastanea": 0.0, "pOtherLH": 0.0, "pBetula": 0.0, "pAlnus": 0.0, "pPopulus": 0.0, "pSalix": 0.0, "pSorbus": 0.142, "pPrunus": 0.0, "pMalus": 0.0, "pPyrus": 0.0, "pOtherLN": 0.0, "pPicea": 0.216, "pPinus": 0.0, "pAbies": 0.0, "pDouglas": 0.0, "pLarix": 0.0, "pOtherNb": 0.0, "pNoEurop": 0.0, "pNoEuropD": 0.0, "pEurop": 1.0, "pDecid": 0.784, "pConifer": 0.216, "pAll": 1.0, "Cell_id": "4408_3063", "EPSG": 31468, "Netz": 8, "Dichte": 8, "Bl": ";16;" }, "geometry": { "type": "Point", "coordinates": [ 658114.362026459188201, 5616245.835705021396279 ] } },
{ "type": "Feature", "properties": { "Tnr": 55666, "mitRand": 0, "AnzHBbeg": 4, "pHaupt": 1.0, "poHaupt": 0.0, "pQuerus": 0.0, "pFagus": 0.0, "pFraxinus": 0.0, "pCarpinus": 0.0, "pAcer": 0.0, "pTilia": 0.0, "pRobinia": 0.0, "pUlmus": 0.0, "pCastanea": 0.0, "pOtherLH": 0.0, "pBetula": 0.0, "pAlnus": 0.0, "pPopulus": 0.0, "pSalix": 0.0, "pSorbus": 0.0, "pPrunus": 0.0, "pMalus": 0.0, "pPyrus": 0.0, "pOtherLN": 0.0, "pPicea": 0.25, "pPinus": 0.75, "pAbies": 0.0, "pDouglas": 0.0, "pLarix": 0.0, "pOtherNb": 0.0, "pNoEurop": 0.0, "pNoEuropD": 0.0, "pEurop": 1.0, "pDecid": 0.0, "pConifer": 1.0, "pAll": 1.0, "Cell_id": "4416_3064", "EPSG": 31468, "Netz": 8, "Dichte": 8, "Bl": ";16;" }, "geometry": { "type": "Point", "coordinates": [ 666099.138156497268938, 5617352.298049364238977 ] } },
{ "type": "Feature", "properties": { "Tnr": 55668, "mitRand": 0, "AnzHBbeg": 4, "pHaupt": 1.0, "poHaupt": 0.0, "pQuerus": 0.0, "pFagus": 0.0, "pFraxinus": 0.0, "pCarpinus": 0.0, "pAcer": 0.0, "pTilia": 0.0, "pRobinia": 0.0, "pUlmus": 0.0, "pCastanea": 0.0, "pOtherLH": 0.0, "pBetula": 0.118, "pAlnus": 0.0, "pPopulus": 0.0, "pSalix": 0.0, "pSorbus": 0.0, "pPrunus": 0.0, "pMalus": 0.0, "pPyrus": 0.0, "pOtherLN": 0.0, "pPicea": 0.0, "pPinus": 0.882, "pAbies": 0.0, "pDouglas": 0.0, "pLarix": 0.0, "pOtherNb": 0.0, "pNoEurop": 0.0, "pNoEuropD": 0.0, "pEurop": 1.0, "pDecid": 0.118, "pConifer": 0.882, "pAll": 1.0, "Cell_id": "4420_3064", "EPSG": 31468, "Netz": 8, "Dichte": 8, "Bl": ";16;" }, "geometry": { "type": "Point", "coordinates": [ 670098.517764853662811, 5617405.231839763000607 ] } },
{ "type": "Feature", "properties": { "Tnr": 55670, "mitRand": 0, "AnzHBbeg": 4, "pHaupt": 1.0, "poHaupt": 0.0, "pQuerus": 0.0, "pFagus": 0.0, "pFraxinus": 0.0, "pCarpinus": 0.0, "pAcer": 0.0, "pTilia": 0.0, "pRobinia": 0.0, "pUlmus": 0.0, "pCastanea": 0.0, "pOtherLH": 0.0, "pBetula": 0.0, "pAlnus": 0.0, "pPopulus": 0.0, "pSalix": 0.0, "pSorbus": 0.0, "pPrunus": 0.0, "pMalus": 0.0, "pPyrus": 0.0, "pOtherLN": 0.0, "pPicea": 0.0, "pPinus": 1.0, "pAbies": 0.0, "pDouglas": 0.0, "pLarix": 0.0, "pOtherNb": 0.0, "pNoEurop": 0.0, "pNoEuropD": 0.0, "pEurop": 1.0, "pDecid": 0.0, "pConifer": 1.0, "pAll": 1.0, "Cell_id": "4424_3064", "EPSG": 31468, "Netz": 8, "Dichte": 8, "Bl": ";16;" }, "geometry": { "type": "Point", "coordinates": [ 674098.896940338425338, 5617458.165565082803369 ] } },
{ "type": "Feature", "properties": { "Tnr": 55674, "mitRand": 1, "AnzHBbeg": 1, "pHaupt": 0.0, "poHaupt": 1.0, "pQuerus": 0.0, "pFagus": 0.0, "pFraxinus": 0.0, "pCarpinus": 0.0, "pAcer": 0.0, "pTilia": 0.0, "pRobinia": 0.0, "pUlmus": 0.0, "pCastanea": 0.0, "pOtherLH": 0.0, "pBetula": 0.0, "pAlnus": 0.0, "pPopulus": 0.0, "pSalix": 0.0, "pSorbus": 0.0, "pPrunus": 0.0, "pMalus": 0.0, "pPyrus": 0.0, "pOtherLN": 0.0, "pPicea": 0.0, "pPinus": 0.0, "pAbies": 0.0, "pDouglas": 0.0, "pLarix": 0.0, "pOtherNb": 0.0, "pNoEurop": 0.0, "pNoEuropD": 0.0, "pEurop": 0.0, "pDecid": 0.0, "pConifer": 0.0, "pAll": 0.0, "Cell_id": "4432_3064", "EPSG": 31468, "Netz": 8, "Dichte": 8, "Bl": ";16;" }, "geometry": { "type": "Point", "coordinates": [ 682097.656028934754431, 5617565.032471175305545 ] } },
{ "type": "Feature", "properties": { "Tnr": 55678, "mitRand": 0, "AnzHBbeg": 1, "pHaupt": 1.0, "poHaupt": 0.0, "pQuerus": 0.0, "pFagus": 0.0, "pFraxinus": 0.0, "pCarpinus": 0.0, "pAcer": 0.0, "pTilia": 0.0, "pRobinia": 0.0, "pUlmus": 0.0, "pCastanea": 0.0, "pOtherLH": 0.0, "pBetula": 0.0, "pAlnus": 0.0, "pPopulus": 0.0, "pSalix": 0.0, "pSorbus": 0.0, "pPrunus": 0.0, "pMalus": 0.0, "pPyrus": 0.0, "pOtherLN": 0.0, "pPicea": 0.0, "pPinus": 1.0, "pAbies": 0.0, "pDouglas": 0.0, "pLarix": 0.0, "pOtherNb": 0.0, "pNoEurop": 1.0, "pNoEuropD": 1.0, "pEurop": 0.0, "pDecid": 0.0, "pConifer": 1.0, "pAll": 1.0, "Cell_id": "4440_3064", "EPSG": 31468, "Netz": 8, "Dichte": 8, "Bl": ";16;" }, "geometry": { "type": "Point", "coordinates": [ 690097.414588034851477, 5617670.899555381387472 ] } },
{ "type": "Feature", "properties": { "Tnr": 55680, "mitRand": 1, "AnzHBbeg": 4, "pHaupt": 1.0, "poHaupt": 0.0, "pQuerus": 0.0, "pFagus": 0.0, "pFraxinus": 0.0, "pCarpinus": 0.0, "pAcer": 0.0, "pTilia": 0.0, "pRobinia": 0.0, "pUlmus": 0.0, "pCastanea": 0.0, "pOtherLH": 0.0, "pBetula": 0.272, "pAlnus": 0.048, "pPopulus": 0.0, "pSalix": 0.0, "pSorbus": 0.0, "pPrunus": 0.0, "pMalus": 0.0, "pPyrus": 0.0, "pOtherLN": 0.0, "pPicea": 0.68, "pPinus": 0.0, "pAbies": 0.0, "pDouglas": 0.0, "pLarix": 0.0, "pOtherNb": 0.0, "pNoEurop": 0.0, "pNoEuropD": 0.0, "pEurop": 1.0, "pDecid": 0.32, "pConifer": 0.68, "pAll": 1.0, "Cell_id": "4444_3064", "EPSG": 31468, "Netz": 8, "Dichte": 8, "Bl": ";16;" }, "geometry": { "type": "Point", "coordinates": [ 694096.794027286930941, 5617723.833022112026811 ] } },
{ "type": "Feature", "properties": { "Tnr": 55682, "mitRand": 1, "AnzHBbeg": 3, "pHaupt": 1.0, "poHaupt": 0.0, "pQuerus": 0.0, "pFagus": 0.0, "pFraxinus": 0.0, "pCarpinus": 0.0, "pAcer": 0.0, "pTilia": 0.0, "pRobinia": 0.0, "pUlmus": 0.0, "pCastanea": 0.0, "pOtherLH": 0.0, "pBetula": 0.29, "pAlnus": 0.0, "pPopulus": 0.0, "pSalix": 0.0, "pSorbus": 0.0, "pPrunus": 0.0, "pMalus": 0.0, "pPyrus": 0.0, "pOtherLN": 0.0, "pPicea": 0.71, "pPinus": 0.0, "pAbies": 0.0, "pDouglas": 0.0, "pLarix": 0.0, "pOtherNb": 0.0, "pNoEurop": 0.0, "pNoEuropD": 0.0, "pEurop": 1.0, "pDecid": 0.29, "pConifer": 0.71, "pAll": 1.0, "Cell_id": "4448_3064", "EPSG": 31468, "Netz": 8, "Dichte": 8, "Bl": ";16;" }, "geometry": { "type": "Point", "coordinates": [ 698097.173032501479611, 5617776.76642353925854 ] } },
{ "type": "Feature", "properties": { "Tnr": 55684, "mitRand": 1, "AnzHBbeg": 3, "pHaupt": 1.0, "poHaupt": 0.0, "pQuerus": 0.085, "pFagus": 0.0, "pFraxinus": 0.0, "pCarpinus": 0.0, "pAcer": 0.0, "pTilia": 0.0, "pRobinia": 0.0, "pUlmus": 0.0, "pCastanea": 0.0, "pOtherLH": 0.0, "pBetula": 0.0, "pAlnus": 0.0, "pPopulus": 0.0, "pSalix": 0.0, "pSorbus": 0.0, "pPrunus": 0.0, "pMalus": 0.0, "pPyrus": 0.0, "pOtherLN": 0.0, "pPicea": 0.915, "pPinus": 0.0, "pAbies": 0.0, "pDouglas": 0.0, "pLarix": 0.0, "pOtherNb": 0.0, "pNoEurop": 0.0, "pNoEuropD": 0.0, "pEurop": 1.0, "pDecid": 0.085, "pConifer": 0.915, "pAll": 1.0, "Cell_id": "4452_3065", "EPSG": 31468, "Netz": 8, "Dichte": 8, "Bl": ";16;" }, "geometry": { "type": "Point", "coordinates": [ 702083.56897887843661, 5618829.294704209081829 ] } },
{ "type": "Feature", "properties": { "Tnr": 55690, "mitRand": 1, "AnzHBbeg": 2, "pHaupt": 1.0, "poHaupt": 0.0, "pQuerus": 0.0, "pFagus": 0.0, "pFraxinus": 0.0, "pCarpinus": 0.0, "pAcer": 0.0, "pTilia": 0.0, "pRobinia": 0.0, "pUlmus": 0.0, "pCastanea": 0.0, "pOtherLH": 0.0, "pBetula": 0.0, "pAlnus": 0.0, "pPopulus": 0.0, "pSalix": 0.0, "pSorbus": 0.0, "pPrunus": 0.0, "pMalus": 0.0, "pPyrus": 0.0, "pOtherLN": 0.0, "pPicea": 0.0, "pPinus": 1.0, "pAbies": 0.0, "pDouglas": 0.0, "pLarix": 0.0, "pOtherNb": 0.0, "pNoEurop": 0.5, "pNoEuropD": 0.5, "pEurop": 0.5, "pDecid": 0.0, "pConifer": 1.0, "pAll": 1.0, "Cell_id": "4464_3065", "EPSG": 31468, "Netz": 8, "Dichte": 8, "Bl": ";16;" }, "geometry": { "type": "Point", "coordinates": [ 714084.705771996290423, 5618988.094399520196021 ] } },
{ "type": "Feature", "properties": { "Tnr": 55694, "mitRand": 1, "AnzHBbeg": 3, "pHaupt": 1.0, "poHaupt": 0.0, "pQuerus": 0.036, "pFagus": 0.0, "pFraxinus": 0.0, "pCarpinus": 0.0, "pAcer": 0.0, "pTilia": 0.0, "pRobinia": 0.0, "pUlmus": 0.0, "pCastanea": 0.0, "pOtherLH": 0.0, "pBetula": 0.157, "pAlnus": 0.0, "pPopulus": 0.0, "pSalix": 0.0, "pSorbus": 0.0, "pPrunus": 0.0, "pMalus": 0.0, "pPyrus": 0.0, "pOtherLN": 0.0, "pPicea": 0.333, "pPinus": 0.379, "pAbies": 0.0, "pDouglas": 0.0, "pLarix": 0.095, "pOtherNb": 0.0, "pNoEurop": 0.0, "pNoEuropD": 0.0, "pEurop": 1.0, "pDecid": 0.193, "pConifer": 0.807, "pAll": 1.0, "Cell_id": "4472_3065", "EPSG": 31468, "Netz": 8, "Dichte": 8, "Bl": ";16;" }, "geometry": { "type": "Point", "coordinates": [ 722085.463485478539951, 5619093.960592006333172 ] } },
{ "type": "Feature", "properties": { "Tnr": 55696, "mitRand": 1, "AnzHBbeg": 4, "pHaupt": 1.0, "poHaupt": 0.0, "pQuerus": 0.0, "pFagus": 0.0, "pFraxinus": 0.0, "pCarpinus": 0.0, "pAcer": 0.0, "pTilia": 0.0, "pRobinia": 0.0, "pUlmus": 0.0, "pCastanea": 0.0, "pOtherLH": 0.0, "pBetula": 0.0, "pAlnus": 0.0, "pPopulus": 0.0, "pSalix": 0.0, "pSorbus": 0.0, "pPrunus": 0.0, "pMalus": 0.0, "pPyrus": 0.0, "pOtherLN": 0.0, "pPicea": 0.877, "pPinus": 0.123, "pAbies": 0.0, "pDouglas": 0.0, "pLarix": 0.0, "pOtherNb": 0.0, "pNoEurop": 0.0, "pNoEuropD": 0.0, "pEurop": 1.0, "pDecid": 0.0, "pConifer": 1.0, "pAll": 1.0, "Cell_id": "4476_3065", "EPSG": 31468, "Netz": 8, "Dichte": 8, "Bl": ";16;" }, "geometry": { "type": "Point", "coordinates": [ 726085.842285701190121, 5619145.894012128002942 ] } },
{ "type": "Feature", "properties": { "Tnr": 55700, "mitRand": 1, "AnzHBbeg": 1, "pHaupt": 1.0, "poHaupt": 0.0, "pQuerus": 0.0, "pFagus": 0.0, "pFraxinus": 0.0, "pCarpinus": 0.0, "pAcer": 0.0, "pTilia": 0.0, "pRobinia": 0.0, "pUlmus": 0.0, "pCastanea": 0.0, "pOtherLH": 0.0, "pBetula": 0.0, "pAlnus": 0.0, "pPopulus": 0.0, "pSalix": 0.0, "pSorbus": 0.0, "pPrunus": 0.0, "pMalus": 0.0, "pPyrus": 0.0, "pOtherLN": 0.0, "pPicea": 1.0, "pPinus": 0.0, "pAbies": 0.0, "pDouglas": 0.0, "pLarix": 0.0, "pOtherNb": 0.0, "pNoEurop": 0.0, "pNoEuropD": 0.0, "pEurop": 1.0, "pDecid": 0.0, "pConifer": 1.0, "pAll": 1.0, "Cell_id": "4484_3065", "EPSG": 31468, "Netz": 8, "Dichte": 8, "Bl": ";16;" }, "geometry": { "type": "Point", "coordinates": [ 734087.599412397597916, 5619251.759867548011243 ] } },
{ "type": "Feature", "properties": { "Tnr": 55747, "mitRand": 1, "AnzHBbeg": 2, "pHaupt": 1.0, "poHaupt": 0.0, "pQuerus": 0.0, "pFagus": 0.39, "pFraxinus": 0.5, "pCarpinus": 0.0, "pAcer": 0.0, "pTilia": 0.0, "pRobinia": 0.0, "pUlmus": 0.0, "pCastanea": 0.0, "pOtherLH": 0.0, "pBetula": 0.0, "pAlnus": 0.0, "pPopulus": 0.0, "pSalix": 0.0, "pSorbus": 0.0, "pPrunus": 0.0, "pMalus": 0.0, "pPyrus": 0.0, "pOtherLN": 0.0, "pPicea": 0.11, "pPinus": 0.0, "pAbies": 0.0, "pDouglas": 0.0, "pLarix": 0.0, "pOtherNb": 0.0, "pNoEurop": 0.0, "pNoEuropD": 0.0, "pEurop": 1.0, "pDecid": 0.89, "pConifer": 0.11, "pAll": 1.0, "Cell_id": "4326_3060", "EPSG": 31467, "Netz": 16, "Dichte": 8, "Bl": ";16;" }, "geometry": { "type": "Point", "coordinates": [ 576183.517843150533736, 5612148.398764845915139 ] } },
{ "type": "Feature", "properties": { "Tnr": 55755, "mitRand": 0, "AnzHBbeg": 4, "pHaupt": 1.0, "poHaupt": 0.0, "pQuerus": 0.0, "pFagus": 0.022, "pFraxinus": 0.0, "pCarpinus": 0.0, "pAcer": 0.0, "pTilia": 0.0, "pRobinia": 0.0, "pUlmus": 0.0, "pCastanea": 0.0, "pOtherLH": 0.0, "pBetula": 0.159, "pAlnus": 0.0, "pPopulus": 0.0, "pSalix": 0.0, "pSorbus": 0.0, "pPrunus": 0.0, "pMalus": 0.0, "pPyrus": 0.0, "pOtherLN": 0.0, "pPicea": 0.21, "pPinus": 0.412, "pAbies": 0.0, "pDouglas": 0.0, "pLarix": 0.196, "pOtherNb": 0.0, "pNoEurop": 0.0, "pNoEuropD": 0.0, "pEurop": 1.0, "pDecid": 0.181, "pConifer": 0.819, "pAll": 1.0, "Cell_id": "4342_3060", "EPSG": 31467, "Netz": 16, "Dichte": 8, "Bl": ";16;" }, "geometry": { "type": "Point", "coordinates": [ 592177.039881013217382, 5612364.136947293765843 ] } },
{ "type": "Feature", "properties": { "Tnr": 55759, "mitRand": 1, "AnzHBbeg": 2, "pHaupt": 1.0, "poHaupt": 0.0, "pQuerus": 0.743, "pFagus": 0.032, "pFraxinus": 0.0, "pCarpinus": 0.0, "pAcer": 0.0, "pTilia": 0.0, "pRobinia": 0.0, "pUlmus": 0.0, "pCastanea": 0.0, "pOtherLH": 0.0, "pBetula": 0.0, "pAlnus": 0.0, "pPopulus": 0.0, "pSalix": 0.0, "pSorbus": 0.0, "pPrunus": 0.0, "pMalus": 0.0, "pPyrus": 0.0, "pOtherLN": 0.0, "pPicea": 0.065, "pPinus": 0.16, "pAbies": 0.0, "pDouglas": 0.0, "pLarix": 0.0, "pOtherNb": 0.0, "pNoEurop": 0.0, "pNoEuropD": 0.0, "pEurop": 1.0, "pDecid": 0.775, "pConifer": 0.225, "pAll": 1.0, "Cell_id": "4350_3060", "EPSG": 31467, "Netz": 16, "Dichte": 8, "Bl": ";16;" }, "geometry": { "type": "Point", "coordinates": [ 600173.800745361601003, 5612471.006124459207058 ] } },
{ "type": "Feature", "properties": { "Tnr": 55761, "mitRand": 1, "AnzHBbeg": 4, "pHaupt": 0.75, "poHaupt": 0.25, "pQuerus": 0.0, "pFagus": 0.0, "pFraxinus": 0.0, "pCarpinus": 0.0, "pAcer": 0.0, "pTilia": 0.0, "pRobinia": 0.0, "pUlmus": 0.0, "pCastanea": 0.0, "pOtherLH": 0.0, "pBetula": 0.0, "pAlnus": 0.0, "pPopulus": 0.0, "pSalix": 0.0, "pSorbus": 0.0, "pPrunus": 0.0, "pMalus": 0.0, "pPyrus": 0.0, "pOtherLN": 0.0, "pPicea": 0.255, "pPinus": 0.351, "pAbies": 0.0, "pDouglas": 0.0, "pLarix": 0.144, "pOtherNb": 0.0, "pNoEurop": 0.0, "pNoEuropD": 0.0, "pEurop": 0.75, "pDecid": 0.0, "pConifer": 0.75, "pAll": 0.75, "Cell_id": "4354_3060", "EPSG": 31467, "Netz": 256, "Dichte": 8, "Bl": ";16;" }, "geometry": { "type": "Point", "coordinates": [ 604172.181146435788833, 5612524.940430646762252 ] } },
{ "type": "Feature", "properties": { "Tnr": 55763, "mitRand": 1, "AnzHBbeg": 4, "pHaupt": 1.0, "poHaupt": 0.0, "pQuerus": 0.0, "pFagus": 0.0, "pFraxinus": 0.0, "pCarpinus": 0.0, "pAcer": 0.0, "pTilia": 0.0, "pRobinia": 0.0, "pUlmus": 0.0, "pCastanea": 0.0, "pOtherLH": 0.0, "pBetula": 0.0, "pAlnus": 0.0, "pPopulus": 0.0, "pSalix": 0.0, "pSorbus": 0.0, "pPrunus": 0.0, "pMalus": 0.0, "pPyrus": 0.0, "pOtherLN": 0.0, "pPicea": 0.053, "pPinus": 0.383, "pAbies": 0.0, "pDouglas": 0.0, "pLarix": 0.564, "pOtherNb": 0.0, "pNoEurop": 0.0, "pNoEuropD": 0.0, "pEurop": 1.0, "pDecid": 0.0, "pConifer": 1.0, "pAll": 1.0, "Cell_id": "4358_3060", "EPSG": 31468, "Netz": 256, "Dichte": 8, "Bl": ";16;" }, "geometry": { "type": "Point", "coordinates": [ 608170.561522887437604, 5612578.874683558940887 ] } },
{ "type": "Feature", "properties": { "Tnr": 55765, "mitRand": 1, "AnzHBbeg": 3, "pHaupt": 1.0, "poHaupt": 0.0, "pQuerus": 0.0, "pFagus": 0.0, "pFraxinus": 0.0, "pCarpinus": 0.0, "pAcer": 0.0, "pTilia": 0.0, "pRobinia": 0.0, "pUlmus": 0.0, "pCastanea": 0.0, "pOtherLH": 0.0, "pBetula": 0.0, "pAlnus": 0.0, "pPopulus": 0.0, "pSalix": 0.0, "pSorbus": 0.0, "pPrunus": 0.0, "pMalus": 0.0, "pPyrus": 0.0, "pOtherLN": 0.0, "pPicea": 0.476, "pPinus": 0.168, "pAbies": 0.0, "pDouglas": 0.0, "pLarix": 0.356, "pOtherNb": 0.0, "pNoEurop": 0.0, "pNoEuropD": 0.0, "pEurop": 1.0, "pDecid": 0.0, "pConifer": 1.0, "pAll": 1.0, "Cell_id": "4362_3060", "EPSG": 31468, "Netz": 16, "Dichte": 8, "Bl": ";16;" }, "geometry": { "type": "Point", "coordinates": [ 612168.941863541607745, 5612631.809288252145052 ] } },
{ "type": "Feature", "properties": { "Tnr": 55767, "mitRand": 1, "AnzHBbeg": 4, "pHaupt": 1.0, "poHaupt": 0.0, "pQuerus": 0.0, "pFagus": 0.485, "pFraxinus": 0.0, "pCarpinus": 0.0, "pAcer": 0.202, "pTilia": 0.0, "pRobinia": 0.0, "pUlmus": 0.0, "pCastanea": 0.0, "pOtherLH": 0.0, "pBetula": 0.0, "pAlnus": 0.0, "pPopulus": 0.0, "pSalix": 0.0, "pSorbus": 0.0, "pPrunus": 0.0, "pMalus": 0.0, "pPyrus": 0.0, "pOtherLN": 0.0, "pPicea": 0.313, "pPinus": 0.0, "pAbies": 0.0, "pDouglas": 0.0, "pLarix": 0.0, "pOtherNb": 0.0, "pNoEurop": 0.0, "pNoEuropD": 0.0, "pEurop": 1.0, "pDecid": 0.687, "pConifer": 0.313, "pAll": 1.0, "Cell_id": "4366_3060", "EPSG": 31468, "Netz": 64, "Dichte": 8, "Bl": ";16;" }, "geometry": { "type": "Point", "coordinates": [ 616167.322190175531432, 5612685.743434543721378 ] } },
{ "type": "Feature", "properties": { "Tnr": 55769, "mitRand": 1, "AnzHBbeg": 4, "pHaupt": 0.75, "poHaupt": 0.25, "pQuerus": 0.0, "pFagus": 0.271, "pFraxinus": 0.0, "pCarpinus": 0.0, "pAcer": 0.0, "pTilia": 0.0, "pRobinia": 0.0, "pUlmus": 0.0, "pCastanea": 0.0, "pOtherLH": 0.0, "pBetula": 0.0, "pAlnus": 0.0, "pPopulus": 0.0, "pSalix": 0.229, "pSorbus": 0.0, "pPrunus": 0.0, "pMalus": 0.0, "pPyrus": 0.0, "pOtherLN": 0.0, "pPicea": 0.25, "pPinus": 0.0, "pAbies": 0.0, "pDouglas": 0.0, "pLarix": 0.0, "pOtherNb": 0.0, "pNoEurop": 0.0, "pNoEuropD": 0.0, "pEurop": 0.75, "pDecid": 0.5, "pConifer": 0.25, "pAll": 0.75, "Cell_id": "4370_3060", "EPSG": 31468, "Netz": 16, "Dichte": 8, "Bl": ";16;" }, "geometry": { "type": "Point", "coordinates": [ 620165.702491628471762, 5612739.677527483552694 ] } },
{ "type": "Feature", "properties": { "Tnr": 55771, "mitRand": 1, "AnzHBbeg": 4, "pHaupt": 1.0, "poHaupt": 0.0, "pQuerus": 0.0, "pFagus": 0.0, "pFraxinus": 0.0, "pCarpinus": 0.0, "pAcer": 0.0, "pTilia": 0.0, "pRobinia": 0.0, "pUlmus": 0.0, "pCastanea": 0.0, "pOtherLH": 0.0, "pBetula": 0.0, "pAlnus": 0.0, "pPopulus": 0.0, "pSalix": 0.0, "pSorbus": 0.0, "pPrunus": 0.0, "pMalus": 0.0, "pPyrus": 0.0, "pOtherLN": 0.0, "pPicea": 1.0, "pPinus": 0.0, "pAbies": 0.0, "pDouglas": 0.0, "pLarix": 0.0, "pOtherNb": 0.0, "pNoEurop": 0.0, "pNoEuropD": 0.0, "pEurop": 1.0, "pDecid": 0.0, "pConifer": 1.0, "pAll": 1.0, "Cell_id": "4374_3060", "EPSG": 31468, "Netz": 256, "Dichte": 8, "Bl": ";16;" }, "geometry": { "type": "Point", "coordinates": [ 624164.082756683346815, 5612792.611972149461508 ] } },
{ "type": "Feature", "properties": { "Tnr": 55773, "mitRand": 1, "AnzHBbeg": 3, "pHaupt": 1.0, "poHaupt": 0.0, "pQuerus": 0.0, "pFagus": 0.063, "pFraxinus": 0.0, "pCarpinus": 0.0, "pAcer": 0.0, "pTilia": 0.0, "pRobinia": 0.0, "pUlmus": 0.0, "pCastanea": 0.0, "pOtherLH": 0.0, "pBetula": 0.0, "pAlnus": 0.0, "pPopulus": 0.0, "pSalix": 0.0, "pSorbus": 0.0, "pPrunus": 0.0, "pMalus": 0.0, "pPyrus": 0.0, "pOtherLN": 0.0, "pPicea": 0.937, "pPinus": 0.0, "pAbies": 0.0, "pDouglas": 0.0, "pLarix": 0.0, "pOtherNb": 0.0, "pNoEurop": 0.0, "pNoEuropD": 0.0, "pEurop": 1.0, "pDecid": 0.063, "pConifer": 0.937, "pAll": 1.0, "Cell_id": "4378_3061", "EPSG": 31468, "Netz": 16, "Dichte": 8, "Bl": ";16;" }, "geometry": { "type": "Point", "coordinates": [ 628149.479316183133051, 5613846.140993747860193 ] } },
{ "type": "Feature", "properties": { "Tnr": 55775, "mitRand": 1, "AnzHBbeg": 3, "pHaupt": 1.0, "poHaupt": 0.0, "pQuerus": 0.0, "pFagus": 0.401, "pFraxinus": 0.0, "pCarpinus": 0.0, "pAcer": 0.0, "pTilia": 0.0, "pRobinia": 0.0, "pUlmus": 0.0, "pCastanea": 0.0, "pOtherLH": 0.0, "pBetula": 0.0, "pAlnus": 0.0, "pPopulus": 0.0, "pSalix": 0.0, "pSorbus": 0.0, "pPrunus": 0.0, "pMalus": 0.0, "pPyrus": 0.0, "pOtherLN": 0.0, "pPicea": 0.36, "pPinus": 0.0, "pAbies": 0.0, "pDouglas": 0.0, "pLarix": 0.239, "pOtherNb": 0.0, "pNoEurop": 0.0, "pNoEuropD": 0.0, "pEurop": 1.0, "pDecid": 0.401, "pConifer": 0.599, "pAll": 1.0, "Cell_id": "4382_3061", "EPSG": 31468, "Netz": 64, "Dichte": 8, "Bl": ";16;" }, "geometry": { "type": "Point", "coordinates": [ 632147.859543291502632, 5613899.075325158424675 ] } },
{ "type": "Feature", "properties": { "Tnr": 55777, "mitRand": 0, "AnzHBbeg": 3, "pHaupt": 1.0, "poHaupt": 0.0, "pQuerus": 0.0, "pFagus": 0.0, "pFraxinus": 0.0, "pCarpinus": 0.0, "pAcer": 0.0, "pTilia": 0.0, "pRobinia": 0.0, "pUlmus": 0.0, "pCastanea": 0.0, "pOtherLH": 0.0, "pBetula": 0.086, "pAlnus": 0.0, "pPopulus": 0.189, "pSalix": 0.059, "pSorbus": 0.0, "pPrunus": 0.0, "pMalus": 0.0, "pPyrus": 0.0, "pOtherLN": 0.0, "pPicea": 0.667, "pPinus": 0.0, "pAbies": 0.0, "pDouglas": 0.0, "pLarix": 0.0, "pOtherNb": 0.0, "pNoEurop": 0.0, "pNoEuropD": 0.0, "pEurop": 1.0, "pDecid": 0.333, "pConifer": 0.667, "pAll": 1.0, "Cell_id": "4386_3061", "EPSG": 31468, "Netz": 16, "Dichte": 8, "Bl": ";16;" }, "geometry": { "type": "Point", "coordinates": [ 636147.239350421004929, 5613953.009186895564198 ] } },
{ "type": "Feature", "properties": { "Tnr": 55779, "mitRand": 1, "AnzHBbeg": 3, "pHaupt": 1.0, "poHaupt": 0.0, "pQuerus": 0.0, "pFagus": 0.0, "pFraxinus": 0.0, "pCarpinus": 0.0, "pAcer": 0.0, "pTilia": 0.0, "pRobinia": 0.0, "pUlmus": 0.0, "pCastanea": 0.0, "pOtherLH": 0.0, "pBetula": 0.0, "pAlnus": 0.0, "pPopulus": 0.0, "pSalix": 0.0, "pSorbus": 0.0, "pPrunus": 0.0, "pMalus": 0.0, "pPyrus": 0.0, "pOtherLN": 0.0, "pPicea": 1.0, "pPinus": 0.0, "pAbies": 0.0, "pDouglas": 0.0, "pLarix": 0.0, "pOtherNb": 0.0, "pNoEurop": 0.0, "pNoEuropD": 0.0, "pEurop": 1.0, "pDecid": 0.0, "pConifer": 1.0, "pAll": 1.0, "Cell_id": "4390_3061", "EPSG": 31468, "Netz": 256, "Dichte": 8, "Bl": ";16;" }, "geometry": { "type": "Point", "coordinates": [ 640145.619525452260859, 5614005.943411299027503 ] } },
{ "type": "Feature", "properties": { "Tnr": 55781, "mitRand": 1, "AnzHBbeg": 1, "pHaupt": 1.0, "poHaupt": 0.0, "pQuerus": 0.0, "pFagus": 0.0, "pFraxinus": 0.0, "pCarpinus": 0.0, "pAcer": 0.0, "pTilia": 0.0, "pRobinia": 0.0, "pUlmus": 0.0, "pCastanea": 0.0, "pOtherLH": 0.0, "pBetula": 0.0, "pAlnus": 0.0, "pPopulus": 0.0, "pSalix": 0.0, "pSorbus": 0.0, "pPrunus": 0.0, "pMalus": 0.0, "pPyrus": 0.0, "pOtherLN": 0.0, "pPicea": 0.785, "pPinus": 0.215, "pAbies": 0.0, "pDouglas": 0.0, "pLarix": 0.0, "pOtherNb": 0.0, "pNoEurop": 0.0, "pNoEuropD": 0.0, "pEurop": 1.0, "pDecid": 0.0, "pConifer": 1.0, "pAll": 1.0, "Cell_id": "4394_3061", "EPSG": 31468, "Netz": 16, "Dichte": 8, "Bl": ";16;" }, "geometry": { "type": "Point", "coordinates": [ 644144.999280145508237, 5614059.877165941521525 ] } },
{ "type": "Feature", "properties": { "Tnr": 55785, "mitRand": 1, "AnzHBbeg": 1, "pHaupt": 1.0, "poHaupt": 0.0, "pQuerus": 0.0, "pFagus": 0.103, "pFraxinus": 0.0, "pCarpinus": 0.0, "pAcer": 0.0, "pTilia": 0.514, "pRobinia": 0.0, "pUlmus": 0.0, "pCastanea": 0.0, "pOtherLH": 0.141, "pBetula": 0.0, "pAlnus": 0.242, "pPopulus": 0.0, "pSalix": 0.0, "pSorbus": 0.0, "pPrunus": 0.0, "pMalus": 0.0, "pPyrus": 0.0, "pOtherLN": 0.0, "pPicea": 0.0, "pPinus": 0.0, "pAbies": 0.0, "pDouglas": 0.0, "pLarix": 0.0, "pOtherNb": 0.0, "pNoEurop": 0.141, "pNoEuropD": 0.141, "pEurop": 0.859, "pDecid": 1.0, "pConifer": 0.0, "pAll": 1.0, "Cell_id": "4402_3061", "EPSG": 31468, "Netz": 16, "Dichte": 8, "Bl": ";16;" }, "geometry": { "type": "Point", "coordinates": [ 652142.759103864547797, 5614166.744930689223111 ] } },
{ "type": "Feature", "properties": { "Tnr": 55787, "mitRand": 1, "AnzHBbeg": 4, "pHaupt": 1.0, "poHaupt": 0.0, "pQuerus": 0.0, "pFagus": 0.0, "pFraxinus": 0.0, "pCarpinus": 0.0, "pAcer": 0.0, "pTilia": 0.0, "pRobinia": 0.0, "pUlmus": 0.0, "pCastanea": 0.0, "pOtherLH": 0.0, "pBetula": 0.25, "pAlnus": 0.0, "pPopulus": 0.0, "pSalix": 0.0, "pSorbus": 0.0, "pPrunus": 0.0, "pMalus": 0.0, "pPyrus": 0.0, "pOtherLN": 0.0, "pPicea": 0.25, "pPinus": 0.18, "pAbies": 0.0, "pDouglas": 0.0, "pLarix": 0.32, "pOtherNb": 0.0, "pNoEurop": 0.0, "pNoEuropD": 0.0, "pEurop": 1.0, "pDecid": 0.25, "pConifer": 0.75, "pAll": 1.0, "Cell_id": "4406_3061", "EPSG": 31468, "Netz": 256, "Dichte": 8, "Bl": ";16;" }, "geometry": { "type": "Point", "coordinates": [ 656142.138767369790003, 5614219.678929650224745 ] } },
{ "type": "Feature", "properties": { "Tnr": 55789, "mitRand": 1, "AnzHBbeg": 4, "pHaupt": 1.0, "poHaupt": 0.0, "pQuerus": 0.845, "pFagus": 0.0, "pFraxinus": 0.0, "pCarpinus": 0.0, "pAcer": 0.0, "pTilia": 0.0, "pRobinia": 0.0, "pUlmus": 0.0, "pCastanea": 0.0, "pOtherLH": 0.0, "pBetula": 0.0, "pAlnus": 0.0, "pPopulus": 0.0, "pSalix": 0.0, "pSorbus": 0.0, "pPrunus": 0.0, "pMalus": 0.0, "pPyrus": 0.0, "pOtherLN": 0.0, "pPicea": 0.019, "pPinus": 0.136, "pAbies": 0.0, "pDouglas": 0.0, "pLarix": 0.0, "pOtherNb": 0.0, "pNoEurop": 0.0, "pNoEuropD": 0.0, "pEurop": 1.0, "pDecid": 0.845, "pConifer": 0.155, "pAll": 1.0, "Cell_id": "4410_3061", "EPSG": 31468, "Netz": 16, "Dichte": 8, "Bl": ";16;" }, "geometry": { "type": "Point", "coordinates": [ 660141.518403793801554, 5614272.612874956801534 ] } },
{ "type": "Feature", "properties": { "Tnr": 55801, "mitRand": 1, "AnzHBbeg": 2, "pHaupt": 1.0, "poHaupt": 0.0, "pQuerus": 0.113, "pFagus": 0.0, "pFraxinus": 0.0, "pCarpinus": 0.0, "pAcer": 0.0, "pTilia": 0.0, "pRobinia": 0.0, "pUlmus": 0.0, "pCastanea": 0.0, "pOtherLH": 0.0, "pBetula": 0.205, "pAlnus": 0.0, "pPopulus": 0.0, "pSalix": 0.0, "pSorbus": 0.0, "pPrunus": 0.0, "pMalus": 0.0, "pPyrus": 0.0, "pOtherLN": 0.0, "pPicea": 0.682, "pPinus": 0.0, "pAbies": 0.0, "pDouglas": 0.0, "pLarix": 0.0, "pOtherNb": 0.0, "pNoEurop": 0.0, "pNoEuropD": 0.0, "pEurop": 1.0, "pDecid": 0.318, "pConifer": 0.682, "pAll": 1.0, "Cell_id": "4434_3062", "EPSG": 31468, "Netz": 16, "Dichte": 8, "Bl": ";16;" }, "geometry": { "type": "Point", "coordinates": [ 684123.812569591100328, 5615591.809563721530139 ] } },
{ "type": "Feature", "properties": { "Tnr": 55805, "mitRand": 0, "AnzHBbeg": 3, "pHaupt": 1.0, "poHaupt": 0.0, "pQuerus": 0.0, "pFagus": 0.0, "pFraxinus": 0.0, "pCarpinus": 0.0, "pAcer": 0.0, "pTilia": 0.0, "pRobinia": 0.0, "pUlmus": 0.0, "pCastanea": 0.0, "pOtherLH": 0.0, "pBetula": 0.0, "pAlnus": 0.0, "pPopulus": 0.0, "pSalix": 0.0, "pSorbus": 0.0, "pPrunus": 0.0, "pMalus": 0.0, "pPyrus": 0.0, "pOtherLN": 0.0, "pPicea": 1.0, "pPinus": 0.0, "pAbies": 0.0, "pDouglas": 0.0, "pLarix": 0.0, "pOtherNb": 0.0, "pNoEurop": 0.0, "pNoEuropD": 0.0, "pEurop": 1.0, "pDecid": 0.0, "pConifer": 1.0, "pAll": 1.0, "Cell_id": "4442_3062", "EPSG": 31468, "Netz": 16, "Dichte": 8, "Bl": ";16;" }, "geometry": { "type": "Point", "coordinates": [ 692123.571046117809601, 5615697.676622455939651 ] } },
{ "type": "Feature", "properties": { "Tnr": 55807, "mitRand": 1, "AnzHBbeg": 2, "pHaupt": 1.0, "poHaupt": 0.0, "pQuerus": 0.0, "pFagus": 0.0, "pFraxinus": 0.0, "pCarpinus": 0.0, "pAcer": 0.0, "pTilia": 0.0, "pRobinia": 0.0, "pUlmus": 0.0, "pCastanea": 0.0, "pOtherLH": 0.0, "pBetula": 0.434, "pAlnus": 0.0, "pPopulus": 0.0, "pSalix": 0.0, "pSorbus": 0.066, "pPrunus": 0.0, "pMalus": 0.0, "pPyrus": 0.0, "pOtherLN": 0.0, "pPicea": 0.5, "pPinus": 0.0, "pAbies": 0.0, "pDouglas": 0.0, "pLarix": 0.0, "pOtherNb": 0.0, "pNoEurop": 0.0, "pNoEuropD": 0.0, "pEurop": 1.0, "pDecid": 0.5, "pConifer": 0.5, "pAll": 1.0, "Cell_id": "4446_3062", "EPSG": 31468, "Netz": 64, "Dichte": 8, "Bl": ";16;" }, "geometry": { "type": "Point", "coordinates": [ 696123.950038727372885, 5615750.61006529815495 ] } },
{ "type": "Feature", "properties": { "Tnr": 55809, "mitRand": 1, "AnzHBbeg": 4, "pHaupt": 1.0, "poHaupt": 0.0, "pQuerus": 0.0, "pFagus": 0.0, "pFraxinus": 0.0, "pCarpinus": 0.0, "pAcer": 0.0, "pTilia": 0.0, "pRobinia": 0.0, "pUlmus": 0.0, "pCastanea": 0.0, "pOtherLH": 0.0, "pBetula": 0.0, "pAlnus": 0.0, "pPopulus": 0.0, "pSalix": 0.0, "pSorbus": 0.0, "pPrunus": 0.0, "pMalus": 0.0, "pPyrus": 0.0, "pOtherLN": 0.0, "pPicea": 0.799, "pPinus": 0.201, "pAbies": 0.0, "pDouglas": 0.0, "pLarix": 0.0, "pOtherNb": 0.0, "pNoEurop": 0.0, "pNoEuropD": 0.0, "pEurop": 1.0, "pDecid": 0.0, "pConifer": 1.0, "pAll": 1.0, "Cell_id": "4450_3062", "EPSG": 31468, "Netz": 16, "Dichte": 8, "Bl": ";16;" }, "geometry": { "type": "Point", "coordinates": [ 700123.329407588811591, 5615803.5434654597193 ] } },
{ "type": "Feature", "properties": { "Tnr": 55811, "mitRand": 1, "AnzHBbeg": 4, "pHaupt": 1.0, "poHaupt": 0.0, "pQuerus": 0.0, "pFagus": 0.0, "pFraxinus": 0.0, "pCarpinus": 0.0, "pAcer": 0.0, "pTilia": 0.0, "pRobinia": 0.0, "pUlmus": 0.0, "pCastanea": 0.0, "pOtherLH": 0.0, "pBetula": 0.153, "pAlnus": 0.0, "pPopulus": 0.0, "pSalix": 0.0, "pSorbus": 0.0, "pPrunus": 0.0, "pMalus": 0.0, "pPyrus": 0.0, "pOtherLN": 0.0, "pPicea": 0.665, "pPinus": 0.182, "pAbies": 0.0, "pDouglas": 0.0, "pLarix": 0.0, "pOtherNb": 0.0, "pNoEurop": 0.0, "pNoEuropD": 0.0, "pEurop": 1.0, "pDecid": 0.153, "pConifer": 0.847, "pAll": 1.0, "Cell_id": "4454_3063", "EPSG": 31468, "Netz": 256, "Dichte": 8, "Bl": ";16;" }, "geometry": { "type": "Point", "coordinates": [ 704110.724910219665617, 5616856.071711924858391 ] } },
{ "type": "Feature", "properties": { "Tnr": 55817, "mitRand": 1, "AnzHBbeg": 4, "pHaupt": 1.0, "poHaupt": 0.0, "pQuerus": 0.0, "pFagus": 0.0, "pFraxinus": 0.0, "pCarpinus": 0.058, "pAcer": 0.0, "pTilia": 0.0, "pRobinia": 0.0, "pUlmus": 0.0, "pCastanea": 0.0, "pOtherLH": 0.0, "pBetula": 0.209, "pAlnus": 0.136, "pPopulus": 0.0, "pSalix": 0.0, "pSorbus": 0.0, "pPrunus": 0.0, "pMalus": 0.0, "pPyrus": 0.0, "pOtherLN": 0.0, "pPicea": 0.492, "pPinus": 0.105, "pAbies": 0.0, "pDouglas": 0.0, "pLarix": 0.0, "pOtherNb": 0.0, "pNoEurop": 0.0, "pNoEuropD": 0.0, "pEurop": 1.0, "pDecid": 0.403, "pConifer": 0.597, "pAll": 1.0, "Cell_id": "4466_3063", "EPSG": 31468, "Netz": 16, "Dichte": 8, "Bl": ";16;" }, "geometry": { "type": "Point", "coordinates": [ 716110.861971532343887, 5617013.871786830946803 ] } },
{ "type": "Feature", "properties": { "Tnr": 55819, "mitRand": 1, "AnzHBbeg": 1, "pHaupt": 1.0, "poHaupt": 0.0, "pQuerus": 0.248, "pFagus": 0.0, "pFraxinus": 0.0, "pCarpinus": 0.0, "pAcer": 0.0, "pTilia": 0.0, "pRobinia": 0.0, "pUlmus": 0.0, "pCastanea": 0.0, "pOtherLH": 0.0, "pBetula": 0.0, "pAlnus": 0.0, "pPopulus": 0.0, "pSalix": 0.0, "pSorbus": 0.0, "pPrunus": 0.0, "pMalus": 0.0, "pPyrus": 0.0, "pOtherLN": 0.0, "pPicea": 0.0, "pPinus": 0.752, "pAbies": 0.0, "pDouglas": 0.0, "pLarix": 0.0, "pOtherNb": 0.0, "pNoEurop": 0.0, "pNoEuropD": 0.0, "pEurop": 1.0, "pDecid": 0.248, "pConifer": 0.752, "pAll": 1.0, "Cell_id": "4470_3063", "EPSG": 31468, "Netz": 256, "Dichte": 8, "Bl": ";16;" }, "geometry": { "type": "Point", "coordinates": [ 720112.240395896253176, 5617066.804886691272259 ] } },
{ "type": "Feature", "properties": { "Tnr": 55821, "mitRand": 1, "AnzHBbeg": 3, "pHaupt": 1.0, "poHaupt": 0.0, "pQuerus": 0.0, "pFagus": 0.0, "pFraxinus": 0.0, "pCarpinus": 0.0, "pAcer": 0.0, "pTilia": 0.0, "pRobinia": 0.0, "pUlmus": 0.0, "pCastanea": 0.0, "pOtherLH": 0.0, "pBetula": 0.0, "pAlnus": 0.0, "pPopulus": 0.0, "pSalix": 0.0, "pSorbus": 0.0, "pPrunus": 0.0, "pMalus": 0.0, "pPyrus": 0.0, "pOtherLN": 0.0, "pPicea": 0.382, "pPinus": 0.566, "pAbies": 0.0, "pDouglas": 0.0, "pLarix": 0.052, "pOtherNb": 0.0, "pNoEurop": 0.0, "pNoEuropD": 0.0, "pEurop": 1.0, "pDecid": 0.0, "pConifer": 1.0, "pAll": 1.0, "Cell_id": "4474_3063", "EPSG": 31468, "Netz": 16, "Dichte": 8, "Bl": ";16;" }, "geometry": { "type": "Point", "coordinates": [ 724112.619195423088968, 5617119.737943730317056 ] } },
{ "type": "Feature", "properties": { "Tnr": 55875, "mitRand": 0, "AnzHBbeg": 1, "pHaupt": 1.0, "poHaupt": 0.0, "pQuerus": 0.0, "pFagus": 0.633, "pFraxinus": 0.0, "pCarpinus": 0.0, "pAcer": 0.367, "pTilia": 0.0, "pRobinia": 0.0, "pUlmus": 0.0, "pCastanea": 0.0, "pOtherLH": 0.0, "pBetula": 0.0, "pAlnus": 0.0, "pPopulus": 0.0, "pSalix": 0.0, "pSorbus": 0.0, "pPrunus": 0.0, "pMalus": 0.0, "pPyrus": 0.0, "pOtherLN": 0.0, "pPicea": 0.0, "pPinus": 0.0, "pAbies": 0.0, "pDouglas": 0.0, "pLarix": 0.0, "pOtherNb": 0.0, "pNoEurop": 0.0, "pNoEuropD": 0.0, "pEurop": 1.0, "pDecid": 1.0, "pConifer": 0.0, "pAll": 1.0, "Cell_id": "4328_3058", "EPSG": 31467, "Netz": 8, "Dichte": 8, "Bl": ";16;" }, "geometry": { "type": "Point", "coordinates": [ 578209.67543365561869, 5610176.175858939997852 ] } },
{ "type": "Feature", "properties": { "Tnr": 55877, "mitRand": 1, "AnzHBbeg": 4, "pHaupt": 1.0, "poHaupt": 0.0, "pQuerus": 0.0, "pFagus": 1.0, "pFraxinus": 0.0, "pCarpinus": 0.0, "pAcer": 0.0, "pTilia": 0.0, "pRobinia": 0.0, "pUlmus": 0.0, "pCastanea": 0.0, "pOtherLH": 0.0, "pBetula": 0.0, "pAlnus": 0.0, "pPopulus": 0.0, "pSalix": 0.0, "pSorbus": 0.0, "pPrunus": 0.0, "pMalus": 0.0, "pPyrus": 0.0, "pOtherLN": 0.0, "pPicea": 0.0, "pPinus": 0.0, "pAbies": 0.0, "pDouglas": 0.0, "pLarix": 0.0, "pOtherNb": 0.0, "pNoEurop": 0.0, "pNoEuropD": 0.0, "pEurop": 1.0, "pDecid": 1.0, "pConifer": 0.0, "pAll": 1.0, "Cell_id": "4332_3058", "EPSG": 31467, "Netz": 8, "Dichte": 8, "Bl": ";16;" }, "geometry": { "type": "Point", "coordinates": [ 582208.055940235266462, 5610230.11046944744885 ] } },
{ "type": "Feature", "properties": { "Tnr": 55879, "mitRand": 1, "AnzHBbeg": 2, "pHaupt": 1.0, "poHaupt": 0.0, "pQuerus": 0.0, "pFagus": 0.0, "pFraxinus": 0.0, "pCarpinus": 0.0, "pAcer": 0.0, "pTilia": 0.0, "pRobinia": 0.0, "pUlmus": 0.0, "pCastanea": 0.0, "pOtherLH": 0.0, "pBetula": 0.0, "pAlnus": 0.0, "pPopulus": 0.0, "pSalix": 0.0, "pSorbus": 0.0, "pPrunus": 0.0, "pMalus": 0.0, "pPyrus": 0.0, "pOtherLN": 0.0, "pPicea": 1.0, "pPinus": 0.0, "pAbies": 0.0, "pDouglas": 0.0, "pLarix": 0.0, "pOtherNb": 0.0, "pNoEurop": 0.0, "pNoEuropD": 0.0, "pEurop": 1.0, "pDecid": 0.0, "pConifer": 1.0, "pAll": 1.0, "Cell_id": "4336_3058", "EPSG": 31467, "Netz": 8, "Dichte": 8, "Bl": ";16;" }, "geometry": { "type": "Point", "coordinates": [ 586206.436423205654137, 5610284.04502690397203 ] } },
{ "type": "Feature", "properties": { "Tnr": 55881, "mitRand": 1, "AnzHBbeg": 4, "pHaupt": 1.0, "poHaupt": 0.0, "pQuerus": 0.0, "pFagus": 0.0, "pFraxinus": 0.0, "pCarpinus": 0.0, "pAcer": 0.0, "pTilia": 0.0, "pRobinia": 0.0, "pUlmus": 0.0, "pCastanea": 0.0, "pOtherLH": 0.0, "pBetula": 0.0, "pAlnus": 0.0, "pPopulus": 0.0, "pSalix": 0.0, "pSorbus": 0.0, "pPrunus": 0.0, "pMalus": 0.0, "pPyrus": 0.0, "pOtherLN": 0.0, "pPicea": 0.0, "pPinus": 0.918, "pAbies": 0.0, "pDouglas": 0.0, "pLarix": 0.082, "pOtherNb": 0.0, "pNoEurop": 0.0, "pNoEuropD": 0.0, "pEurop": 1.0, "pDecid": 0.0, "pConifer": 1.0, "pAll": 1.0, "Cell_id": "4340_3058", "EPSG": 31467, "Netz": 8, "Dichte": 8, "Bl": ";16;" }, "geometry": { "type": "Point", "coordinates": [ 590204.816882380284369, 5610337.97953128721565 ] } },
{ "type": "Feature", "properties": { "Tnr": 55885, "mitRand": 0, "AnzHBbeg": 2, "pHaupt": 1.0, "poHaupt": 0.0, "pQuerus": 0.0, "pFagus": 0.0, "pFraxinus": 0.0, "pCarpinus": 0.0, "pAcer": 0.0, "pTilia": 0.0, "pRobinia": 0.0, "pUlmus": 0.0, "pCastanea": 0.0, "pOtherLH": 0.0, "pBetula": 0.0, "pAlnus": 0.0, "pPopulus": 0.0, "pSalix": 0.0, "pSorbus": 0.0, "pPrunus": 0.0, "pMalus": 0.0, "pPyrus": 0.0, "pOtherLN": 0.0, "pPicea": 0.169, "pPinus": 0.587, "pAbies": 0.0, "pDouglas": 0.0, "pLarix": 0.244, "pOtherNb": 0.0, "pNoEurop": 0.0, "pNoEuropD": 0.0, "pEurop": 1.0, "pDecid": 0.0, "pConifer": 1.0, "pAll": 1.0, "Cell_id": "4348_3058", "EPSG": 31467, "Netz": 8, "Dichte": 8, "Bl": ";16;" }, "geometry": { "type": "Point", "coordinates": [ 598201.577717656153254, 5610444.84878579992801 ] } },
{ "type": "Feature", "properties": { "Tnr": 55887, "mitRand": 1, "AnzHBbeg": 4, "pHaupt": 1.0, "poHaupt": 0.0, "pQuerus": 0.0, "pFagus": 0.0, "pFraxinus": 0.0, "pCarpinus": 0.0, "pAcer": 0.0, "pTilia": 0.0, "pRobinia": 0.0, "pUlmus": 0.0, "pCastanea": 0.0, "pOtherLH": 0.0, "pBetula": 0.0, "pAlnus": 0.066, "pPopulus": 0.0, "pSalix": 0.0, "pSorbus": 0.0, "pPrunus": 0.0, "pMalus": 0.0, "pPyrus": 0.0, "pOtherLN": 0.0, "pPicea": 0.605, "pPinus": 0.145, "pAbies": 0.0, "pDouglas": 0.0, "pLarix": 0.184, "pOtherNb": 0.0, "pNoEurop": 0.0, "pNoEuropD": 0.0, "pEurop": 1.0, "pDecid": 0.066, "pConifer": 0.934, "pAll": 1.0, "Cell_id": "4352_3058", "EPSG": 31467, "Netz": 8, "Dichte": 8, "Bl": ";16;" }, "geometry": { "type": "Point", "coordinates": [ 602198.95850936556235, 5610498.783141771331429 ] } },
{ "type": "Feature", "properties": { "Tnr": 55889, "mitRand": 0, "AnzHBbeg": 4, "pHaupt": 1.0, "poHaupt": 0.0, "pQuerus": 0.0, "pFagus": 0.186, "pFraxinus": 0.0, "pCarpinus": 0.0, "pAcer": 0.0, "pTilia": 0.0, "pRobinia": 0.0, "pUlmus": 0.0, "pCastanea": 0.0, "pOtherLH": 0.0, "pBetula": 0.0, "pAlnus": 0.0, "pPopulus": 0.0, "pSalix": 0.0, "pSorbus": 0.0, "pPrunus": 0.0, "pMalus": 0.0, "pPyrus": 0.0, "pOtherLN": 0.0, "pPicea": 0.814, "pPinus": 0.0, "pAbies": 0.0, "pDouglas": 0.0, "pLarix": 0.0, "pOtherNb": 0.0, "pNoEurop": 0.0, "pNoEuropD": 0.0, "pEurop": 1.0, "pDecid": 0.186, "pConifer": 0.814, "pAll": 1.0, "Cell_id": "4356_3058", "EPSG": 31468, "Netz": 8, "Dichte": 8, "Bl": ";16;" }, "geometry": { "type": "Point", "coordinates": [ 606197.338871485320851, 5610552.717433631420135 ] } },
{ "type": "Feature", "properties": { "Tnr": 55891, "mitRand": 1, "AnzHBbeg": 4, "pHaupt": 1.0, "poHaupt": 0.0, "pQuerus": 0.0, "pFagus": 0.0, "pFraxinus": 0.0, "pCarpinus": 0.0, "pAcer": 0.0, "pTilia": 0.0, "pRobinia": 0.0, "pUlmus": 0.0, "pCastanea": 0.0, "pOtherLH": 0.0, "pBetula": 0.0, "pAlnus": 0.0, "pPopulus": 0.0, "pSalix": 0.0, "pSorbus": 0.0, "pPrunus": 0.0, "pMalus": 0.0, "pPyrus": 0.0, "pOtherLN": 0.0, "pPicea": 0.522, "pPinus": 0.081, "pAbies": 0.0, "pDouglas": 0.398, "pLarix": 0.0, "pOtherNb": 0.0, "pNoEurop": 0.398, "pNoEuropD": 0.0, "pEurop": 0.602, "pDecid": 0.0, "pConifer": 1.0, "pAll": 1.0, "Cell_id": "4360_3058", "EPSG": 31468, "Netz": 8, "Dichte": 8, "Bl": ";16;" }, "geometry": { "type": "Point", "coordinates": [ 610196.718792831525207, 5610605.652066403999925 ] } },
{ "type": "Feature", "properties": { "Tnr": 55893, "mitRand": 1, "AnzHBbeg": 4, "pHaupt": 1.0, "poHaupt": 0.0, "pQuerus": 0.0, "pFagus": 0.921, "pFraxinus": 0.0, "pCarpinus": 0.0, "pAcer": 0.059, "pTilia": 0.0, "pRobinia": 0.0, "pUlmus": 0.0, "pCastanea": 0.0, "pOtherLH": 0.0, "pBetula": 0.0, "pAlnus": 0.0, "pPopulus": 0.0, "pSalix": 0.0, "pSorbus": 0.0, "pPrunus": 0.0, "pMalus": 0.0, "pPyrus": 0.0, "pOtherLN": 0.0, "pPicea": 0.02, "pPinus": 0.0, "pAbies": 0.0, "pDouglas": 0.0, "pLarix": 0.0, "pOtherNb": 0.0, "pNoEurop": 0.0, "pNoEuropD": 0.0, "pEurop": 1.0, "pDecid": 0.98, "pConifer": 0.02, "pAll": 1.0, "Cell_id": "4364_3058", "EPSG": 31468, "Netz": 8, "Dichte": 8, "Bl": ";16;" }, "geometry": { "type": "Point", "coordinates": [ 614195.099105289787985, 5610659.586251839064062 ] } },
{ "type": "Feature", "properties": { "Tnr": 55895, "mitRand": 0, "AnzHBbeg": 4, "pHaupt": 1.0, "poHaupt": 0.0, "pQuerus": 0.0, "pFagus": 0.0, "pFraxinus": 0.0, "pCarpinus": 0.0, "pAcer": 0.0, "pTilia": 0.0, "pRobinia": 0.0, "pUlmus": 0.0, "pCastanea": 0.0, "pOtherLH": 0.0, "pBetula": 0.057, "pAlnus": 0.0, "pPopulus": 0.0, "pSalix": 0.0, "pSorbus": 0.0, "pPrunus": 0.0, "pMalus": 0.0, "pPyrus": 0.0, "pOtherLN": 0.0, "pPicea": 0.201, "pPinus": 0.0, "pAbies": 0.0, "pDouglas": 0.25, "pLarix": 0.492, "pOtherNb": 0.0, "pNoEurop": 0.25, "pNoEuropD": 0.0, "pEurop": 0.75, "pDecid": 0.057, "pConifer": 0.943, "pAll": 1.0, "Cell_id": "4368_3058", "EPSG": 31468, "Netz": 8, "Dichte": 8, "Bl": ";16;" }, "geometry": { "type": "Point", "coordinates": [ 618193.479392647161148, 5610713.52038403134793 ] } },
{ "type": "Feature", "properties": { "Tnr": 55897, "mitRand": 0, "AnzHBbeg": 1, "pHaupt": 1.0, "poHaupt": 0.0, "pQuerus": 0.0, "pFagus": 0.257, "pFraxinus": 0.0, "pCarpinus": 0.0, "pAcer": 0.141, "pTilia": 0.0, "pRobinia": 0.0, "pUlmus": 0.0, "pCastanea": 0.0, "pOtherLH": 0.0, "pBetula": 0.0, "pAlnus": 0.0, "pPopulus": 0.0, "pSalix": 0.0, "pSorbus": 0.0, "pPrunus": 0.0, "pMalus": 0.0, "pPyrus": 0.0, "pOtherLN": 0.0, "pPicea": 0.087, "pPinus": 0.0, "pAbies": 0.0, "pDouglas": 0.0, "pLarix": 0.515, "pOtherNb": 0.0, "pNoEurop": 0.0, "pNoEuropD": 0.0, "pEurop": 1.0, "pDecid": 0.398, "pConifer": 0.602, "pAll": 1.0, "Cell_id": "4372_3058", "EPSG": 31468, "Netz": 8, "Dichte": 8, "Bl": ";16;" }, "geometry": { "type": "Point", "coordinates": [ 622191.859643698204309, 5610766.454868060536683 ] } },
{ "type": "Feature", "properties": { "Tnr": 55899, "mitRand": 1, "AnzHBbeg": 4, "pHaupt": 1.0, "poHaupt": 0.0, "pQuerus": 0.0, "pFagus": 0.0, "pFraxinus": 0.0, "pCarpinus": 0.0, "pAcer": 0.0, "pTilia": 0.0, "pRobinia": 0.0, "pUlmus": 0.0, "pCastanea": 0.0, "pOtherLH": 0.0, "pBetula": 0.0, "pAlnus": 0.0, "pPopulus": 0.0, "pSalix": 0.0, "pSorbus": 0.0, "pPrunus": 0.0, "pMalus": 0.0, "pPyrus": 0.0, "pOtherLN": 0.0, "pPicea": 1.0, "pPinus": 0.0, "pAbies": 0.0, "pDouglas": 0.0, "pLarix": 0.0, "pOtherNb": 0.0, "pNoEurop": 0.0, "pNoEuropD": 0.0, "pEurop": 1.0, "pDecid": 0.0, "pConifer": 1.0, "pAll": 1.0, "Cell_id": "4376_3058", "EPSG": 31468, "Netz": 8, "Dichte": 8, "Bl": ";16;" }, "geometry": { "type": "Point", "coordinates": [ 626190.239880281616934, 5610820.388893694616854 ] } },
{ "type": "Feature", "properties": { "Tnr": 55903, "mitRand": 1, "AnzHBbeg": 4, "pHaupt": 1.0, "poHaupt": 0.0, "pQuerus": 0.0, "pFagus": 0.032, "pFraxinus": 0.0, "pCarpinus": 0.0, "pAcer": 0.0, "pTilia": 0.0, "pRobinia": 0.0, "pUlmus": 0.0, "pCastanea": 0.0, "pOtherLH": 0.0, "pBetula": 0.0, "pAlnus": 0.0, "pPopulus": 0.0, "pSalix": 0.03, "pSorbus": 0.12, "pPrunus": 0.0, "pMalus": 0.0, "pPyrus": 0.0, "pOtherLN": 0.0, "pPicea": 0.818, "pPinus": 0.0, "pAbies": 0.0, "pDouglas": 0.0, "pLarix": 0.0, "pOtherNb": 0.0, "pNoEurop": 0.0, "pNoEuropD": 0.0, "pEurop": 1.0, "pDecid": 0.182, "pConifer": 0.818, "pAll": 1.0, "Cell_id": "4384_3059", "EPSG": 31468, "Netz": 8, "Dichte": 8, "Bl": ";16;" }, "geometry": { "type": "Point", "coordinates": [ 634174.016591042280197, 5611926.852209104225039 ] } },
{ "type": "Feature", "properties": { "Tnr": 55905, "mitRand": 0, "AnzHBbeg": 4, "pHaupt": 1.0, "poHaupt": 0.0, "pQuerus": 0.0, "pFagus": 0.0, "pFraxinus": 0.0, "pCarpinus": 0.0, "pAcer": 0.0, "pTilia": 0.0, "pRobinia": 0.0, "pUlmus": 0.0, "pCastanea": 0.0, "pOtherLH": 0.0, "pBetula": 0.0, "pAlnus": 0.0, "pPopulus": 0.0, "pSalix": 0.0, "pSorbus": 0.0, "pPrunus": 0.0, "pMalus": 0.0, "pPyrus": 0.0, "pOtherLN": 0.0, "pPicea": 0.944, "pPinus": 0.0, "pAbies": 0.0, "pDouglas": 0.0, "pLarix": 0.056, "pOtherNb": 0.0, "pNoEurop": 0.0, "pNoEuropD": 0.0, "pEurop": 1.0, "pDecid": 0.0, "pConifer": 1.0, "pAll": 1.0, "Cell_id": "4388_3059", "EPSG": 31468, "Netz": 8, "Dichte": 8, "Bl": ";16;" }, "geometry": { "type": "Point", "coordinates": [ 638173.396347265108489, 5611979.786462248302996 ] } },
{ "type": "Feature", "properties": { "Tnr": 55909, "mitRand": 1, "AnzHBbeg": 3, "pHaupt": 1.0, "poHaupt": 0.0, "pQuerus": 0.0, "pFagus": 0.0, "pFraxinus": 0.0, "pCarpinus": 0.0, "pAcer": 0.0, "pTilia": 0.0, "pRobinia": 0.0, "pUlmus": 0.0, "pCastanea": 0.0, "pOtherLH": 0.0, "pBetula": 0.0, "pAlnus": 0.0, "pPopulus": 0.149, "pSalix": 0.0, "pSorbus": 0.092, "pPrunus": 0.0, "pMalus": 0.0, "pPyrus": 0.0, "pOtherLN": 0.0, "pPicea": 0.759, "pPinus": 0.0, "pAbies": 0.0, "pDouglas": 0.0, "pLarix": 0.0, "pOtherNb": 0.0, "pNoEurop": 0.0, "pNoEuropD": 0.0, "pEurop": 1.0, "pDecid": 0.241, "pConifer": 0.759, "pAll": 1.0, "Cell_id": "4396_3059", "EPSG": 31468, "Netz": 8, "Dichte": 8, "Bl": ";16;" }, "geometry": { "type": "Point", "coordinates": [ 646171.156196985859424, 5612086.654414111748338 ] } },
{ "type": "Feature", "properties": { "Tnr": 55913, "mitRand": 0, "AnzHBbeg": 2, "pHaupt": 1.0, "poHaupt": 0.0, "pQuerus": 0.389, "pFagus": 0.351, "pFraxinus": 0.0, "pCarpinus": 0.0, "pAcer": 0.0, "pTilia": 0.0, "pRobinia": 0.0, "pUlmus": 0.0, "pCastanea": 0.0, "pOtherLH": 0.0, "pBetula": 0.0, "pAlnus": 0.0, "pPopulus": 0.0, "pSalix": 0.0, "pSorbus": 0.0, "pPrunus": 0.0, "pMalus": 0.0, "pPyrus": 0.0, "pOtherLN": 0.0, "pPicea": 0.259, "pPinus": 0.0, "pAbies": 0.0, "pDouglas": 0.0, "pLarix": 0.0, "pOtherNb": 0.0, "pNoEurop": 0.0, "pNoEuropD": 0.0, "pEurop": 1.0, "pDecid": 0.741, "pConifer": 0.259, "pAll": 1.0, "Cell_id": "4404_3059", "EPSG": 31468, "Netz": 8, "Dichte": 8, "Bl": ";16;" }, "geometry": { "type": "Point", "coordinates": [ 654168.91594027983956, 5612193.522152001038194 ] } },
{ "type": "Feature", "properties": { "Tnr": 55915, "mitRand": 0, "AnzHBbeg": 4, "pHaupt": 1.0, "poHaupt": 0.0, "pQuerus": 0.0, "pFagus": 0.0, "pFraxinus": 0.0, "pCarpinus": 0.0, "pAcer": 0.0, "pTilia": 0.0, "pRobinia": 0.0, "pUlmus": 0.0, "pCastanea": 0.0, "pOtherLH": 0.0, "pBetula": 0.0, "pAlnus": 0.0, "pPopulus": 0.0, "pSalix": 0.0, "pSorbus": 0.0, "pPrunus": 0.0, "pMalus": 0.0, "pPyrus": 0.0, "pOtherLN": 0.0, "pPicea": 0.373, "pPinus": 0.584, "pAbies": 0.043, "pDouglas": 0.0, "pLarix": 0.0, "pOtherNb": 0.0, "pNoEurop": 0.0, "pNoEuropD": 0.0, "pEurop": 1.0, "pDecid": 0.0, "pConifer": 1.0, "pAll": 1.0, "Cell_id": "4408_3059", "EPSG": 31468, "Netz": 8, "Dichte": 8, "Bl": ";16;" }, "geometry": { "type": "Point", "coordinates": [ 658168.295563407475129, 5612246.45613765809685 ] } },
{ "type": "Feature", "properties": { "Tnr": 55917, "mitRand": 1, "AnzHBbeg": 3, "pHaupt": 1.0, "poHaupt": 0.0, "pQuerus": 0.0, "pFagus": 0.0, "pFraxinus": 0.0, "pCarpinus": 0.0, "pAcer": 0.0, "pTilia": 0.0, "pRobinia": 0.0, "pUlmus": 0.0, "pCastanea": 0.0, "pOtherLH": 0.0, "pBetula": 0.0, "pAlnus": 0.0, "pPopulus": 0.0, "pSalix": 0.0, "pSorbus": 0.0, "pPrunus": 0.0, "pMalus": 0.0, "pPyrus": 0.0, "pOtherLN": 0.0, "pPicea": 0.627, "pPinus": 0.143, "pAbies": 0.0, "pDouglas": 0.0, "pLarix": 0.23, "pOtherNb": 0.0, "pNoEurop": 0.0, "pNoEuropD": 0.0, "pEurop": 1.0, "pDecid": 0.0, "pConifer": 1.0, "pAll": 1.0, "Cell_id": "4412_3059", "EPSG": 31468, "Netz": 8, "Dichte": 8, "Bl": ";16;" }, "geometry": { "type": "Point", "coordinates": [ 662167.67515934840776, 5612299.390069741755724 ] } },
{ "type": "Feature", "properties": { "Tnr": 55925, "mitRand": 1, "AnzHBbeg": 2, "pHaupt": 1.0, "poHaupt": 0.0, "pQuerus": 0.0, "pFagus": 0.0, "pFraxinus": 0.07, "pCarpinus": 0.0, "pAcer": 0.191, "pTilia": 0.063, "pRobinia": 0.0, "pUlmus": 0.0, "pCastanea": 0.0, "pOtherLH": 0.0, "pBetula": 0.0, "pAlnus": 0.0, "pPopulus": 0.0, "pSalix": 0.0, "pSorbus": 0.0, "pPrunus": 0.0, "pMalus": 0.0, "pPyrus": 0.0, "pOtherLN": 0.0, "pPicea": 0.037, "pPinus": 0.518, "pAbies": 0.0, "pDouglas": 0.0, "pLarix": 0.12, "pOtherNb": 0.0, "pNoEurop": 0.0, "pNoEuropD": 0.0, "pEurop": 1.0, "pDecid": 0.324, "pConifer": 0.676, "pAll": 1.0, "Cell_id": "4428_3060", "EPSG": 31468, "Netz": 8, "Dichte": 8, "Bl": ";16;" }, "geometry": { "type": "Point", "coordinates": [ 678151.210158945177682, 5613511.719815861433744 ] } },
{ "type": "Feature", "properties": { "Tnr": 55933, "mitRand": 0, "AnzHBbeg": 1, "pHaupt": 1.0, "poHaupt": 0.0, "pQuerus": 0.0, "pFagus": 0.0, "pFraxinus": 0.0, "pCarpinus": 0.0, "pAcer": 0.0, "pTilia": 0.0, "pRobinia": 0.0, "pUlmus": 0.0, "pCastanea": 0.0, "pOtherLH": 0.0, "pBetula": 0.558, "pAlnus": 0.0, "pPopulus": 0.0, "pSalix": 0.0, "pSorbus": 0.0, "pPrunus": 0.0, "pMalus": 0.0, "pPyrus": 0.0, "pOtherLN": 0.0, "pPicea": 0.442, "pPinus": 0.0, "pAbies": 0.0, "pDouglas": 0.0, "pLarix": 0.0, "pOtherNb": 0.0, "pNoEurop": 0.0, "pNoEuropD": 0.0, "pEurop": 1.0, "pDecid": 0.558, "pConifer": 0.442, "pAll": 1.0, "Cell_id": "4444_3060", "EPSG": 31468, "Netz": 8, "Dichte": 8, "Bl": ";16;" }, "geometry": { "type": "Point", "coordinates": [ 694150.727060701465234, 5613723.454097934067249 ] } },
{ "type": "Feature", "properties": { "Tnr": 55943, "mitRand": 1, "AnzHBbeg": 3, "pHaupt": 1.0, "poHaupt": 0.0, "pQuerus": 0.067, "pFagus": 0.0, "pFraxinus": 0.0, "pCarpinus": 0.0, "pAcer": 0.0, "pTilia": 0.0, "pRobinia": 0.0, "pUlmus": 0.0, "pCastanea": 0.0, "pOtherLH": 0.0, "pBetula": 0.0, "pAlnus": 0.061, "pPopulus": 0.0, "pSalix": 0.0, "pSorbus": 0.158, "pPrunus": 0.0, "pMalus": 0.0, "pPyrus": 0.0, "pOtherLN": 0.0, "pPicea": 0.565, "pPinus": 0.149, "pAbies": 0.0, "pDouglas": 0.0, "pLarix": 0.0, "pOtherNb": 0.0, "pNoEurop": 0.0, "pNoEuropD": 0.0, "pEurop": 1.0, "pDecid": 0.287, "pConifer": 0.713, "pAll": 1.0, "Cell_id": "4464_3061", "EPSG": 31468, "Netz": 8, "Dichte": 8, "Bl": ";16;" }, "geometry": { "type": "Point", "coordinates": [ 714137.638932553119957, 5614987.715619358234107 ] } },
{ "type": "Feature", "properties": { "Tnr": 55945, "mitRand": 0, "AnzHBbeg": 3, "pHaupt": 1.0, "poHaupt": 0.0, "pQuerus": 0.0, "pFagus": 0.0, "pFraxinus": 0.0, "pCarpinus": 0.0, "pAcer": 0.0, "pTilia": 0.0, "pRobinia": 0.0, "pUlmus": 0.0, "pCastanea": 0.0, "pOtherLH": 0.0, "pBetula": 0.2, "pAlnus": 0.0, "pPopulus": 0.0, "pSalix": 0.0, "pSorbus": 0.0, "pPrunus": 0.0, "pMalus": 0.0, "pPyrus": 0.0, "pOtherLN": 0.0, "pPicea": 0.24, "pPinus": 0.56, "pAbies": 0.0, "pDouglas": 0.0, "pLarix": 0.0, "pOtherNb": 0.0, "pNoEurop": 0.0, "pNoEuropD": 0.0, "pEurop": 1.0, "pDecid": 0.2, "pConifer": 0.8, "pAll": 1.0, "Cell_id": "4468_3061", "EPSG": 31468, "Netz": 8, "Dichte": 8, "Bl": ";16;" }, "geometry": { "type": "Point", "coordinates": [ 718138.017750030965544, 5615040.648772551678121 ] } },
{ "type": "Feature", "properties": { "Tnr": 55949, "mitRand": 1, "AnzHBbeg": 1, "pHaupt": 1.0, "poHaupt": 0.0, "pQuerus": 0.388, "pFagus": 0.0, "pFraxinus": 0.0, "pCarpinus": 0.612, "pAcer": 0.0, "pTilia": 0.0, "pRobinia": 0.0, "pUlmus": 0.0, "pCastanea": 0.0, "pOtherLH": 0.0, "pBetula": 0.0, "pAlnus": 0.0, "pPopulus": 0.0, "pSalix": 0.0, "pSorbus": 0.0, "pPrunus": 0.0, "pMalus": 0.0, "pPyrus": 0.0, "pOtherLN": 0.0, "pPicea": 0.0, "pPinus": 0.0, "pAbies": 0.0, "pDouglas": 0.0, "pLarix": 0.0, "pOtherNb": 0.0, "pNoEurop": 0.0, "pNoEuropD": 0.0, "pEurop": 1.0, "pDecid": 1.0, "pConifer": 0.0, "pAll": 1.0, "Cell_id": "4476_3061", "EPSG": 31468, "Netz": 8, "Dichte": 8, "Bl": ";16;" }, "geometry": { "type": "Point", "coordinates": [ 726139.774878187570721, 5615145.515310655348003 ] } },
{ "type": "Feature", "properties": { "Tnr": 55999, "mitRand": 1, "AnzHBbeg": 1, "pHaupt": 1.0, "poHaupt": 0.0, "pQuerus": 0.0, "pFagus": 0.0, "pFraxinus": 0.0, "pCarpinus": 0.0, "pAcer": 0.0, "pTilia": 0.0, "pRobinia": 0.0, "pUlmus": 0.0, "pCastanea": 0.0, "pOtherLH": 0.0, "pBetula": 0.0, "pAlnus": 0.0, "pPopulus": 0.0, "pSalix": 0.0, "pSorbus": 0.0, "pPrunus": 0.0, "pMalus": 0.0, "pPyrus": 0.0, "pOtherLN": 0.0, "pPicea": 0.0, "pPinus": 1.0, "pAbies": 0.0, "pDouglas": 0.0, "pLarix": 0.0, "pOtherNb": 0.0, "pNoEurop": 0.0, "pNoEuropD": 0.0, "pEurop": 1.0, "pDecid": 0.0, "pConifer": 1.0, "pAll": 1.0, "Cell_id": "4334_3056", "EPSG": 31467, "Netz": 16, "Dichte": 8, "Bl": ";16;" }, "geometry": { "type": "Point", "coordinates": [ 584234.213465819018893, 5608257.887560596689582 ] } },
{ "type": "Feature", "properties": { "Tnr": 56001, "mitRand": 1, "AnzHBbeg": 2, "pHaupt": 1.0, "poHaupt": 0.0, "pQuerus": 0.189, "pFagus": 0.0, "pFraxinus": 0.0, "pCarpinus": 0.0, "pAcer": 0.0, "pTilia": 0.0, "pRobinia": 0.0, "pUlmus": 0.0, "pCastanea": 0.0, "pOtherLH": 0.0, "pBetula": 0.0, "pAlnus": 0.0, "pPopulus": 0.0, "pSalix": 0.0, "pSorbus": 0.0, "pPrunus": 0.0, "pMalus": 0.0, "pPyrus": 0.0, "pOtherLN": 0.0, "pPicea": 0.0, "pPinus": 0.681, "pAbies": 0.0, "pDouglas": 0.0, "pLarix": 0.13, "pOtherNb": 0.0, "pNoEurop": 0.0, "pNoEuropD": 0.0, "pEurop": 1.0, "pDecid": 0.189, "pConifer": 0.811, "pAll": 1.0, "Cell_id": "4338_3056", "EPSG": 31467, "Netz": 16, "Dichte": 8, "Bl": ";16;" }, "geometry": { "type": "Point", "coordinates": [ 588232.593910343130119, 5608311.822103399783373 ] } },
{ "type": "Feature", "properties": { "Tnr": 56003, "mitRand": 1, "AnzHBbeg": 4, "pHaupt": 1.0, "poHaupt": 0.0, "pQuerus": 0.0, "pFagus": 0.0, "pFraxinus": 0.0, "pCarpinus": 0.0, "pAcer": 0.0, "pTilia": 0.0, "pRobinia": 0.0, "pUlmus": 0.0, "pCastanea": 0.0, "pOtherLH": 0.0, "pBetula": 0.178, "pAlnus": 0.0, "pPopulus": 0.0, "pSalix": 0.0, "pSorbus": 0.0, "pPrunus": 0.0, "pMalus": 0.0, "pPyrus": 0.0, "pOtherLN": 0.0, "pPicea": 0.323, "pPinus": 0.397, "pAbies": 0.0, "pDouglas": 0.0, "pLarix": 0.102, "pOtherNb": 0.0, "pNoEurop": 0.0, "pNoEuropD": 0.0, "pEurop": 1.0, "pDecid": 0.178, "pConifer": 0.822, "pAll": 1.0, "Cell_id": "4342_3056", "EPSG": 31467, "Netz": 16, "Dichte": 8, "Bl": ";16;" }, "geometry": { "type": "Point", "coordinates": [ 592230.974320048931986, 5608364.756998278200626 ] } },
{ "type": "Feature", "properties": { "Tnr": 56005, "mitRand": 1, "AnzHBbeg": 4, "pHaupt": 1.0, "poHaupt": 0.0, "pQuerus": 0.0, "pFagus": 0.0, "pFraxinus": 0.0, "pCarpinus": 0.0, "pAcer": 0.0, "pTilia": 0.0, "pRobinia": 0.0, "pUlmus": 0.0, "pCastanea": 0.0, "pOtherLH": 0.0, "pBetula": 0.0, "pAlnus": 0.0, "pPopulus": 0.0, "pSalix": 0.0, "pSorbus": 0.0, "pPrunus": 0.0, "pMalus": 0.0, "pPyrus": 0.0, "pOtherLN": 0.0, "pPicea": 0.25, "pPinus": 0.75, "pAbies": 0.0, "pDouglas": 0.0, "pLarix": 0.0, "pOtherNb": 0.0, "pNoEurop": 0.0, "pNoEuropD": 0.0, "pEurop": 1.0, "pDecid": 0.0, "pConifer": 1.0, "pAll": 1.0, "Cell_id": "4346_3056", "EPSG": 31467, "Netz": 16, "Dichte": 8, "Bl": ";16;" }, "geometry": { "type": "Point", "coordinates": [ 596229.354716570698656, 5608418.691435078158975 ] } },
{ "type": "Feature", "properties": { "Tnr": 56007, "mitRand": 1, "AnzHBbeg": 4, "pHaupt": 1.0, "poHaupt": 0.0, "pQuerus": 0.131, "pFagus": 0.178, "pFraxinus": 0.136, "pCarpinus": 0.036, "pAcer": 0.067, "pTilia": 0.0, "pRobinia": 0.0, "pUlmus": 0.0, "pCastanea": 0.0, "pOtherLH": 0.0, "pBetula": 0.0, "pAlnus": 0.0, "pPopulus": 0.0, "pSalix": 0.0, "pSorbus": 0.201, "pPrunus": 0.0, "pMalus": 0.0, "pPyrus": 0.0, "pOtherLN": 0.0, "pPicea": 0.0, "pPinus": 0.25, "pAbies": 0.0, "pDouglas": 0.0, "pLarix": 0.0, "pOtherNb": 0.0, "pNoEurop": 0.0, "pNoEuropD": 0.0, "pEurop": 1.0, "pDecid": 0.75, "pConifer": 0.25, "pAll": 1.0, "Cell_id": "4350_3056", "EPSG": 31467, "Netz": 16, "Dichte": 8, "Bl": ";16;" }, "geometry": { "type": "Point", "coordinates": [ 600226.735493876389228, 5608472.625829777680337 ] } },
{ "type": "Feature", "properties": { "Tnr": 56013, "mitRand": 1, "AnzHBbeg": 3, "pHaupt": 1.0, "poHaupt": 0.0, "pQuerus": 0.0, "pFagus": 0.333, "pFraxinus": 0.0, "pCarpinus": 0.0, "pAcer": 0.0, "pTilia": 0.0, "pRobinia": 0.0, "pUlmus": 0.0, "pCastanea": 0.0, "pOtherLH": 0.0, "pBetula": 0.0, "pAlnus": 0.0, "pPopulus": 0.0, "pSalix": 0.0, "pSorbus": 0.0, "pPrunus": 0.0, "pMalus": 0.0, "pPyrus": 0.0, "pOtherLN": 0.0, "pPicea": 0.609, "pPinus": 0.0, "pAbies": 0.0, "pDouglas": 0.0, "pLarix": 0.057, "pOtherNb": 0.0, "pNoEurop": 0.0, "pNoEuropD": 0.0, "pEurop": 1.0, "pDecid": 0.333, "pConifer": 0.667, "pAll": 1.0, "Cell_id": "4362_3056", "EPSG": 31468, "Netz": 16, "Dichte": 8, "Bl": ";16;" }, "geometry": { "type": "Point", "coordinates": [ 612222.876047071069479, 5608633.429056704044342 ] } },
{ "type": "Feature", "properties": { "Tnr": 56019, "mitRand": 1, "AnzHBbeg": 3, "pHaupt": 1.0, "poHaupt": 0.0, "pQuerus": 0.0, "pFagus": 0.585, "pFraxinus": 0.0, "pCarpinus": 0.0, "pAcer": 0.0, "pTilia": 0.0, "pRobinia": 0.0, "pUlmus": 0.0, "pCastanea": 0.0, "pOtherLH": 0.0, "pBetula": 0.0, "pAlnus": 0.0, "pPopulus": 0.0, "pSalix": 0.0, "pSorbus": 0.0, "pPrunus": 0.0, "pMalus": 0.0, "pPyrus": 0.0, "pOtherLN": 0.0, "pPicea": 0.415, "pPinus": 0.0, "pAbies": 0.0, "pDouglas": 0.0, "pLarix": 0.0, "pOtherNb": 0.0, "pNoEurop": 0.0, "pNoEuropD": 0.0, "pEurop": 1.0, "pDecid": 0.585, "pConifer": 0.415, "pAll": 1.0, "Cell_id": "4374_3056", "EPSG": 31468, "Netz": 16, "Dichte": 8, "Bl": ";16;" }, "geometry": { "type": "Point", "coordinates": [ 624218.016780067351647, 5608794.231816345825791 ] } },
{ "type": "Feature", "properties": { "Tnr": 56021, "mitRand": 1, "AnzHBbeg": 2, "pHaupt": 1.0, "poHaupt": 0.0, "pQuerus": 0.0, "pFagus": 0.0, "pFraxinus": 0.0, "pCarpinus": 0.0, "pAcer": 0.0, "pTilia": 0.0, "pRobinia": 0.0, "pUlmus": 0.0, "pCastanea": 0.0, "pOtherLH": 0.0, "pBetula": 0.0, "pAlnus": 0.0, "pPopulus": 0.0, "pSalix": 0.0, "pSorbus": 0.0, "pPrunus": 0.0, "pMalus": 0.0, "pPyrus": 0.0, "pOtherLN": 0.0, "pPicea": 1.0, "pPinus": 0.0, "pAbies": 0.0, "pDouglas": 0.0, "pLarix": 0.0, "pOtherNb": 0.0, "pNoEurop": 0.0, "pNoEuropD": 0.0, "pEurop": 1.0, "pDecid": 0.0, "pConifer": 1.0, "pAll": 1.0, "Cell_id": "4378_3057", "EPSG": 31468, "Netz": 16, "Dichte": 8, "Bl": ";16;" }, "geometry": { "type": "Point", "coordinates": [ 628203.413268666132353, 5609846.761255250312388 ] } },
{ "type": "Feature", "properties": { "Tnr": 56023, "mitRand": 1, "AnzHBbeg": 4, "pHaupt": 1.0, "poHaupt": 0.0, "pQuerus": 0.0, "pFagus": 0.0, "pFraxinus": 0.0, "pCarpinus": 0.0, "pAcer": 0.0, "pTilia": 0.0, "pRobinia": 0.0, "pUlmus": 0.0, "pCastanea": 0.0, "pOtherLH": 0.0, "pBetula": 0.0, "pAlnus": 0.0, "pPopulus": 0.0, "pSalix": 0.0, "pSorbus": 0.367, "pPrunus": 0.0, "pMalus": 0.0, "pPyrus": 0.0, "pOtherLN": 0.0, "pPicea": 0.633, "pPinus": 0.0, "pAbies": 0.0, "pDouglas": 0.0, "pLarix": 0.0, "pOtherNb": 0.0, "pNoEurop": 0.0, "pNoEuropD": 0.0, "pEurop": 1.0, "pDecid": 0.367, "pConifer": 0.633, "pAll": 1.0, "Cell_id": "4382_3057", "EPSG": 31468, "Netz": 16, "Dichte": 8, "Bl": ";16;" }, "geometry": { "type": "Point", "coordinates": [ 632201.79345331445802, 5609900.695207349024713 ] } },
{ "type": "Feature", "properties": { "Tnr": 56025, "mitRand": 1, "AnzHBbeg": 4, "pHaupt": 1.0, "poHaupt": 0.0, "pQuerus": 0.0, "pFagus": 0.136, "pFraxinus": 0.0, "pCarpinus": 0.0, "pAcer": 0.0, "pTilia": 0.0, "pRobinia": 0.0, "pUlmus": 0.0, "pCastanea": 0.0, "pOtherLH": 0.0, "pBetula": 0.0, "pAlnus": 0.0, "pPopulus": 0.0, "pSalix": 0.0, "pSorbus": 0.041, "pPrunus": 0.0, "pMalus": 0.0, "pPyrus": 0.0, "pOtherLN": 0.0, "pPicea": 0.823, "pPinus": 0.0, "pAbies": 0.0, "pDouglas": 0.0, "pLarix": 0.0, "pOtherNb": 0.0, "pNoEurop": 0.0, "pNoEuropD": 0.0, "pEurop": 1.0, "pDecid": 0.177, "pConifer": 0.823, "pAll": 1.0, "Cell_id": "4386_3057", "EPSG": 31468, "Netz": 16, "Dichte": 8, "Bl": ";16;" }, "geometry": { "type": "Point", "coordinates": [ 636201.173195839859545, 5609953.629500210285187 ] } },
{ "type": "Feature", "properties": { "Tnr": 56027, "mitRand": 1, "AnzHBbeg": 4, "pHaupt": 1.0, "poHaupt": 0.0, "pQuerus": 0.0, "pFagus": 0.0, "pFraxinus": 0.0, "pCarpinus": 0.0, "pAcer": 0.0, "pTilia": 0.0, "pRobinia": 0.0, "pUlmus": 0.0, "pCastanea": 0.0, "pOtherLH": 0.0, "pBetula": 0.0, "pAlnus": 0.0, "pPopulus": 0.0, "pSalix": 0.0, "pSorbus": 0.0, "pPrunus": 0.0, "pMalus": 0.0, "pPyrus": 0.0, "pOtherLN": 0.0, "pPicea": 1.0, "pPinus": 0.0, "pAbies": 0.0, "pDouglas": 0.0, "pLarix": 0.0, "pOtherNb": 0.0, "pNoEurop": 0.0, "pNoEuropD": 0.0, "pEurop": 1.0, "pDecid": 0.0, "pConifer": 1.0, "pAll": 1.0, "Cell_id": "4390_3057", "EPSG": 31468, "Netz": 16, "Dichte": 8, "Bl": ";16;" }, "geometry": { "type": "Point", "coordinates": [ 640199.553328389418311, 5610007.56334565859288 ] } },
{ "type": "Feature", "properties": { "Tnr": 56033, "mitRand": 1, "AnzHBbeg": 2, "pHaupt": 1.0, "poHaupt": 0.0, "pQuerus": 0.0, "pFagus": 0.0, "pFraxinus": 0.0, "pCarpinus": 0.0, "pAcer": 0.0, "pTilia": 0.0, "pRobinia": 0.0, "pUlmus": 0.0, "pCastanea": 0.0, "pOtherLH": 0.0, "pBetula": 0.192, "pAlnus": 0.0, "pPopulus": 0.0, "pSalix": 0.0, "pSorbus": 0.0, "pPrunus": 0.0, "pMalus": 0.0, "pPyrus": 0.0, "pOtherLN": 0.0, "pPicea": 0.655, "pPinus": 0.0, "pAbies": 0.0, "pDouglas": 0.0, "pLarix": 0.153, "pOtherNb": 0.0, "pNoEurop": 0.0, "pNoEuropD": 0.0, "pEurop": 1.0, "pDecid": 0.192, "pConifer": 0.808, "pAll": 1.0, "Cell_id": "4402_3057", "EPSG": 31468, "Netz": 16, "Dichte": 8, "Bl": ";16;" }, "geometry": { "type": "Point", "coordinates": [ 652196.692734864656813, 5610167.365349852479994 ] } },
{ "type": "Feature", "properties": { "Tnr": 56035, "mitRand": 1, "AnzHBbeg": 4, "pHaupt": 1.0, "poHaupt": 0.0, "pQuerus": 0.0, "pFagus": 0.0, "pFraxinus": 0.0, "pCarpinus": 0.0, "pAcer": 0.0, "pTilia": 0.0, "pRobinia": 0.0, "pUlmus": 0.0, "pCastanea": 0.0, "pOtherLH": 0.0, "pBetula": 0.038, "pAlnus": 0.0, "pPopulus": 0.0, "pSalix": 0.0, "pSorbus": 0.0, "pPrunus": 0.0, "pMalus": 0.0, "pPyrus": 0.0, "pOtherLN": 0.0, "pPicea": 0.171, "pPinus": 0.745, "pAbies": 0.047, "pDouglas": 0.0, "pLarix": 0.0, "pOtherNb": 0.0, "pNoEurop": 0.0, "pNoEuropD": 0.0, "pEurop": 1.0, "pDecid": 0.038, "pConifer": 0.962, "pAll": 1.0, "Cell_id": "4406_3057", "EPSG": 31468, "Netz": 16, "Dichte": 8, "Bl": ";16;" }, "geometry": { "type": "Point", "coordinates": [ 656196.072344701737165, 5610220.2993757519871 ] } },
{ "type": "Feature", "properties": { "Tnr": 56039, "mitRand": 1, "AnzHBbeg": 4, "pHaupt": 1.0, "poHaupt": 0.0, "pQuerus": 0.091, "pFagus": 0.02, "pFraxinus": 0.0, "pCarpinus": 0.0, "pAcer": 0.0, "pTilia": 0.0, "pRobinia": 0.0, "pUlmus": 0.0, "pCastanea": 0.0, "pOtherLH": 0.0, "pBetula": 0.476, "pAlnus": 0.0, "pPopulus": 0.0, "pSalix": 0.0, "pSorbus": 0.0, "pPrunus": 0.0, "pMalus": 0.0, "pPyrus": 0.0, "pOtherLN": 0.0, "pPicea": 0.184, "pPinus": 0.23, "pAbies": 0.0, "pDouglas": 0.0, "pLarix": 0.0, "pOtherNb": 0.0, "pNoEurop": 0.0, "pNoEuropD": 0.0, "pEurop": 1.0, "pDecid": 0.587, "pConifer": 0.413, "pAll": 1.0, "Cell_id": "4414_3058", "EPSG": 31468, "Netz": 16, "Dichte": 8, "Bl": ";16;" }, "geometry": { "type": "Point", "coordinates": [ 664180.848323771730065, 5611326.761838624253869 ] } },
{ "type": "Feature", "properties": { "Tnr": 56043, "mitRand": 0, "AnzHBbeg": 1, "pHaupt": 1.0, "poHaupt": 0.0, "pQuerus": 0.0, "pFagus": 0.0, "pFraxinus": 0.0, "pCarpinus": 0.0, "pAcer": 0.0, "pTilia": 0.0, "pRobinia": 0.0, "pUlmus": 0.0, "pCastanea": 0.0, "pOtherLH": 0.0, "pBetula": 0.0, "pAlnus": 0.0, "pPopulus": 0.0, "pSalix": 0.0, "pSorbus": 0.0, "pPrunus": 0.0, "pMalus": 0.0, "pPyrus": 0.0, "pOtherLN": 0.0, "pPicea": 0.0, "pPinus": 1.0, "pAbies": 0.0, "pDouglas": 0.0, "pLarix": 0.0, "pOtherNb": 0.0, "pNoEurop": 0.0, "pNoEuropD": 0.0, "pEurop": 1.0, "pDecid": 0.0, "pConifer": 1.0, "pAll": 1.0, "Cell_id": "4422_3058", "EPSG": 31468, "Netz": 16, "Dichte": 8, "Bl": ";16;" }, "geometry": { "type": "Point", "coordinates": [ 672179.607378893531859, 5611432.629502131603658 ] } },
{ "type": "Feature", "properties": { "Tnr": 56049, "mitRand": 1, "AnzHBbeg": 2, "pHaupt": 1.0, "poHaupt": 0.0, "pQuerus": 0.0, "pFagus": 0.0, "pFraxinus": 0.0, "pCarpinus": 0.0, "pAcer": 0.0, "pTilia": 0.0, "pRobinia": 0.0, "pUlmus": 0.0, "pCastanea": 0.0, "pOtherLH": 0.0, "pBetula": 0.0, "pAlnus": 0.0, "pPopulus": 0.0, "pSalix": 0.0, "pSorbus": 0.0, "pPrunus": 0.0, "pMalus": 0.0, "pPyrus": 0.0, "pOtherLN": 0.0, "pPicea": 0.446, "pPinus": 0.554, "pAbies": 0.0, "pDouglas": 0.0, "pLarix": 0.0, "pOtherNb": 0.0, "pNoEurop": 0.0, "pNoEuropD": 0.0, "pEurop": 1.0, "pDecid": 0.0, "pConifer": 1.0, "pAll": 1.0, "Cell_id": "4434_3058", "EPSG": 31468, "Netz": 16, "Dichte": 8, "Bl": ";16;" }, "geometry": { "type": "Point", "coordinates": [ 684177.745752259739675, 5611591.430595251731575 ] } },
{ "type": "Feature", "properties": { "Tnr": 56051, "mitRand": 1, "AnzHBbeg": 4, "pHaupt": 1.0, "poHaupt": 0.0, "pQuerus": 0.0, "pFagus": 0.0, "pFraxinus": 0.074, "pCarpinus": 0.0, "pAcer": 0.0, "pTilia": 0.0, "pRobinia": 0.0, "pUlmus": 0.0, "pCastanea": 0.0, "pOtherLH": 0.0, "pBetula": 0.0, "pAlnus": 0.0, "pPopulus": 0.176, "pSalix": 0.0, "pSorbus": 0.0, "pPrunus": 0.0, "pMalus": 0.0, "pPyrus": 0.0, "pOtherLN": 0.0, "pPicea": 0.685, "pPinus": 0.065, "pAbies": 0.0, "pDouglas": 0.0, "pLarix": 0.0, "pOtherNb": 0.0, "pNoEurop": 0.0, "pNoEuropD": 0.0, "pEurop": 1.0, "pDecid": 0.25, "pConifer": 0.75, "pAll": 1.0, "Cell_id": "4438_3058", "EPSG": 31468, "Netz": 16, "Dichte": 8, "Bl": ";16;" }, "geometry": { "type": "Point", "coordinates": [ 688178.12474828294944, 5611644.364174385555089 ] } },
{ "type": "Feature", "properties": { "Tnr": 56055, "mitRand": 1, "AnzHBbeg": 1, "pHaupt": 0.0, "poHaupt": 1.0, "pQuerus": 0.0, "pFagus": 0.0, "pFraxinus": 0.0, "pCarpinus": 0.0, "pAcer": 0.0, "pTilia": 0.0, "pRobinia": 0.0, "pUlmus": 0.0, "pCastanea": 0.0, "pOtherLH": 0.0, "pBetula": 0.0, "pAlnus": 0.0, "pPopulus": 0.0, "pSalix": 0.0, "pSorbus": 0.0, "pPrunus": 0.0, "pMalus": 0.0, "pPyrus": 0.0, "pOtherLN": 0.0, "pPicea": 0.0, "pPinus": 0.0, "pAbies": 0.0, "pDouglas": 0.0, "pLarix": 0.0, "pOtherNb": 0.0, "pNoEurop": 0.0, "pNoEuropD": 0.0, "pEurop": 0.0, "pDecid": 0.0, "pConifer": 0.0, "pAll": 0.0, "Cell_id": "4446_3058", "EPSG": 31468, "Netz": 16, "Dichte": 8, "Bl": ";16;" }, "geometry": { "type": "Point", "coordinates": [ 696177.883059532265179, 5611750.231182686984539 ] } },
{ "type": "Feature", "properties": { "Tnr": 56057, "mitRand": 1, "AnzHBbeg": 4, "pHaupt": 1.0, "poHaupt": 0.0, "pQuerus": 0.0, "pFagus": 0.0, "pFraxinus": 0.0, "pCarpinus": 0.0, "pAcer": 0.0, "pTilia": 0.0, "pRobinia": 0.0, "pUlmus": 0.0, "pCastanea": 0.0, "pOtherLH": 0.0, "pBetula": 0.101, "pAlnus": 0.0, "pPopulus": 0.0, "pSalix": 0.0, "pSorbus": 0.0, "pPrunus": 0.0, "pMalus": 0.0, "pPyrus": 0.0, "pOtherLN": 0.0, "pPicea": 0.371, "pPinus": 0.528, "pAbies": 0.0, "pDouglas": 0.0, "pLarix": 0.0, "pOtherNb": 0.0, "pNoEurop": 0.0, "pNoEuropD": 0.0, "pEurop": 1.0, "pDecid": 0.101, "pConifer": 0.899, "pAll": 1.0, "Cell_id": "4450_3058", "EPSG": 31468, "Netz": 16, "Dichte": 8, "Bl": ";16;" }, "geometry": { "type": "Point", "coordinates": [ 700177.262374399462715, 5611803.164611832238734 ] } },
{ "type": "Feature", "properties": { "Tnr": 56063, "mitRand": 1, "AnzHBbeg": 4, "pHaupt": 1.0, "poHaupt": 0.0, "pQuerus": 0.0, "pFagus": 0.0, "pFraxinus": 0.0, "pCarpinus": 0.0, "pAcer": 0.0, "pTilia": 0.0, "pRobinia": 0.0, "pUlmus": 0.0, "pCastanea": 0.0, "pOtherLH": 0.0, "pBetula": 0.051, "pAlnus": 0.0, "pPopulus": 0.0, "pSalix": 0.0, "pSorbus": 0.0, "pPrunus": 0.0, "pMalus": 0.0, "pPyrus": 0.0, "pOtherLN": 0.0, "pPicea": 0.717, "pPinus": 0.182, "pAbies": 0.0, "pDouglas": 0.0, "pLarix": 0.049, "pOtherNb": 0.0, "pNoEurop": 0.0, "pNoEuropD": 0.0, "pEurop": 1.0, "pDecid": 0.051, "pConifer": 0.949, "pAll": 1.0, "Cell_id": "4462_3059", "EPSG": 31468, "Netz": 16, "Dichte": 8, "Bl": ";14;16;" }, "geometry": { "type": "Point", "coordinates": [ 712164.415920614614151, 5612961.559437111951411 ] } },
{ "type": "Feature", "properties": { "Tnr": 56065, "mitRand": 1, "AnzHBbeg": 4, "pHaupt": 1.0, "poHaupt": 0.0, "pQuerus": 0.0, "pFagus": 0.0, "pFraxinus": 0.0, "pCarpinus": 0.0, "pAcer": 0.0, "pTilia": 0.0, "pRobinia": 0.0, "pUlmus": 0.0, "pCastanea": 0.0, "pOtherLH": 0.0, "pBetula": 0.0, "pAlnus": 0.0, "pPopulus": 0.0, "pSalix": 0.0, "pSorbus": 0.0, "pPrunus": 0.0, "pMalus": 0.0, "pPyrus": 0.0, "pOtherLN": 0.0, "pPicea": 0.391, "pPinus": 0.304, "pAbies": 0.0, "pDouglas": 0.0, "pLarix": 0.305, "pOtherNb": 0.0, "pNoEurop": 0.0, "pNoEuropD": 0.0, "pEurop": 1.0, "pDecid": 0.0, "pConifer": 1.0, "pAll": 1.0, "Cell_id": "4466_3059", "EPSG": 31468, "Netz": 16, "Dichte": 8, "Bl": ";16;" }, "geometry": { "type": "Point", "coordinates": [ 716164.794725973042659, 5613014.492632190696895 ] } },
{ "type": "Feature", "properties": { "Tnr": 56071, "mitRand": 1, "AnzHBbeg": 2, "pHaupt": 1.0, "poHaupt": 0.0, "pQuerus": 0.0, "pFagus": 0.0, "pFraxinus": 0.0, "pCarpinus": 0.0, "pAcer": 0.5, "pTilia": 0.0, "pRobinia": 0.0, "pUlmus": 0.0, "pCastanea": 0.0, "pOtherLH": 0.0, "pBetula": 0.0, "pAlnus": 0.0, "pPopulus": 0.0, "pSalix": 0.0, "pSorbus": 0.0, "pPrunus": 0.0, "pMalus": 0.0, "pPyrus": 0.0, "pOtherLN": 0.0, "pPicea": 0.5, "pPinus": 0.0, "pAbies": 0.0, "pDouglas": 0.0, "pLarix": 0.0, "pOtherNb": 0.0, "pNoEurop": 0.0, "pNoEuropD": 0.0, "pEurop": 1.0, "pDecid": 0.5, "pConifer": 0.5, "pAll": 1.0, "Cell_id": "4478_3059", "EPSG": 31468, "Netz": 16, "Dichte": 8, "Bl": ";14;" }, "geometry": { "type": "Point", "coordinates": [ 728166.930545186274685, 5613172.29228753875941 ] } },
{ "type": "Feature", "properties": { "Tnr": 56115, "mitRand": 1, "AnzHBbeg": 3, "pHaupt": 0.667, "poHaupt": 0.333, "pQuerus": 0.0, "pFagus": 0.615, "pFraxinus": 0.0, "pCarpinus": 0.0, "pAcer": 0.0, "pTilia": 0.052, "pRobinia": 0.0, "pUlmus": 0.0, "pCastanea": 0.0, "pOtherLH": 0.0, "pBetula": 0.0, "pAlnus": 0.0, "pPopulus": 0.0, "pSalix": 0.0, "pSorbus": 0.0, "pPrunus": 0.0, "pMalus": 0.0, "pPyrus": 0.0, "pOtherLN": 0.0, "pPicea": 0.0, "pPinus": 0.0, "pAbies": 0.0, "pDouglas": 0.0, "pLarix": 0.0, "pOtherNb": 0.0, "pNoEurop": 0.0, "pNoEuropD": 0.0, "pEurop": 0.667, "pDecid": 0.667, "pConifer": 0.0, "pAll": 0.667, "Cell_id": "4324_3054", "EPSG": 31467, "Netz": 8, "Dichte": 8, "Bl": ";16;" }, "geometry": { "type": "Point", "coordinates": [ 574266.229199453722686, 5606123.860750853084028 ] } },
{ "type": "Feature", "properties": { "Tnr": 56125, "mitRand": 1, "AnzHBbeg": 4, "pHaupt": 1.0, "poHaupt": 0.0, "pQuerus": 0.0, "pFagus": 0.573, "pFraxinus": 0.0, "pCarpinus": 0.125, "pAcer": 0.093, "pTilia": 0.0, "pRobinia": 0.0, "pUlmus": 0.0, "pCastanea": 0.0, "pOtherLH": 0.0, "pBetula": 0.0, "pAlnus": 0.0, "pPopulus": 0.0, "pSalix": 0.0, "pSorbus": 0.0, "pPrunus": 0.0, "pMalus": 0.0, "pPyrus": 0.0, "pOtherLN": 0.0, "pPicea": 0.129, "pPinus": 0.08, "pAbies": 0.0, "pDouglas": 0.0, "pLarix": 0.0, "pOtherNb": 0.0, "pNoEurop": 0.0, "pNoEuropD": 0.0, "pEurop": 1.0, "pDecid": 0.79, "pConifer": 0.21, "pAll": 1.0, "Cell_id": "4344_3054", "EPSG": 31467, "Netz": 8, "Dichte": 8, "Bl": ";16;" }, "geometry": { "type": "Point", "coordinates": [ 594257.131742053199559, 5606392.534072330221534 ] } },
{ "type": "Feature", "properties": { "Tnr": 56129, "mitRand": 1, "AnzHBbeg": 2, "pHaupt": 1.0, "poHaupt": 0.0, "pQuerus": 0.0, "pFagus": 0.477, "pFraxinus": 0.0, "pCarpinus": 0.0, "pAcer": 0.144, "pTilia": 0.0, "pRobinia": 0.0, "pUlmus": 0.0, "pCastanea": 0.0, "pOtherLH": 0.0, "pBetula": 0.0, "pAlnus": 0.0, "pPopulus": 0.0, "pSalix": 0.0, "pSorbus": 0.0, "pPrunus": 0.0, "pMalus": 0.0, "pPyrus": 0.0, "pOtherLN": 0.0, "pPicea": 0.097, "pPinus": 0.282, "pAbies": 0.0, "pDouglas": 0.0, "pLarix": 0.0, "pOtherNb": 0.0, "pNoEurop": 0.0, "pNoEuropD": 0.0, "pEurop": 1.0, "pDecid": 0.621, "pConifer": 0.379, "pAll": 1.0, "Cell_id": "4352_3054", "EPSG": 31467, "Netz": 8, "Dichte": 8, "Bl": ";16;" }, "geometry": { "type": "Point", "coordinates": [ 602252.892838446074165, 5606500.402875118888915 ] } },
{ "type": "Feature", "properties": { "Tnr": 56133, "mitRand": 1, "AnzHBbeg": 4, "pHaupt": 1.0, "poHaupt": 0.0, "pQuerus": 0.0, "pFagus": 0.0, "pFraxinus": 0.0, "pCarpinus": 0.0, "pAcer": 0.0, "pTilia": 0.0, "pRobinia": 0.0, "pUlmus": 0.0, "pCastanea": 0.0, "pOtherLH": 0.0, "pBetula": 0.157, "pAlnus": 0.0, "pPopulus": 0.0, "pSalix": 0.0, "pSorbus": 0.0, "pPrunus": 0.0, "pMalus": 0.0, "pPyrus": 0.0, "pOtherLN": 0.0, "pPicea": 0.843, "pPinus": 0.0, "pAbies": 0.0, "pDouglas": 0.0, "pLarix": 0.0, "pOtherNb": 0.0, "pNoEurop": 0.0, "pNoEuropD": 0.0, "pEurop": 1.0, "pDecid": 0.157, "pConifer": 0.843, "pAll": 1.0, "Cell_id": "4360_3054", "EPSG": 31468, "Netz": 8, "Dichte": 8, "Bl": ";16;" }, "geometry": { "type": "Point", "coordinates": [ 610249.653420548187569, 5606607.27186013944447 ] } },
{ "type": "Feature", "properties": { "Tnr": 56139, "mitRand": 1, "AnzHBbeg": 4, "pHaupt": 1.0, "poHaupt": 0.0, "pQuerus": 0.0, "pFagus": 0.0, "pFraxinus": 0.0, "pCarpinus": 0.0, "pAcer": 0.0, "pTilia": 0.0, "pRobinia": 0.0, "pUlmus": 0.0, "pCastanea": 0.0, "pOtherLH": 0.0, "pBetula": 0.051, "pAlnus": 0.0, "pPopulus": 0.0, "pSalix": 0.0, "pSorbus": 0.0, "pPrunus": 0.0, "pMalus": 0.0, "pPyrus": 0.0, "pOtherLN": 0.0, "pPicea": 0.949, "pPinus": 0.0, "pAbies": 0.0, "pDouglas": 0.0, "pLarix": 0.0, "pOtherNb": 0.0, "pNoEurop": 0.0, "pNoEuropD": 0.0, "pEurop": 1.0, "pDecid": 0.051, "pConifer": 0.949, "pAll": 1.0, "Cell_id": "4372_3054", "EPSG": 31468, "Netz": 8, "Dichte": 8, "Bl": ";16;" }, "geometry": { "type": "Point", "coordinates": [ 622245.79370650369674, 5606768.074726325459778 ] } },
{ "type": "Feature", "properties": { "Tnr": 56141, "mitRand": 1, "AnzHBbeg": 4, "pHaupt": 1.0, "poHaupt": 0.0, "pQuerus": 0.0, "pFagus": 0.195, "pFraxinus": 0.0, "pCarpinus": 0.0, "pAcer": 0.0, "pTilia": 0.0, "pRobinia": 0.0, "pUlmus": 0.0, "pCastanea": 0.0, "pOtherLH": 0.0, "pBetula": 0.0, "pAlnus": 0.0, "pPopulus": 0.0, "pSalix": 0.0, "pSorbus": 0.0, "pPrunus": 0.0, "pMalus": 0.0, "pPyrus": 0.0, "pOtherLN": 0.0, "pPicea": 0.805, "pPinus": 0.0, "pAbies": 0.0, "pDouglas": 0.0, "pLarix": 0.0, "pOtherNb": 0.0, "pNoEurop": 0.0, "pNoEuropD": 0.0, "pEurop": 1.0, "pDecid": 0.195, "pConifer": 0.805, "pAll": 1.0, "Cell_id": "4376_3054", "EPSG": 31468, "Netz": 8, "Dichte": 8, "Bl": ";16;" }, "geometry": { "type": "Point", "coordinates": [ 626244.173878733767197, 5606821.009182620793581 ] } },
{ "type": "Feature", "properties": { "Tnr": 56143, "mitRand": 1, "AnzHBbeg": 4, "pHaupt": 1.0, "poHaupt": 0.0, "pQuerus": 0.0, "pFagus": 0.219, "pFraxinus": 0.0, "pCarpinus": 0.0, "pAcer": 0.0, "pTilia": 0.0, "pRobinia": 0.0, "pUlmus": 0.0, "pCastanea": 0.0, "pOtherLH": 0.0, "pBetula": 0.0, "pAlnus": 0.0, "pPopulus": 0.0, "pSalix": 0.0, "pSorbus": 0.0, "pPrunus": 0.0, "pMalus": 0.0, "pPyrus": 0.0, "pOtherLN": 0.0, "pPicea": 0.781, "pPinus": 0.0, "pAbies": 0.0, "pDouglas": 0.0, "pLarix": 0.0, "pOtherNb": 0.0, "pNoEurop": 0.0, "pNoEuropD": 0.0, "pEurop": 1.0, "pDecid": 0.219, "pConifer": 0.781, "pAll": 1.0, "Cell_id": "4380_3055", "EPSG": 31468, "Netz": 8, "Dichte": 8, "Bl": ";16;" }, "geometry": { "type": "Point", "coordinates": [ 630229.570342284278013, 5607874.538192733190954 ] } },
{ "type": "Feature", "properties": { "Tnr": 56145, "mitRand": 1, "AnzHBbeg": 4, "pHaupt": 1.0, "poHaupt": 0.0, "pQuerus": 0.0, "pFagus": 0.0, "pFraxinus": 0.0, "pCarpinus": 0.0, "pAcer": 0.0, "pTilia": 0.0, "pRobinia": 0.0, "pUlmus": 0.0, "pCastanea": 0.0, "pOtherLH": 0.0, "pBetula": 0.0, "pAlnus": 0.0, "pPopulus": 0.0, "pSalix": 0.0, "pSorbus": 0.0, "pPrunus": 0.0, "pMalus": 0.0, "pPyrus": 0.0, "pOtherLN": 0.0, "pPicea": 1.0, "pPinus": 0.0, "pAbies": 0.0, "pDouglas": 0.0, "pLarix": 0.0, "pOtherNb": 0.0, "pNoEurop": 0.0, "pNoEuropD": 0.0, "pEurop": 1.0, "pDecid": 0.0, "pConifer": 1.0, "pAll": 1.0, "Cell_id": "4384_3055", "EPSG": 31468, "Netz": 8, "Dichte": 8, "Bl": ";16;" }, "geometry": { "type": "Point", "coordinates": [ 634227.950476241065189, 5607927.47253627050668 ] } },
{ "type": "Feature", "properties": { "Tnr": 56147, "mitRand": 1, "AnzHBbeg": 4, "pHaupt": 1.0, "poHaupt": 0.0, "pQuerus": 0.0, "pFagus": 0.0, "pFraxinus": 0.0, "pCarpinus": 0.0, "pAcer": 0.25, "pTilia": 0.0, "pRobinia": 0.0, "pUlmus": 0.0, "pCastanea": 0.0, "pOtherLH": 0.0, "pBetula": 0.0, "pAlnus": 0.0, "pPopulus": 0.0, "pSalix": 0.0, "pSorbus": 0.0, "pPrunus": 0.0, "pMalus": 0.0, "pPyrus": 0.0, "pOtherLN": 0.0, "pPicea": 0.75, "pPinus": 0.0, "pAbies": 0.0, "pDouglas": 0.0, "pLarix": 0.0, "pOtherNb": 0.0, "pNoEurop": 0.0, "pNoEuropD": 0.0, "pEurop": 1.0, "pDecid": 0.25, "pConifer": 0.75, "pAll": 1.0, "Cell_id": "4388_3055", "EPSG": 31468, "Netz": 8, "Dichte": 8, "Bl": ";16;" }, "geometry": { "type": "Point", "coordinates": [ 638227.330190063803457, 5607981.406410383060575 ] } },
{ "type": "Feature", "properties": { "Tnr": 56151, "mitRand": 1, "AnzHBbeg": 4, "pHaupt": 1.0, "poHaupt": 0.0, "pQuerus": 0.0, "pFagus": 0.0, "pFraxinus": 0.0, "pCarpinus": 0.0, "pAcer": 0.0, "pTilia": 0.0, "pRobinia": 0.0, "pUlmus": 0.0, "pCastanea": 0.0, "pOtherLH": 0.0, "pBetula": 0.0, "pAlnus": 0.0, "pPopulus": 0.0, "pSalix": 0.0, "pSorbus": 0.0, "pPrunus": 0.0, "pMalus": 0.0, "pPyrus": 0.0, "pOtherLN": 0.0, "pPicea": 0.962, "pPinus": 0.0, "pAbies": 0.0, "pDouglas": 0.038, "pLarix": 0.0, "pOtherNb": 0.0, "pNoEurop": 0.038, "pNoEuropD": 0.0, "pEurop": 0.962, "pDecid": 0.0, "pConifer": 1.0, "pAll": 1.0, "Cell_id": "4396_3055", "EPSG": 31468, "Netz": 8, "Dichte": 8, "Bl": ";16;" }, "geometry": { "type": "Point", "coordinates": [ 646225.089921718812548, 5608087.274820153601468 ] } },
{ "type": "Feature", "properties": { "Tnr": 56153, "mitRand": 0, "AnzHBbeg": 2, "pHaupt": 1.0, "poHaupt": 0.0, "pQuerus": 0.0, "pFagus": 0.0, "pFraxinus": 0.0, "pCarpinus": 0.216, "pAcer": 0.284, "pTilia": 0.0, "pRobinia": 0.0, "pUlmus": 0.0, "pCastanea": 0.0, "pOtherLH": 0.0, "pBetula": 0.0, "pAlnus": 0.0, "pPopulus": 0.0, "pSalix": 0.0, "pSorbus": 0.0, "pPrunus": 0.0, "pMalus": 0.0, "pPyrus": 0.0, "pOtherLN": 0.0, "pPicea": 0.404, "pPinus": 0.0, "pAbies": 0.0, "pDouglas": 0.0, "pLarix": 0.096, "pOtherNb": 0.0, "pNoEurop": 0.0, "pNoEuropD": 0.0, "pEurop": 1.0, "pDecid": 0.5, "pConifer": 0.5, "pAll": 1.0, "Cell_id": "4400_3055", "EPSG": 31468, "Netz": 8, "Dichte": 8, "Bl": ";16;" }, "geometry": { "type": "Point", "coordinates": [ 650223.469961351132952, 5608141.208545489236712 ] } },
{ "type": "Feature", "properties": { "Tnr": 56155, "mitRand": 1, "AnzHBbeg": 4, "pHaupt": 1.0, "poHaupt": 0.0, "pQuerus": 0.0, "pFagus": 0.0, "pFraxinus": 0.0, "pCarpinus": 0.0, "pAcer": 0.0, "pTilia": 0.0, "pRobinia": 0.0, "pUlmus": 0.0, "pCastanea": 0.0, "pOtherLH": 0.0, "pBetula": 0.0, "pAlnus": 0.0, "pPopulus": 0.0, "pSalix": 0.0, "pSorbus": 0.0, "pPrunus": 0.0, "pMalus": 0.0, "pPyrus": 0.0, "pOtherLN": 0.0, "pPicea": 1.0, "pPinus": 0.0, "pAbies": 0.0, "pDouglas": 0.0, "pLarix": 0.0, "pOtherNb": 0.0, "pNoEurop": 0.0, "pNoEuropD": 0.0, "pEurop": 1.0, "pDecid": 0.0, "pConifer": 1.0, "pAll": 1.0, "Cell_id": "4404_3055", "EPSG": 31468, "Netz": 8, "Dichte": 8, "Bl": ";16;" }, "geometry": { "type": "Point", "coordinates": [ 654222.849557915935293, 5608194.142611552029848 ] } },
{ "type": "Feature", "properties": { "Tnr": 56159, "mitRand": 1, "AnzHBbeg": 2, "pHaupt": 1.0, "poHaupt": 0.0, "pQuerus": 0.0, "pFagus": 0.0, "pFraxinus": 0.0, "pCarpinus": 0.0, "pAcer": 0.362, "pTilia": 0.0, "pRobinia": 0.0, "pUlmus": 0.0, "pCastanea": 0.0, "pOtherLH": 0.0, "pBetula": 0.0, "pAlnus": 0.0, "pPopulus": 0.0, "pSalix": 0.0, "pSorbus": 0.0, "pPrunus": 0.0, "pMalus": 0.0, "pPyrus": 0.0, "pOtherLN": 0.0, "pPicea": 0.304, "pPinus": 0.334, "pAbies": 0.0, "pDouglas": 0.0, "pLarix": 0.0, "pOtherNb": 0.0, "pNoEurop": 0.0, "pNoEuropD": 0.0, "pEurop": 1.0, "pDecid": 0.362, "pConifer": 0.638, "pAll": 1.0, "Cell_id": "4412_3055", "EPSG": 31468, "Netz": 8, "Dichte": 8, "Bl": ";16;" }, "geometry": { "type": "Point", "coordinates": [ 662221.608669784851372, 5608300.010583561845124 ] } },
{ "type": "Feature", "properties": { "Tnr": 56161, "mitRand": 1, "AnzHBbeg": 4, "pHaupt": 1.0, "poHaupt": 0.0, "pQuerus": 0.248, "pFagus": 0.166, "pFraxinus": 0.036, "pCarpinus": 0.0, "pAcer": 0.162, "pTilia": 0.0, "pRobinia": 0.0, "pUlmus": 0.0, "pCastanea": 0.0, "pOtherLH": 0.0, "pBetula": 0.109, "pAlnus": 0.0, "pPopulus": 0.0, "pSalix": 0.0, "pSorbus": 0.028, "pPrunus": 0.0, "pMalus": 0.0, "pPyrus": 0.0, "pOtherLN": 0.0, "pPicea": 0.198, "pPinus": 0.054, "pAbies": 0.0, "pDouglas": 0.0, "pLarix": 0.0, "pOtherNb": 0.0, "pNoEurop": 0.0, "pNoEuropD": 0.0, "pEurop": 1.0, "pDecid": 0.748, "pConifer": 0.252, "pAll": 1.0, "Cell_id": "4416_3056", "EPSG": 31468, "Netz": 8, "Dichte": 8, "Bl": ";16;" }, "geometry": { "type": "Point", "coordinates": [ 666207.005028894403949, 5609353.539050790481269 ] } },
{ "type": "Feature", "properties": { "Tnr": 56163, "mitRand": 1, "AnzHBbeg": 4, "pHaupt": 1.0, "poHaupt": 0.0, "pQuerus": 0.022, "pFagus": 0.0, "pFraxinus": 0.0, "pCarpinus": 0.0, "pAcer": 0.0, "pTilia": 0.0, "pRobinia": 0.0, "pUlmus": 0.0, "pCastanea": 0.0, "pOtherLH": 0.0, "pBetula": 0.0, "pAlnus": 0.0, "pPopulus": 0.0, "pSalix": 0.0, "pSorbus": 0.0, "pPrunus": 0.0, "pMalus": 0.0, "pPyrus": 0.0, "pOtherLN": 0.0, "pPicea": 0.147, "pPinus": 0.831, "pAbies": 0.0, "pDouglas": 0.0, "pLarix": 0.0, "pOtherNb": 0.0, "pNoEurop": 0.0, "pNoEuropD": 0.0, "pEurop": 1.0, "pDecid": 0.022, "pConifer": 0.978, "pAll": 1.0, "Cell_id": "4420_3056", "EPSG": 31468, "Netz": 8, "Dichte": 8, "Bl": ";16;" }, "geometry": { "type": "Point", "coordinates": [ 670206.384529652073979, 5609406.472896356135607 ] } },
{ "type": "Feature", "properties": { "Tnr": 56165, "mitRand": 0, "AnzHBbeg": 1, "pHaupt": 1.0, "poHaupt": 0.0, "pQuerus": 0.0, "pFagus": 0.0, "pFraxinus": 0.0, "pCarpinus": 0.0, "pAcer": 0.0, "pTilia": 0.0, "pRobinia": 0.0, "pUlmus": 0.0, "pCastanea": 0.0, "pOtherLH": 0.0, "pBetula": 0.0, "pAlnus": 0.0, "pPopulus": 0.0, "pSalix": 0.0, "pSorbus": 0.0, "pPrunus": 0.0, "pMalus": 0.0, "pPyrus": 0.0, "pOtherLN": 0.0, "pPicea": 1.0, "pPinus": 0.0, "pAbies": 0.0, "pDouglas": 0.0, "pLarix": 0.0, "pOtherNb": 0.0, "pNoEurop": 0.0, "pNoEuropD": 0.0, "pEurop": 1.0, "pDecid": 0.0, "pConifer": 1.0, "pAll": 1.0, "Cell_id": "4424_3056", "EPSG": 31468, "Netz": 8, "Dichte": 8, "Bl": ";16;" }, "geometry": { "type": "Point", "coordinates": [ 674205.764002644340508, 5609459.406688414514065 ] } },
{ "type": "Feature", "properties": { "Tnr": 56171, "mitRand": 1, "AnzHBbeg": 3, "pHaupt": 1.0, "poHaupt": 0.0, "pQuerus": 0.174, "pFagus": 0.0, "pFraxinus": 0.0, "pCarpinus": 0.0, "pAcer": 0.152, "pTilia": 0.0, "pRobinia": 0.0, "pUlmus": 0.0, "pCastanea": 0.0, "pOtherLH": 0.0, "pBetula": 0.437, "pAlnus": 0.0, "pPopulus": 0.0, "pSalix": 0.0, "pSorbus": 0.022, "pPrunus": 0.0, "pMalus": 0.0, "pPyrus": 0.0, "pOtherLN": 0.0, "pPicea": 0.214, "pPinus": 0.0, "pAbies": 0.0, "pDouglas": 0.0, "pLarix": 0.0, "pOtherNb": 0.0, "pNoEurop": 0.0, "pNoEuropD": 0.0, "pEurop": 1.0, "pDecid": 0.786, "pConifer": 0.214, "pAll": 1.0, "Cell_id": "4436_3056", "EPSG": 31468, "Netz": 8, "Dichte": 8, "Bl": ";16;" }, "geometry": { "type": "Point", "coordinates": [ 686204.901847958099097, 5609618.207732085138559 ] } },
{ "type": "Feature", "properties": { "Tnr": 56173, "mitRand": 1, "AnzHBbeg": 1, "pHaupt": 1.0, "poHaupt": 0.0, "pQuerus": 0.0, "pFagus": 0.0, "pFraxinus": 0.0, "pCarpinus": 0.0, "pAcer": 0.0, "pTilia": 0.0, "pRobinia": 0.0, "pUlmus": 0.0, "pCastanea": 0.0, "pOtherLH": 0.0, "pBetula": 0.0, "pAlnus": 0.0, "pPopulus": 0.0, "pSalix": 0.0, "pSorbus": 0.0, "pPrunus": 0.0, "pMalus": 0.0, "pPyrus": 0.0, "pOtherLN": 0.0, "pPicea": 1.0, "pPinus": 0.0, "pAbies": 0.0, "pDouglas": 0.0, "pLarix": 0.0, "pOtherNb": 0.0, "pNoEurop": 0.0, "pNoEuropD": 0.0, "pEurop": 1.0, "pDecid": 0.0, "pConifer": 1.0, "pAll": 1.0, "Cell_id": "4440_3056", "EPSG": 31468, "Netz": 8, "Dichte": 8, "Bl": ";16;" }, "geometry": { "type": "Point", "coordinates": [ 690204.281208014930598, 5609671.141309863887727 ] } },
{ "type": "Feature", "properties": { "Tnr": 56185, "mitRand": 1, "AnzHBbeg": 4, "pHaupt": 1.0, "poHaupt": 0.0, "pQuerus": 0.0, "pFagus": 0.0, "pFraxinus": 0.0, "pCarpinus": 0.0, "pAcer": 0.0, "pTilia": 0.0, "pRobinia": 0.0, "pUlmus": 0.0, "pCastanea": 0.0, "pOtherLH": 0.0, "pBetula": 0.0, "pAlnus": 0.0, "pPopulus": 0.0, "pSalix": 0.0, "pSorbus": 0.0, "pPrunus": 0.0, "pMalus": 0.0, "pPyrus": 0.0, "pOtherLN": 0.0, "pPicea": 0.787, "pPinus": 0.213, "pAbies": 0.0, "pDouglas": 0.0, "pLarix": 0.0, "pOtherNb": 0.0, "pNoEurop": 0.0, "pNoEuropD": 0.0, "pEurop": 1.0, "pDecid": 0.0, "pConifer": 1.0, "pAll": 1.0, "Cell_id": "4464_3057", "EPSG": 31468, "Netz": 8, "Dichte": 8, "Bl": ";16;" }, "geometry": { "type": "Point", "coordinates": [ 714191.571717591024935, 5610987.336882274597883 ] } },
{ "type": "Feature", "properties": { "Tnr": 56233, "mitRand": 1, "AnzHBbeg": 3, "pHaupt": 1.0, "poHaupt": 0.0, "pQuerus": 0.221, "pFagus": 0.0, "pFraxinus": 0.097, "pCarpinus": 0.0, "pAcer": 0.237, "pTilia": 0.0, "pRobinia": 0.0, "pUlmus": 0.0, "pCastanea": 0.0, "pOtherLH": 0.0, "pBetula": 0.0, "pAlnus": 0.0, "pPopulus": 0.112, "pSalix": 0.0, "pSorbus": 0.0, "pPrunus": 0.0, "pMalus": 0.0, "pPyrus": 0.0, "pOtherLN": 0.0, "pPicea": 0.247, "pPinus": 0.0, "pAbies": 0.0, "pDouglas": 0.087, "pLarix": 0.0, "pOtherNb": 0.0, "pNoEurop": 0.087, "pNoEuropD": 0.0, "pEurop": 0.913, "pDecid": 0.667, "pConifer": 0.333, "pAll": 1.0, "Cell_id": "4326_3052", "EPSG": 31467, "Netz": 16, "Dichte": 8, "Bl": ";16;" }, "geometry": { "type": "Point", "coordinates": [ 576291.38719177688472, 5604151.637920657172799 ] } },
{ "type": "Feature", "properties": { "Tnr": 56239, "mitRand": 1, "AnzHBbeg": 4, "pHaupt": 1.0, "poHaupt": 0.0, "pQuerus": 0.0, "pFagus": 0.0, "pFraxinus": 0.181, "pCarpinus": 0.0, "pAcer": 0.0, "pTilia": 0.0, "pRobinia": 0.0, "pUlmus": 0.0, "pCastanea": 0.0, "pOtherLH": 0.0, "pBetula": 0.0, "pAlnus": 0.0, "pPopulus": 0.0, "pSalix": 0.0, "pSorbus": 0.0, "pPrunus": 0.0, "pMalus": 0.0, "pPyrus": 0.0, "pOtherLN": 0.0, "pPicea": 0.819, "pPinus": 0.0, "pAbies": 0.0, "pDouglas": 0.0, "pLarix": 0.0, "pOtherNb": 0.0, "pNoEurop": 0.0, "pNoEuropD": 0.0, "pEurop": 1.0, "pDecid": 0.181, "pConifer": 0.819, "pAll": 1.0, "Cell_id": "4338_3052", "EPSG": 31467, "Netz": 64, "Dichte": 8, "Bl": ";16;" }, "geometry": { "type": "Point", "coordinates": [ 588286.528426469652914, 5604312.442183816805482 ] } },
{ "type": "Feature", "properties": { "Tnr": 56241, "mitRand": 1, "AnzHBbeg": 3, "pHaupt": 1.0, "poHaupt": 0.0, "pQuerus": 0.099, "pFagus": 0.857, "pFraxinus": 0.0, "pCarpinus": 0.0, "pAcer": 0.044, "pTilia": 0.0, "pRobinia": 0.0, "pUlmus": 0.0, "pCastanea": 0.0, "pOtherLH": 0.0, "pBetula": 0.0, "pAlnus": 0.0, "pPopulus": 0.0, "pSalix": 0.0, "pSorbus": 0.0, "pPrunus": 0.0, "pMalus": 0.0, "pPyrus": 0.0, "pOtherLN": 0.0, "pPicea": 0.0, "pPinus": 0.0, "pAbies": 0.0, "pDouglas": 0.0, "pLarix": 0.0, "pOtherNb": 0.0, "pNoEurop": 0.0, "pNoEuropD": 0.0, "pEurop": 1.0, "pDecid": 1.0, "pConifer": 0.0, "pAll": 1.0, "Cell_id": "4342_3052", "EPSG": 31467, "Netz": 16, "Dichte": 8, "Bl": ";16;" }, "geometry": { "type": "Point", "coordinates": [ 592284.908794050454162, 5604366.376697601750493 ] } },
{ "type": "Feature", "properties": { "Tnr": 56243, "mitRand": 0, "AnzHBbeg": 1, "pHaupt": 1.0, "poHaupt": 0.0, "pQuerus": 0.0, "pFagus": 1.0, "pFraxinus": 0.0, "pCarpinus": 0.0, "pAcer": 0.0, "pTilia": 0.0, "pRobinia": 0.0, "pUlmus": 0.0, "pCastanea": 0.0, "pOtherLH": 0.0, "pBetula": 0.0, "pAlnus": 0.0, "pPopulus": 0.0, "pSalix": 0.0, "pSorbus": 0.0, "pPrunus": 0.0, "pMalus": 0.0, "pPyrus": 0.0, "pOtherLN": 0.0, "pPicea": 0.0, "pPinus": 0.0, "pAbies": 0.0, "pDouglas": 0.0, "pLarix": 0.0, "pOtherNb": 0.0, "pNoEurop": 0.0, "pNoEuropD": 0.0, "pEurop": 1.0, "pDecid": 1.0, "pConifer": 0.0, "pAll": 1.0, "Cell_id": "4346_3052", "EPSG": 31467, "Netz": 64, "Dichte": 8, "Bl": ";16;" }, "geometry": { "type": "Point", "coordinates": [ 596282.28954258421436, 5604420.311169477179646 ] } },
{ "type": "Feature", "properties": { "Tnr": 56251, "mitRand": 1, "AnzHBbeg": 4, "pHaupt": 1.0, "poHaupt": 0.0, "pQuerus": 0.0, "pFagus": 0.0, "pFraxinus": 0.0, "pCarpinus": 0.0, "pAcer": 0.0, "pTilia": 0.0, "pRobinia": 0.0, "pUlmus": 0.0, "pCastanea": 0.0, "pOtherLH": 0.0, "pBetula": 0.0, "pAlnus": 0.0, "pPopulus": 0.0, "pSalix": 0.0, "pSorbus": 0.0, "pPrunus": 0.0, "pMalus": 0.0, "pPyrus": 0.0, "pOtherLN": 0.0, "pPicea": 1.0, "pPinus": 0.0, "pAbies": 0.0, "pDouglas": 0.0, "pLarix": 0.0, "pOtherNb": 0.0, "pNoEurop": 0.0, "pNoEuropD": 0.0, "pEurop": 1.0, "pDecid": 0.0, "pConifer": 1.0, "pAll": 1.0, "Cell_id": "4362_3052", "EPSG": 31468, "Netz": 16, "Dichte": 8, "Bl": ";16;" }, "geometry": { "type": "Point", "coordinates": [ 612275.810649685561657, 5604634.04929474927485 ] } },
{ "type": "Feature", "properties": { "Tnr": 56253, "mitRand": 0, "AnzHBbeg": 4, "pHaupt": 0.75, "poHaupt": 0.25, "pQuerus": 0.0, "pFagus": 0.0, "pFraxinus": 0.0, "pCarpinus": 0.0, "pAcer": 0.0, "pTilia": 0.0, "pRobinia": 0.0, "pUlmus": 0.0, "pCastanea": 0.0, "pOtherLH": 0.0, "pBetula": 0.167, "pAlnus": 0.0, "pPopulus": 0.0, "pSalix": 0.0, "pSorbus": 0.0, "pPrunus": 0.0, "pMalus": 0.0, "pPyrus": 0.0, "pOtherLN": 0.0, "pPicea": 0.555, "pPinus": 0.0, "pAbies": 0.0, "pDouglas": 0.0, "pLarix": 0.028, "pOtherNb": 0.0, "pNoEurop": 0.0, "pNoEuropD": 0.0, "pEurop": 0.75, "pDecid": 0.167, "pConifer": 0.583, "pAll": 0.75, "Cell_id": "4366_3052", "EPSG": 31468, "Netz": 64, "Dichte": 8, "Bl": ";16;" }, "geometry": { "type": "Point", "coordinates": [ 616275.190464682411402, 5604687.983480214141309 ] } },
{ "type": "Feature", "properties": { "Tnr": 56255, "mitRand": 1, "AnzHBbeg": 2, "pHaupt": 1.0, "poHaupt": 0.0, "pQuerus": 0.0, "pFagus": 0.0, "pFraxinus": 0.0, "pCarpinus": 0.0, "pAcer": 0.0, "pTilia": 0.0, "pRobinia": 0.0, "pUlmus": 0.0, "pCastanea": 0.0, "pOtherLH": 0.0, "pBetula": 0.0, "pAlnus": 0.0, "pPopulus": 0.0, "pSalix": 0.0, "pSorbus": 0.0, "pPrunus": 0.0, "pMalus": 0.0, "pPyrus": 0.0, "pOtherLN": 0.0, "pPicea": 1.0, "pPinus": 0.0, "pAbies": 0.0, "pDouglas": 0.0, "pLarix": 0.0, "pOtherNb": 0.0, "pNoEurop": 0.0, "pNoEuropD": 0.0, "pEurop": 1.0, "pDecid": 0.0, "pConifer": 1.0, "pAll": 1.0, "Cell_id": "4370_3052", "EPSG": 31468, "Netz": 16, "Dichte": 8, "Bl": ";16;" }, "geometry": { "type": "Point", "coordinates": [ 620273.57065953896381, 5604741.917623671703041 ] } },
{ "type": "Feature", "properties": { "Tnr": 56257, "mitRand": 1, "AnzHBbeg": 4, "pHaupt": 1.0, "poHaupt": 0.0, "pQuerus": 0.0, "pFagus": 0.135, "pFraxinus": 0.0, "pCarpinus": 0.0, "pAcer": 0.0, "pTilia": 0.0, "pRobinia": 0.0, "pUlmus": 0.0, "pCastanea": 0.0, "pOtherLH": 0.0, "pBetula": 0.0, "pAlnus": 0.0, "pPopulus": 0.0, "pSalix": 0.0, "pSorbus": 0.0, "pPrunus": 0.0, "pMalus": 0.0, "pPyrus": 0.0, "pOtherLN": 0.0, "pPicea": 0.865, "pPinus": 0.0, "pAbies": 0.0, "pDouglas": 0.0, "pLarix": 0.0, "pOtherNb": 0.0, "pNoEurop": 0.0, "pNoEuropD": 0.0, "pEurop": 1.0, "pDecid": 0.135, "pConifer": 0.865, "pAll": 1.0, "Cell_id": "4374_3052", "EPSG": 31468, "Netz": 64, "Dichte": 8, "Bl": ";16;" }, "geometry": { "type": "Point", "coordinates": [ 624271.95081796310842, 5604794.852119256742299 ] } },
{ "type": "Feature", "properties": { "Tnr": 56259, "mitRand": 0, "AnzHBbeg": 4, "pHaupt": 1.0, "poHaupt": 0.0, "pQuerus": 0.0, "pFagus": 0.193, "pFraxinus": 0.0, "pCarpinus": 0.0, "pAcer": 0.0, "pTilia": 0.0, "pRobinia": 0.0, "pUlmus": 0.0, "pCastanea": 0.0, "pOtherLH": 0.0, "pBetula": 0.0, "pAlnus": 0.0, "pPopulus": 0.0, "pSalix": 0.0, "pSorbus": 0.073, "pPrunus": 0.0, "pMalus": 0.0, "pPyrus": 0.0, "pOtherLN": 0.0, "pPicea": 0.734, "pPinus": 0.0, "pAbies": 0.0, "pDouglas": 0.0, "pLarix": 0.0, "pOtherNb": 0.0, "pNoEurop": 0.0, "pNoEuropD": 0.0, "pEurop": 1.0, "pDecid": 0.266, "pConifer": 0.734, "pAll": 1.0, "Cell_id": "4378_3053", "EPSG": 31468, "Netz": 16, "Dichte": 8, "Bl": ";16;" }, "geometry": { "type": "Point", "coordinates": [ 628257.347257899818942, 5605848.381165301427245 ] } },
{ "type": "Feature", "properties": { "Tnr": 56261, "mitRand": 1, "AnzHBbeg": 4, "pHaupt": 1.0, "poHaupt": 0.0, "pQuerus": 0.0, "pFagus": 0.25, "pFraxinus": 0.0, "pCarpinus": 0.0, "pAcer": 0.0, "pTilia": 0.0, "pRobinia": 0.0, "pUlmus": 0.0, "pCastanea": 0.0, "pOtherLH": 0.0, "pBetula": 0.0, "pAlnus": 0.0, "pPopulus": 0.0, "pSalix": 0.0, "pSorbus": 0.0, "pPrunus": 0.0, "pMalus": 0.0, "pPyrus": 0.0, "pOtherLN": 0.0, "pPicea": 0.75, "pPinus": 0.0, "pAbies": 0.0, "pDouglas": 0.0, "pLarix": 0.0, "pOtherNb": 0.0, "pNoEurop": 0.0, "pNoEuropD": 0.0, "pEurop": 1.0, "pDecid": 0.25, "pConifer": 0.75, "pAll": 1.0, "Cell_id": "4382_3053", "EPSG": 31468, "Netz": 64, "Dichte": 8, "Bl": ";16;" }, "geometry": { "type": "Point", "coordinates": [ 632255.727378186769783, 5605901.315548360347748 ] } },
{ "type": "Feature", "properties": { "Tnr": 56269, "mitRand": 0, "AnzHBbeg": 1, "pHaupt": 1.0, "poHaupt": 0.0, "pQuerus": 0.0, "pFagus": 0.0, "pFraxinus": 0.0, "pCarpinus": 0.0, "pAcer": 0.248, "pTilia": 0.0, "pRobinia": 0.0, "pUlmus": 0.0, "pCastanea": 0.0, "pOtherLH": 0.0, "pBetula": 0.0, "pAlnus": 0.0, "pPopulus": 0.0, "pSalix": 0.0, "pSorbus": 0.0, "pPrunus": 0.0, "pMalus": 0.0, "pPyrus": 0.0, "pOtherLN": 0.0, "pPicea": 0.58, "pPinus": 0.172, "pAbies": 0.0, "pDouglas": 0.0, "pLarix": 0.0, "pOtherNb": 0.0, "pNoEurop": 0.0, "pNoEuropD": 0.0, "pEurop": 1.0, "pDecid": 0.248, "pConifer": 0.752, "pAll": 1.0, "Cell_id": "4398_3053", "EPSG": 31468, "Netz": 64, "Dichte": 8, "Bl": ";16;" }, "geometry": { "type": "Point", "coordinates": [ 648251.24680940201506, 5606115.051716725341976 ] } },
{ "type": "Feature", "properties": { "Tnr": 56275, "mitRand": 1, "AnzHBbeg": 4, "pHaupt": 0.75, "poHaupt": 0.25, "pQuerus": 0.0, "pFagus": 0.0, "pFraxinus": 0.0, "pCarpinus": 0.0, "pAcer": 0.0, "pTilia": 0.0, "pRobinia": 0.0, "pUlmus": 0.0, "pCastanea": 0.0, "pOtherLH": 0.0, "pBetula": 0.0, "pAlnus": 0.0, "pPopulus": 0.0, "pSalix": 0.0, "pSorbus": 0.0, "pPrunus": 0.0, "pMalus": 0.0, "pPyrus": 0.0, "pOtherLN": 0.0, "pPicea": 0.75, "pPinus": 0.0, "pAbies": 0.0, "pDouglas": 0.0, "pLarix": 0.0, "pOtherNb": 0.0, "pNoEurop": 0.0, "pNoEuropD": 0.0, "pEurop": 0.75, "pDecid": 0.0, "pConifer": 0.75, "pAll": 0.75, "Cell_id": "4410_3053", "EPSG": 31468, "Netz": 16, "Dichte": 8, "Bl": ";16;" }, "geometry": { "type": "Point", "coordinates": [ 660248.385883445735089, 5606273.853886420838535 ] } },
{ "type": "Feature", "properties": { "Tnr": 56277, "mitRand": 0, "AnzHBbeg": 2, "pHaupt": 1.0, "poHaupt": 0.0, "pQuerus": 0.0, "pFagus": 0.0, "pFraxinus": 0.0, "pCarpinus": 0.0, "pAcer": 0.0, "pTilia": 0.0, "pRobinia": 0.0, "pUlmus": 0.0, "pCastanea": 0.0, "pOtherLH": 0.0, "pBetula": 0.0, "pAlnus": 0.0, "pPopulus": 0.0, "pSalix": 0.0, "pSorbus": 0.0, "pPrunus": 0.0, "pMalus": 0.0, "pPyrus": 0.0, "pOtherLN": 0.0, "pPicea": 0.895, "pPinus": 0.105, "pAbies": 0.0, "pDouglas": 0.0, "pLarix": 0.0, "pOtherNb": 0.0, "pNoEurop": 0.0, "pNoEuropD": 0.0, "pEurop": 1.0, "pDecid": 0.0, "pConifer": 1.0, "pAll": 1.0, "Cell_id": "4414_3054", "EPSG": 31468, "Netz": 64, "Dichte": 8, "Bl": ";16;" }, "geometry": { "type": "Point", "coordinates": [ 664233.782219408429228, 5607327.382390739396214 ] } },
{ "type": "Feature", "properties": { "Tnr": 56279, "mitRand": 1, "AnzHBbeg": 2, "pHaupt": 1.0, "poHaupt": 0.0, "pQuerus": 0.0, "pFagus": 0.0, "pFraxinus": 0.0, "pCarpinus": 0.0, "pAcer": 0.0, "pTilia": 0.0, "pRobinia": 0.0, "pUlmus": 0.0, "pCastanea": 0.0, "pOtherLH": 0.0, "pBetula": 0.0, "pAlnus": 0.0, "pPopulus": 0.0, "pSalix": 0.0, "pSorbus": 0.0, "pPrunus": 0.0, "pMalus": 0.0, "pPyrus": 0.0, "pOtherLN": 0.0, "pPicea": 0.854, "pPinus": 0.146, "pAbies": 0.0, "pDouglas": 0.0, "pLarix": 0.0, "pOtherNb": 0.0, "pNoEurop": 0.0, "pNoEuropD": 0.0, "pEurop": 1.0, "pDecid": 0.0, "pConifer": 1.0, "pAll": 1.0, "Cell_id": "4418_3054", "EPSG": 31468, "Netz": 16, "Dichte": 8, "Bl": ";16;" }, "geometry": { "type": "Point", "coordinates": [ 668233.161707204766572, 5607380.316276815719903 ] } },
{ "type": "Feature", "properties": { "Tnr": 56281, "mitRand": 0, "AnzHBbeg": 1, "pHaupt": 1.0, "poHaupt": 0.0, "pQuerus": 0.237, "pFagus": 0.0, "pFraxinus": 0.0, "pCarpinus": 0.0, "pAcer": 0.0, "pTilia": 0.206, "pRobinia": 0.0, "pUlmus": 0.0, "pCastanea": 0.0, "pOtherLH": 0.0, "pBetula": 0.0, "pAlnus": 0.0, "pPopulus": 0.0, "pSalix": 0.0, "pSorbus": 0.0, "pPrunus": 0.0, "pMalus": 0.0, "pPyrus": 0.0, "pOtherLN": 0.0, "pPicea": 0.0, "pPinus": 0.557, "pAbies": 0.0, "pDouglas": 0.0, "pLarix": 0.0, "pOtherNb": 0.0, "pNoEurop": 0.0, "pNoEuropD": 0.0, "pEurop": 1.0, "pDecid": 0.443, "pConifer": 0.557, "pAll": 1.0, "Cell_id": "4422_3054", "EPSG": 31468, "Netz": 64, "Dichte": 8, "Bl": ";16;" }, "geometry": { "type": "Point", "coordinates": [ 672232.541167316841893, 5607433.250109490007162 ] } },
{ "type": "Feature", "properties": { "Tnr": 56283, "mitRand": 1, "AnzHBbeg": 4, "pHaupt": 1.0, "poHaupt": 0.0, "pQuerus": 0.0, "pFagus": 0.0, "pFraxinus": 0.0, "pCarpinus": 0.0, "pAcer": 0.0, "pTilia": 0.0, "pRobinia": 0.0, "pUlmus": 0.0, "pCastanea": 0.0, "pOtherLH": 0.0, "pBetula": 0.0, "pAlnus": 0.0, "pPopulus": 0.0, "pSalix": 0.0, "pSorbus": 0.0, "pPrunus": 0.0, "pMalus": 0.0, "pPyrus": 0.0, "pOtherLN": 0.0, "pPicea": 0.706, "pPinus": 0.294, "pAbies": 0.0, "pDouglas": 0.0, "pLarix": 0.0, "pOtherNb": 0.0, "pNoEurop": 0.0, "pNoEuropD": 0.0, "pEurop": 1.0, "pDecid": 0.0, "pConifer": 1.0, "pAll": 1.0, "Cell_id": "4426_3054", "EPSG": 31468, "Netz": 16, "Dichte": 8, "Bl": ";16;" }, "geometry": { "type": "Point", "coordinates": [ 676231.920599558390677, 5607486.183888738974929 ] } },
{ "type": "Feature", "properties": { "Tnr": 56289, "mitRand": 0, "AnzHBbeg": 2, "pHaupt": 1.0, "poHaupt": 0.0, "pQuerus": 0.195, "pFagus": 0.0, "pFraxinus": 0.0, "pCarpinus": 0.0, "pAcer": 0.0, "pTilia": 0.0, "pRobinia": 0.0, "pUlmus": 0.0, "pCastanea": 0.0, "pOtherLH": 0.0, "pBetula": 0.0, "pAlnus": 0.0, "pPopulus": 0.0, "pSalix": 0.0, "pSorbus": 0.0, "pPrunus": 0.0, "pMalus": 0.0, "pPyrus": 0.0, "pOtherLN": 0.0, "pPicea": 0.448, "pPinus": 0.148, "pAbies": 0.208, "pDouglas": 0.0, "pLarix": 0.0, "pOtherNb": 0.0, "pNoEurop": 0.0, "pNoEuropD": 0.0, "pEurop": 1.0, "pDecid": 0.195, "pConifer": 0.805, "pAll": 1.0, "Cell_id": "4438_3054", "EPSG": 31468, "Netz": 64, "Dichte": 8, "Bl": ";16;" }, "geometry": { "type": "Point", "coordinates": [ 688231.058321977034211, 5607644.984894463792443 ] } },
{ "type": "Feature", "properties": { "Tnr": 56291, "mitRand": 1, "AnzHBbeg": 2, "pHaupt": 1.0, "poHaupt": 0.0, "pQuerus": 0.0, "pFagus": 0.0, "pFraxinus": 0.0, "pCarpinus": 0.0, "pAcer": 0.0, "pTilia": 0.0, "pRobinia": 0.0, "pUlmus": 0.0, "pCastanea": 0.0, "pOtherLH": 0.0, "pBetula": 0.0, "pAlnus": 0.0, "pPopulus": 0.0, "pSalix": 0.0, "pSorbus": 0.0, "pPrunus": 0.0, "pMalus": 0.0, "pPyrus": 0.0, "pOtherLN": 0.0, "pPicea": 0.966, "pPinus": 0.034, "pAbies": 0.0, "pDouglas": 0.0, "pLarix": 0.0, "pOtherNb": 0.0, "pNoEurop": 0.0, "pNoEuropD": 0.0, "pEurop": 1.0, "pDecid": 0.0, "pConifer": 1.0, "pAll": 1.0, "Cell_id": "4442_3054", "EPSG": 31468, "Netz": 16, "Dichte": 8, "Bl": ";16;" }, "geometry": { "type": "Point", "coordinates": [ 692231.437235639081337, 5607697.91844851244241 ] } },
{ "type": "Feature", "properties": { "Tnr": 56293, "mitRand": 1, "AnzHBbeg": 3, "pHaupt": 1.0, "poHaupt": 0.0, "pQuerus": 0.0, "pFagus": 0.0, "pFraxinus": 0.0, "pCarpinus": 0.0, "pAcer": 0.0, "pTilia": 0.0, "pRobinia": 0.0, "pUlmus": 0.0, "pCastanea": 0.0, "pOtherLH": 0.0, "pBetula": 0.029, "pAlnus": 0.0, "pPopulus": 0.0, "pSalix": 0.0, "pSorbus": 0.0, "pPrunus": 0.0, "pMalus": 0.0, "pPyrus": 0.0, "pOtherLN": 0.0, "pPicea": 0.971, "pPinus": 0.0, "pAbies": 0.0, "pDouglas": 0.0, "pLarix": 0.0, "pOtherNb": 0.0, "pNoEurop": 0.0, "pNoEuropD": 0.0, "pEurop": 1.0, "pDecid": 0.029, "pConifer": 0.971, "pAll": 1.0, "Cell_id": "4446_3054", "EPSG": 31468, "Netz": 64, "Dichte": 8, "Bl": ";16;" }, "geometry": { "type": "Point", "coordinates": [ 696230.816525711095892, 5607750.851960248313844 ] } },
{ "type": "Feature", "properties": { "Tnr": 56299, "mitRand": 1, "AnzHBbeg": 2, "pHaupt": 1.0, "poHaupt": 0.0, "pQuerus": 0.0, "pFagus": 0.0, "pFraxinus": 0.0, "pCarpinus": 0.0, "pAcer": 0.0, "pTilia": 0.0, "pRobinia": 0.0, "pUlmus": 0.0, "pCastanea": 0.0, "pOtherLH": 0.0, "pBetula": 0.0, "pAlnus": 0.0, "pPopulus": 0.0, "pSalix": 0.0, "pSorbus": 0.0, "pPrunus": 0.0, "pMalus": 0.0, "pPyrus": 0.0, "pOtherLN": 0.0, "pPicea": 0.867, "pPinus": 0.133, "pAbies": 0.0, "pDouglas": 0.0, "pLarix": 0.0, "pOtherNb": 0.0, "pNoEurop": 0.0, "pNoEuropD": 0.0, "pEurop": 1.0, "pDecid": 0.0, "pConifer": 1.0, "pAll": 1.0, "Cell_id": "4458_3055", "EPSG": 31468, "Netz": 16, "Dichte": 8, "Bl": ";14;16;" }, "geometry": { "type": "Point", "coordinates": [ 708217.969966347329319, 5608908.247433724813163 ] } },
{ "type": "Feature", "properties": { "Tnr": 56303, "mitRand": 0, "AnzHBbeg": 1, "pHaupt": 1.0, "poHaupt": 0.0, "pQuerus": 0.0, "pFagus": 0.0, "pFraxinus": 0.0, "pCarpinus": 0.0, "pAcer": 0.0, "pTilia": 0.0, "pRobinia": 0.0, "pUlmus": 0.0, "pCastanea": 0.0, "pOtherLH": 0.0, "pBetula": 0.0, "pAlnus": 0.226, "pPopulus": 0.0, "pSalix": 0.0, "pSorbus": 0.0, "pPrunus": 0.0, "pMalus": 0.0, "pPyrus": 0.0, "pOtherLN": 0.0, "pPicea": 0.774, "pPinus": 0.0, "pAbies": 0.0, "pDouglas": 0.0, "pLarix": 0.0, "pOtherNb": 0.0, "pNoEurop": 0.0, "pNoEuropD": 0.0, "pEurop": 1.0, "pDecid": 0.226, "pConifer": 0.774, "pAll": 1.0, "Cell_id": "4466_3055", "EPSG": 31468, "Netz": 16, "Dichte": 8, "Bl": ";16;" }, "geometry": { "type": "Point", "coordinates": [ 716218.727498883847147, 5609014.113937138579786 ] } },
{ "type": "Feature", "properties": { "Tnr": 56305, "mitRand": 1, "AnzHBbeg": 4, "pHaupt": 0.75, "poHaupt": 0.25, "pQuerus": 0.0, "pFagus": 0.0, "pFraxinus": 0.0, "pCarpinus": 0.0, "pAcer": 0.0, "pTilia": 0.0, "pRobinia": 0.0, "pUlmus": 0.0, "pCastanea": 0.0, "pOtherLH": 0.0, "pBetula": 0.0, "pAlnus": 0.0, "pPopulus": 0.0, "pSalix": 0.0, "pSorbus": 0.0, "pPrunus": 0.0, "pMalus": 0.0, "pPyrus": 0.0, "pOtherLN": 0.0, "pPicea": 0.564, "pPinus": 0.186, "pAbies": 0.0, "pDouglas": 0.0, "pLarix": 0.0, "pOtherNb": 0.0, "pNoEurop": 0.0, "pNoEuropD": 0.0, "pEurop": 0.75, "pDecid": 0.0, "pConifer": 0.75, "pAll": 0.75, "Cell_id": "4470_3055", "EPSG": 31468, "Netz": 64, "Dichte": 8, "Bl": ";14;" }, "geometry": { "type": "Point", "coordinates": [ 720219.106209003133699, 5609066.047513500787318 ] } },
{ "type": "Feature", "properties": { "Tnr": 56307, "mitRand": 0, "AnzHBbeg": 3, "pHaupt": 1.0, "poHaupt": 0.0, "pQuerus": 0.121, "pFagus": 0.0, "pFraxinus": 0.0, "pCarpinus": 0.178, "pAcer": 0.0, "pTilia": 0.081, "pRobinia": 0.0, "pUlmus": 0.0, "pCastanea": 0.0, "pOtherLH": 0.0, "pBetula": 0.083, "pAlnus": 0.0, "pPopulus": 0.0, "pSalix": 0.0, "pSorbus": 0.0, "pPrunus": 0.0, "pMalus": 0.0, "pPyrus": 0.0, "pOtherLN": 0.0, "pPicea": 0.133, "pPinus": 0.404, "pAbies": 0.0, "pDouglas": 0.0, "pLarix": 0.0, "pOtherNb": 0.0, "pNoEurop": 0.0, "pNoEuropD": 0.0, "pEurop": 1.0, "pDecid": 0.463, "pConifer": 0.537, "pAll": 1.0, "Cell_id": "4474_3055", "EPSG": 31468, "Netz": 16, "Dichte": 8, "Bl": ";14;" }, "geometry": { "type": "Point", "coordinates": [ 724219.484900326584466, 5609118.980630788952112 ] } },
{ "type": "Feature", "properties": { "Tnr": 56348, "mitRand": 1, "AnzHBbeg": 1, "pHaupt": 1.0, "poHaupt": 0.0, "pQuerus": 0.0, "pFagus": 0.0, "pFraxinus": 0.609, "pCarpinus": 0.0, "pAcer": 0.0, "pTilia": 0.0, "pRobinia": 0.0, "pUlmus": 0.0, "pCastanea": 0.0, "pOtherLH": 0.0, "pBetula": 0.0, "pAlnus": 0.0, "pPopulus": 0.0, "pSalix": 0.391, "pSorbus": 0.0, "pPrunus": 0.0, "pMalus": 0.0, "pPyrus": 0.0, "pOtherLN": 0.0, "pPicea": 0.0, "pPinus": 0.0, "pAbies": 0.0, "pDouglas": 0.0, "pLarix": 0.0, "pOtherNb": 0.0, "pNoEurop": 0.0, "pNoEuropD": 0.0, "pEurop": 1.0, "pDecid": 1.0, "pConifer": 0.0, "pAll": 1.0, "Cell_id": "4324_3050", "EPSG": 31467, "Netz": 8, "Dichte": 8, "Bl": ";16;" }, "geometry": { "type": "Point", "coordinates": [ 574319.164328524260782, 5602125.480381194502115 ] } },
{ "type": "Feature", "properties": { "Tnr": 56350, "mitRand": 1, "AnzHBbeg": 2, "pHaupt": 1.0, "poHaupt": 0.0, "pQuerus": 0.0, "pFagus": 0.07, "pFraxinus": 0.301, "pCarpinus": 0.0, "pAcer": 0.629, "pTilia": 0.0, "pRobinia": 0.0, "pUlmus": 0.0, "pCastanea": 0.0, "pOtherLH": 0.0, "pBetula": 0.0, "pAlnus": 0.0, "pPopulus": 0.0, "pSalix": 0.0, "pSorbus": 0.0, "pPrunus": 0.0, "pMalus": 0.0, "pPyrus": 0.0, "pOtherLN": 0.0, "pPicea": 0.0, "pPinus": 0.0, "pAbies": 0.0, "pDouglas": 0.0, "pLarix": 0.0, "pOtherNb": 0.0, "pNoEurop": 0.0, "pNoEuropD": 0.0, "pEurop": 1.0, "pDecid": 1.0, "pConifer": 0.0, "pAll": 1.0, "Cell_id": "4328_3050", "EPSG": 31467, "Netz": 8, "Dichte": 8, "Bl": ";16;" }, "geometry": { "type": "Point", "coordinates": [ 578317.54475264030043, 5602179.415091364644468 ] } },
{ "type": "Feature", "properties": { "Tnr": 56352, "mitRand": 1, "AnzHBbeg": 2, "pHaupt": 1.0, "poHaupt": 0.0, "pQuerus": 0.0, "pFagus": 0.428, "pFraxinus": 0.0, "pCarpinus": 0.0, "pAcer": 0.0, "pTilia": 0.0, "pRobinia": 0.0, "pUlmus": 0.0, "pCastanea": 0.0, "pOtherLH": 0.0, "pBetula": 0.0, "pAlnus": 0.0, "pPopulus": 0.0, "pSalix": 0.0, "pSorbus": 0.0, "pPrunus": 0.0, "pMalus": 0.0, "pPyrus": 0.0, "pOtherLN": 0.0, "pPicea": 0.0, "pPinus": 0.572, "pAbies": 0.0, "pDouglas": 0.0, "pLarix": 0.0, "pOtherNb": 0.0, "pNoEurop": 0.0, "pNoEuropD": 0.0, "pEurop": 1.0, "pDecid": 0.428, "pConifer": 0.572, "pAll": 1.0, "Cell_id": "4332_3050", "EPSG": 31467, "Netz": 8, "Dichte": 8, "Bl": ";16;" }, "geometry": { "type": "Point", "coordinates": [ 582315.925153284333646, 5602233.349748878739774 ] } },
{ "type": "Feature", "properties": { "Tnr": 56362, "mitRand": 1, "AnzHBbeg": 4, "pHaupt": 1.0, "poHaupt": 0.0, "pQuerus": 0.0, "pFagus": 0.0, "pFraxinus": 0.143, "pCarpinus": 0.0, "pAcer": 0.0, "pTilia": 0.0, "pRobinia": 0.0, "pUlmus": 0.0, "pCastanea": 0.0, "pOtherLH": 0.0, "pBetula": 0.0, "pAlnus": 0.0, "pPopulus": 0.0, "pSalix": 0.077, "pSorbus": 0.0, "pPrunus": 0.0, "pMalus": 0.0, "pPyrus": 0.0, "pOtherLN": 0.0, "pPicea": 0.607, "pPinus": 0.173, "pAbies": 0.0, "pDouglas": 0.0, "pLarix": 0.0, "pOtherNb": 0.0, "pNoEurop": 0.0, "pNoEuropD": 0.0, "pEurop": 1.0, "pDecid": 0.219, "pConifer": 0.781, "pAll": 1.0, "Cell_id": "4352_3050", "EPSG": 31467, "Netz": 8, "Dichte": 8, "Bl": ";16;" }, "geometry": { "type": "Point", "coordinates": [ 602306.827181105967611, 5602501.023066924884915 ] } },
{ "type": "Feature", "properties": { "Tnr": 56364, "mitRand": 1, "AnzHBbeg": 4, "pHaupt": 1.0, "poHaupt": 0.0, "pQuerus": 0.0, "pFagus": 0.629, "pFraxinus": 0.0, "pCarpinus": 0.0, "pAcer": 0.0, "pTilia": 0.0, "pRobinia": 0.0, "pUlmus": 0.0, "pCastanea": 0.0, "pOtherLH": 0.0, "pBetula": 0.0, "pAlnus": 0.0, "pPopulus": 0.0, "pSalix": 0.0, "pSorbus": 0.0, "pPrunus": 0.0, "pMalus": 0.0, "pPyrus": 0.0, "pOtherLN": 0.0, "pPicea": 0.288, "pPinus": 0.06, "pAbies": 0.0, "pDouglas": 0.0, "pLarix": 0.023, "pOtherNb": 0.0, "pNoEurop": 0.0, "pNoEuropD": 0.0, "pEurop": 1.0, "pDecid": 0.629, "pConifer": 0.371, "pAll": 1.0, "Cell_id": "4356_3050", "EPSG": 31468, "Netz": 8, "Dichte": 8, "Bl": ";16;" }, "geometry": { "type": "Point", "coordinates": [ 606305.207436984637752, 5602554.957408027723432 ] } },
{ "type": "Feature", "properties": { "Tnr": 56366, "mitRand": 0, "AnzHBbeg": 1, "pHaupt": 1.0, "poHaupt": 0.0, "pQuerus": 0.0, "pFagus": 0.0, "pFraxinus": 0.0, "pCarpinus": 0.0, "pAcer": 0.0, "pTilia": 0.0, "pRobinia": 0.0, "pUlmus": 0.0, "pCastanea": 0.0, "pOtherLH": 0.0, "pBetula": 0.0, "pAlnus": 0.0, "pPopulus": 0.0, "pSalix": 0.0, "pSorbus": 0.0, "pPrunus": 0.0, "pMalus": 0.0, "pPyrus": 0.0, "pOtherLN": 0.0, "pPicea": 1.0, "pPinus": 0.0, "pAbies": 0.0, "pDouglas": 0.0, "pLarix": 0.0, "pOtherNb": 0.0, "pNoEurop": 0.0, "pNoEuropD": 0.0, "pEurop": 1.0, "pDecid": 0.0, "pConifer": 1.0, "pAll": 1.0, "Cell_id": "4360_3050", "EPSG": 31468, "Netz": 8, "Dichte": 8, "Bl": ";16;" }, "geometry": { "type": "Point", "coordinates": [ 610303.587657122057863, 5602607.89210141915828 ] } },
{ "type": "Feature", "properties": { "Tnr": 56368, "mitRand": 1, "AnzHBbeg": 4, "pHaupt": 1.0, "poHaupt": 0.0, "pQuerus": 0.0, "pFagus": 0.0, "pFraxinus": 0.0, "pCarpinus": 0.0, "pAcer": 0.0, "pTilia": 0.0, "pRobinia": 0.0, "pUlmus": 0.0, "pCastanea": 0.0, "pOtherLH": 0.0, "pBetula": 0.0, "pAlnus": 0.0, "pPopulus": 0.0, "pSalix": 0.0, "pSorbus": 0.0, "pPrunus": 0.0, "pMalus": 0.0, "pPyrus": 0.0, "pOtherLN": 0.0, "pPicea": 1.0, "pPinus": 0.0, "pAbies": 0.0, "pDouglas": 0.0, "pLarix": 0.0, "pOtherNb": 0.0, "pNoEurop": 0.0, "pNoEuropD": 0.0, "pEurop": 1.0, "pDecid": 0.0, "pConifer": 1.0, "pAll": 1.0, "Cell_id": "4364_3050", "EPSG": 31468, "Netz": 8, "Dichte": 8, "Bl": ";16;" }, "geometry": { "type": "Point", "coordinates": [ 614301.96786324866116, 5602661.82633685413748 ] } },
{ "type": "Feature", "properties": { "Tnr": 56370, "mitRand": 1, "AnzHBbeg": 3, "pHaupt": 1.0, "poHaupt": 0.0, "pQuerus": 0.0, "pFagus": 0.0, "pFraxinus": 0.0, "pCarpinus": 0.0, "pAcer": 0.0, "pTilia": 0.0, "pRobinia": 0.0, "pUlmus": 0.0, "pCastanea": 0.0, "pOtherLH": 0.0, "pBetula": 0.0, "pAlnus": 0.0, "pPopulus": 0.0, "pSalix": 0.0, "pSorbus": 0.0, "pPrunus": 0.0, "pMalus": 0.0, "pPyrus": 0.0, "pOtherLN": 0.0, "pPicea": 1.0, "pPinus": 0.0, "pAbies": 0.0, "pDouglas": 0.0, "pLarix": 0.0, "pOtherNb": 0.0, "pNoEurop": 0.0, "pNoEuropD": 0.0, "pEurop": 1.0, "pDecid": 0.0, "pConifer": 1.0, "pAll": 1.0, "Cell_id": "4368_3050", "EPSG": 31468, "Netz": 8, "Dichte": 8, "Bl": ";16;" }, "geometry": { "type": "Point", "coordinates": [ 618301.347639120183885, 5602715.760508421808481 ] } },
{ "type": "Feature", "properties": { "Tnr": 56372, "mitRand": 1, "AnzHBbeg": 3, "pHaupt": 1.0, "poHaupt": 0.0, "pQuerus": 0.0, "pFagus": 0.111, "pFraxinus": 0.0, "pCarpinus": 0.0, "pAcer": 0.0, "pTilia": 0.0, "pRobinia": 0.0, "pUlmus": 0.0, "pCastanea": 0.0, "pOtherLH": 0.0, "pBetula": 0.0, "pAlnus": 0.0, "pPopulus": 0.0, "pSalix": 0.0, "pSorbus": 0.0, "pPrunus": 0.0, "pMalus": 0.0, "pPyrus": 0.0, "pOtherLN": 0.0, "pPicea": 0.556, "pPinus": 0.0, "pAbies": 0.0, "pDouglas": 0.0, "pLarix": 0.333, "pOtherNb": 0.0, "pNoEurop": 0.0, "pNoEuropD": 0.0, "pEurop": 1.0, "pDecid": 0.111, "pConifer": 0.889, "pAll": 1.0, "Cell_id": "4372_3050", "EPSG": 31468, "Netz": 8, "Dichte": 8, "Bl": ";16;" }, "geometry": { "type": "Point", "coordinates": [ 622299.727783750160597, 5602768.69504320807755 ] } },
{ "type": "Feature", "properties": { "Tnr": 56374, "mitRand": 1, "AnzHBbeg": 3, "pHaupt": 1.0, "poHaupt": 0.0, "pQuerus": 0.0, "pFagus": 0.333, "pFraxinus": 0.0, "pCarpinus": 0.0, "pAcer": 0.0, "pTilia": 0.0, "pRobinia": 0.0, "pUlmus": 0.0, "pCastanea": 0.0, "pOtherLH": 0.0, "pBetula": 0.0, "pAlnus": 0.0, "pPopulus": 0.0, "pSalix": 0.0, "pSorbus": 0.0, "pPrunus": 0.0, "pMalus": 0.0, "pPyrus": 0.0, "pOtherLN": 0.0, "pPicea": 0.333, "pPinus": 0.0, "pAbies": 0.0, "pDouglas": 0.0, "pLarix": 0.333, "pOtherNb": 0.0, "pNoEurop": 0.0, "pNoEuropD": 0.0, "pEurop": 1.0, "pDecid": 0.333, "pConifer": 0.667, "pAll": 1.0, "Cell_id": "4376_3050", "EPSG": 31468, "Netz": 8, "Dichte": 8, "Bl": ";16;" }, "geometry": { "type": "Point", "coordinates": [ 626298.107913850108162, 5602822.629119941033423 ] } },
{ "type": "Feature", "properties": { "Tnr": 56376, "mitRand": 1, "AnzHBbeg": 4, "pHaupt": 1.0, "poHaupt": 0.0, "pQuerus": 0.0, "pFagus": 0.763, "pFraxinus": 0.0, "pCarpinus": 0.0, "pAcer": 0.105, "pTilia": 0.0, "pRobinia": 0.0, "pUlmus": 0.044, "pCastanea": 0.0, "pOtherLH": 0.0, "pBetula": 0.0, "pAlnus": 0.0, "pPopulus": 0.0, "pSalix": 0.0, "pSorbus": 0.0, "pPrunus": 0.0, "pMalus": 0.0, "pPyrus": 0.0, "pOtherLN": 0.0, "pPicea": 0.089, "pPinus": 0.0, "pAbies": 0.0, "pDouglas": 0.0, "pLarix": 0.0, "pOtherNb": 0.0, "pNoEurop": 0.0, "pNoEuropD": 0.0, "pEurop": 1.0, "pDecid": 0.911, "pConifer": 0.089, "pAll": 1.0, "Cell_id": "4380_3051", "EPSG": 31468, "Netz": 8, "Dichte": 8, "Bl": ";16;" }, "geometry": { "type": "Point", "coordinates": [ 630283.50430673698429, 5603875.158547579310834 ] } },
{ "type": "Feature", "properties": { "Tnr": 56378, "mitRand": 1, "AnzHBbeg": 4, "pHaupt": 1.0, "poHaupt": 0.0, "pQuerus": 0.0, "pFagus": 0.351, "pFraxinus": 0.0, "pCarpinus": 0.0, "pAcer": 0.0, "pTilia": 0.0, "pRobinia": 0.0, "pUlmus": 0.0, "pCastanea": 0.0, "pOtherLH": 0.0, "pBetula": 0.0, "pAlnus": 0.0, "pPopulus": 0.0, "pSalix": 0.0, "pSorbus": 0.0, "pPrunus": 0.0, "pMalus": 0.0, "pPyrus": 0.0, "pOtherLN": 0.0, "pPicea": 0.649, "pPinus": 0.0, "pAbies": 0.0, "pDouglas": 0.0, "pLarix": 0.0, "pOtherNb": 0.0, "pNoEurop": 0.0, "pNoEuropD": 0.0, "pEurop": 1.0, "pDecid": 0.351, "pConifer": 0.649, "pAll": 1.0, "Cell_id": "4384_3051", "EPSG": 31468, "Netz": 8, "Dichte": 8, "Bl": ";16;" }, "geometry": { "type": "Point", "coordinates": [ 634281.884398497524671, 5603929.092511910945177 ] } },
{ "type": "Feature", "properties": { "Tnr": 56382, "mitRand": 1, "AnzHBbeg": 3, "pHaupt": 0.667, "poHaupt": 0.333, "pQuerus": 0.0, "pFagus": 0.0, "pFraxinus": 0.0, "pCarpinus": 0.0, "pAcer": 0.0, "pTilia": 0.0, "pRobinia": 0.0, "pUlmus": 0.0, "pCastanea": 0.0, "pOtherLH": 0.0, "pBetula": 0.0, "pAlnus": 0.0, "pPopulus": 0.0, "pSalix": 0.0, "pSorbus": 0.0, "pPrunus": 0.0, "pMalus": 0.0, "pPyrus": 0.0, "pOtherLN": 0.0, "pPicea": 0.667, "pPinus": 0.0, "pAbies": 0.0, "pDouglas": 0.0, "pLarix": 0.0, "pOtherNb": 0.0, "pNoEurop": 0.0, "pNoEuropD": 0.0, "pEurop": 0.667, "pDecid": 0.0, "pConifer": 0.667, "pAll": 0.667, "Cell_id": "4392_3051", "EPSG": 31468, "Netz": 8, "Dichte": 8, "Bl": ";16;" }, "geometry": { "type": "Point", "coordinates": [ 642279.644076314405538, 5604034.961080676876009 ] } },
{ "type": "Feature", "properties": { "Tnr": 56384, "mitRand": 1, "AnzHBbeg": 3, "pHaupt": 1.0, "poHaupt": 0.0, "pQuerus": 0.0, "pFagus": 0.0, "pFraxinus": 0.166, "pCarpinus": 0.0, "pAcer": 0.168, "pTilia": 0.0, "pRobinia": 0.0, "pUlmus": 0.0, "pCastanea": 0.0, "pOtherLH": 0.0, "pBetula": 0.054, "pAlnus": 0.0, "pPopulus": 0.248, "pSalix": 0.0, "pSorbus": 0.0, "pPrunus": 0.0, "pMalus": 0.0, "pPyrus": 0.0, "pOtherLN": 0.0, "pPicea": 0.365, "pPinus": 0.0, "pAbies": 0.0, "pDouglas": 0.0, "pLarix": 0.0, "pOtherNb": 0.0, "pNoEurop": 0.0, "pNoEuropD": 0.0, "pEurop": 1.0, "pDecid": 0.635, "pConifer": 0.365, "pAll": 1.0, "Cell_id": "4396_3051", "EPSG": 31468, "Netz": 8, "Dichte": 8, "Bl": ";16;" }, "geometry": { "type": "Point", "coordinates": [ 646279.023673018906265, 5604087.895279892720282 ] } },
{ "type": "Feature", "properties": { "Tnr": 56388, "mitRand": 1, "AnzHBbeg": 4, "pHaupt": 1.0, "poHaupt": 0.0, "pQuerus": 0.0, "pFagus": 0.0, "pFraxinus": 0.0, "pCarpinus": 0.0, "pAcer": 0.0, "pTilia": 0.0, "pRobinia": 0.0, "pUlmus": 0.0, "pCastanea": 0.0, "pOtherLH": 0.0, "pBetula": 0.0, "pAlnus": 0.0, "pPopulus": 0.0, "pSalix": 0.0, "pSorbus": 0.0, "pPrunus": 0.0, "pMalus": 0.0, "pPyrus": 0.0, "pOtherLN": 0.0, "pPicea": 0.762, "pPinus": 0.238, "pAbies": 0.0, "pDouglas": 0.0, "pLarix": 0.0, "pOtherNb": 0.0, "pNoEurop": 0.0, "pNoEuropD": 0.0, "pEurop": 1.0, "pDecid": 0.0, "pConifer": 1.0, "pAll": 1.0, "Cell_id": "4404_3051", "EPSG": 31468, "Netz": 8, "Dichte": 8, "Bl": ";16;" }, "geometry": { "type": "Point", "coordinates": [ 654276.783202491467819, 5604194.763124846853316 ] } },
{ "type": "Feature", "properties": { "Tnr": 56390, "mitRand": 1, "AnzHBbeg": 3, "pHaupt": 1.0, "poHaupt": 0.0, "pQuerus": 0.0, "pFagus": 0.0, "pFraxinus": 0.0, "pCarpinus": 0.0, "pAcer": 0.0, "pTilia": 0.0, "pRobinia": 0.0, "pUlmus": 0.0, "pCastanea": 0.0, "pOtherLH": 0.0, "pBetula": 0.0, "pAlnus": 0.0, "pPopulus": 0.0, "pSalix": 0.0, "pSorbus": 0.0, "pPrunus": 0.0, "pMalus": 0.0, "pPyrus": 0.0, "pOtherLN": 0.0, "pPicea": 0.361, "pPinus": 0.639, "pAbies": 0.0, "pDouglas": 0.0, "pLarix": 0.0, "pOtherNb": 0.0, "pNoEurop": 0.0, "pNoEuropD": 0.0, "pEurop": 1.0, "pDecid": 0.0, "pConifer": 1.0, "pAll": 1.0, "Cell_id": "4408_3051", "EPSG": 31468, "Netz": 8, "Dichte": 8, "Bl": ";16;" }, "geometry": { "type": "Point", "coordinates": [ 658276.162718630046584, 5604247.697164612822235 ] } },
{ "type": "Feature", "properties": { "Tnr": 56392, "mitRand": 1, "AnzHBbeg": 3, "pHaupt": 1.0, "poHaupt": 0.0, "pQuerus": 0.0, "pFagus": 0.0, "pFraxinus": 0.0, "pCarpinus": 0.0, "pAcer": 0.0, "pTilia": 0.0, "pRobinia": 0.0, "pUlmus": 0.0, "pCastanea": 0.0, "pOtherLH": 0.0, "pBetula": 0.231, "pAlnus": 0.0, "pPopulus": 0.058, "pSalix": 0.0, "pSorbus": 0.0, "pPrunus": 0.0, "pMalus": 0.0, "pPyrus": 0.0, "pOtherLN": 0.0, "pPicea": 0.37, "pPinus": 0.341, "pAbies": 0.0, "pDouglas": 0.0, "pLarix": 0.0, "pOtherNb": 0.0, "pNoEurop": 0.0, "pNoEuropD": 0.0, "pEurop": 1.0, "pDecid": 0.289, "pConifer": 0.711, "pAll": 1.0, "Cell_id": "4412_3051", "EPSG": 31468, "Netz": 8, "Dichte": 8, "Bl": ";16;" }, "geometry": { "type": "Point", "coordinates": [ 662274.542612710501999, 5604300.631162317469716 ] } },
{ "type": "Feature", "properties": { "Tnr": 56394, "mitRand": 1, "AnzHBbeg": 1, "pHaupt": 1.0, "poHaupt": 0.0, "pQuerus": 0.0, "pFagus": 0.086, "pFraxinus": 0.039, "pCarpinus": 0.0, "pAcer": 0.0, "pTilia": 0.0, "pRobinia": 0.0, "pUlmus": 0.0, "pCastanea": 0.0, "pOtherLH": 0.0, "pBetula": 0.0, "pAlnus": 0.0, "pPopulus": 0.839, "pSalix": 0.0, "pSorbus": 0.0, "pPrunus": 0.0, "pMalus": 0.0, "pPyrus": 0.0, "pOtherLN": 0.0, "pPicea": 0.0, "pPinus": 0.0, "pAbies": 0.0, "pDouglas": 0.0, "pLarix": 0.037, "pOtherNb": 0.0, "pNoEurop": 0.0, "pNoEuropD": 0.0, "pEurop": 1.0, "pDecid": 0.963, "pConifer": 0.037, "pAll": 1.0, "Cell_id": "4416_3052", "EPSG": 31468, "Netz": 8, "Dichte": 8, "Bl": ";16;" }, "geometry": { "type": "Point", "coordinates": [ 666260.93850631697569, 5605354.159632394090295 ] } },
{ "type": "Feature", "properties": { "Tnr": 56396, "mitRand": 1, "AnzHBbeg": 3, "pHaupt": 1.0, "poHaupt": 0.0, "pQuerus": 0.0, "pFagus": 0.0, "pFraxinus": 0.0, "pCarpinus": 0.0, "pAcer": 0.0, "pTilia": 0.0, "pRobinia": 0.0, "pUlmus": 0.0, "pCastanea": 0.0, "pOtherLH": 0.0, "pBetula": 0.0, "pAlnus": 0.0, "pPopulus": 0.0, "pSalix": 0.0, "pSorbus": 0.0, "pPrunus": 0.0, "pMalus": 0.0, "pPyrus": 0.0, "pOtherLN": 0.0, "pPicea": 0.907, "pPinus": 0.093, "pAbies": 0.0, "pDouglas": 0.0, "pLarix": 0.0, "pOtherNb": 0.0, "pNoEurop": 0.0, "pNoEuropD": 0.0, "pEurop": 1.0, "pDecid": 0.0, "pConifer": 1.0, "pAll": 1.0, "Cell_id": "4420_3052", "EPSG": 31468, "Netz": 8, "Dichte": 8, "Bl": ";16;" }, "geometry": { "type": "Point", "coordinates": [ 670260.317953553982079, 5605407.093505578115582 ] } },
{ "type": "Feature", "properties": { "Tnr": 56398, "mitRand": 1, "AnzHBbeg": 3, "pHaupt": 1.0, "poHaupt": 0.0, "pQuerus": 0.0, "pFagus": 0.0, "pFraxinus": 0.0, "pCarpinus": 0.0, "pAcer": 0.0, "pTilia": 0.0, "pRobinia": 0.0, "pUlmus": 0.0, "pCastanea": 0.0, "pOtherLH": 0.0, "pBetula": 0.0, "pAlnus": 0.0, "pPopulus": 0.0, "pSalix": 0.0, "pSorbus": 0.0, "pPrunus": 0.0, "pMalus": 0.0, "pPyrus": 0.0, "pOtherLN": 0.0, "pPicea": 0.85, "pPinus": 0.019, "pAbies": 0.0, "pDouglas": 0.0, "pLarix": 0.131, "pOtherNb": 0.0, "pNoEurop": 0.0, "pNoEuropD": 0.0, "pEurop": 1.0, "pDecid": 0.0, "pConifer": 1.0, "pAll": 1.0, "Cell_id": "4424_3052", "EPSG": 31468, "Netz": 8, "Dichte": 8, "Bl": ";16;" }, "geometry": { "type": "Point", "coordinates": [ 674259.697373001486994, 5605460.027325442992151 ] } },
{ "type": "Feature", "properties": { "Tnr": 56400, "mitRand": 0, "AnzHBbeg": 3, "pHaupt": 1.0, "poHaupt": 0.0, "pQuerus": 0.0, "pFagus": 0.0, "pFraxinus": 0.0, "pCarpinus": 0.0, "pAcer": 0.0, "pTilia": 0.0, "pRobinia": 0.0, "pUlmus": 0.0, "pCastanea": 0.0, "pOtherLH": 0.0, "pBetula": 0.0, "pAlnus": 0.0, "pPopulus": 0.0, "pSalix": 0.0, "pSorbus": 0.0, "pPrunus": 0.0, "pMalus": 0.0, "pPyrus": 0.0, "pOtherLN": 0.0, "pPicea": 1.0, "pPinus": 0.0, "pAbies": 0.0, "pDouglas": 0.0, "pLarix": 0.0, "pOtherNb": 0.0, "pNoEurop": 0.0, "pNoEuropD": 0.0, "pEurop": 1.0, "pDecid": 0.0, "pConifer": 1.0, "pAll": 1.0, "Cell_id": "4428_3052", "EPSG": 31468, "Netz": 8, "Dichte": 8, "Bl": ";16;" }, "geometry": { "type": "Point", "coordinates": [ 678259.076764472527429, 5605512.96109196357429 ] } },
{ "type": "Feature", "properties": { "Tnr": 56402, "mitRand": 1, "AnzHBbeg": 2, "pHaupt": 1.0, "poHaupt": 0.0, "pQuerus": 0.0, "pFagus": 0.0, "pFraxinus": 0.0, "pCarpinus": 0.0, "pAcer": 0.0, "pTilia": 0.0, "pRobinia": 0.0, "pUlmus": 0.0, "pCastanea": 0.0, "pOtherLH": 0.0, "pBetula": 0.0, "pAlnus": 0.0, "pPopulus": 0.0, "pSalix": 0.0, "pSorbus": 0.0, "pPrunus": 0.0, "pMalus": 0.0, "pPyrus": 0.0, "pOtherLN": 0.0, "pPicea": 0.538, "pPinus": 0.462, "pAbies": 0.0, "pDouglas": 0.0, "pLarix": 0.0, "pOtherNb": 0.0, "pNoEurop": 0.0, "pNoEuropD": 0.0, "pEurop": 1.0, "pDecid": 0.0, "pConifer": 1.0, "pAll": 1.0, "Cell_id": "4432_3052", "EPSG": 31468, "Netz": 8, "Dichte": 8, "Bl": ";16;" }, "geometry": { "type": "Point", "coordinates": [ 682258.456127780722454, 5605565.894805114716291 ] } },
{ "type": "Feature", "properties": { "Tnr": 56406, "mitRand": 1, "AnzHBbeg": 2, "pHaupt": 1.0, "poHaupt": 0.0, "pQuerus": 0.0, "pFagus": 0.0, "pFraxinus": 0.0, "pCarpinus": 0.0, "pAcer": 0.0, "pTilia": 0.0, "pRobinia": 0.0, "pUlmus": 0.0, "pCastanea": 0.0, "pOtherLH": 0.0, "pBetula": 0.0, "pAlnus": 0.0, "pPopulus": 0.0, "pSalix": 0.0, "pSorbus": 0.0, "pPrunus": 0.0, "pMalus": 0.0, "pPyrus": 0.0, "pOtherLN": 0.0, "pPicea": 0.5, "pPinus": 0.5, "pAbies": 0.0, "pDouglas": 0.0, "pLarix": 0.0, "pOtherNb": 0.0, "pNoEurop": 0.0, "pNoEuropD": 0.0, "pEurop": 1.0, "pDecid": 0.0, "pConifer": 1.0, "pAll": 1.0, "Cell_id": "4440_3052", "EPSG": 31468, "Netz": 8, "Dichte": 8, "Bl": ";16;" }, "geometry": { "type": "Point", "coordinates": [ 690258.21435270330403, 5605670.762465228326619 ] } },
{ "type": "Feature", "properties": { "Tnr": 56412, "mitRand": 0, "AnzHBbeg": 4, "pHaupt": 1.0, "poHaupt": 0.0, "pQuerus": 0.074, "pFagus": 0.027, "pFraxinus": 0.0, "pCarpinus": 0.0, "pAcer": 0.072, "pTilia": 0.0, "pRobinia": 0.0, "pUlmus": 0.0, "pCastanea": 0.0, "pOtherLH": 0.0, "pBetula": 0.249, "pAlnus": 0.0, "pPopulus": 0.0, "pSalix": 0.0, "pSorbus": 0.1, "pPrunus": 0.0, "pMalus": 0.0, "pPyrus": 0.0, "pOtherLN": 0.0, "pPicea": 0.478, "pPinus": 0.0, "pAbies": 0.0, "pDouglas": 0.0, "pLarix": 0.0, "pOtherNb": 0.0, "pNoEurop": 0.0, "pNoEuropD": 0.0, "pEurop": 1.0, "pDecid": 0.522, "pConifer": 0.478, "pAll": 1.0, "Cell_id": "4452_3053", "EPSG": 31468, "Netz": 8, "Dichte": 8, "Bl": ";16;" }, "geometry": { "type": "Point", "coordinates": [ 702244.368236685520969, 5606829.157833609730005 ] } },
{ "type": "Feature", "properties": { "Tnr": 56418, "mitRand": 0, "AnzHBbeg": 1, "pHaupt": 1.0, "poHaupt": 0.0, "pQuerus": 0.0, "pFagus": 0.0, "pFraxinus": 0.0, "pCarpinus": 0.0, "pAcer": 0.0, "pTilia": 0.0, "pRobinia": 0.0, "pUlmus": 0.0, "pCastanea": 0.0, "pOtherLH": 0.0, "pBetula": 1.0, "pAlnus": 0.0, "pPopulus": 0.0, "pSalix": 0.0, "pSorbus": 0.0, "pPrunus": 0.0, "pMalus": 0.0, "pPyrus": 0.0, "pOtherLN": 0.0, "pPicea": 0.0, "pPinus": 0.0, "pAbies": 0.0, "pDouglas": 0.0, "pLarix": 0.0, "pOtherNb": 0.0, "pNoEurop": 0.0, "pNoEuropD": 0.0, "pEurop": 1.0, "pDecid": 1.0, "pConifer": 0.0, "pAll": 1.0, "Cell_id": "4464_3053", "EPSG": 31468, "Netz": 8, "Dichte": 8, "Bl": ";16;" }, "geometry": { "type": "Point", "coordinates": [ 714245.504532359191217, 5606986.958199418149889 ] } },
{ "type": "Feature", "properties": { "Tnr": 56420, "mitRand": 1, "AnzHBbeg": 3, "pHaupt": 1.0, "poHaupt": 0.0, "pQuerus": 0.475, "pFagus": 0.0, "pFraxinus": 0.0, "pCarpinus": 0.0, "pAcer": 0.0, "pTilia": 0.0, "pRobinia": 0.0, "pUlmus": 0.0, "pCastanea": 0.0, "pOtherLH": 0.0, "pBetula": 0.0, "pAlnus": 0.0, "pPopulus": 0.0, "pSalix": 0.0, "pSorbus": 0.0, "pPrunus": 0.0, "pMalus": 0.0, "pPyrus": 0.0, "pOtherLN": 0.0, "pPicea": 0.404, "pPinus": 0.122, "pAbies": 0.0, "pDouglas": 0.0, "pLarix": 0.0, "pOtherNb": 0.0, "pNoEurop": 0.0, "pNoEuropD": 0.0, "pEurop": 1.0, "pDecid": 0.475, "pConifer": 0.525, "pAll": 1.0, "Cell_id": "4468_3053", "EPSG": 31468, "Netz": 8, "Dichte": 8, "Bl": ";14;" }, "geometry": { "type": "Point", "coordinates": [ 718245.883241884177551, 5607039.891412313096225 ] } },
{ "type": "Feature", "properties": { "Tnr": 56422, "mitRand": 1, "AnzHBbeg": 1, "pHaupt": 1.0, "poHaupt": 0.0, "pQuerus": 1.0, "pFagus": 0.0, "pFraxinus": 0.0, "pCarpinus": 0.0, "pAcer": 0.0, "pTilia": 0.0, "pRobinia": 0.0, "pUlmus": 0.0, "pCastanea": 0.0, "pOtherLH": 0.0, "pBetula": 0.0, "pAlnus": 0.0, "pPopulus": 0.0, "pSalix": 0.0, "pSorbus": 0.0, "pPrunus": 0.0, "pMalus": 0.0, "pPyrus": 0.0, "pOtherLN": 0.0, "pPicea": 0.0, "pPinus": 0.0, "pAbies": 0.0, "pDouglas": 0.0, "pLarix": 0.0, "pOtherNb": 0.0, "pNoEurop": 0.0, "pNoEuropD": 0.0, "pEurop": 1.0, "pDecid": 1.0, "pConifer": 0.0, "pAll": 1.0, "Cell_id": "4472_3053", "EPSG": 31468, "Netz": 8, "Dichte": 8, "Bl": ";14;16;" }, "geometry": { "type": "Point", "coordinates": [ 722246.261921367840841, 5607092.824571521952748 ] } },
{ "type": "Feature", "properties": { "Tnr": 56463, "mitRand": 1, "AnzHBbeg": 2, "pHaupt": 0.5, "poHaupt": 0.5, "pQuerus": 0.0, "pFagus": 0.468, "pFraxinus": 0.0, "pCarpinus": 0.0, "pAcer": 0.032, "pTilia": 0.0, "pRobinia": 0.0, "pUlmus": 0.0, "pCastanea": 0.0, "pOtherLH": 0.0, "pBetula": 0.0, "pAlnus": 0.0, "pPopulus": 0.0, "pSalix": 0.0, "pSorbus": 0.0, "pPrunus": 0.0, "pMalus": 0.0, "pPyrus": 0.0, "pOtherLN": 0.0, "pPicea": 0.0, "pPinus": 0.0, "pAbies": 0.0, "pDouglas": 0.0, "pLarix": 0.0, "pOtherNb": 0.0, "pNoEurop": 0.0, "pNoEuropD": 0.0, "pEurop": 0.5, "pDecid": 0.5, "pConifer": 0.0, "pAll": 0.5, "Cell_id": "4330_3048", "EPSG": 31467, "Netz": 16, "Dichte": 8, "Bl": ";16;" }, "geometry": { "type": "Point", "coordinates": [ 580343.702287107938901, 5600207.192273882217705 ] } },
{ "type": "Feature", "properties": { "Tnr": 56466, "mitRand": 0, "AnzHBbeg": 3, "pHaupt": 1.0, "poHaupt": 0.0, "pQuerus": 0.0, "pFagus": 0.509, "pFraxinus": 0.428, "pCarpinus": 0.0, "pAcer": 0.0, "pTilia": 0.063, "pRobinia": 0.0, "pUlmus": 0.0, "pCastanea": 0.0, "pOtherLH": 0.0, "pBetula": 0.0, "pAlnus": 0.0, "pPopulus": 0.0, "pSalix": 0.0, "pSorbus": 0.0, "pPrunus": 0.0, "pMalus": 0.0, "pPyrus": 0.0, "pOtherLN": 0.0, "pPicea": 0.0, "pPinus": 0.0, "pAbies": 0.0, "pDouglas": 0.0, "pLarix": 0.0, "pOtherNb": 0.0, "pNoEurop": 0.0, "pNoEuropD": 0.0, "pEurop": 1.0, "pDecid": 1.0, "pConifer": 0.0, "pAll": 1.0, "Cell_id": "4338_3048", "EPSG": 31467, "Netz": 16, "Dichte": 8, "Bl": ";16;" }, "geometry": { "type": "Point", "coordinates": [ 588340.462977382005192, 5600314.061912353150547 ] } },
{ "type": "Feature", "properties": { "Tnr": 56470, "mitRand": 1, "AnzHBbeg": 3, "pHaupt": 1.0, "poHaupt": 0.0, "pQuerus": 0.0, "pFagus": 0.771, "pFraxinus": 0.0, "pCarpinus": 0.0, "pAcer": 0.045, "pTilia": 0.0, "pRobinia": 0.0, "pUlmus": 0.0, "pCastanea": 0.0, "pOtherLH": 0.0, "pBetula": 0.0, "pAlnus": 0.0, "pPopulus": 0.0, "pSalix": 0.0, "pSorbus": 0.0, "pPrunus": 0.0, "pMalus": 0.0, "pPyrus": 0.0, "pOtherLN": 0.0, "pPicea": 0.184, "pPinus": 0.0, "pAbies": 0.0, "pDouglas": 0.0, "pLarix": 0.0, "pOtherNb": 0.0, "pNoEurop": 0.0, "pNoEuropD": 0.0, "pEurop": 1.0, "pDecid": 0.816, "pConifer": 0.184, "pAll": 1.0, "Cell_id": "4346_3048", "EPSG": 31467, "Netz": 16, "Dichte": 8, "Bl": ";16;" }, "geometry": { "type": "Point", "coordinates": [ 596336.223987798905, 5600421.930946175940335 ] } },
{ "type": "Feature", "properties": { "Tnr": 56472, "mitRand": 1, "AnzHBbeg": 1, "pHaupt": 1.0, "poHaupt": 0.0, "pQuerus": 0.0, "pFagus": 0.0, "pFraxinus": 0.0, "pCarpinus": 0.0, "pAcer": 0.0, "pTilia": 0.0, "pRobinia": 0.0, "pUlmus": 0.0, "pCastanea": 0.0, "pOtherLH": 0.0, "pBetula": 0.0, "pAlnus": 0.0, "pPopulus": 0.0, "pSalix": 0.0, "pSorbus": 0.0, "pPrunus": 0.0, "pMalus": 0.0, "pPyrus": 0.0, "pOtherLN": 0.0, "pPicea": 0.0, "pPinus": 1.0, "pAbies": 0.0, "pDouglas": 0.0, "pLarix": 0.0, "pOtherNb": 0.0, "pNoEurop": 0.0, "pNoEuropD": 0.0, "pEurop": 1.0, "pDecid": 0.0, "pConifer": 1.0, "pAll": 1.0, "Cell_id": "4350_3048", "EPSG": 31467, "Netz": 16, "Dichte": 8, "Bl": ";16;" }, "geometry": { "type": "Point", "coordinates": [ 600334.604243154171854, 5600474.865783755667508 ] } },
{ "type": "Feature", "properties": { "Tnr": 56476, "mitRand": 1, "AnzHBbeg": 3, "pHaupt": 1.0, "poHaupt": 0.0, "pQuerus": 0.0, "pFagus": 0.0, "pFraxinus": 0.107, "pCarpinus": 0.0, "pAcer": 0.0, "pTilia": 0.0, "pRobinia": 0.0, "pUlmus": 0.0, "pCastanea": 0.0, "pOtherLH": 0.0, "pBetula": 0.0, "pAlnus": 0.0, "pPopulus": 0.0, "pSalix": 0.0, "pSorbus": 0.0, "pPrunus": 0.0, "pMalus": 0.0, "pPyrus": 0.0, "pOtherLN": 0.0, "pPicea": 0.784, "pPinus": 0.109, "pAbies": 0.0, "pDouglas": 0.0, "pLarix": 0.0, "pOtherNb": 0.0, "pNoEurop": 0.0, "pNoEuropD": 0.0, "pEurop": 1.0, "pDecid": 0.107, "pConifer": 0.893, "pAll": 1.0, "Cell_id": "4358_3048", "EPSG": 31468, "Netz": 16, "Dichte": 8, "Bl": ";16;" }, "geometry": { "type": "Point", "coordinates": [ 608331.364691027905792, 5600581.734895721077919 ] } },
{ "type": "Feature", "properties": { "Tnr": 56480, "mitRand": 1, "AnzHBbeg": 1, "pHaupt": 1.0, "poHaupt": 0.0, "pQuerus": 0.333, "pFagus": 0.131, "pFraxinus": 0.0, "pCarpinus": 0.0, "pAcer": 0.0, "pTilia": 0.0, "pRobinia": 0.0, "pUlmus": 0.0, "pCastanea": 0.0, "pOtherLH": 0.0, "pBetula": 0.0, "pAlnus": 0.0, "pPopulus": 0.0, "pSalix": 0.0, "pSorbus": 0.0, "pPrunus": 0.536, "pMalus": 0.0, "pPyrus": 0.0, "pOtherLN": 0.0, "pPicea": 0.0, "pPinus": 0.0, "pAbies": 0.0, "pDouglas": 0.0, "pLarix": 0.0, "pOtherNb": 0.0, "pNoEurop": 0.0, "pNoEuropD": 0.0, "pEurop": 1.0, "pDecid": 1.0, "pConifer": 0.0, "pAll": 1.0, "Cell_id": "4366_3048", "EPSG": 31468, "Netz": 16, "Dichte": 8, "Bl": ";16;" }, "geometry": { "type": "Point", "coordinates": [ 616328.125050304923207, 5600689.603391601704061 ] } },
{ "type": "Feature", "properties": { "Tnr": 56482, "mitRand": 1, "AnzHBbeg": 4, "pHaupt": 1.0, "poHaupt": 0.0, "pQuerus": 0.0, "pFagus": 0.151, "pFraxinus": 0.0, "pCarpinus": 0.0, "pAcer": 0.0, "pTilia": 0.0, "pRobinia": 0.0, "pUlmus": 0.0, "pCastanea": 0.0, "pOtherLH": 0.0, "pBetula": 0.015, "pAlnus": 0.0, "pPopulus": 0.0, "pSalix": 0.0, "pSorbus": 0.196, "pPrunus": 0.0, "pMalus": 0.0, "pPyrus": 0.0, "pOtherLN": 0.0, "pPicea": 0.546, "pPinus": 0.0, "pAbies": 0.092, "pDouglas": 0.0, "pLarix": 0.0, "pOtherNb": 0.0, "pNoEurop": 0.0, "pNoEuropD": 0.0, "pEurop": 1.0, "pDecid": 0.362, "pConifer": 0.638, "pAll": 1.0, "Cell_id": "4370_3048", "EPSG": 31468, "Netz": 16, "Dichte": 8, "Bl": ";16;" }, "geometry": { "type": "Point", "coordinates": [ 620326.505181159474887, 5600742.537965504452586 ] } },
{ "type": "Feature", "properties": { "Tnr": 56484, "mitRand": 1, "AnzHBbeg": 4, "pHaupt": 1.0, "poHaupt": 0.0, "pQuerus": 0.0, "pFagus": 0.0, "pFraxinus": 0.0, "pCarpinus": 0.0, "pAcer": 0.0, "pTilia": 0.0, "pRobinia": 0.0, "pUlmus": 0.0, "pCastanea": 0.0, "pOtherLH": 0.0, "pBetula": 0.0, "pAlnus": 0.0, "pPopulus": 0.0, "pSalix": 0.0, "pSorbus": 0.0, "pPrunus": 0.0, "pMalus": 0.0, "pPyrus": 0.0, "pOtherLN": 0.0, "pPicea": 0.838, "pPinus": 0.029, "pAbies": 0.0, "pDouglas": 0.0, "pLarix": 0.133, "pOtherNb": 0.0, "pNoEurop": 0.0, "pNoEuropD": 0.0, "pEurop": 1.0, "pDecid": 0.0, "pConifer": 1.0, "pAll": 1.0, "Cell_id": "4374_3048", "EPSG": 31468, "Netz": 16, "Dichte": 8, "Bl": ";16;" }, "geometry": { "type": "Point", "coordinates": [ 624325.88489243236836, 5600796.472070448100567 ] } },
{ "type": "Feature", "properties": { "Tnr": 56486, "mitRand": 0, "AnzHBbeg": 4, "pHaupt": 1.0, "poHaupt": 0.0, "pQuerus": 0.0, "pFagus": 0.473, "pFraxinus": 0.0, "pCarpinus": 0.0, "pAcer": 0.0, "pTilia": 0.0, "pRobinia": 0.0, "pUlmus": 0.0, "pCastanea": 0.0, "pOtherLH": 0.0, "pBetula": 0.0, "pAlnus": 0.0, "pPopulus": 0.0, "pSalix": 0.0, "pSorbus": 0.0, "pPrunus": 0.0, "pMalus": 0.0, "pPyrus": 0.0, "pOtherLN": 0.0, "pPicea": 0.527, "pPinus": 0.0, "pAbies": 0.0, "pDouglas": 0.0, "pLarix": 0.0, "pOtherNb": 0.0, "pNoEurop": 0.0, "pNoEuropD": 0.0, "pEurop": 1.0, "pDecid": 0.473, "pConifer": 0.527, "pAll": 1.0, "Cell_id": "4378_3049", "EPSG": 31468, "Netz": 16, "Dichte": 8, "Bl": ";16;" }, "geometry": { "type": "Point", "coordinates": [ 628310.281666966853663, 5601849.001544992439449 ] } },
{ "type": "Feature", "properties": { "Tnr": 56488, "mitRand": 0, "AnzHBbeg": 3, "pHaupt": 1.0, "poHaupt": 0.0, "pQuerus": 0.0, "pFagus": 0.596, "pFraxinus": 0.0, "pCarpinus": 0.0, "pAcer": 0.0, "pTilia": 0.0, "pRobinia": 0.0, "pUlmus": 0.0, "pCastanea": 0.0, "pOtherLH": 0.0, "pBetula": 0.0, "pAlnus": 0.0, "pPopulus": 0.0, "pSalix": 0.0, "pSorbus": 0.0, "pPrunus": 0.0, "pMalus": 0.0, "pPyrus": 0.0, "pOtherLN": 0.0, "pPicea": 0.404, "pPinus": 0.0, "pAbies": 0.0, "pDouglas": 0.0, "pLarix": 0.0, "pOtherNb": 0.0, "pNoEurop": 0.0, "pNoEuropD": 0.0, "pEurop": 1.0, "pDecid": 0.596, "pConifer": 0.404, "pAll": 1.0, "Cell_id": "4382_3049", "EPSG": 31468, "Netz": 16, "Dichte": 8, "Bl": ";16;" }, "geometry": { "type": "Point", "coordinates": [ 632309.661328988848254, 5601901.935942892916501 ] } },
{ "type": "Feature", "properties": { "Tnr": 56490, "mitRand": 1, "AnzHBbeg": 3, "pHaupt": 1.0, "poHaupt": 0.0, "pQuerus": 0.0, "pFagus": 0.333, "pFraxinus": 0.0, "pCarpinus": 0.0, "pAcer": 0.0, "pTilia": 0.0, "pRobinia": 0.0, "pUlmus": 0.0, "pCastanea": 0.0, "pOtherLH": 0.0, "pBetula": 0.0, "pAlnus": 0.0, "pPopulus": 0.0, "pSalix": 0.0, "pSorbus": 0.0, "pPrunus": 0.0, "pMalus": 0.0, "pPyrus": 0.0, "pOtherLN": 0.0, "pPicea": 0.667, "pPinus": 0.0, "pAbies": 0.0, "pDouglas": 0.0, "pLarix": 0.0, "pOtherNb": 0.0, "pNoEurop": 0.0, "pNoEuropD": 0.0, "pEurop": 1.0, "pDecid": 0.333, "pConifer": 0.667, "pAll": 1.0, "Cell_id": "4386_3049", "EPSG": 31468, "Netz": 16, "Dichte": 8, "Bl": ";16;" }, "geometry": { "type": "Point", "coordinates": [ 636308.041381166316569, 5601955.869893726892769 ] } },
{ "type": "Feature", "properties": { "Tnr": 56492, "mitRand": 1, "AnzHBbeg": 4, "pHaupt": 1.0, "poHaupt": 0.0, "pQuerus": 0.0, "pFagus": 0.25, "pFraxinus": 0.0, "pCarpinus": 0.0, "pAcer": 0.0, "pTilia": 0.0, "pRobinia": 0.0, "pUlmus": 0.0, "pCastanea": 0.0, "pOtherLH": 0.0, "pBetula": 0.0, "pAlnus": 0.0, "pPopulus": 0.0, "pSalix": 0.0, "pSorbus": 0.0, "pPrunus": 0.0, "pMalus": 0.0, "pPyrus": 0.0, "pOtherLN": 0.0, "pPicea": 0.75, "pPinus": 0.0, "pAbies": 0.0, "pDouglas": 0.0, "pLarix": 0.0, "pOtherNb": 0.0, "pNoEurop": 0.0, "pNoEuropD": 0.0, "pEurop": 1.0, "pDecid": 0.25, "pConifer": 0.75, "pAll": 1.0, "Cell_id": "4390_3049", "EPSG": 31468, "Netz": 16, "Dichte": 8, "Bl": ";16;" }, "geometry": { "type": "Point", "coordinates": [ 640307.420990952756256, 5602008.804185709916055 ] } },
{ "type": "Feature", "properties": { "Tnr": 56494, "mitRand": 1, "AnzHBbeg": 4, "pHaupt": 0.75, "poHaupt": 0.25, "pQuerus": 0.0, "pFagus": 0.095, "pFraxinus": 0.0, "pCarpinus": 0.0, "pAcer": 0.0, "pTilia": 0.0, "pRobinia": 0.0, "pUlmus": 0.0, "pCastanea": 0.0, "pOtherLH": 0.0, "pBetula": 0.105, "pAlnus": 0.0, "pPopulus": 0.0, "pSalix": 0.0, "pSorbus": 0.105, "pPrunus": 0.0, "pMalus": 0.0, "pPyrus": 0.0, "pOtherLN": 0.0, "pPicea": 0.305, "pPinus": 0.0, "pAbies": 0.0, "pDouglas": 0.0, "pLarix": 0.14, "pOtherNb": 0.0, "pNoEurop": 0.0, "pNoEuropD": 0.0, "pEurop": 0.75, "pDecid": 0.305, "pConifer": 0.445, "pAll": 0.75, "Cell_id": "4394_3049", "EPSG": 31468, "Netz": 16, "Dichte": 8, "Bl": ";16;" }, "geometry": { "type": "Point", "coordinates": [ 644305.800979485502467, 5602061.738435763865709 ] } },
{ "type": "Feature", "properties": { "Tnr": 56496, "mitRand": 0, "AnzHBbeg": 2, "pHaupt": 1.0, "poHaupt": 0.0, "pQuerus": 0.0, "pFagus": 0.0, "pFraxinus": 0.0, "pCarpinus": 0.0, "pAcer": 0.0, "pTilia": 0.0, "pRobinia": 0.0, "pUlmus": 0.0, "pCastanea": 0.0, "pOtherLH": 0.0, "pBetula": 0.0, "pAlnus": 0.0, "pPopulus": 0.0, "pSalix": 0.0, "pSorbus": 0.0, "pPrunus": 0.0, "pMalus": 0.0, "pPyrus": 0.0, "pOtherLN": 0.0, "pPicea": 1.0, "pPinus": 0.0, "pAbies": 0.0, "pDouglas": 0.0, "pLarix": 0.0, "pOtherNb": 0.0, "pNoEurop": 0.0, "pNoEuropD": 0.0, "pEurop": 1.0, "pDecid": 0.0, "pConifer": 1.0, "pAll": 1.0, "Cell_id": "4398_3049", "EPSG": 31468, "Netz": 16, "Dichte": 8, "Bl": ";16;" }, "geometry": { "type": "Point", "coordinates": [ 648305.180547368014231, 5602115.67221655882895 ] } },
{ "type": "Feature", "properties": { "Tnr": 56498, "mitRand": 1, "AnzHBbeg": 3, "pHaupt": 1.0, "poHaupt": 0.0, "pQuerus": 0.0, "pFagus": 0.0, "pFraxinus": 0.0, "pCarpinus": 0.0, "pAcer": 0.0, "pTilia": 0.0, "pRobinia": 0.0, "pUlmus": 0.0, "pCastanea": 0.0, "pOtherLH": 0.0, "pBetula": 0.0, "pAlnus": 0.0, "pPopulus": 0.0, "pSalix": 0.0, "pSorbus": 0.0, "pPrunus": 0.0, "pMalus": 0.0, "pPyrus": 0.0, "pOtherLN": 0.0, "pPicea": 0.667, "pPinus": 0.333, "pAbies": 0.0, "pDouglas": 0.0, "pLarix": 0.0, "pOtherNb": 0.0, "pNoEurop": 0.0, "pNoEuropD": 0.0, "pEurop": 1.0, "pDecid": 0.0, "pConifer": 1.0, "pAll": 1.0, "Cell_id": "4402_3049", "EPSG": 31468, "Netz": 16, "Dichte": 8, "Bl": ";16;" }, "geometry": { "type": "Point", "coordinates": [ 652303.560482559492812, 5602168.606360579840839 ] } },
{ "type": "Feature", "properties": { "Tnr": 56500, "mitRand": 1, "AnzHBbeg": 4, "pHaupt": 1.0, "poHaupt": 0.0, "pQuerus": 0.0, "pFagus": 0.0, "pFraxinus": 0.0, "pCarpinus": 0.0, "pAcer": 0.0, "pTilia": 0.0, "pRobinia": 0.0, "pUlmus": 0.0, "pCastanea": 0.0, "pOtherLH": 0.0, "pBetula": 0.0, "pAlnus": 0.0, "pPopulus": 0.0, "pSalix": 0.0, "pSorbus": 0.0, "pPrunus": 0.0, "pMalus": 0.0, "pPyrus": 0.0, "pOtherLN": 0.0, "pPicea": 1.0, "pPinus": 0.0, "pAbies": 0.0, "pDouglas": 0.0, "pLarix": 0.0, "pOtherNb": 0.0, "pNoEurop": 0.0, "pNoEuropD": 0.0, "pEurop": 1.0, "pDecid": 0.0, "pConifer": 1.0, "pAll": 1.0, "Cell_id": "4406_3049", "EPSG": 31468, "Netz": 16, "Dichte": 8, "Bl": ";16;" }, "geometry": { "type": "Point", "coordinates": [ 656302.939985623816028, 5602221.540440439246595 ] } },
{ "type": "Feature", "properties": { "Tnr": 56502, "mitRand": 1, "AnzHBbeg": 4, "pHaupt": 1.0, "poHaupt": 0.0, "pQuerus": 0.0, "pFagus": 0.0, "pFraxinus": 0.0, "pCarpinus": 0.0, "pAcer": 0.0, "pTilia": 0.0, "pRobinia": 0.0, "pUlmus": 0.0, "pCastanea": 0.0, "pOtherLH": 0.0, "pBetula": 0.0, "pAlnus": 0.0, "pPopulus": 0.0, "pSalix": 0.0, "pSorbus": 0.0, "pPrunus": 0.0, "pMalus": 0.0, "pPyrus": 0.0, "pOtherLN": 0.0, "pPicea": 0.913, "pPinus": 0.087, "pAbies": 0.0, "pDouglas": 0.0, "pLarix": 0.0, "pOtherNb": 0.0, "pNoEurop": 0.0, "pNoEuropD": 0.0, "pEurop": 1.0, "pDecid": 0.0, "pConifer": 1.0, "pAll": 1.0, "Cell_id": "4410_3049", "EPSG": 31468, "Netz": 16, "Dichte": 8, "Bl": ";16;" }, "geometry": { "type": "Point", "coordinates": [ 660302.319461533916183, 5602274.474467203021049 ] } },
{ "type": "Feature", "properties": { "Tnr": 56504, "mitRand": 1, "AnzHBbeg": 2, "pHaupt": 1.0, "poHaupt": 0.0, "pQuerus": 0.0, "pFagus": 0.0, "pFraxinus": 0.0, "pCarpinus": 0.0, "pAcer": 0.0, "pTilia": 0.0, "pRobinia": 0.0, "pUlmus": 0.0, "pCastanea": 0.0, "pOtherLH": 0.0, "pBetula": 0.0, "pAlnus": 0.0, "pPopulus": 0.0, "pSalix": 0.0, "pSorbus": 0.0, "pPrunus": 0.0, "pMalus": 0.0, "pPyrus": 0.0, "pOtherLN": 0.0, "pPicea": 1.0, "pPinus": 0.0, "pAbies": 0.0, "pDouglas": 0.0, "pLarix": 0.0, "pOtherNb": 0.0, "pNoEurop": 0.0, "pNoEuropD": 0.0, "pEurop": 1.0, "pDecid": 0.0, "pConifer": 1.0, "pAll": 1.0, "Cell_id": "4414_3050", "EPSG": 31468, "Netz": 16, "Dichte": 8, "Bl": ";16;" }, "geometry": { "type": "Point", "coordinates": [ 664287.71573729661759, 5603328.002985456958413 ] } },
{ "type": "Feature", "properties": { "Tnr": 56506, "mitRand": 1, "AnzHBbeg": 3, "pHaupt": 1.0, "poHaupt": 0.0, "pQuerus": 0.0, "pFagus": 0.0, "pFraxinus": 0.197, "pCarpinus": 0.0, "pAcer": 0.137, "pTilia": 0.0, "pRobinia": 0.0, "pUlmus": 0.0, "pCastanea": 0.0, "pOtherLH": 0.0, "pBetula": 0.0, "pAlnus": 0.0, "pPopulus": 0.0, "pSalix": 0.0, "pSorbus": 0.0, "pPrunus": 0.0, "pMalus": 0.0, "pPyrus": 0.0, "pOtherLN": 0.0, "pPicea": 0.667, "pPinus": 0.0, "pAbies": 0.0, "pDouglas": 0.0, "pLarix": 0.0, "pOtherNb": 0.0, "pNoEurop": 0.0, "pNoEuropD": 0.0, "pEurop": 1.0, "pDecid": 0.333, "pConifer": 0.667, "pAll": 1.0, "Cell_id": "4418_3050", "EPSG": 31468, "Netz": 16, "Dichte": 8, "Bl": ";16;" }, "geometry": { "type": "Point", "coordinates": [ 668287.095171677297913, 5603380.936899070627987 ] } },
{ "type": "Feature", "properties": { "Tnr": 56508, "mitRand": 1, "AnzHBbeg": 2, "pHaupt": 1.0, "poHaupt": 0.0, "pQuerus": 0.0, "pFagus": 0.077, "pFraxinus": 0.0, "pCarpinus": 0.0, "pAcer": 0.0, "pTilia": 0.0, "pRobinia": 0.0, "pUlmus": 0.0, "pCastanea": 0.0, "pOtherLH": 0.0, "pBetula": 0.338, "pAlnus": 0.0, "pPopulus": 0.0, "pSalix": 0.0, "pSorbus": 0.0, "pPrunus": 0.085, "pMalus": 0.0, "pPyrus": 0.0, "pOtherLN": 0.0, "pPicea": 0.5, "pPinus": 0.0, "pAbies": 0.0, "pDouglas": 0.0, "pLarix": 0.0, "pOtherNb": 0.0, "pNoEurop": 0.0, "pNoEuropD": 0.0, "pEurop": 1.0, "pDecid": 0.5, "pConifer": 0.5, "pAll": 1.0, "Cell_id": "4422_3050", "EPSG": 31468, "Netz": 16, "Dichte": 8, "Bl": ";16;" }, "geometry": { "type": "Point", "coordinates": [ 672286.474578349618241, 5603433.870759470388293 ] } },
{ "type": "Feature", "properties": { "Tnr": 56510, "mitRand": 1, "AnzHBbeg": 3, "pHaupt": 1.0, "poHaupt": 0.0, "pQuerus": 0.0, "pFagus": 0.0, "pFraxinus": 0.0, "pCarpinus": 0.0, "pAcer": 0.0, "pTilia": 0.0, "pRobinia": 0.0, "pUlmus": 0.0, "pCastanea": 0.0, "pOtherLH": 0.0, "pBetula": 0.0, "pAlnus": 0.0, "pPopulus": 0.0, "pSalix": 0.0, "pSorbus": 0.0, "pPrunus": 0.0, "pMalus": 0.0, "pPyrus": 0.0, "pOtherLN": 0.0, "pPicea": 0.961, "pPinus": 0.039, "pAbies": 0.0, "pDouglas": 0.0, "pLarix": 0.0, "pOtherNb": 0.0, "pNoEurop": 0.0, "pNoEuropD": 0.0, "pEurop": 1.0, "pDecid": 0.0, "pConifer": 1.0, "pAll": 1.0, "Cell_id": "4426_3050", "EPSG": 31468, "Netz": 16, "Dichte": 8, "Bl": ";16;" }, "geometry": { "type": "Point", "coordinates": [ 676285.8539571268484, 5603486.804566629230976 ] } },
{ "type": "Feature", "properties": { "Tnr": 56516, "mitRand": 1, "AnzHBbeg": 3, "pHaupt": 1.0, "poHaupt": 0.0, "pQuerus": 0.0, "pFagus": 0.0, "pFraxinus": 0.0, "pCarpinus": 0.0, "pAcer": 0.0, "pTilia": 0.0, "pRobinia": 0.0, "pUlmus": 0.0, "pCastanea": 0.0, "pOtherLH": 0.0, "pBetula": 0.061, "pAlnus": 0.0, "pPopulus": 0.0, "pSalix": 0.0, "pSorbus": 0.284, "pPrunus": 0.0, "pMalus": 0.0, "pPyrus": 0.0, "pOtherLN": 0.0, "pPicea": 0.655, "pPinus": 0.0, "pAbies": 0.0, "pDouglas": 0.0, "pLarix": 0.0, "pOtherNb": 0.0, "pNoEurop": 0.0, "pNoEuropD": 0.0, "pEurop": 1.0, "pDecid": 0.345, "pConifer": 0.655, "pAll": 1.0, "Cell_id": "4438_3050", "EPSG": 31468, "Netz": 16, "Dichte": 8, "Bl": ";16;" }, "geometry": { "type": "Point", "coordinates": [ 688284.991507771424949, 5603644.606062456965446 ] } },
{ "type": "Feature", "properties": { "Tnr": 56518, "mitRand": 1, "AnzHBbeg": 1, "pHaupt": 1.0, "poHaupt": 0.0, "pQuerus": 0.316, "pFagus": 0.0, "pFraxinus": 0.14, "pCarpinus": 0.0, "pAcer": 0.124, "pTilia": 0.42, "pRobinia": 0.0, "pUlmus": 0.0, "pCastanea": 0.0, "pOtherLH": 0.0, "pBetula": 0.0, "pAlnus": 0.0, "pPopulus": 0.0, "pSalix": 0.0, "pSorbus": 0.0, "pPrunus": 0.0, "pMalus": 0.0, "pPyrus": 0.0, "pOtherLN": 0.0, "pPicea": 0.0, "pPinus": 0.0, "pAbies": 0.0, "pDouglas": 0.0, "pLarix": 0.0, "pOtherNb": 0.0, "pNoEurop": 0.0, "pNoEuropD": 0.0, "pEurop": 1.0, "pDecid": 1.0, "pConifer": 0.0, "pAll": 1.0, "Cell_id": "4442_3050", "EPSG": 31468, "Netz": 16, "Dichte": 8, "Bl": ";16;" }, "geometry": { "type": "Point", "coordinates": [ 692284.370773081667721, 5603697.539656411856413 ] } },
{ "type": "Feature", "properties": { "Tnr": 56520, "mitRand": 1, "AnzHBbeg": 2, "pHaupt": 1.0, "poHaupt": 0.0, "pQuerus": 0.0, "pFagus": 0.0, "pFraxinus": 0.0, "pCarpinus": 0.0, "pAcer": 0.132, "pTilia": 0.0, "pRobinia": 0.0, "pUlmus": 0.0, "pCastanea": 0.0, "pOtherLH": 0.0, "pBetula": 0.159, "pAlnus": 0.0, "pPopulus": 0.0, "pSalix": 0.0, "pSorbus": 0.209, "pPrunus": 0.0, "pMalus": 0.0, "pPyrus": 0.0, "pOtherLN": 0.0, "pPicea": 0.5, "pPinus": 0.0, "pAbies": 0.0, "pDouglas": 0.0, "pLarix": 0.0, "pOtherNb": 0.0, "pNoEurop": 0.0, "pNoEuropD": 0.0, "pEurop": 1.0, "pDecid": 0.5, "pConifer": 0.5, "pAll": 1.0, "Cell_id": "4446_3050", "EPSG": 31468, "Netz": 16, "Dichte": 8, "Bl": ";16;" }, "geometry": { "type": "Point", "coordinates": [ 696284.749604320270009, 5603750.473185758106411 ] } },
{ "type": "Feature", "properties": { "Tnr": 56524, "mitRand": 1, "AnzHBbeg": 4, "pHaupt": 1.0, "poHaupt": 0.0, "pQuerus": 0.0, "pFagus": 0.0, "pFraxinus": 0.0, "pCarpinus": 0.0, "pAcer": 0.0, "pTilia": 0.0, "pRobinia": 0.0, "pUlmus": 0.0, "pCastanea": 0.0, "pOtherLH": 0.0, "pBetula": 0.006, "pAlnus": 0.0, "pPopulus": 0.0, "pSalix": 0.0, "pSorbus": 0.0, "pPrunus": 0.0, "pMalus": 0.0, "pPyrus": 0.0, "pOtherLN": 0.0, "pPicea": 0.981, "pPinus": 0.0, "pAbies": 0.013, "pDouglas": 0.0, "pLarix": 0.0, "pOtherNb": 0.0, "pNoEurop": 0.0, "pNoEuropD": 0.0, "pEurop": 1.0, "pDecid": 0.006, "pConifer": 0.994, "pAll": 1.0, "Cell_id": "4454_3051", "EPSG": 31468, "Netz": 16, "Dichte": 8, "Bl": ";16;" }, "geometry": { "type": "Point", "coordinates": [ 704271.524130931589752, 5604855.934966467320919 ] } },
{ "type": "Feature", "properties": { "Tnr": 56530, "mitRand": 1, "AnzHBbeg": 3, "pHaupt": 1.0, "poHaupt": 0.0, "pQuerus": 0.0, "pFagus": 0.0, "pFraxinus": 0.0, "pCarpinus": 0.0, "pAcer": 0.0, "pTilia": 0.0, "pRobinia": 0.0, "pUlmus": 0.0, "pCastanea": 0.0, "pOtherLH": 0.0, "pBetula": 0.0, "pAlnus": 0.0, "pPopulus": 0.0, "pSalix": 0.0, "pSorbus": 0.0, "pPrunus": 0.0, "pMalus": 0.0, "pPyrus": 0.0, "pOtherLN": 0.0, "pPicea": 0.83, "pPinus": 0.17, "pAbies": 0.0, "pDouglas": 0.0, "pLarix": 0.0, "pOtherNb": 0.0, "pNoEurop": 0.0, "pNoEuropD": 0.0, "pEurop": 1.0, "pDecid": 0.0, "pConifer": 1.0, "pAll": 1.0, "Cell_id": "4466_3051", "EPSG": 31468, "Netz": 16, "Dichte": 8, "Bl": ";16;" }, "geometry": { "type": "Point", "coordinates": [ 716271.660706907394342, 5605013.735307549126446 ] } },
{ "type": "Feature", "properties": { "Tnr": 56575, "mitRand": 1, "AnzHBbeg": 4, "pHaupt": 1.0, "poHaupt": 0.0, "pQuerus": 0.0, "pFagus": 0.457, "pFraxinus": 0.0, "pCarpinus": 0.0, "pAcer": 0.0, "pTilia": 0.0, "pRobinia": 0.0, "pUlmus": 0.0, "pCastanea": 0.0, "pOtherLH": 0.0, "pBetula": 0.0, "pAlnus": 0.0, "pPopulus": 0.0, "pSalix": 0.0, "pSorbus": 0.0, "pPrunus": 0.0, "pMalus": 0.0, "pPyrus": 0.0, "pOtherLN": 0.0, "pPicea": 0.048, "pPinus": 0.495, "pAbies": 0.0, "pDouglas": 0.0, "pLarix": 0.0, "pOtherNb": 0.0, "pNoEurop": 0.0, "pNoEuropD": 0.0, "pEurop": 1.0, "pDecid": 0.457, "pConifer": 0.543, "pAll": 1.0, "Cell_id": "4340_3046", "EPSG": 31467, "Netz": 8, "Dichte": 8, "Bl": ";16;" }, "geometry": { "type": "Point", "coordinates": [ 590365.62081407639198, 5598341.839088859967887 ] } },
{ "type": "Feature", "properties": { "Tnr": 56577, "mitRand": 0, "AnzHBbeg": 2, "pHaupt": 1.0, "poHaupt": 0.0, "pQuerus": 0.0, "pFagus": 1.0, "pFraxinus": 0.0, "pCarpinus": 0.0, "pAcer": 0.0, "pTilia": 0.0, "pRobinia": 0.0, "pUlmus": 0.0, "pCastanea": 0.0, "pOtherLH": 0.0, "pBetula": 0.0, "pAlnus": 0.0, "pPopulus": 0.0, "pSalix": 0.0, "pSorbus": 0.0, "pPrunus": 0.0, "pMalus": 0.0, "pPyrus": 0.0, "pOtherLN": 0.0, "pPicea": 0.0, "pPinus": 0.0, "pAbies": 0.0, "pDouglas": 0.0, "pLarix": 0.0, "pOtherNb": 0.0, "pNoEurop": 0.0, "pNoEuropD": 0.0, "pEurop": 1.0, "pDecid": 1.0, "pConifer": 0.0, "pAll": 1.0, "Cell_id": "4344_3046", "EPSG": 31467, "Netz": 8, "Dichte": 8, "Bl": ";16;" }, "geometry": { "type": "Point", "coordinates": [ 594364.001090417383239, 5598395.773612382821739 ] } },
{ "type": "Feature", "properties": { "Tnr": 56579, "mitRand": 0, "AnzHBbeg": 4, "pHaupt": 1.0, "poHaupt": 0.0, "pQuerus": 0.0, "pFagus": 0.652, "pFraxinus": 0.092, "pCarpinus": 0.081, "pAcer": 0.075, "pTilia": 0.0, "pRobinia": 0.0, "pUlmus": 0.0, "pCastanea": 0.0, "pOtherLH": 0.0, "pBetula": 0.0, "pAlnus": 0.0, "pPopulus": 0.0, "pSalix": 0.0, "pSorbus": 0.062, "pPrunus": 0.0, "pMalus": 0.0, "pPyrus": 0.0, "pOtherLN": 0.0, "pPicea": 0.038, "pPinus": 0.0, "pAbies": 0.0, "pDouglas": 0.0, "pLarix": 0.0, "pOtherNb": 0.0, "pNoEurop": 0.0, "pNoEuropD": 0.0, "pEurop": 1.0, "pDecid": 0.962, "pConifer": 0.038, "pAll": 1.0, "Cell_id": "4348_3046", "EPSG": 31467, "Netz": 8, "Dichte": 8, "Bl": ";16;" }, "geometry": { "type": "Point", "coordinates": [ 598362.381331596174277, 5598448.708488444797695 ] } },
{ "type": "Feature", "properties": { "Tnr": 56587, "mitRand": 1, "AnzHBbeg": 1, "pHaupt": 1.0, "poHaupt": 0.0, "pQuerus": 0.0, "pFagus": 0.0, "pFraxinus": 0.0, "pCarpinus": 0.0, "pAcer": 0.0, "pTilia": 0.0, "pRobinia": 0.0, "pUlmus": 0.0, "pCastanea": 0.0, "pOtherLH": 0.0, "pBetula": 0.0, "pAlnus": 0.0, "pPopulus": 0.0, "pSalix": 0.0, "pSorbus": 0.0, "pPrunus": 0.331, "pMalus": 0.0, "pPyrus": 0.0, "pOtherLN": 0.669, "pPicea": 0.0, "pPinus": 0.0, "pAbies": 0.0, "pDouglas": 0.0, "pLarix": 0.0, "pOtherNb": 0.0, "pNoEurop": 0.669, "pNoEuropD": 0.669, "pEurop": 0.331, "pDecid": 1.0, "pConifer": 0.0, "pAll": 1.0, "Cell_id": "4364_3046", "EPSG": 31468, "Netz": 8, "Dichte": 8, "Bl": ";16;" }, "geometry": { "type": "Point", "coordinates": [ 614355.902082825312391, 5598663.446251278743148 ] } },
{ "type": "Feature", "properties": { "Tnr": 56589, "mitRand": 1, "AnzHBbeg": 2, "pHaupt": 1.0, "poHaupt": 0.0, "pQuerus": 0.065, "pFagus": 0.0, "pFraxinus": 0.0, "pCarpinus": 0.285, "pAcer": 0.15, "pTilia": 0.0, "pRobinia": 0.0, "pUlmus": 0.0, "pCastanea": 0.0, "pOtherLH": 0.0, "pBetula": 0.0, "pAlnus": 0.0, "pPopulus": 0.0, "pSalix": 0.0, "pSorbus": 0.0, "pPrunus": 0.0, "pMalus": 0.0, "pPyrus": 0.0, "pOtherLN": 0.0, "pPicea": 0.5, "pPinus": 0.0, "pAbies": 0.0, "pDouglas": 0.0, "pLarix": 0.0, "pOtherNb": 0.0, "pNoEurop": 0.0, "pNoEuropD": 0.0, "pEurop": 1.0, "pDecid": 0.5, "pConifer": 0.5, "pAll": 1.0, "Cell_id": "4368_3046", "EPSG": 31468, "Netz": 8, "Dichte": 8, "Bl": ";16;" }, "geometry": { "type": "Point", "coordinates": [ 618354.282199909328483, 5598716.380864191800356 ] } },
{ "type": "Feature", "properties": { "Tnr": 56591, "mitRand": 1, "AnzHBbeg": 4, "pHaupt": 1.0, "poHaupt": 0.0, "pQuerus": 0.0, "pFagus": 0.0, "pFraxinus": 0.0, "pCarpinus": 0.0, "pAcer": 0.0, "pTilia": 0.0, "pRobinia": 0.0, "pUlmus": 0.0, "pCastanea": 0.0, "pOtherLH": 0.0, "pBetula": 0.186, "pAlnus": 0.0, "pPopulus": 0.0, "pSalix": 0.0, "pSorbus": 0.0, "pPrunus": 0.0, "pMalus": 0.0, "pPyrus": 0.0, "pOtherLN": 0.0, "pPicea": 0.751, "pPinus": 0.063, "pAbies": 0.0, "pDouglas": 0.0, "pLarix": 0.0, "pOtherNb": 0.0, "pNoEurop": 0.0, "pNoEuropD": 0.0, "pEurop": 1.0, "pDecid": 0.186, "pConifer": 0.814, "pAll": 1.0, "Cell_id": "4372_3046", "EPSG": 31468, "Netz": 8, "Dichte": 8, "Bl": ";16;" }, "geometry": { "type": "Point", "coordinates": [ 622352.662302605807781, 5598770.31501925829798 ] } },
{ "type": "Feature", "properties": { "Tnr": 56593, "mitRand": 1, "AnzHBbeg": 3, "pHaupt": 1.0, "poHaupt": 0.0, "pQuerus": 0.003, "pFagus": 0.0, "pFraxinus": 0.0, "pCarpinus": 0.0, "pAcer": 0.0, "pTilia": 0.0, "pRobinia": 0.0, "pUlmus": 0.0, "pCastanea": 0.0, "pOtherLH": 0.0, "pBetula": 0.0, "pAlnus": 0.0, "pPopulus": 0.321, "pSalix": 0.0, "pSorbus": 0.008, "pPrunus": 0.0, "pMalus": 0.0, "pPyrus": 0.0, "pOtherLN": 0.0, "pPicea": 0.668, "pPinus": 0.0, "pAbies": 0.0, "pDouglas": 0.0, "pLarix": 0.0, "pOtherNb": 0.0, "pNoEurop": 0.0, "pNoEuropD": 0.0, "pEurop": 1.0, "pDecid": 0.332, "pConifer": 0.668, "pAll": 1.0, "Cell_id": "4376_3046", "EPSG": 31468, "Netz": 8, "Dichte": 8, "Bl": ";16;" }, "geometry": { "type": "Point", "coordinates": [ 626352.04196361079812, 5598823.249515730887651 ] } },
{ "type": "Feature", "properties": { "Tnr": 56595, "mitRand": 0, "AnzHBbeg": 2, "pHaupt": 1.0, "poHaupt": 0.0, "pQuerus": 0.0, "pFagus": 0.231, "pFraxinus": 0.0, "pCarpinus": 0.0, "pAcer": 0.0, "pTilia": 0.0, "pRobinia": 0.0, "pUlmus": 0.0, "pCastanea": 0.0, "pOtherLH": 0.0, "pBetula": 0.235, "pAlnus": 0.0, "pPopulus": 0.0, "pSalix": 0.0, "pSorbus": 0.0, "pPrunus": 0.0, "pMalus": 0.0, "pPyrus": 0.0, "pOtherLN": 0.0, "pPicea": 0.534, "pPinus": 0.0, "pAbies": 0.0, "pDouglas": 0.0, "pLarix": 0.0, "pOtherNb": 0.0, "pNoEurop": 0.0, "pNoEuropD": 0.0, "pEurop": 1.0, "pDecid": 0.466, "pConifer": 0.534, "pAll": 1.0, "Cell_id": "4380_3047", "EPSG": 31468, "Netz": 8, "Dichte": 8, "Bl": ";16;" }, "geometry": { "type": "Point", "coordinates": [ 630337.438297039596364, 5599875.77895584050566 ] } },
{ "type": "Feature", "properties": { "Tnr": 56597, "mitRand": 1, "AnzHBbeg": 2, "pHaupt": 1.0, "poHaupt": 0.0, "pQuerus": 0.0, "pFagus": 0.0, "pFraxinus": 0.0, "pCarpinus": 0.0, "pAcer": 0.037, "pTilia": 0.0, "pRobinia": 0.0, "pUlmus": 0.0, "pCastanea": 0.0, "pOtherLH": 0.0, "pBetula": 0.096, "pAlnus": 0.0, "pPopulus": 0.0, "pSalix": 0.0, "pSorbus": 0.0, "pPrunus": 0.0, "pMalus": 0.0, "pPyrus": 0.0, "pOtherLN": 0.0, "pPicea": 0.867, "pPinus": 0.0, "pAbies": 0.0, "pDouglas": 0.0, "pLarix": 0.0, "pOtherNb": 0.0, "pNoEurop": 0.0, "pNoEuropD": 0.0, "pEurop": 1.0, "pDecid": 0.133, "pConifer": 0.867, "pAll": 1.0, "Cell_id": "4384_3047", "EPSG": 31468, "Netz": 8, "Dichte": 8, "Bl": ";16;" }, "geometry": { "type": "Point", "coordinates": [ 634335.818335734773427, 5599929.712946126237512 ] } },
{ "type": "Feature", "properties": { "Tnr": 56599, "mitRand": 1, "AnzHBbeg": 4, "pHaupt": 0.75, "poHaupt": 0.25, "pQuerus": 0.0, "pFagus": 0.25, "pFraxinus": 0.0, "pCarpinus": 0.0, "pAcer": 0.0, "pTilia": 0.0, "pRobinia": 0.0, "pUlmus": 0.0, "pCastanea": 0.0, "pOtherLH": 0.0, "pBetula": 0.0, "pAlnus": 0.0, "pPopulus": 0.0, "pSalix": 0.0, "pSorbus": 0.0, "pPrunus": 0.0, "pMalus": 0.0, "pPyrus": 0.0, "pOtherLN": 0.0, "pPicea": 0.5, "pPinus": 0.0, "pAbies": 0.0, "pDouglas": 0.0, "pLarix": 0.0, "pOtherNb": 0.0, "pNoEurop": 0.0, "pNoEuropD": 0.0, "pEurop": 0.75, "pDecid": 0.25, "pConifer": 0.5, "pAll": 0.75, "Cell_id": "4388_3047", "EPSG": 31468, "Netz": 8, "Dichte": 8, "Bl": ";16;" }, "geometry": { "type": "Point", "coordinates": [ 638334.198337277397513, 5599982.647288728505373 ] } },
{ "type": "Feature", "properties": { "Tnr": 56601, "mitRand": 1, "AnzHBbeg": 1, "pHaupt": 1.0, "poHaupt": 0.0, "pQuerus": 0.0, "pFagus": 0.0, "pFraxinus": 0.0, "pCarpinus": 0.0, "pAcer": 0.0, "pTilia": 0.0, "pRobinia": 0.0, "pUlmus": 0.0, "pCastanea": 0.0, "pOtherLH": 0.0, "pBetula": 0.0, "pAlnus": 0.0, "pPopulus": 0.0, "pSalix": 0.0, "pSorbus": 0.0, "pPrunus": 0.0, "pMalus": 0.0, "pPyrus": 0.0, "pOtherLN": 0.0, "pPicea": 1.0, "pPinus": 0.0, "pAbies": 0.0, "pDouglas": 0.0, "pLarix": 0.0, "pOtherNb": 0.0, "pNoEurop": 0.0, "pNoEuropD": 0.0, "pEurop": 1.0, "pDecid": 0.0, "pConifer": 1.0, "pAll": 1.0, "Cell_id": "4392_3047", "EPSG": 31468, "Netz": 8, "Dichte": 8, "Bl": ";16;" }, "geometry": { "type": "Point", "coordinates": [ 642333.577907350845635, 5600035.581567394547164 ] } },
{ "type": "Feature", "properties": { "Tnr": 56603, "mitRand": 1, "AnzHBbeg": 3, "pHaupt": 1.0, "poHaupt": 0.0, "pQuerus": 0.0, "pFagus": 0.0, "pFraxinus": 0.0, "pCarpinus": 0.0, "pAcer": 0.0, "pTilia": 0.0, "pRobinia": 0.0, "pUlmus": 0.0, "pCastanea": 0.0, "pOtherLH": 0.0, "pBetula": 0.0, "pAlnus": 0.0, "pPopulus": 0.0, "pSalix": 0.0, "pSorbus": 0.0, "pPrunus": 0.0, "pMalus": 0.0, "pPyrus": 0.0, "pOtherLN": 0.0, "pPicea": 1.0, "pPinus": 0.0, "pAbies": 0.0, "pDouglas": 0.0, "pLarix": 0.0, "pOtherNb": 0.0, "pNoEurop": 0.0, "pNoEuropD": 0.0, "pEurop": 1.0, "pDecid": 0.0, "pConifer": 1.0, "pAll": 1.0, "Cell_id": "4396_3047", "EPSG": 31468, "Netz": 8, "Dichte": 8, "Bl": ";16;" }, "geometry": { "type": "Point", "coordinates": [ 646331.957867154153064, 5600089.515399038791656 ] } },
{ "type": "Feature", "properties": { "Tnr": 56605, "mitRand": 1, "AnzHBbeg": 4, "pHaupt": 1.0, "poHaupt": 0.0, "pQuerus": 0.0, "pFagus": 0.074, "pFraxinus": 0.0, "pCarpinus": 0.0, "pAcer": 0.0, "pTilia": 0.0, "pRobinia": 0.0, "pUlmus": 0.0, "pCastanea": 0.0, "pOtherLH": 0.0, "pBetula": 0.0, "pAlnus": 0.0, "pPopulus": 0.0, "pSalix": 0.0, "pSorbus": 0.0, "pPrunus": 0.0, "pMalus": 0.0, "pPyrus": 0.0, "pOtherLN": 0.0, "pPicea": 0.901, "pPinus": 0.0, "pAbies": 0.0, "pDouglas": 0.025, "pLarix": 0.0, "pOtherNb": 0.0, "pNoEurop": 0.025, "pNoEuropD": 0.0, "pEurop": 0.975, "pDecid": 0.074, "pConifer": 0.926, "pAll": 1.0, "Cell_id": "4400_3047", "EPSG": 31468, "Netz": 8, "Dichte": 8, "Bl": ";16;" }, "geometry": { "type": "Point", "coordinates": [ 650331.337384035461582, 5600142.449571854434907 ] } },
{ "type": "Feature", "properties": { "Tnr": 56607, "mitRand": 1, "AnzHBbeg": 4, "pHaupt": 1.0, "poHaupt": 0.0, "pQuerus": 0.0, "pFagus": 0.0, "pFraxinus": 0.0, "pCarpinus": 0.0, "pAcer": 0.0, "pTilia": 0.0, "pRobinia": 0.0, "pUlmus": 0.0, "pCastanea": 0.0, "pOtherLH": 0.0, "pBetula": 0.0, "pAlnus": 0.0, "pPopulus": 0.0, "pSalix": 0.0, "pSorbus": 0.0, "pPrunus": 0.0, "pMalus": 0.0, "pPyrus": 0.0, "pOtherLN": 0.0, "pPicea": 1.0, "pPinus": 0.0, "pAbies": 0.0, "pDouglas": 0.0, "pLarix": 0.0, "pOtherNb": 0.0, "pNoEurop": 0.0, "pNoEuropD": 0.0, "pEurop": 1.0, "pDecid": 0.0, "pConifer": 1.0, "pAll": 1.0, "Cell_id": "4404_3047", "EPSG": 31468, "Netz": 8, "Dichte": 8, "Bl": ";16;" }, "geometry": { "type": "Point", "coordinates": [ 654329.717279207427055, 5600195.383702807128429 ] } },
{ "type": "Feature", "properties": { "Tnr": 56609, "mitRand": 0, "AnzHBbeg": 4, "pHaupt": 1.0, "poHaupt": 0.0, "pQuerus": 0.0, "pFagus": 0.15, "pFraxinus": 0.0, "pCarpinus": 0.0, "pAcer": 0.0, "pTilia": 0.0, "pRobinia": 0.0, "pUlmus": 0.0, "pCastanea": 0.0, "pOtherLH": 0.0, "pBetula": 0.0, "pAlnus": 0.0, "pPopulus": 0.0, "pSalix": 0.0, "pSorbus": 0.0, "pPrunus": 0.0, "pMalus": 0.0, "pPyrus": 0.0, "pOtherLN": 0.0, "pPicea": 0.85, "pPinus": 0.0, "pAbies": 0.0, "pDouglas": 0.0, "pLarix": 0.0, "pOtherNb": 0.0, "pNoEurop": 0.0, "pNoEuropD": 0.0, "pEurop": 1.0, "pDecid": 0.15, "pConifer": 0.85, "pAll": 1.0, "Cell_id": "4408_3047", "EPSG": 31468, "Netz": 8, "Dichte": 8, "Bl": ";16;" }, "geometry": { "type": "Point", "coordinates": [ 658329.096742136753164, 5600248.317769677378237 ] } },
{ "type": "Feature", "properties": { "Tnr": 56613, "mitRand": 1, "AnzHBbeg": 4, "pHaupt": 1.0, "poHaupt": 0.0, "pQuerus": 0.0, "pFagus": 0.0, "pFraxinus": 0.0, "pCarpinus": 0.0, "pAcer": 0.0, "pTilia": 0.0, "pRobinia": 0.0, "pUlmus": 0.0, "pCastanea": 0.0, "pOtherLH": 0.0, "pBetula": 0.0, "pAlnus": 0.0, "pPopulus": 0.0, "pSalix": 0.0, "pSorbus": 0.0, "pPrunus": 0.0, "pMalus": 0.0, "pPyrus": 0.0, "pOtherLN": 0.0, "pPicea": 0.906, "pPinus": 0.0, "pAbies": 0.026, "pDouglas": 0.068, "pLarix": 0.0, "pOtherNb": 0.0, "pNoEurop": 0.068, "pNoEuropD": 0.0, "pEurop": 0.932, "pDecid": 0.0, "pConifer": 1.0, "pAll": 1.0, "Cell_id": "4416_3048", "EPSG": 31468, "Netz": 8, "Dichte": 8, "Bl": ";16;" }, "geometry": { "type": "Point", "coordinates": [ 666313.872416448430158, 5601354.780278825201094 ] } },
{ "type": "Feature", "properties": { "Tnr": 56615, "mitRand": 1, "AnzHBbeg": 2, "pHaupt": 1.0, "poHaupt": 0.0, "pQuerus": 0.0, "pFagus": 0.0, "pFraxinus": 0.0, "pCarpinus": 0.0, "pAcer": 0.0, "pTilia": 0.0, "pRobinia": 0.0, "pUlmus": 0.0, "pCastanea": 0.0, "pOtherLH": 0.0, "pBetula": 0.563, "pAlnus": 0.0, "pPopulus": 0.194, "pSalix": 0.0, "pSorbus": 0.0, "pPrunus": 0.0, "pMalus": 0.0, "pPyrus": 0.0, "pOtherLN": 0.0, "pPicea": 0.243, "pPinus": 0.0, "pAbies": 0.0, "pDouglas": 0.0, "pLarix": 0.0, "pOtherNb": 0.0, "pNoEurop": 0.0, "pNoEuropD": 0.0, "pEurop": 1.0, "pDecid": 0.757, "pConifer": 0.243, "pAll": 1.0, "Cell_id": "4420_3048", "EPSG": 31468, "Netz": 8, "Dichte": 8, "Bl": ";16;" }, "geometry": { "type": "Point", "coordinates": [ 670313.25181035802234, 5601407.71417966671288 ] } },
{ "type": "Feature", "properties": { "Tnr": 56617, "mitRand": 1, "AnzHBbeg": 4, "pHaupt": 1.0, "poHaupt": 0.0, "pQuerus": 0.0, "pFagus": 0.0, "pFraxinus": 0.0, "pCarpinus": 0.0, "pAcer": 0.0, "pTilia": 0.0, "pRobinia": 0.0, "pUlmus": 0.0, "pCastanea": 0.0, "pOtherLH": 0.0, "pBetula": 0.441, "pAlnus": 0.0, "pPopulus": 0.0, "pSalix": 0.0, "pSorbus": 0.0, "pPrunus": 0.0, "pMalus": 0.0, "pPyrus": 0.0, "pOtherLN": 0.0, "pPicea": 0.559, "pPinus": 0.0, "pAbies": 0.0, "pDouglas": 0.0, "pLarix": 0.0, "pOtherNb": 0.0, "pNoEurop": 0.0, "pNoEuropD": 0.0, "pEurop": 1.0, "pDecid": 0.441, "pConifer": 0.559, "pAll": 1.0, "Cell_id": "4424_3048", "EPSG": 31468, "Netz": 8, "Dichte": 8, "Bl": ";16;" }, "geometry": { "type": "Point", "coordinates": [ 674312.631165279773995, 5601459.64843260217458 ] } },
{ "type": "Feature", "properties": { "Tnr": 56619, "mitRand": 0, "AnzHBbeg": 1, "pHaupt": 1.0, "poHaupt": 0.0, "pQuerus": 0.0, "pFagus": 0.0, "pFraxinus": 0.0, "pCarpinus": 0.0, "pAcer": 0.0, "pTilia": 0.0, "pRobinia": 0.0, "pUlmus": 0.0, "pCastanea": 0.0, "pOtherLH": 0.0, "pBetula": 0.0, "pAlnus": 0.0, "pPopulus": 0.0, "pSalix": 0.0, "pSorbus": 0.0, "pPrunus": 0.0, "pMalus": 0.0, "pPyrus": 0.0, "pOtherLN": 0.0, "pPicea": 1.0, "pPinus": 0.0, "pAbies": 0.0, "pDouglas": 0.0, "pLarix": 0.0, "pOtherNb": 0.0, "pNoEurop": 0.0, "pNoEuropD": 0.0, "pEurop": 1.0, "pDecid": 0.0, "pConifer": 1.0, "pAll": 1.0, "Cell_id": "4428_3048", "EPSG": 31468, "Netz": 8, "Dichte": 8, "Bl": ";16;" }, "geometry": { "type": "Point", "coordinates": [ 678313.010098145809025, 5601512.58221597224474 ] } },
{ "type": "Feature", "properties": { "Tnr": 56623, "mitRand": 1, "AnzHBbeg": 4, "pHaupt": 1.0, "poHaupt": 0.0, "pQuerus": 0.0, "pFagus": 0.0, "pFraxinus": 0.0, "pCarpinus": 0.0, "pAcer": 0.0, "pTilia": 0.0, "pRobinia": 0.0, "pUlmus": 0.0, "pCastanea": 0.0, "pOtherLH": 0.0, "pBetula": 0.0, "pAlnus": 0.0, "pPopulus": 0.0, "pSalix": 0.0, "pSorbus": 0.0, "pPrunus": 0.0, "pMalus": 0.0, "pPyrus": 0.0, "pOtherLN": 0.0, "pPicea": 1.0, "pPinus": 0.0, "pAbies": 0.0, "pDouglas": 0.0, "pLarix": 0.0, "pOtherNb": 0.0, "pNoEurop": 0.0, "pNoEuropD": 0.0, "pEurop": 1.0, "pDecid": 0.0, "pConifer": 1.0, "pAll": 1.0, "Cell_id": "4436_3048", "EPSG": 31468, "Netz": 8, "Dichte": 8, "Bl": ";16;" }, "geometry": { "type": "Point", "coordinates": [ 686311.768689547199756, 5601618.449645485728979 ] } },
{ "type": "Feature", "properties": { "Tnr": 56625, "mitRand": 1, "AnzHBbeg": 4, "pHaupt": 1.0, "poHaupt": 0.0, "pQuerus": 0.0, "pFagus": 0.0, "pFraxinus": 0.0, "pCarpinus": 0.0, "pAcer": 0.0, "pTilia": 0.0, "pRobinia": 0.0, "pUlmus": 0.0, "pCastanea": 0.0, "pOtherLH": 0.0, "pBetula": 0.0, "pAlnus": 0.0, "pPopulus": 0.0, "pSalix": 0.0, "pSorbus": 0.0, "pPrunus": 0.0, "pMalus": 0.0, "pPyrus": 0.0, "pOtherLN": 0.0, "pPicea": 0.935, "pPinus": 0.0, "pAbies": 0.0, "pDouglas": 0.0, "pLarix": 0.065, "pOtherNb": 0.0, "pNoEurop": 0.0, "pNoEuropD": 0.0, "pEurop": 1.0, "pDecid": 0.0, "pConifer": 1.0, "pAll": 1.0, "Cell_id": "4440_3048", "EPSG": 31468, "Netz": 8, "Dichte": 8, "Bl": ";16;" }, "geometry": { "type": "Point", "coordinates": [ 690311.147942500654608, 5601671.383280407637358 ] } },
{ "type": "Feature", "properties": { "Tnr": 56627, "mitRand": 0, "AnzHBbeg": 3, "pHaupt": 1.0, "poHaupt": 0.0, "pQuerus": 0.0, "pFagus": 0.005, "pFraxinus": 0.0, "pCarpinus": 0.0, "pAcer": 0.0, "pTilia": 0.0, "pRobinia": 0.0, "pUlmus": 0.0, "pCastanea": 0.0, "pOtherLH": 0.0, "pBetula": 0.009, "pAlnus": 0.0, "pPopulus": 0.0, "pSalix": 0.0, "pSorbus": 0.014, "pPrunus": 0.0, "pMalus": 0.0, "pPyrus": 0.0, "pOtherLN": 0.0, "pPicea": 0.862, "pPinus": 0.0, "pAbies": 0.0, "pDouglas": 0.0, "pLarix": 0.11, "pOtherNb": 0.0, "pNoEurop": 0.0, "pNoEuropD": 0.0, "pEurop": 1.0, "pDecid": 0.029, "pConifer": 0.971, "pAll": 1.0, "Cell_id": "4444_3048", "EPSG": 31468, "Netz": 8, "Dichte": 8, "Bl": ";16;" }, "geometry": { "type": "Point", "coordinates": [ 694311.52676146151498, 5601724.316850837320089 ] } },
{ "type": "Feature", "properties": { "Tnr": 56686, "mitRand": 1, "AnzHBbeg": 4, "pHaupt": 1.0, "poHaupt": 0.0, "pQuerus": 0.0, "pFagus": 0.062, "pFraxinus": 0.0, "pCarpinus": 0.0, "pAcer": 0.0, "pTilia": 0.0, "pRobinia": 0.0, "pUlmus": 0.0, "pCastanea": 0.0, "pOtherLH": 0.0, "pBetula": 0.0, "pAlnus": 0.0, "pPopulus": 0.0, "pSalix": 0.213, "pSorbus": 0.0, "pPrunus": 0.0, "pMalus": 0.0, "pPyrus": 0.0, "pOtherLN": 0.0, "pPicea": 0.725, "pPinus": 0.0, "pAbies": 0.0, "pDouglas": 0.0, "pLarix": 0.0, "pOtherNb": 0.0, "pNoEurop": 0.0, "pNoEuropD": 0.0, "pEurop": 1.0, "pDecid": 0.275, "pConifer": 0.725, "pAll": 1.0, "Cell_id": "4350_3044", "EPSG": 31467, "Netz": 16, "Dichte": 8, "Bl": ";16;" }, "geometry": { "type": "Point", "coordinates": [ 600388.538659945945255, 5596476.485637900419533 ] } },
{ "type": "Feature", "properties": { "Tnr": 56688, "mitRand": 0, "AnzHBbeg": 4, "pHaupt": 1.0, "poHaupt": 0.0, "pQuerus": 0.0, "pFagus": 0.77, "pFraxinus": 0.0, "pCarpinus": 0.0, "pAcer": 0.019, "pTilia": 0.0, "pRobinia": 0.0, "pUlmus": 0.0, "pCastanea": 0.0, "pOtherLH": 0.0, "pBetula": 0.0, "pAlnus": 0.0, "pPopulus": 0.0, "pSalix": 0.0, "pSorbus": 0.038, "pPrunus": 0.0, "pMalus": 0.0, "pPyrus": 0.0, "pOtherLN": 0.0, "pPicea": 0.172, "pPinus": 0.0, "pAbies": 0.0, "pDouglas": 0.0, "pLarix": 0.0, "pOtherNb": 0.0, "pNoEurop": 0.0, "pNoEuropD": 0.0, "pEurop": 1.0, "pDecid": 0.828, "pConifer": 0.172, "pAll": 1.0, "Cell_id": "4354_3044", "EPSG": 31467, "Netz": 256, "Dichte": 8, "Bl": ";16;" }, "geometry": { "type": "Point", "coordinates": [ 604386.918848978355527, 5596530.420042260549963 ] } },
{ "type": "Feature", "properties": { "Tnr": 56692, "mitRand": 0, "AnzHBbeg": 1, "pHaupt": 1.0, "poHaupt": 0.0, "pQuerus": 0.0, "pFagus": 0.0, "pFraxinus": 0.0, "pCarpinus": 0.0, "pAcer": 0.0, "pTilia": 0.0, "pRobinia": 0.0, "pUlmus": 0.0, "pCastanea": 0.0, "pOtherLH": 0.0, "pBetula": 0.0, "pAlnus": 0.0, "pPopulus": 0.0, "pSalix": 0.0, "pSorbus": 0.0, "pPrunus": 0.0, "pMalus": 0.0, "pPyrus": 0.0, "pOtherLN": 0.0, "pPicea": 0.0, "pPinus": 1.0, "pAbies": 0.0, "pDouglas": 0.0, "pLarix": 0.0, "pOtherNb": 0.0, "pNoEurop": 0.0, "pNoEuropD": 0.0, "pEurop": 1.0, "pDecid": 0.0, "pConifer": 1.0, "pAll": 1.0, "Cell_id": "4363_3044", "EPSG": 31468, "Netz": 16, "Dichte": 8, "Bl": ";16;" }, "geometry": { "type": "Point", "coordinates": [ 613383.274167186813429, 5596650.272867653518915 ] } },
{ "type": "Feature", "properties": { "Tnr": 56694, "mitRand": 1, "AnzHBbeg": 4, "pHaupt": 0.75, "poHaupt": 0.25, "pQuerus": 0.0, "pFagus": 0.0, "pFraxinus": 0.0, "pCarpinus": 0.0, "pAcer": 0.0, "pTilia": 0.0, "pRobinia": 0.0, "pUlmus": 0.0, "pCastanea": 0.0, "pOtherLH": 0.0, "pBetula": 0.0, "pAlnus": 0.0, "pPopulus": 0.0, "pSalix": 0.0, "pSorbus": 0.0, "pPrunus": 0.0, "pMalus": 0.0, "pPyrus": 0.0, "pOtherLN": 0.0, "pPicea": 0.726, "pPinus": 0.024, "pAbies": 0.0, "pDouglas": 0.0, "pLarix": 0.0, "pOtherNb": 0.0, "pNoEurop": 0.0, "pNoEuropD": 0.0, "pEurop": 0.75, "pDecid": 0.0, "pConifer": 0.75, "pAll": 0.75, "Cell_id": "4367_3044", "EPSG": 31468, "Netz": 64, "Dichte": 8, "Bl": ";16;" }, "geometry": { "type": "Point", "coordinates": [ 617381.654264199896716, 5596703.207506341859698 ] } },
{ "type": "Feature", "properties": { "Tnr": 56700, "mitRand": 1, "AnzHBbeg": 4, "pHaupt": 1.0, "poHaupt": 0.0, "pQuerus": 0.0, "pFagus": 0.099, "pFraxinus": 0.0, "pCarpinus": 0.0, "pAcer": 0.0, "pTilia": 0.0, "pRobinia": 0.0, "pUlmus": 0.0, "pCastanea": 0.0, "pOtherLH": 0.0, "pBetula": 0.0, "pAlnus": 0.0, "pPopulus": 0.0, "pSalix": 0.0, "pSorbus": 0.198, "pPrunus": 0.0, "pMalus": 0.0, "pPyrus": 0.0, "pOtherLN": 0.0, "pPicea": 0.703, "pPinus": 0.0, "pAbies": 0.0, "pDouglas": 0.0, "pLarix": 0.0, "pOtherNb": 0.0, "pNoEurop": 0.0, "pNoEuropD": 0.0, "pEurop": 1.0, "pDecid": 0.297, "pConifer": 0.703, "pAll": 1.0, "Cell_id": "4379_3045", "EPSG": 31468, "Netz": 16, "Dichte": 8, "Bl": ";16;" }, "geometry": { "type": "Point", "coordinates": [ 629363.810710936784744, 5597863.605276742018759 ] } },
{ "type": "Feature", "properties": { "Tnr": 56702, "mitRand": 0, "AnzHBbeg": 3, "pHaupt": 1.0, "poHaupt": 0.0, "pQuerus": 0.0, "pFagus": 0.0, "pFraxinus": 0.0, "pCarpinus": 0.0, "pAcer": 0.0, "pTilia": 0.0, "pRobinia": 0.0, "pUlmus": 0.0, "pCastanea": 0.0, "pOtherLH": 0.0, "pBetula": 0.071, "pAlnus": 0.0, "pPopulus": 0.0, "pSalix": 0.0, "pSorbus": 0.0, "pPrunus": 0.0, "pMalus": 0.0, "pPyrus": 0.0, "pOtherLN": 0.0, "pPicea": 0.929, "pPinus": 0.0, "pAbies": 0.0, "pDouglas": 0.0, "pLarix": 0.0, "pOtherNb": 0.0, "pNoEurop": 0.0, "pNoEuropD": 0.0, "pEurop": 1.0, "pDecid": 0.071, "pConifer": 0.929, "pAll": 1.0, "Cell_id": "4383_3045", "EPSG": 31468, "Netz": 64, "Dichte": 8, "Bl": ";16;" }, "geometry": { "type": "Point", "coordinates": [ 633363.190313507220708, 5597916.539687342941761 ] } },
{ "type": "Feature", "properties": { "Tnr": 56704, "mitRand": 0, "AnzHBbeg": 2, "pHaupt": 1.0, "poHaupt": 0.0, "pQuerus": 0.0, "pFagus": 0.047, "pFraxinus": 0.0, "pCarpinus": 0.0, "pAcer": 0.0, "pTilia": 0.0, "pRobinia": 0.0, "pUlmus": 0.0, "pCastanea": 0.0, "pOtherLH": 0.0, "pBetula": 0.0, "pAlnus": 0.0, "pPopulus": 0.0, "pSalix": 0.0, "pSorbus": 0.0, "pPrunus": 0.0, "pMalus": 0.0, "pPyrus": 0.0, "pOtherLN": 0.0, "pPicea": 0.953, "pPinus": 0.0, "pAbies": 0.0, "pDouglas": 0.0, "pLarix": 0.0, "pOtherNb": 0.0, "pNoEurop": 0.0, "pNoEuropD": 0.0, "pEurop": 1.0, "pDecid": 0.047, "pConifer": 0.953, "pAll": 1.0, "Cell_id": "4387_3045", "EPSG": 31468, "Netz": 16, "Dichte": 8, "Bl": ";16;" }, "geometry": { "type": "Point", "coordinates": [ 637361.570295126759447, 5597969.474056222476065 ] } },
{ "type": "Feature", "properties": { "Tnr": 56706, "mitRand": 1, "AnzHBbeg": 4, "pHaupt": 1.0, "poHaupt": 0.0, "pQuerus": 0.0, "pFagus": 0.485, "pFraxinus": 0.0, "pCarpinus": 0.0, "pAcer": 0.0, "pTilia": 0.0, "pRobinia": 0.0, "pUlmus": 0.0, "pCastanea": 0.0, "pOtherLH": 0.0, "pBetula": 0.0, "pAlnus": 0.0, "pPopulus": 0.0, "pSalix": 0.0, "pSorbus": 0.0, "pPrunus": 0.0, "pMalus": 0.0, "pPyrus": 0.0, "pOtherLN": 0.0, "pPicea": 0.455, "pPinus": 0.0, "pAbies": 0.0, "pDouglas": 0.061, "pLarix": 0.0, "pOtherNb": 0.0, "pNoEurop": 0.061, "pNoEuropD": 0.0, "pEurop": 0.939, "pDecid": 0.485, "pConifer": 0.515, "pAll": 1.0, "Cell_id": "4391_3045", "EPSG": 31468, "Netz": 256, "Dichte": 8, "Bl": ";16;" }, "geometry": { "type": "Point", "coordinates": [ 641359.950261528138071, 5598023.407967151142657 ] } },
{ "type": "Feature", "properties": { "Tnr": 56708, "mitRand": 0, "AnzHBbeg": 4, "pHaupt": 1.0, "poHaupt": 0.0, "pQuerus": 0.0, "pFagus": 0.25, "pFraxinus": 0.0, "pCarpinus": 0.0, "pAcer": 0.0, "pTilia": 0.0, "pRobinia": 0.0, "pUlmus": 0.0, "pCastanea": 0.0, "pOtherLH": 0.0, "pBetula": 0.0, "pAlnus": 0.0, "pPopulus": 0.0, "pSalix": 0.0, "pSorbus": 0.0, "pPrunus": 0.0, "pMalus": 0.0, "pPyrus": 0.0, "pOtherLN": 0.0, "pPicea": 0.75, "pPinus": 0.0, "pAbies": 0.0, "pDouglas": 0.0, "pLarix": 0.0, "pOtherNb": 0.0, "pNoEurop": 0.0, "pNoEuropD": 0.0, "pEurop": 1.0, "pDecid": 0.25, "pConifer": 0.75, "pAll": 1.0, "Cell_id": "4395_3045", "EPSG": 31468, "Netz": 16, "Dichte": 8, "Bl": ";16;" }, "geometry": { "type": "Point", "coordinates": [ 645359.329785250476561, 5598076.342219388112426 ] } },
{ "type": "Feature", "properties": { "Tnr": 56710, "mitRand": 1, "AnzHBbeg": 4, "pHaupt": 1.0, "poHaupt": 0.0, "pQuerus": 0.0, "pFagus": 0.0, "pFraxinus": 0.0, "pCarpinus": 0.0, "pAcer": 0.0, "pTilia": 0.0, "pRobinia": 0.0, "pUlmus": 0.0, "pCastanea": 0.0, "pOtherLH": 0.0, "pBetula": 0.0, "pAlnus": 0.0, "pPopulus": 0.0, "pSalix": 0.0, "pSorbus": 0.0, "pPrunus": 0.0, "pMalus": 0.0, "pPyrus": 0.0, "pOtherLN": 0.0, "pPicea": 1.0, "pPinus": 0.0, "pAbies": 0.0, "pDouglas": 0.0, "pLarix": 0.0, "pOtherNb": 0.0, "pNoEurop": 0.0, "pNoEuropD": 0.0, "pEurop": 1.0, "pDecid": 0.0, "pConifer": 1.0, "pAll": 1.0, "Cell_id": "4399_3045", "EPSG": 31468, "Netz": 64, "Dichte": 8, "Bl": ";16;" }, "geometry": { "type": "Point", "coordinates": [ 649358.709282307769172, 5598129.276418786495924 ] } },
{ "type": "Feature", "properties": { "Tnr": 56712, "mitRand": 0, "AnzHBbeg": 4, "pHaupt": 1.0, "poHaupt": 0.0, "pQuerus": 0.0, "pFagus": 0.0, "pFraxinus": 0.0, "pCarpinus": 0.0, "pAcer": 0.0, "pTilia": 0.0, "pRobinia": 0.0, "pUlmus": 0.0, "pCastanea": 0.0, "pOtherLH": 0.0, "pBetula": 0.0, "pAlnus": 0.0, "pPopulus": 0.0, "pSalix": 0.0, "pSorbus": 0.0, "pPrunus": 0.0, "pMalus": 0.0, "pPyrus": 0.0, "pOtherLN": 0.0, "pPicea": 1.0, "pPinus": 0.0, "pAbies": 0.0, "pDouglas": 0.0, "pLarix": 0.0, "pOtherNb": 0.0, "pNoEurop": 0.0, "pNoEuropD": 0.0, "pEurop": 1.0, "pDecid": 0.0, "pConifer": 1.0, "pAll": 1.0, "Cell_id": "4403_3045", "EPSG": 31468, "Netz": 16, "Dichte": 8, "Bl": ";16;" }, "geometry": { "type": "Point", "coordinates": [ 653357.089157695299946, 5598182.210576412267983 ] } },
{ "type": "Feature", "properties": { "Tnr": 56716, "mitRand": 1, "AnzHBbeg": 4, "pHaupt": 1.0, "poHaupt": 0.0, "pQuerus": 0.0, "pFagus": 0.053, "pFraxinus": 0.0, "pCarpinus": 0.0, "pAcer": 0.0, "pTilia": 0.0, "pRobinia": 0.0, "pUlmus": 0.0, "pCastanea": 0.0, "pOtherLH": 0.0, "pBetula": 0.0, "pAlnus": 0.0, "pPopulus": 0.0, "pSalix": 0.0, "pSorbus": 0.0, "pPrunus": 0.0, "pMalus": 0.0, "pPyrus": 0.0, "pOtherLN": 0.0, "pPicea": 0.71, "pPinus": 0.237, "pAbies": 0.0, "pDouglas": 0.0, "pLarix": 0.0, "pOtherNb": 0.0, "pNoEurop": 0.0, "pNoEuropD": 0.0, "pEurop": 1.0, "pDecid": 0.053, "pConifer": 0.947, "pAll": 1.0, "Cell_id": "4411_3045", "EPSG": 31468, "Netz": 16, "Dichte": 8, "Bl": ";16;" }, "geometry": { "type": "Point", "coordinates": [ 661355.84801681980025, 5598288.07871079724282 ] } },
{ "type": "Feature", "properties": { "Tnr": 56718, "mitRand": 0, "AnzHBbeg": 4, "pHaupt": 1.0, "poHaupt": 0.0, "pQuerus": 0.0, "pFagus": 0.0, "pFraxinus": 0.0, "pCarpinus": 0.0, "pAcer": 0.0, "pTilia": 0.0, "pRobinia": 0.0, "pUlmus": 0.0, "pCastanea": 0.0, "pOtherLH": 0.0, "pBetula": 0.0, "pAlnus": 0.0, "pPopulus": 0.0, "pSalix": 0.163, "pSorbus": 0.0, "pPrunus": 0.0, "pMalus": 0.0, "pPyrus": 0.0, "pOtherLN": 0.0, "pPicea": 0.812, "pPinus": 0.025, "pAbies": 0.0, "pDouglas": 0.0, "pLarix": 0.0, "pOtherNb": 0.0, "pNoEurop": 0.0, "pNoEuropD": 0.0, "pEurop": 1.0, "pDecid": 0.163, "pConifer": 0.837, "pAll": 1.0, "Cell_id": "4415_3046", "EPSG": 31468, "Netz": 64, "Dichte": 8, "Bl": ";16;" }, "geometry": { "type": "Point", "coordinates": [ 665341.244229011004791, 5599341.607228101231158 ] } },
{ "type": "Feature", "properties": { "Tnr": 56721, "mitRand": 1, "AnzHBbeg": 3, "pHaupt": 1.0, "poHaupt": 0.0, "pQuerus": 0.0, "pFagus": 0.0, "pFraxinus": 0.0, "pCarpinus": 0.0, "pAcer": 0.0, "pTilia": 0.0, "pRobinia": 0.0, "pUlmus": 0.0, "pCastanea": 0.0, "pOtherLH": 0.0, "pBetula": 0.0, "pAlnus": 0.0, "pPopulus": 0.0, "pSalix": 0.0, "pSorbus": 0.0, "pPrunus": 0.0, "pMalus": 0.0, "pPyrus": 0.0, "pOtherLN": 0.0, "pPicea": 1.0, "pPinus": 0.0, "pAbies": 0.0, "pDouglas": 0.0, "pLarix": 0.0, "pOtherNb": 0.0, "pNoEurop": 0.0, "pNoEuropD": 0.0, "pEurop": 1.0, "pDecid": 0.0, "pConifer": 1.0, "pAll": 1.0, "Cell_id": "4423_3046", "EPSG": 31468, "Netz": 256, "Dichte": 8, "Bl": ";16;" }, "geometry": { "type": "Point", "coordinates": [ 673340.002949698828161, 5599447.475030920468271 ] } },
{ "type": "Feature", "properties": { "Tnr": 56723, "mitRand": 1, "AnzHBbeg": 4, "pHaupt": 1.0, "poHaupt": 0.0, "pQuerus": 0.0, "pFagus": 0.145, "pFraxinus": 0.0, "pCarpinus": 0.0, "pAcer": 0.0, "pTilia": 0.0, "pRobinia": 0.0, "pUlmus": 0.0, "pCastanea": 0.0, "pOtherLH": 0.0, "pBetula": 0.0, "pAlnus": 0.0, "pPopulus": 0.0, "pSalix": 0.0, "pSorbus": 0.0, "pPrunus": 0.0, "pMalus": 0.0, "pPyrus": 0.0, "pOtherLN": 0.0, "pPicea": 0.557, "pPinus": 0.039, "pAbies": 0.105, "pDouglas": 0.0, "pLarix": 0.154, "pOtherNb": 0.0, "pNoEurop": 0.0, "pNoEuropD": 0.0, "pEurop": 1.0, "pDecid": 0.145, "pConifer": 0.855, "pAll": 1.0, "Cell_id": "4427_3046", "EPSG": 31468, "Netz": 16, "Dichte": 8, "Bl": ";16;" }, "geometry": { "type": "Point", "coordinates": [ 677339.382268187589943, 5599500.408852754160762 ] } },
{ "type": "Feature", "properties": { "Tnr": 56727, "mitRand": 0, "AnzHBbeg": 4, "pHaupt": 1.0, "poHaupt": 0.0, "pQuerus": 0.0, "pFagus": 0.0, "pFraxinus": 0.0, "pCarpinus": 0.0, "pAcer": 0.0, "pTilia": 0.0, "pRobinia": 0.0, "pUlmus": 0.0, "pCastanea": 0.0, "pOtherLH": 0.0, "pBetula": 0.0, "pAlnus": 0.0, "pPopulus": 0.0, "pSalix": 0.0, "pSorbus": 0.0, "pPrunus": 0.0, "pMalus": 0.0, "pPyrus": 0.0, "pOtherLN": 0.0, "pPicea": 0.824, "pPinus": 0.032, "pAbies": 0.0, "pDouglas": 0.0, "pLarix": 0.143, "pOtherNb": 0.0, "pNoEurop": 0.0, "pNoEuropD": 0.0, "pEurop": 1.0, "pDecid": 0.0, "pConifer": 1.0, "pAll": 1.0, "Cell_id": "4435_3046", "EPSG": 31468, "Netz": 16, "Dichte": 8, "Bl": ";16;" }, "geometry": { "type": "Point", "coordinates": [ 685338.140809314907528, 5599605.276742400601506 ] } },
{ "type": "Feature", "properties": { "Tnr": 56729, "mitRand": 1, "AnzHBbeg": 1, "pHaupt": 1.0, "poHaupt": 0.0, "pQuerus": 0.0, "pFagus": 0.0, "pFraxinus": 0.0, "pCarpinus": 0.0, "pAcer": 0.0, "pTilia": 0.0, "pRobinia": 0.0, "pUlmus": 0.0, "pCastanea": 0.0, "pOtherLH": 0.0, "pBetula": 0.0, "pAlnus": 0.0, "pPopulus": 0.0, "pSalix": 0.0, "pSorbus": 0.0, "pPrunus": 0.0, "pMalus": 0.0, "pPyrus": 0.0, "pOtherLN": 0.0, "pPicea": 1.0, "pPinus": 0.0, "pAbies": 0.0, "pDouglas": 0.0, "pLarix": 0.0, "pOtherNb": 0.0, "pNoEurop": 0.0, "pNoEuropD": 0.0, "pEurop": 1.0, "pDecid": 0.0, "pConifer": 1.0, "pAll": 1.0, "Cell_id": "4439_3046", "EPSG": 31468, "Netz": 256, "Dichte": 8, "Bl": ";16;" }, "geometry": { "type": "Point", "coordinates": [ 689338.519637530436739, 5599658.210393698886037 ] } },
{ "type": "Feature", "properties": { "Tnr": 56733, "mitRand": 1, "AnzHBbeg": 4, "pHaupt": 1.0, "poHaupt": 0.0, "pQuerus": 0.0, "pFagus": 0.0, "pFraxinus": 0.0, "pCarpinus": 0.0, "pAcer": 0.0, "pTilia": 0.0, "pRobinia": 0.0, "pUlmus": 0.0, "pCastanea": 0.0, "pOtherLH": 0.0, "pBetula": 0.0, "pAlnus": 0.0, "pPopulus": 0.0, "pSalix": 0.0, "pSorbus": 0.0, "pPrunus": 0.0, "pMalus": 0.0, "pPyrus": 0.0, "pOtherLN": 0.0, "pPicea": 0.913, "pPinus": 0.087, "pAbies": 0.0, "pDouglas": 0.0, "pLarix": 0.0, "pOtherNb": 0.0, "pNoEurop": 0.0, "pNoEuropD": 0.0, "pEurop": 1.0, "pDecid": 0.0, "pConifer": 1.0, "pAll": 1.0, "Cell_id": "4447_3046", "EPSG": 31468, "Netz": 64, "Dichte": 8, "Bl": ";16;" }, "geometry": { "type": "Point", "coordinates": [ 697338.277612849604338, 5599764.07754797115922 ] } },
{ "type": "Feature", "properties": { "Tnr": 56737, "mitRand": 1, "AnzHBbeg": 4, "pHaupt": 1.0, "poHaupt": 0.0, "pQuerus": 0.0, "pFagus": 0.0, "pFraxinus": 0.0, "pCarpinus": 0.0, "pAcer": 0.0, "pTilia": 0.0, "pRobinia": 0.0, "pUlmus": 0.0, "pCastanea": 0.0, "pOtherLH": 0.0, "pBetula": 0.195, "pAlnus": 0.0, "pPopulus": 0.0, "pSalix": 0.0, "pSorbus": 0.0, "pPrunus": 0.0, "pMalus": 0.0, "pPyrus": 0.0, "pOtherLN": 0.0, "pPicea": 0.684, "pPinus": 0.121, "pAbies": 0.0, "pDouglas": 0.0, "pLarix": 0.0, "pOtherNb": 0.0, "pNoEurop": 0.0, "pNoEuropD": 0.0, "pEurop": 1.0, "pDecid": 0.195, "pConifer": 0.805, "pAll": 1.0, "Cell_id": "4454_3047", "EPSG": 31468, "Netz": 256, "Dichte": 8, "Bl": ";14;" }, "geometry": { "type": "Point", "coordinates": [ 704324.457529501756653, 5600855.556301923468709 ] } },
{ "type": "Feature", "properties": { "Tnr": 56791, "mitRand": 0, "AnzHBbeg": 4, "pHaupt": 1.0, "poHaupt": 0.0, "pQuerus": 0.0, "pFagus": 0.961, "pFraxinus": 0.0, "pCarpinus": 0.039, "pAcer": 0.0, "pTilia": 0.0, "pRobinia": 0.0, "pUlmus": 0.0, "pCastanea": 0.0, "pOtherLH": 0.0, "pBetula": 0.0, "pAlnus": 0.0, "pPopulus": 0.0, "pSalix": 0.0, "pSorbus": 0.0, "pPrunus": 0.0, "pMalus": 0.0, "pPyrus": 0.0, "pOtherLN": 0.0, "pPicea": 0.0, "pPinus": 0.0, "pAbies": 0.0, "pDouglas": 0.0, "pLarix": 0.0, "pOtherNb": 0.0, "pNoEurop": 0.0, "pNoEuropD": 0.0, "pEurop": 1.0, "pDecid": 1.0, "pConifer": 0.0, "pAll": 1.0, "Cell_id": "4356_3042", "EPSG": 31468, "Netz": 8, "Dichte": 8, "Bl": ";16;" }, "geometry": { "type": "Point", "coordinates": [ 606413.076101425220259, 5594557.197595265693963 ] } },
{ "type": "Feature", "properties": { "Tnr": 56795, "mitRand": 1, "AnzHBbeg": 1, "pHaupt": 1.0, "poHaupt": 0.0, "pQuerus": 0.0, "pFagus": 0.392, "pFraxinus": 0.163, "pCarpinus": 0.0, "pAcer": 0.0, "pTilia": 0.0, "pRobinia": 0.0, "pUlmus": 0.0, "pCastanea": 0.0, "pOtherLH": 0.0, "pBetula": 0.0, "pAlnus": 0.0, "pPopulus": 0.0, "pSalix": 0.0, "pSorbus": 0.0, "pPrunus": 0.0, "pMalus": 0.0, "pPyrus": 0.0, "pOtherLN": 0.0, "pPicea": 0.445, "pPinus": 0.0, "pAbies": 0.0, "pDouglas": 0.0, "pLarix": 0.0, "pOtherNb": 0.0, "pNoEurop": 0.0, "pNoEuropD": 0.0, "pEurop": 1.0, "pDecid": 0.555, "pConifer": 0.445, "pAll": 1.0, "Cell_id": "4365_3042", "EPSG": 31468, "Netz": 8, "Dichte": 8, "Bl": ";16;" }, "geometry": { "type": "Point", "coordinates": [ 615409.431332278065383, 5594677.050389662384987 ] } },
{ "type": "Feature", "properties": { "Tnr": 56797, "mitRand": 0, "AnzHBbeg": 4, "pHaupt": 1.0, "poHaupt": 0.0, "pQuerus": 0.0, "pFagus": 0.0, "pFraxinus": 0.0, "pCarpinus": 0.0, "pAcer": 0.0, "pTilia": 0.0, "pRobinia": 0.0, "pUlmus": 0.0, "pCastanea": 0.0, "pOtherLH": 0.0, "pBetula": 0.122, "pAlnus": 0.0, "pPopulus": 0.0, "pSalix": 0.0, "pSorbus": 0.0, "pPrunus": 0.0, "pMalus": 0.0, "pPyrus": 0.0, "pOtherLN": 0.0, "pPicea": 0.878, "pPinus": 0.0, "pAbies": 0.0, "pDouglas": 0.0, "pLarix": 0.0, "pOtherNb": 0.0, "pNoEurop": 0.0, "pNoEuropD": 0.0, "pEurop": 1.0, "pDecid": 0.122, "pConifer": 0.878, "pAll": 1.0, "Cell_id": "4369_3042", "EPSG": 31468, "Netz": 8, "Dichte": 8, "Bl": ";16;" }, "geometry": { "type": "Point", "coordinates": [ 619407.811401276732795, 5594730.984609549865127 ] } },
{ "type": "Feature", "properties": { "Tnr": 56803, "mitRand": 1, "AnzHBbeg": 4, "pHaupt": 1.0, "poHaupt": 0.0, "pQuerus": 0.0, "pFagus": 0.0, "pFraxinus": 0.0, "pCarpinus": 0.0, "pAcer": 0.0, "pTilia": 0.0, "pRobinia": 0.0, "pUlmus": 0.0, "pCastanea": 0.0, "pOtherLH": 0.0, "pBetula": 0.044, "pAlnus": 0.0, "pPopulus": 0.0, "pSalix": 0.0, "pSorbus": 0.0, "pPrunus": 0.0, "pMalus": 0.0, "pPyrus": 0.0, "pOtherLN": 0.0, "pPicea": 0.956, "pPinus": 0.0, "pAbies": 0.0, "pDouglas": 0.0, "pLarix": 0.0, "pOtherNb": 0.0, "pNoEurop": 0.0, "pNoEuropD": 0.0, "pEurop": 1.0, "pDecid": 0.044, "pConifer": 0.956, "pAll": 1.0, "Cell_id": "4381_3043", "EPSG": 31468, "Netz": 8, "Dichte": 8, "Bl": ";16;" }, "geometry": { "type": "Point", "coordinates": [ 631389.967722771223634, 5595890.3827347708866 ] } },
{ "type": "Feature", "properties": { "Tnr": 56807, "mitRand": 1, "AnzHBbeg": 4, "pHaupt": 1.0, "poHaupt": 0.0, "pQuerus": 0.0, "pFagus": 0.0, "pFraxinus": 0.0, "pCarpinus": 0.0, "pAcer": 0.0, "pTilia": 0.0, "pRobinia": 0.0, "pUlmus": 0.0, "pCastanea": 0.0, "pOtherLH": 0.0, "pBetula": 0.0, "pAlnus": 0.0, "pPopulus": 0.0, "pSalix": 0.0, "pSorbus": 0.0, "pPrunus": 0.0, "pMalus": 0.0, "pPyrus": 0.0, "pOtherLN": 0.0, "pPicea": 1.0, "pPinus": 0.0, "pAbies": 0.0, "pDouglas": 0.0, "pLarix": 0.0, "pOtherNb": 0.0, "pNoEurop": 0.0, "pNoEuropD": 0.0, "pEurop": 1.0, "pDecid": 0.0, "pConifer": 1.0, "pAll": 1.0, "Cell_id": "4389_3043", "EPSG": 31468, "Netz": 8, "Dichte": 8, "Bl": ";16;" }, "geometry": { "type": "Point", "coordinates": [ 639387.727239019004628, 5595997.251082452014089 ] } },
{ "type": "Feature", "properties": { "Tnr": 56809, "mitRand": 1, "AnzHBbeg": 4, "pHaupt": 1.0, "poHaupt": 0.0, "pQuerus": 0.0, "pFagus": 0.093, "pFraxinus": 0.0, "pCarpinus": 0.0, "pAcer": 0.0, "pTilia": 0.0, "pRobinia": 0.0, "pUlmus": 0.0, "pCastanea": 0.0, "pOtherLH": 0.0, "pBetula": 0.0, "pAlnus": 0.0, "pPopulus": 0.0, "pSalix": 0.0, "pSorbus": 0.0, "pPrunus": 0.0, "pMalus": 0.0, "pPyrus": 0.0, "pOtherLN": 0.0, "pPicea": 0.907, "pPinus": 0.0, "pAbies": 0.0, "pDouglas": 0.0, "pLarix": 0.0, "pOtherNb": 0.0, "pNoEurop": 0.0, "pNoEuropD": 0.0, "pEurop": 1.0, "pDecid": 0.093, "pConifer": 0.907, "pAll": 1.0, "Cell_id": "4393_3043", "EPSG": 31468, "Netz": 8, "Dichte": 8, "Bl": ";16;" }, "geometry": { "type": "Point", "coordinates": [ 643387.1067495533498, 5596050.185374307446182 ] } },
{ "type": "Feature", "properties": { "Tnr": 56811, "mitRand": 0, "AnzHBbeg": 3, "pHaupt": 1.0, "poHaupt": 0.0, "pQuerus": 0.0, "pFagus": 0.0, "pFraxinus": 0.0, "pCarpinus": 0.0, "pAcer": 0.0, "pTilia": 0.0, "pRobinia": 0.0, "pUlmus": 0.0, "pCastanea": 0.0, "pOtherLH": 0.0, "pBetula": 0.0, "pAlnus": 0.0, "pPopulus": 0.0, "pSalix": 0.0, "pSorbus": 0.0, "pPrunus": 0.0, "pMalus": 0.0, "pPyrus": 0.0, "pOtherLN": 0.0, "pPicea": 1.0, "pPinus": 0.0, "pAbies": 0.0, "pDouglas": 0.0, "pLarix": 0.0, "pOtherNb": 0.0, "pNoEurop": 0.0, "pNoEuropD": 0.0, "pEurop": 1.0, "pDecid": 0.0, "pConifer": 1.0, "pAll": 1.0, "Cell_id": "4397_3043", "EPSG": 31468, "Netz": 8, "Dichte": 8, "Bl": ";16;" }, "geometry": { "type": "Point", "coordinates": [ 647385.486638682195917, 5596103.119624502025545 ] } },
{ "type": "Feature", "properties": { "Tnr": 56813, "mitRand": 1, "AnzHBbeg": 4, "pHaupt": 1.0, "poHaupt": 0.0, "pQuerus": 0.0, "pFagus": 0.0, "pFraxinus": 0.0, "pCarpinus": 0.0, "pAcer": 0.0, "pTilia": 0.0, "pRobinia": 0.0, "pUlmus": 0.0, "pCastanea": 0.0, "pOtherLH": 0.0, "pBetula": 0.0, "pAlnus": 0.0, "pPopulus": 0.0, "pSalix": 0.0, "pSorbus": 0.047, "pPrunus": 0.0, "pMalus": 0.0, "pPyrus": 0.0, "pOtherLN": 0.0, "pPicea": 0.953, "pPinus": 0.0, "pAbies": 0.0, "pDouglas": 0.0, "pLarix": 0.0, "pOtherNb": 0.0, "pNoEurop": 0.0, "pNoEuropD": 0.0, "pEurop": 1.0, "pDecid": 0.047, "pConifer": 0.953, "pAll": 1.0, "Cell_id": "4401_3043", "EPSG": 31468, "Netz": 8, "Dichte": 8, "Bl": ";16;" }, "geometry": { "type": "Point", "coordinates": [ 651384.866095869801939, 5596156.053810873068869 ] } },
{ "type": "Feature", "properties": { "Tnr": 56815, "mitRand": 0, "AnzHBbeg": 4, "pHaupt": 1.0, "poHaupt": 0.0, "pQuerus": 0.0, "pFagus": 0.0, "pFraxinus": 0.0, "pCarpinus": 0.0, "pAcer": 0.0, "pTilia": 0.0, "pRobinia": 0.0, "pUlmus": 0.0, "pCastanea": 0.0, "pOtherLH": 0.0, "pBetula": 0.0, "pAlnus": 0.0, "pPopulus": 0.0, "pSalix": 0.0, "pSorbus": 0.0, "pPrunus": 0.0, "pMalus": 0.0, "pPyrus": 0.0, "pOtherLN": 0.0, "pPicea": 1.0, "pPinus": 0.0, "pAbies": 0.0, "pDouglas": 0.0, "pLarix": 0.0, "pOtherNb": 0.0, "pNoEurop": 0.0, "pNoEuropD": 0.0, "pEurop": 1.0, "pDecid": 0.0, "pConifer": 1.0, "pAll": 1.0, "Cell_id": "4405_3043", "EPSG": 31468, "Netz": 8, "Dichte": 8, "Bl": ";16;" }, "geometry": { "type": "Point", "coordinates": [ 655383.245931292301975, 5596208.987955556251109 ] } },
{ "type": "Feature", "properties": { "Tnr": 56817, "mitRand": 0, "AnzHBbeg": 2, "pHaupt": 0.5, "poHaupt": 0.5, "pQuerus": 0.0, "pFagus": 0.0, "pFraxinus": 0.0, "pCarpinus": 0.0, "pAcer": 0.0, "pTilia": 0.0, "pRobinia": 0.0, "pUlmus": 0.0, "pCastanea": 0.0, "pOtherLH": 0.0, "pBetula": 0.0, "pAlnus": 0.0, "pPopulus": 0.0, "pSalix": 0.0, "pSorbus": 0.0, "pPrunus": 0.0, "pMalus": 0.0, "pPyrus": 0.0, "pOtherLN": 0.0, "pPicea": 0.5, "pPinus": 0.0, "pAbies": 0.0, "pDouglas": 0.0, "pLarix": 0.0, "pOtherNb": 0.0, "pNoEurop": 0.0, "pNoEuropD": 0.0, "pEurop": 0.5, "pDecid": 0.0, "pConifer": 0.5, "pAll": 0.5, "Cell_id": "4409_3043", "EPSG": 31468, "Netz": 8, "Dichte": 8, "Bl": ";16;" }, "geometry": { "type": "Point", "coordinates": [ 659382.625334386364557, 5596261.922036342322826 ] } },
{ "type": "Feature", "properties": { "Tnr": 56819, "mitRand": 1, "AnzHBbeg": 3, "pHaupt": 1.0, "poHaupt": 0.0, "pQuerus": 0.0, "pFagus": 0.0, "pFraxinus": 0.0, "pCarpinus": 0.0, "pAcer": 0.0, "pTilia": 0.0, "pRobinia": 0.0, "pUlmus": 0.0, "pCastanea": 0.0, "pOtherLH": 0.0, "pBetula": 0.0, "pAlnus": 0.0, "pPopulus": 0.0, "pSalix": 0.0, "pSorbus": 0.465, "pPrunus": 0.0, "pMalus": 0.0, "pPyrus": 0.0, "pOtherLN": 0.0, "pPicea": 0.535, "pPinus": 0.0, "pAbies": 0.0, "pDouglas": 0.0, "pLarix": 0.0, "pOtherNb": 0.0, "pNoEurop": 0.0, "pNoEuropD": 0.0, "pEurop": 1.0, "pDecid": 0.465, "pConifer": 0.535, "pAll": 1.0, "Cell_id": "4413_3043", "EPSG": 31468, "Netz": 8, "Dichte": 8, "Bl": ";16;" }, "geometry": { "type": "Point", "coordinates": [ 663382.004710149834864, 5596314.856064293533564 ] } },
{ "type": "Feature", "properties": { "Tnr": 56821, "mitRand": 0, "AnzHBbeg": 2, "pHaupt": 1.0, "poHaupt": 0.0, "pQuerus": 0.0, "pFagus": 0.0, "pFraxinus": 0.0, "pCarpinus": 0.0, "pAcer": 0.0, "pTilia": 0.0, "pRobinia": 0.0, "pUlmus": 0.0, "pCastanea": 0.0, "pOtherLH": 0.0, "pBetula": 0.133, "pAlnus": 0.0, "pPopulus": 0.0, "pSalix": 0.0, "pSorbus": 0.234, "pPrunus": 0.0, "pMalus": 0.0, "pPyrus": 0.0, "pOtherLN": 0.0, "pPicea": 0.633, "pPinus": 0.0, "pAbies": 0.0, "pDouglas": 0.0, "pLarix": 0.0, "pOtherNb": 0.0, "pNoEurop": 0.0, "pNoEuropD": 0.0, "pEurop": 1.0, "pDecid": 0.367, "pConifer": 0.633, "pAll": 1.0, "Cell_id": "4425_3044", "EPSG": 31468, "Netz": 8, "Dichte": 8, "Bl": ";16;" }, "geometry": { "type": "Point", "coordinates": [ 675366.159513822989538, 5597473.252741624601185 ] } },
{ "type": "Feature", "properties": { "Tnr": 56823, "mitRand": 1, "AnzHBbeg": 4, "pHaupt": 0.75, "poHaupt": 0.25, "pQuerus": 0.0, "pFagus": 0.0, "pFraxinus": 0.0, "pCarpinus": 0.0, "pAcer": 0.0, "pTilia": 0.0, "pRobinia": 0.0, "pUlmus": 0.0, "pCastanea": 0.0, "pOtherLH": 0.0, "pBetula": 0.0, "pAlnus": 0.0, "pPopulus": 0.0, "pSalix": 0.0, "pSorbus": 0.0, "pPrunus": 0.0, "pMalus": 0.0, "pPyrus": 0.0, "pOtherLN": 0.0, "pPicea": 0.654, "pPinus": 0.096, "pAbies": 0.0, "pDouglas": 0.0, "pLarix": 0.0, "pOtherNb": 0.0, "pNoEurop": 0.0, "pNoEuropD": 0.0, "pEurop": 0.75, "pDecid": 0.0, "pConifer": 0.75, "pAll": 0.75, "Cell_id": "4429_3044", "EPSG": 31468, "Netz": 8, "Dichte": 8, "Bl": ";16;" }, "geometry": { "type": "Point", "coordinates": [ 679365.53879167069681, 5597526.186550979502499 ] } },
{ "type": "Feature", "properties": { "Tnr": 56831, "mitRand": 1, "AnzHBbeg": 1, "pHaupt": 1.0, "poHaupt": 0.0, "pQuerus": 0.0, "pFagus": 0.0, "pFraxinus": 0.0, "pCarpinus": 0.0, "pAcer": 0.0, "pTilia": 0.0, "pRobinia": 0.0, "pUlmus": 0.0, "pCastanea": 0.0, "pOtherLH": 0.0, "pBetula": 0.0, "pAlnus": 0.0, "pPopulus": 0.0, "pSalix": 0.0, "pSorbus": 1.0, "pPrunus": 0.0, "pMalus": 0.0, "pPyrus": 0.0, "pOtherLN": 0.0, "pPicea": 0.0, "pPinus": 0.0, "pAbies": 0.0, "pDouglas": 0.0, "pLarix": 0.0, "pOtherNb": 0.0, "pNoEurop": 0.0, "pNoEuropD": 0.0, "pEurop": 1.0, "pDecid": 1.0, "pConifer": 0.0, "pAll": 1.0, "Cell_id": "4445_3044", "EPSG": 31468, "Netz": 8, "Dichte": 8, "Bl": ";16;" }, "geometry": { "type": "Point", "coordinates": [ 695365.054796860204078, 5597736.92164094094187 ] } },
{ "type": "Feature", "properties": { "Tnr": 56833, "mitRand": 1, "AnzHBbeg": 4, "pHaupt": 1.0, "poHaupt": 0.0, "pQuerus": 0.0, "pFagus": 0.0, "pFraxinus": 0.0, "pCarpinus": 0.0, "pAcer": 0.0, "pTilia": 0.0, "pRobinia": 0.0, "pUlmus": 0.0, "pCastanea": 0.0, "pOtherLH": 0.0, "pBetula": 0.0, "pAlnus": 0.0, "pPopulus": 0.0, "pSalix": 0.0, "pSorbus": 0.0, "pPrunus": 0.0, "pMalus": 0.0, "pPyrus": 0.0, "pOtherLN": 0.0, "pPicea": 1.0, "pPinus": 0.0, "pAbies": 0.0, "pDouglas": 0.0, "pLarix": 0.0, "pOtherNb": 0.0, "pNoEurop": 0.0, "pNoEuropD": 0.0, "pEurop": 1.0, "pDecid": 0.0, "pConifer": 1.0, "pAll": 1.0, "Cell_id": "4449_3044", "EPSG": 31468, "Netz": 8, "Dichte": 8, "Bl": ";16;" }, "geometry": { "type": "Point", "coordinates": [ 699364.433931523002684, 5597789.855185021646321 ] } },
{ "type": "Feature", "properties": { "Tnr": 56877, "mitRand": 0, "AnzHBbeg": 4, "pHaupt": 1.0, "poHaupt": 0.0, "pQuerus": 0.0, "pFagus": 0.768, "pFraxinus": 0.193, "pCarpinus": 0.0, "pAcer": 0.0, "pTilia": 0.0, "pRobinia": 0.0, "pUlmus": 0.0, "pCastanea": 0.0, "pOtherLH": 0.0, "pBetula": 0.0, "pAlnus": 0.0, "pPopulus": 0.0, "pSalix": 0.0, "pSorbus": 0.0, "pPrunus": 0.0, "pMalus": 0.0, "pPyrus": 0.0, "pOtherLN": 0.0, "pPicea": 0.038, "pPinus": 0.0, "pAbies": 0.0, "pDouglas": 0.0, "pLarix": 0.0, "pOtherNb": 0.0, "pNoEurop": 0.0, "pNoEuropD": 0.0, "pEurop": 1.0, "pDecid": 0.962, "pConifer": 0.038, "pAll": 1.0, "Cell_id": "4346_3040", "EPSG": 31467, "Netz": 16, "Dichte": 8, "Bl": ";16;" }, "geometry": { "type": "Point", "coordinates": [ 596444.092940180213191, 5592424.171063650399446 ] } },
{ "type": "Feature", "properties": { "Tnr": 56879, "mitRand": 1, "AnzHBbeg": 3, "pHaupt": 1.0, "poHaupt": 0.0, "pQuerus": 0.0, "pFagus": 0.45, "pFraxinus": 0.131, "pCarpinus": 0.0, "pAcer": 0.419, "pTilia": 0.0, "pRobinia": 0.0, "pUlmus": 0.0, "pCastanea": 0.0, "pOtherLH": 0.0, "pBetula": 0.0, "pAlnus": 0.0, "pPopulus": 0.0, "pSalix": 0.0, "pSorbus": 0.0, "pPrunus": 0.0, "pMalus": 0.0, "pPyrus": 0.0, "pOtherLN": 0.0, "pPicea": 0.0, "pPinus": 0.0, "pAbies": 0.0, "pDouglas": 0.0, "pLarix": 0.0, "pOtherNb": 0.0, "pNoEurop": 0.0, "pNoEuropD": 0.0, "pEurop": 1.0, "pDecid": 1.0, "pConifer": 0.0, "pAll": 1.0, "Cell_id": "4350_3040", "EPSG": 31467, "Netz": 16, "Dichte": 8, "Bl": ";16;" }, "geometry": { "type": "Point", "coordinates": [ 600442.473101225681603, 5592478.105544931255281 ] } },
{ "type": "Feature", "properties": { "Tnr": 56881, "mitRand": 1, "AnzHBbeg": 4, "pHaupt": 1.0, "poHaupt": 0.0, "pQuerus": 0.0, "pFagus": 0.0, "pFraxinus": 0.0, "pCarpinus": 0.0, "pAcer": 0.25, "pTilia": 0.0, "pRobinia": 0.0, "pUlmus": 0.0, "pCastanea": 0.0, "pOtherLH": 0.0, "pBetula": 0.0, "pAlnus": 0.0, "pPopulus": 0.0, "pSalix": 0.0, "pSorbus": 0.0, "pPrunus": 0.0, "pMalus": 0.0, "pPyrus": 0.0, "pOtherLN": 0.0, "pPicea": 0.75, "pPinus": 0.0, "pAbies": 0.0, "pDouglas": 0.0, "pLarix": 0.0, "pOtherNb": 0.0, "pNoEurop": 0.0, "pNoEuropD": 0.0, "pEurop": 1.0, "pDecid": 0.25, "pConifer": 0.75, "pAll": 1.0, "Cell_id": "4354_3040", "EPSG": 31467, "Netz": 16, "Dichte": 8, "Bl": ";16;" }, "geometry": { "type": "Point", "coordinates": [ 604440.853226782055572, 5592531.040379022248089 ] } },
{ "type": "Feature", "properties": { "Tnr": 56884, "mitRand": 1, "AnzHBbeg": 4, "pHaupt": 1.0, "poHaupt": 0.0, "pQuerus": 0.117, "pFagus": 0.326, "pFraxinus": 0.45, "pCarpinus": 0.034, "pAcer": 0.073, "pTilia": 0.0, "pRobinia": 0.0, "pUlmus": 0.0, "pCastanea": 0.0, "pOtherLH": 0.0, "pBetula": 0.0, "pAlnus": 0.0, "pPopulus": 0.0, "pSalix": 0.0, "pSorbus": 0.0, "pPrunus": 0.0, "pMalus": 0.0, "pPyrus": 0.0, "pOtherLN": 0.0, "pPicea": 0.0, "pPinus": 0.0, "pAbies": 0.0, "pDouglas": 0.0, "pLarix": 0.0, "pOtherNb": 0.0, "pNoEurop": 0.0, "pNoEuropD": 0.0, "pEurop": 1.0, "pDecid": 1.0, "pConifer": 0.0, "pAll": 1.0, "Cell_id": "4359_3040", "EPSG": 31468, "Netz": 16, "Dichte": 8, "Bl": ";16;" }, "geometry": { "type": "Point", "coordinates": [ 609438.82835708395578, 5592597.958544177934527 ] } },
{ "type": "Feature", "properties": { "Tnr": 56888, "mitRand": 1, "AnzHBbeg": 2, "pHaupt": 1.0, "poHaupt": 0.0, "pQuerus": 0.39, "pFagus": 0.0, "pFraxinus": 0.0, "pCarpinus": 0.0, "pAcer": 0.0, "pTilia": 0.0, "pRobinia": 0.0, "pUlmus": 0.0, "pCastanea": 0.0, "pOtherLH": 0.0, "pBetula": 0.169, "pAlnus": 0.0, "pPopulus": 0.0, "pSalix": 0.0, "pSorbus": 0.064, "pPrunus": 0.0, "pMalus": 0.0, "pPyrus": 0.0, "pOtherLN": 0.0, "pPicea": 0.088, "pPinus": 0.239, "pAbies": 0.0, "pDouglas": 0.0, "pLarix": 0.052, "pOtherNb": 0.0, "pNoEurop": 0.0, "pNoEuropD": 0.0, "pEurop": 1.0, "pDecid": 0.622, "pConifer": 0.378, "pAll": 1.0, "Cell_id": "4367_3040", "EPSG": 31468, "Netz": 16, "Dichte": 8, "Bl": ";16;" }, "geometry": { "type": "Point", "coordinates": [ 617435.588482011458836, 5592704.827519226819277 ] } },
{ "type": "Feature", "properties": { "Tnr": 56890, "mitRand": 1, "AnzHBbeg": 4, "pHaupt": 1.0, "poHaupt": 0.0, "pQuerus": 0.0, "pFagus": 0.0, "pFraxinus": 0.0, "pCarpinus": 0.0, "pAcer": 0.0, "pTilia": 0.0, "pRobinia": 0.0, "pUlmus": 0.0, "pCastanea": 0.0, "pOtherLH": 0.0, "pBetula": 0.032, "pAlnus": 0.0, "pPopulus": 0.0, "pSalix": 0.0, "pSorbus": 0.0, "pPrunus": 0.0, "pMalus": 0.0, "pPyrus": 0.0, "pOtherLN": 0.0, "pPicea": 0.858, "pPinus": 0.0, "pAbies": 0.0, "pDouglas": 0.0, "pLarix": 0.11, "pOtherNb": 0.0, "pNoEurop": 0.0, "pNoEuropD": 0.0, "pEurop": 1.0, "pDecid": 0.032, "pConifer": 0.968, "pAll": 1.0, "Cell_id": "4371_3040", "EPSG": 31468, "Netz": 16, "Dichte": 8, "Bl": ";16;" }, "geometry": { "type": "Point", "coordinates": [ 621433.968501031282358, 5592757.762130713090301 ] } },
{ "type": "Feature", "properties": { "Tnr": 56892, "mitRand": 1, "AnzHBbeg": 4, "pHaupt": 1.0, "poHaupt": 0.0, "pQuerus": 0.0, "pFagus": 0.0, "pFraxinus": 0.0, "pCarpinus": 0.0, "pAcer": 0.0, "pTilia": 0.0, "pRobinia": 0.0, "pUlmus": 0.0, "pCastanea": 0.0, "pOtherLH": 0.0, "pBetula": 0.0, "pAlnus": 0.0, "pPopulus": 0.0, "pSalix": 0.0, "pSorbus": 0.0, "pPrunus": 0.0, "pMalus": 0.0, "pPyrus": 0.0, "pOtherLN": 0.0, "pPicea": 0.925, "pPinus": 0.075, "pAbies": 0.0, "pDouglas": 0.0, "pLarix": 0.0, "pOtherNb": 0.0, "pNoEurop": 0.0, "pNoEuropD": 0.0, "pEurop": 1.0, "pDecid": 0.0, "pConifer": 1.0, "pAll": 1.0, "Cell_id": "4375_3040", "EPSG": 31468, "Netz": 16, "Dichte": 8, "Bl": ";16;" }, "geometry": { "type": "Point", "coordinates": [ 625432.348505488247611, 5592811.696284588426352 ] } },
{ "type": "Feature", "properties": { "Tnr": 56894, "mitRand": 1, "AnzHBbeg": 3, "pHaupt": 1.0, "poHaupt": 0.0, "pQuerus": 0.0, "pFagus": 0.0, "pFraxinus": 0.0, "pCarpinus": 0.0, "pAcer": 0.0, "pTilia": 0.0, "pRobinia": 0.0, "pUlmus": 0.0, "pCastanea": 0.0, "pOtherLH": 0.0, "pBetula": 0.0, "pAlnus": 0.0, "pPopulus": 0.0, "pSalix": 0.0, "pSorbus": 0.0, "pPrunus": 0.0, "pMalus": 0.0, "pPyrus": 0.0, "pOtherLN": 0.0, "pPicea": 0.416, "pPinus": 0.584, "pAbies": 0.0, "pDouglas": 0.0, "pLarix": 0.0, "pOtherNb": 0.0, "pNoEurop": 0.0, "pNoEuropD": 0.0, "pEurop": 1.0, "pDecid": 0.0, "pConifer": 1.0, "pAll": 1.0, "Cell_id": "4379_3041", "EPSG": 31468, "Netz": 16, "Dichte": 8, "Bl": ";16;" }, "geometry": { "type": "Point", "coordinates": [ 629417.744753257953562, 5593864.225758289918303 ] } },
{ "type": "Feature", "properties": { "Tnr": 56896, "mitRand": 0, "AnzHBbeg": 4, "pHaupt": 1.0, "poHaupt": 0.0, "pQuerus": 0.0, "pFagus": 0.0, "pFraxinus": 0.0, "pCarpinus": 0.0, "pAcer": 0.0, "pTilia": 0.0, "pRobinia": 0.0, "pUlmus": 0.0, "pCastanea": 0.0, "pOtherLH": 0.0, "pBetula": 0.0, "pAlnus": 0.0, "pPopulus": 0.0, "pSalix": 0.0, "pSorbus": 0.0, "pPrunus": 0.0, "pMalus": 0.0, "pPyrus": 0.0, "pOtherLN": 0.0, "pPicea": 1.0, "pPinus": 0.0, "pAbies": 0.0, "pDouglas": 0.0, "pLarix": 0.0, "pOtherNb": 0.0, "pNoEurop": 0.0, "pNoEuropD": 0.0, "pEurop": 1.0, "pDecid": 0.0, "pConifer": 1.0, "pAll": 1.0, "Cell_id": "4383_3041", "EPSG": 31468, "Netz": 16, "Dichte": 8, "Bl": ";16;" }, "geometry": { "type": "Point", "coordinates": [ 633416.124708202551119, 5593917.160205884836614 ] } },
{ "type": "Feature", "properties": { "Tnr": 56900, "mitRand": 1, "AnzHBbeg": 4, "pHaupt": 1.0, "poHaupt": 0.0, "pQuerus": 0.0, "pFagus": 0.0, "pFraxinus": 0.0, "pCarpinus": 0.0, "pAcer": 0.0, "pTilia": 0.0, "pRobinia": 0.0, "pUlmus": 0.0, "pCastanea": 0.0, "pOtherLH": 0.0, "pBetula": 0.0, "pAlnus": 0.0, "pPopulus": 0.0, "pSalix": 0.0, "pSorbus": 0.0, "pPrunus": 0.0, "pMalus": 0.0, "pPyrus": 0.0, "pOtherLN": 0.0, "pPicea": 1.0, "pPinus": 0.0, "pAbies": 0.0, "pDouglas": 0.0, "pLarix": 0.0, "pOtherNb": 0.0, "pNoEurop": 0.0, "pNoEuropD": 0.0, "pEurop": 1.0, "pDecid": 0.0, "pConifer": 1.0, "pAll": 1.0, "Cell_id": "4391_3041", "EPSG": 31468, "Netz": 16, "Dichte": 8, "Bl": ";16;" }, "geometry": { "type": "Point", "coordinates": [ 641413.884145436459221, 5594024.028527123853564 ] } },
{ "type": "Feature", "properties": { "Tnr": 56902, "mitRand": 1, "AnzHBbeg": 4, "pHaupt": 1.0, "poHaupt": 0.0, "pQuerus": 0.0, "pFagus": 0.0, "pFraxinus": 0.0, "pCarpinus": 0.0, "pAcer": 0.0, "pTilia": 0.0, "pRobinia": 0.0, "pUlmus": 0.0, "pCastanea": 0.0, "pOtherLH": 0.0, "pBetula": 0.0, "pAlnus": 0.0, "pPopulus": 0.0, "pSalix": 0.0, "pSorbus": 0.0, "pPrunus": 0.0, "pMalus": 0.0, "pPyrus": 0.0, "pOtherLN": 0.0, "pPicea": 1.0, "pPinus": 0.0, "pAbies": 0.0, "pDouglas": 0.0, "pLarix": 0.0, "pOtherNb": 0.0, "pNoEurop": 0.0, "pNoEuropD": 0.0, "pEurop": 1.0, "pDecid": 0.0, "pConifer": 1.0, "pAll": 1.0, "Cell_id": "4395_3041", "EPSG": 31468, "Netz": 16, "Dichte": 8, "Bl": ";16;" }, "geometry": { "type": "Point", "coordinates": [ 645413.263616299489513, 5594076.962805884890258 ] } },
{ "type": "Feature", "properties": { "Tnr": 56904, "mitRand": 1, "AnzHBbeg": 3, "pHaupt": 1.0, "poHaupt": 0.0, "pQuerus": 0.0, "pFagus": 0.0, "pFraxinus": 0.0, "pCarpinus": 0.0, "pAcer": 0.0, "pTilia": 0.0, "pRobinia": 0.0, "pUlmus": 0.0, "pCastanea": 0.0, "pOtherLH": 0.0, "pBetula": 0.0, "pAlnus": 0.0, "pPopulus": 0.0, "pSalix": 0.0, "pSorbus": 0.0, "pPrunus": 0.0, "pMalus": 0.0, "pPyrus": 0.0, "pOtherLN": 0.0, "pPicea": 1.0, "pPinus": 0.0, "pAbies": 0.0, "pDouglas": 0.0, "pLarix": 0.0, "pOtherNb": 0.0, "pNoEurop": 0.0, "pNoEuropD": 0.0, "pEurop": 1.0, "pDecid": 0.0, "pConifer": 1.0, "pAll": 1.0, "Cell_id": "4399_3041", "EPSG": 31468, "Netz": 16, "Dichte": 8, "Bl": ";16;" }, "geometry": { "type": "Point", "coordinates": [ 649411.643465661676601, 5594129.897043069824576 ] } },
{ "type": "Feature", "properties": { "Tnr": 56908, "mitRand": 1, "AnzHBbeg": 4, "pHaupt": 0.75, "poHaupt": 0.25, "pQuerus": 0.0, "pFagus": 0.0, "pFraxinus": 0.0, "pCarpinus": 0.0, "pAcer": 0.0, "pTilia": 0.0, "pRobinia": 0.0, "pUlmus": 0.0, "pCastanea": 0.0, "pOtherLH": 0.0, "pBetula": 0.0, "pAlnus": 0.0, "pPopulus": 0.0, "pSalix": 0.0, "pSorbus": 0.0, "pPrunus": 0.0, "pMalus": 0.0, "pPyrus": 0.0, "pOtherLN": 0.0, "pPicea": 0.75, "pPinus": 0.0, "pAbies": 0.0, "pDouglas": 0.0, "pLarix": 0.0, "pOtherNb": 0.0, "pNoEurop": 0.0, "pNoEuropD": 0.0, "pEurop": 0.75, "pDecid": 0.0, "pConifer": 0.75, "pAll": 0.75, "Cell_id": "4407_3041", "EPSG": 31468, "Netz": 16, "Dichte": 8, "Bl": ";16;" }, "geometry": { "type": "Point", "coordinates": [ 657410.402273210464045, 5594235.765337237156928 ] } },
{ "type": "Feature", "properties": { "Tnr": 56913, "mitRand": 1, "AnzHBbeg": 4, "pHaupt": 1.0, "poHaupt": 0.0, "pQuerus": 0.0, "pFagus": 0.0, "pFraxinus": 0.0, "pCarpinus": 0.0, "pAcer": 0.0, "pTilia": 0.0, "pRobinia": 0.0, "pUlmus": 0.0, "pCastanea": 0.0, "pOtherLH": 0.0, "pBetula": 0.0, "pAlnus": 0.0, "pPopulus": 0.0, "pSalix": 0.0, "pSorbus": 0.0, "pPrunus": 0.0, "pMalus": 0.0, "pPyrus": 0.0, "pOtherLN": 0.0, "pPicea": 0.83, "pPinus": 0.028, "pAbies": 0.0, "pDouglas": 0.0, "pLarix": 0.142, "pOtherNb": 0.0, "pNoEurop": 0.0, "pNoEuropD": 0.0, "pEurop": 1.0, "pDecid": 0.0, "pConifer": 1.0, "pAll": 1.0, "Cell_id": "4427_3042", "EPSG": 31468, "Netz": 16, "Dichte": 8, "Bl": ";16;" }, "geometry": { "type": "Point", "coordinates": [ 677393.31565731856972, 5595500.030050026252866 ] } },
{ "type": "Feature", "properties": { "Tnr": 56915, "mitRand": 1, "AnzHBbeg": 4, "pHaupt": 1.0, "poHaupt": 0.0, "pQuerus": 0.0, "pFagus": 0.0, "pFraxinus": 0.0, "pCarpinus": 0.0, "pAcer": 0.032, "pTilia": 0.0, "pRobinia": 0.0, "pUlmus": 0.0, "pCastanea": 0.0, "pOtherLH": 0.0, "pBetula": 0.108, "pAlnus": 0.0, "pPopulus": 0.0, "pSalix": 0.25, "pSorbus": 0.351, "pPrunus": 0.0, "pMalus": 0.0, "pPyrus": 0.0, "pOtherLN": 0.0, "pPicea": 0.259, "pPinus": 0.0, "pAbies": 0.0, "pDouglas": 0.0, "pLarix": 0.0, "pOtherNb": 0.0, "pNoEurop": 0.0, "pNoEuropD": 0.0, "pEurop": 1.0, "pDecid": 0.741, "pConifer": 0.259, "pAll": 1.0, "Cell_id": "4431_3042", "EPSG": 31468, "Netz": 16, "Dichte": 8, "Bl": ";16;" }, "geometry": { "type": "Point", "coordinates": [ 681392.694894519401714, 5595552.963846973143518 ] } },
{ "type": "Feature", "properties": { "Tnr": 56921, "mitRand": 1, "AnzHBbeg": 4, "pHaupt": 0.75, "poHaupt": 0.25, "pQuerus": 0.0, "pFagus": 0.211, "pFraxinus": 0.0, "pCarpinus": 0.0, "pAcer": 0.205, "pTilia": 0.0, "pRobinia": 0.0, "pUlmus": 0.0, "pCastanea": 0.0, "pOtherLH": 0.0, "pBetula": 0.084, "pAlnus": 0.0, "pPopulus": 0.0, "pSalix": 0.083, "pSorbus": 0.0, "pPrunus": 0.0, "pMalus": 0.0, "pPyrus": 0.0, "pOtherLN": 0.0, "pPicea": 0.0, "pPinus": 0.0, "pAbies": 0.0, "pDouglas": 0.167, "pLarix": 0.0, "pOtherNb": 0.0, "pNoEurop": 0.167, "pNoEuropD": 0.0, "pEurop": 0.583, "pDecid": 0.583, "pConifer": 0.167, "pAll": 0.75, "Cell_id": "4443_3042", "EPSG": 31468, "Netz": 16, "Dichte": 8, "Bl": ";16;" }, "geometry": { "type": "Point", "coordinates": [ 693391.832018705899827, 5595710.765314251184464 ] } },
{ "type": "Feature", "properties": { "Tnr": 56974, "mitRand": 0, "AnzHBbeg": 4, "pHaupt": 1.0, "poHaupt": 0.0, "pQuerus": 0.0, "pFagus": 1.0, "pFraxinus": 0.0, "pCarpinus": 0.0, "pAcer": 0.0, "pTilia": 0.0, "pRobinia": 0.0, "pUlmus": 0.0, "pCastanea": 0.0, "pOtherLH": 0.0, "pBetula": 0.0, "pAlnus": 0.0, "pPopulus": 0.0, "pSalix": 0.0, "pSorbus": 0.0, "pPrunus": 0.0, "pMalus": 0.0, "pPyrus": 0.0, "pOtherLN": 0.0, "pPicea": 0.0, "pPinus": 0.0, "pAbies": 0.0, "pDouglas": 0.0, "pLarix": 0.0, "pOtherNb": 0.0, "pNoEurop": 0.0, "pNoEuropD": 0.0, "pEurop": 1.0, "pDecid": 1.0, "pConifer": 0.0, "pAll": 1.0, "Cell_id": "4357_3038", "EPSG": 31468, "Netz": 8, "Dichte": 8, "Bl": ";16;" }, "geometry": { "type": "Point", "coordinates": [ 607466.60549141082447, 5590571.80136385653168 ] } },
{ "type": "Feature", "properties": { "Tnr": 56976, "mitRand": 1, "AnzHBbeg": 1, "pHaupt": 1.0, "poHaupt": 0.0, "pQuerus": 0.0, "pFagus": 0.0, "pFraxinus": 0.0, "pCarpinus": 0.0, "pAcer": 0.0, "pTilia": 0.0, "pRobinia": 0.0, "pUlmus": 0.0, "pCastanea": 0.0, "pOtherLH": 0.0, "pBetula": 0.0, "pAlnus": 0.0, "pPopulus": 0.0, "pSalix": 0.0, "pSorbus": 0.0, "pPrunus": 0.0, "pMalus": 0.0, "pPyrus": 0.0, "pOtherLN": 0.0, "pPicea": 0.341, "pPinus": 0.659, "pAbies": 0.0, "pDouglas": 0.0, "pLarix": 0.0, "pOtherNb": 0.0, "pNoEurop": 0.0, "pNoEuropD": 0.0, "pEurop": 1.0, "pDecid": 0.0, "pConifer": 1.0, "pAll": 1.0, "Cell_id": "4361_3038", "EPSG": 31468, "Netz": 8, "Dichte": 8, "Bl": ";16;" }, "geometry": { "type": "Point", "coordinates": [ 611464.985558230895549, 5590625.735713668167591 ] } },
{ "type": "Feature", "properties": { "Tnr": 56978, "mitRand": 1, "AnzHBbeg": 1, "pHaupt": 1.0, "poHaupt": 0.0, "pQuerus": 0.0, "pFagus": 0.895, "pFraxinus": 0.0, "pCarpinus": 0.0, "pAcer": 0.0, "pTilia": 0.0, "pRobinia": 0.0, "pUlmus": 0.0, "pCastanea": 0.0, "pOtherLH": 0.0, "pBetula": 0.0, "pAlnus": 0.0, "pPopulus": 0.0, "pSalix": 0.0, "pSorbus": 0.0, "pPrunus": 0.0, "pMalus": 0.0, "pPyrus": 0.0, "pOtherLN": 0.0, "pPicea": 0.105, "pPinus": 0.0, "pAbies": 0.0, "pDouglas": 0.0, "pLarix": 0.0, "pOtherNb": 0.0, "pNoEurop": 0.0, "pNoEuropD": 0.0, "pEurop": 1.0, "pDecid": 0.895, "pConifer": 0.105, "pAll": 1.0, "Cell_id": "4365_3038", "EPSG": 31468, "Netz": 8, "Dichte": 8, "Bl": ";16;" }, "geometry": { "type": "Point", "coordinates": [ 615463.365589004824869, 5590678.670416341163218 ] } },
{ "type": "Feature", "properties": { "Tnr": 56980, "mitRand": 1, "AnzHBbeg": 3, "pHaupt": 1.0, "poHaupt": 0.0, "pQuerus": 0.081, "pFagus": 0.0, "pFraxinus": 0.0, "pCarpinus": 0.0, "pAcer": 0.0, "pTilia": 0.0, "pRobinia": 0.0, "pUlmus": 0.0, "pCastanea": 0.0, "pOtherLH": 0.0, "pBetula": 0.0, "pAlnus": 0.0, "pPopulus": 0.0, "pSalix": 0.0, "pSorbus": 0.0, "pPrunus": 0.0, "pMalus": 0.0, "pPyrus": 0.0, "pOtherLN": 0.0, "pPicea": 0.238, "pPinus": 0.681, "pAbies": 0.0, "pDouglas": 0.0, "pLarix": 0.0, "pOtherNb": 0.0, "pNoEurop": 0.0, "pNoEuropD": 0.0, "pEurop": 1.0, "pDecid": 0.081, "pConifer": 0.919, "pAll": 1.0, "Cell_id": "4369_3038", "EPSG": 31468, "Netz": 8, "Dichte": 8, "Bl": ";16;" }, "geometry": { "type": "Point", "coordinates": [ 619461.745594484149478, 5590731.605066702701151 ] } },
{ "type": "Feature", "properties": { "Tnr": 56982, "mitRand": 1, "AnzHBbeg": 4, "pHaupt": 1.0, "poHaupt": 0.0, "pQuerus": 0.142, "pFagus": 0.0, "pFraxinus": 0.0, "pCarpinus": 0.0, "pAcer": 0.0, "pTilia": 0.0, "pRobinia": 0.0, "pUlmus": 0.0, "pCastanea": 0.0, "pOtherLH": 0.0, "pBetula": 0.137, "pAlnus": 0.0, "pPopulus": 0.0, "pSalix": 0.0, "pSorbus": 0.0, "pPrunus": 0.0, "pMalus": 0.0, "pPyrus": 0.0, "pOtherLN": 0.0, "pPicea": 0.363, "pPinus": 0.358, "pAbies": 0.0, "pDouglas": 0.0, "pLarix": 0.0, "pOtherNb": 0.0, "pNoEurop": 0.0, "pNoEuropD": 0.0, "pEurop": 1.0, "pDecid": 0.279, "pConifer": 0.721, "pAll": 1.0, "Cell_id": "4373_3038", "EPSG": 31468, "Netz": 8, "Dichte": 8, "Bl": ";16;" }, "geometry": { "type": "Point", "coordinates": [ 623460.125585471978411, 5590785.539259558543563 ] } },
{ "type": "Feature", "properties": { "Tnr": 56984, "mitRand": 1, "AnzHBbeg": 3, "pHaupt": 1.0, "poHaupt": 0.0, "pQuerus": 0.0, "pFagus": 0.0, "pFraxinus": 0.0, "pCarpinus": 0.0, "pAcer": 0.0, "pTilia": 0.0, "pRobinia": 0.0, "pUlmus": 0.0, "pCastanea": 0.0, "pOtherLH": 0.0, "pBetula": 0.0, "pAlnus": 0.0, "pPopulus": 0.0, "pSalix": 0.0, "pSorbus": 0.0, "pPrunus": 0.0, "pMalus": 0.0, "pPyrus": 0.0, "pOtherLN": 0.0, "pPicea": 0.884, "pPinus": 0.116, "pAbies": 0.0, "pDouglas": 0.0, "pLarix": 0.0, "pOtherNb": 0.0, "pNoEurop": 0.0, "pNoEuropD": 0.0, "pEurop": 1.0, "pDecid": 0.0, "pConifer": 1.0, "pAll": 1.0, "Cell_id": "4377_3038", "EPSG": 31468, "Netz": 8, "Dichte": 8, "Bl": ";16;" }, "geometry": { "type": "Point", "coordinates": [ 627458.505539815756492, 5590838.473805222660303 ] } },
{ "type": "Feature", "properties": { "Tnr": 56986, "mitRand": 1, "AnzHBbeg": 1, "pHaupt": 0.0, "poHaupt": 1.0, "pQuerus": 0.0, "pFagus": 0.0, "pFraxinus": 0.0, "pCarpinus": 0.0, "pAcer": 0.0, "pTilia": 0.0, "pRobinia": 0.0, "pUlmus": 0.0, "pCastanea": 0.0, "pOtherLH": 0.0, "pBetula": 0.0, "pAlnus": 0.0, "pPopulus": 0.0, "pSalix": 0.0, "pSorbus": 0.0, "pPrunus": 0.0, "pMalus": 0.0, "pPyrus": 0.0, "pOtherLN": 0.0, "pPicea": 0.0, "pPinus": 0.0, "pAbies": 0.0, "pDouglas": 0.0, "pLarix": 0.0, "pOtherNb": 0.0, "pNoEurop": 0.0, "pNoEuropD": 0.0, "pEurop": 0.0, "pDecid": 0.0, "pConifer": 0.0, "pAll": 0.0, "Cell_id": "4381_3039", "EPSG": 31468, "Netz": 8, "Dichte": 8, "Bl": ";16;" }, "geometry": { "type": "Point", "coordinates": [ 631443.901751683442853, 5591891.003255777060986 ] } },
{ "type": "Feature", "properties": { "Tnr": 56988, "mitRand": 0, "AnzHBbeg": 4, "pHaupt": 1.0, "poHaupt": 0.0, "pQuerus": 0.0, "pFagus": 0.0, "pFraxinus": 0.0, "pCarpinus": 0.0, "pAcer": 0.0, "pTilia": 0.0, "pRobinia": 0.0, "pUlmus": 0.0, "pCastanea": 0.0, "pOtherLH": 0.0, "pBetula": 0.0, "pAlnus": 0.0, "pPopulus": 0.0, "pSalix": 0.0, "pSorbus": 0.0, "pPrunus": 0.0, "pMalus": 0.0, "pPyrus": 0.0, "pOtherLN": 0.0, "pPicea": 1.0, "pPinus": 0.0, "pAbies": 0.0, "pDouglas": 0.0, "pLarix": 0.0, "pOtherNb": 0.0, "pNoEurop": 0.0, "pNoEuropD": 0.0, "pEurop": 1.0, "pDecid": 0.0, "pConifer": 1.0, "pAll": 1.0, "Cell_id": "4385_3039", "EPSG": 31468, "Netz": 8, "Dichte": 8, "Bl": ";16;" }, "geometry": { "type": "Point", "coordinates": [ 635442.281678300234489, 5591944.93728493899107 ] } },
{ "type": "Feature", "properties": { "Tnr": 56990, "mitRand": 1, "AnzHBbeg": 4, "pHaupt": 1.0, "poHaupt": 0.0, "pQuerus": 0.0, "pFagus": 0.01, "pFraxinus": 0.0, "pCarpinus": 0.0, "pAcer": 0.0, "pTilia": 0.0, "pRobinia": 0.0, "pUlmus": 0.0, "pCastanea": 0.0, "pOtherLH": 0.0, "pBetula": 0.0, "pAlnus": 0.0, "pPopulus": 0.0, "pSalix": 0.0, "pSorbus": 0.0, "pPrunus": 0.0, "pMalus": 0.0, "pPyrus": 0.0, "pOtherLN": 0.0, "pPicea": 0.99, "pPinus": 0.0, "pAbies": 0.0, "pDouglas": 0.0, "pLarix": 0.0, "pOtherNb": 0.0, "pNoEurop": 0.0, "pNoEuropD": 0.0, "pEurop": 1.0, "pDecid": 0.01, "pConifer": 0.99, "pAll": 1.0, "Cell_id": "4389_3039", "EPSG": 31468, "Netz": 8, "Dichte": 8, "Bl": ";16;" }, "geometry": { "type": "Point", "coordinates": [ 639441.661162501666695, 5591997.871655764058232 ] } },
{ "type": "Feature", "properties": { "Tnr": 56992, "mitRand": 1, "AnzHBbeg": 4, "pHaupt": 1.0, "poHaupt": 0.0, "pQuerus": 0.0, "pFagus": 0.18, "pFraxinus": 0.0, "pCarpinus": 0.0, "pAcer": 0.0, "pTilia": 0.0, "pRobinia": 0.0, "pUlmus": 0.0, "pCastanea": 0.0, "pOtherLH": 0.0, "pBetula": 0.0, "pAlnus": 0.0, "pPopulus": 0.0, "pSalix": 0.0, "pSorbus": 0.0, "pPrunus": 0.0, "pMalus": 0.0, "pPyrus": 0.0, "pOtherLN": 0.0, "pPicea": 0.82, "pPinus": 0.0, "pAbies": 0.0, "pDouglas": 0.0, "pLarix": 0.0, "pOtherNb": 0.0, "pNoEurop": 0.0, "pNoEuropD": 0.0, "pEurop": 1.0, "pDecid": 0.18, "pConifer": 0.82, "pAll": 1.0, "Cell_id": "4393_3039", "EPSG": 31468, "Netz": 8, "Dichte": 8, "Bl": ";16;" }, "geometry": { "type": "Point", "coordinates": [ 643440.041025466634892, 5592050.805985115468502 ] } },
{ "type": "Feature", "properties": { "Tnr": 56996, "mitRand": 1, "AnzHBbeg": 4, "pHaupt": 1.0, "poHaupt": 0.0, "pQuerus": 0.0, "pFagus": 0.051, "pFraxinus": 0.0, "pCarpinus": 0.0, "pAcer": 0.0, "pTilia": 0.0, "pRobinia": 0.0, "pUlmus": 0.0, "pCastanea": 0.0, "pOtherLH": 0.0, "pBetula": 0.0, "pAlnus": 0.0, "pPopulus": 0.0, "pSalix": 0.0, "pSorbus": 0.0, "pPrunus": 0.0, "pMalus": 0.0, "pPyrus": 0.0, "pOtherLN": 0.0, "pPicea": 0.949, "pPinus": 0.0, "pAbies": 0.0, "pDouglas": 0.0, "pLarix": 0.0, "pOtherNb": 0.0, "pNoEurop": 0.0, "pNoEuropD": 0.0, "pEurop": 1.0, "pDecid": 0.051, "pConifer": 0.949, "pAll": 1.0, "Cell_id": "4401_3039", "EPSG": 31468, "Netz": 8, "Dichte": 8, "Bl": ";16;" }, "geometry": { "type": "Point", "coordinates": [ 651437.800266228965484, 5592156.674475142732263 ] } },
{ "type": "Feature", "properties": { "Tnr": 56998, "mitRand": 0, "AnzHBbeg": 3, "pHaupt": 1.0, "poHaupt": 0.0, "pQuerus": 0.0, "pFagus": 0.067, "pFraxinus": 0.0, "pCarpinus": 0.0, "pAcer": 0.0, "pTilia": 0.0, "pRobinia": 0.0, "pUlmus": 0.0, "pCastanea": 0.0, "pOtherLH": 0.0, "pBetula": 0.0, "pAlnus": 0.0, "pPopulus": 0.0, "pSalix": 0.0, "pSorbus": 0.024, "pPrunus": 0.0, "pMalus": 0.0, "pPyrus": 0.0, "pOtherLN": 0.0, "pPicea": 0.91, "pPinus": 0.0, "pAbies": 0.0, "pDouglas": 0.0, "pLarix": 0.0, "pOtherNb": 0.0, "pNoEurop": 0.0, "pNoEuropD": 0.0, "pEurop": 1.0, "pDecid": 0.09, "pConifer": 0.91, "pAll": 1.0, "Cell_id": "4405_3039", "EPSG": 31468, "Netz": 8, "Dichte": 8, "Bl": ";16;" }, "geometry": { "type": "Point", "coordinates": [ 655437.179643640294671, 5592209.608635738492012 ] } },
{ "type": "Feature", "properties": { "Tnr": 57000, "mitRand": 1, "AnzHBbeg": 4, "pHaupt": 1.0, "poHaupt": 0.0, "pQuerus": 0.0, "pFagus": 0.0, "pFraxinus": 0.0, "pCarpinus": 0.0, "pAcer": 0.0, "pTilia": 0.0, "pRobinia": 0.0, "pUlmus": 0.0, "pCastanea": 0.0, "pOtherLH": 0.0, "pBetula": 0.0, "pAlnus": 0.0, "pPopulus": 0.0, "pSalix": 0.0, "pSorbus": 0.0, "pPrunus": 0.0, "pMalus": 0.0, "pPyrus": 0.0, "pOtherLN": 0.0, "pPicea": 1.0, "pPinus": 0.0, "pAbies": 0.0, "pDouglas": 0.0, "pLarix": 0.0, "pOtherNb": 0.0, "pNoEurop": 0.0, "pNoEuropD": 0.0, "pEurop": 1.0, "pDecid": 0.0, "pConifer": 1.0, "pAll": 1.0, "Cell_id": "4409_3039", "EPSG": 31468, "Netz": 8, "Dichte": 8, "Bl": ";16;" }, "geometry": { "type": "Point", "coordinates": [ 659436.558993883547373, 5592262.542743709869683 ] } },
{ "type": "Feature", "properties": { "Tnr": 57002, "mitRand": 1, "AnzHBbeg": 3, "pHaupt": 1.0, "poHaupt": 0.0, "pQuerus": 0.0, "pFagus": 0.0, "pFraxinus": 0.0, "pCarpinus": 0.0, "pAcer": 0.0, "pTilia": 0.0, "pRobinia": 0.0, "pUlmus": 0.0, "pCastanea": 0.0, "pOtherLH": 0.0, "pBetula": 0.0, "pAlnus": 0.0, "pPopulus": 0.0, "pSalix": 0.0, "pSorbus": 0.0, "pPrunus": 0.0, "pMalus": 0.0, "pPyrus": 0.0, "pOtherLN": 0.0, "pPicea": 1.0, "pPinus": 0.0, "pAbies": 0.0, "pDouglas": 0.0, "pLarix": 0.0, "pOtherNb": 0.0, "pNoEurop": 0.0, "pNoEuropD": 0.0, "pEurop": 1.0, "pDecid": 0.0, "pConifer": 1.0, "pAll": 1.0, "Cell_id": "4425_3040", "EPSG": 31468, "Netz": 8, "Dichte": 8, "Bl": ";16;" }, "geometry": { "type": "Point", "coordinates": [ 675420.092954686144367, 5593473.873546284623444 ] } },
{ "type": "Feature", "properties": { "Tnr": 57010, "mitRand": 1, "AnzHBbeg": 4, "pHaupt": 1.0, "poHaupt": 0.0, "pQuerus": 0.0, "pFagus": 1.0, "pFraxinus": 0.0, "pCarpinus": 0.0, "pAcer": 0.0, "pTilia": 0.0, "pRobinia": 0.0, "pUlmus": 0.0, "pCastanea": 0.0, "pOtherLH": 0.0, "pBetula": 0.0, "pAlnus": 0.0, "pPopulus": 0.0, "pSalix": 0.0, "pSorbus": 0.0, "pPrunus": 0.0, "pMalus": 0.0, "pPyrus": 0.0, "pOtherLN": 0.0, "pPicea": 0.0, "pPinus": 0.0, "pAbies": 0.0, "pDouglas": 0.0, "pLarix": 0.0, "pOtherNb": 0.0, "pNoEurop": 0.0, "pNoEuropD": 0.0, "pEurop": 1.0, "pDecid": 1.0, "pConifer": 0.0, "pAll": 1.0, "Cell_id": "4441_3040", "EPSG": 31468, "Netz": 8, "Dichte": 8, "Bl": ";16;" }, "geometry": { "type": "Point", "coordinates": [ 691418.609267087536864, 5593684.60897321999073 ] } },
{ "type": "Feature", "properties": { "Tnr": 57012, "mitRand": 1, "AnzHBbeg": 4, "pHaupt": 1.0, "poHaupt": 0.0, "pQuerus": 0.0, "pFagus": 0.0, "pFraxinus": 0.0, "pCarpinus": 0.0, "pAcer": 0.0, "pTilia": 0.0, "pRobinia": 0.0, "pUlmus": 0.0, "pCastanea": 0.0, "pOtherLH": 0.0, "pBetula": 0.0, "pAlnus": 0.0, "pPopulus": 0.0, "pSalix": 0.0, "pSorbus": 0.0, "pPrunus": 0.0, "pMalus": 0.0, "pPyrus": 0.0, "pOtherLN": 0.0, "pPicea": 0.975, "pPinus": 0.025, "pAbies": 0.0, "pDouglas": 0.0, "pLarix": 0.0, "pOtherNb": 0.0, "pNoEurop": 0.0, "pNoEuropD": 0.0, "pEurop": 1.0, "pDecid": 0.0, "pConifer": 1.0, "pAll": 1.0, "Cell_id": "4445_3040", "EPSG": 31468, "Netz": 8, "Dichte": 8, "Bl": ";16;" }, "geometry": { "type": "Point", "coordinates": [ 695417.988377649337053, 5593737.542599269188941 ] } },
{ "type": "Feature", "properties": { "Tnr": 57014, "mitRand": 0, "AnzHBbeg": 1, "pHaupt": 1.0, "poHaupt": 0.0, "pQuerus": 0.0, "pFagus": 0.0, "pFraxinus": 0.0, "pCarpinus": 0.0, "pAcer": 0.0, "pTilia": 0.0, "pRobinia": 0.0, "pUlmus": 0.0, "pCastanea": 0.0, "pOtherLH": 0.0, "pBetula": 0.0, "pAlnus": 0.0, "pPopulus": 0.0, "pSalix": 0.0, "pSorbus": 0.0, "pPrunus": 0.0, "pMalus": 0.0, "pPyrus": 0.0, "pOtherLN": 0.0, "pPicea": 1.0, "pPinus": 0.0, "pAbies": 0.0, "pDouglas": 0.0, "pLarix": 0.0, "pOtherNb": 0.0, "pNoEurop": 0.0, "pNoEuropD": 0.0, "pEurop": 1.0, "pDecid": 0.0, "pConifer": 1.0, "pAll": 1.0, "Cell_id": "4449_3040", "EPSG": 31468, "Netz": 8, "Dichte": 8, "Bl": ";16;" }, "geometry": { "type": "Point", "coordinates": [ 699418.367042659083381, 5593789.476566462777555 ] } },
{ "type": "Feature", "properties": { "Tnr": 57016, "mitRand": 1, "AnzHBbeg": 3, "pHaupt": 1.0, "poHaupt": 0.0, "pQuerus": 0.0, "pFagus": 0.0, "pFraxinus": 0.0, "pCarpinus": 0.0, "pAcer": 0.0, "pTilia": 0.0, "pRobinia": 0.0, "pUlmus": 0.0, "pCastanea": 0.0, "pOtherLH": 0.0, "pBetula": 0.0, "pAlnus": 0.0, "pPopulus": 0.0, "pSalix": 0.0, "pSorbus": 0.0, "pPrunus": 0.0, "pMalus": 0.0, "pPyrus": 0.0, "pOtherLN": 0.0, "pPicea": 1.0, "pPinus": 0.0, "pAbies": 0.0, "pDouglas": 0.0, "pLarix": 0.0, "pOtherNb": 0.0, "pNoEurop": 0.0, "pNoEuropD": 0.0, "pEurop": 1.0, "pDecid": 0.0, "pConifer": 1.0, "pAll": 1.0, "Cell_id": "4453_3041", "EPSG": 31468, "Netz": 8, "Dichte": 8, "Bl": ";16;" }, "geometry": { "type": "Point", "coordinates": [ 703404.762619445798919, 5594842.004926001653075 ] } },
{ "type": "Feature", "properties": { "Tnr": 57068, "mitRand": 1, "AnzHBbeg": 4, "pHaupt": 1.0, "poHaupt": 0.0, "pQuerus": 0.0, "pFagus": 0.367, "pFraxinus": 0.091, "pCarpinus": 0.0, "pAcer": 0.06, "pTilia": 0.03, "pRobinia": 0.0, "pUlmus": 0.0, "pCastanea": 0.0, "pOtherLH": 0.0, "pBetula": 0.0, "pAlnus": 0.0, "pPopulus": 0.0, "pSalix": 0.0, "pSorbus": 0.0, "pPrunus": 0.0, "pMalus": 0.0, "pPyrus": 0.0, "pOtherLN": 0.0, "pPicea": 0.405, "pPinus": 0.0, "pAbies": 0.0, "pDouglas": 0.0, "pLarix": 0.047, "pOtherNb": 0.0, "pNoEurop": 0.0, "pNoEuropD": 0.0, "pEurop": 1.0, "pDecid": 0.548, "pConifer": 0.452, "pAll": 1.0, "Cell_id": "4367_3036", "EPSG": 31468, "Netz": 64, "Dichte": 8, "Bl": ";16;" }, "geometry": { "type": "Point", "coordinates": [ 617489.522714156191796, 5588705.447990083135664 ] } },
{ "type": "Feature", "properties": { "Tnr": 57072, "mitRand": 1, "AnzHBbeg": 4, "pHaupt": 1.0, "poHaupt": 0.0, "pQuerus": 0.0, "pFagus": 0.0, "pFraxinus": 0.0, "pCarpinus": 0.0, "pAcer": 0.0, "pTilia": 0.0, "pRobinia": 0.0, "pUlmus": 0.0, "pCastanea": 0.0, "pOtherLH": 0.0, "pBetula": 0.0, "pAlnus": 0.0, "pPopulus": 0.0, "pSalix": 0.0, "pSorbus": 0.0, "pPrunus": 0.0, "pMalus": 0.0, "pPyrus": 0.0, "pOtherLN": 0.0, "pPicea": 0.734, "pPinus": 0.152, "pAbies": 0.0, "pDouglas": 0.0, "pLarix": 0.114, "pOtherNb": 0.0, "pNoEurop": 0.033, "pNoEuropD": 0.033, "pEurop": 0.967, "pDecid": 0.0, "pConifer": 1.0, "pAll": 1.0, "Cell_id": "4375_3036", "EPSG": 31468, "Netz": 64, "Dichte": 8, "Bl": ";16;" }, "geometry": { "type": "Point", "coordinates": [ 625486.282632664195262, 5588812.316806480288506 ] } },
{ "type": "Feature", "properties": { "Tnr": 57078, "mitRand": 1, "AnzHBbeg": 1, "pHaupt": 1.0, "poHaupt": 0.0, "pQuerus": 1.0, "pFagus": 0.0, "pFraxinus": 0.0, "pCarpinus": 0.0, "pAcer": 0.0, "pTilia": 0.0, "pRobinia": 0.0, "pUlmus": 0.0, "pCastanea": 0.0, "pOtherLH": 0.0, "pBetula": 0.0, "pAlnus": 0.0, "pPopulus": 0.0, "pSalix": 0.0, "pSorbus": 0.0, "pPrunus": 0.0, "pMalus": 0.0, "pPyrus": 0.0, "pOtherLN": 0.0, "pPicea": 0.0, "pPinus": 0.0, "pAbies": 0.0, "pDouglas": 0.0, "pLarix": 0.0, "pOtherNb": 0.0, "pNoEurop": 0.0, "pNoEuropD": 0.0, "pEurop": 1.0, "pDecid": 1.0, "pConifer": 0.0, "pAll": 1.0, "Cell_id": "4387_3037", "EPSG": 31468, "Netz": 16, "Dichte": 8, "Bl": ";16;" }, "geometry": { "type": "Point", "coordinates": [ 637468.438611048739403, 5589971.714782360009849 ] } },
{ "type": "Feature", "properties": { "Tnr": 57080, "mitRand": 0, "AnzHBbeg": 1, "pHaupt": 1.0, "poHaupt": 0.0, "pQuerus": 0.0, "pFagus": 0.0, "pFraxinus": 0.0, "pCarpinus": 0.0, "pAcer": 0.0, "pTilia": 0.0, "pRobinia": 0.0, "pUlmus": 0.0, "pCastanea": 0.0, "pOtherLH": 0.0, "pBetula": 0.0, "pAlnus": 0.0, "pPopulus": 0.0, "pSalix": 0.0, "pSorbus": 0.0, "pPrunus": 0.0, "pMalus": 0.0, "pPyrus": 0.0, "pOtherLN": 0.0, "pPicea": 1.0, "pPinus": 0.0, "pAbies": 0.0, "pDouglas": 0.0, "pLarix": 0.0, "pOtherNb": 0.0, "pNoEurop": 0.0, "pNoEuropD": 0.0, "pEurop": 1.0, "pDecid": 0.0, "pConifer": 1.0, "pAll": 1.0, "Cell_id": "4391_3037", "EPSG": 31468, "Netz": 64, "Dichte": 8, "Bl": ";16;" }, "geometry": { "type": "Point", "coordinates": [ 641467.818055765004829, 5590024.649140113964677 ] } },
{ "type": "Feature", "properties": { "Tnr": 57082, "mitRand": 1, "AnzHBbeg": 4, "pHaupt": 1.0, "poHaupt": 0.0, "pQuerus": 0.0, "pFagus": 0.308, "pFraxinus": 0.0, "pCarpinus": 0.0, "pAcer": 0.0, "pTilia": 0.0, "pRobinia": 0.0, "pUlmus": 0.0, "pCastanea": 0.0, "pOtherLH": 0.0, "pBetula": 0.0, "pAlnus": 0.0, "pPopulus": 0.0, "pSalix": 0.0, "pSorbus": 0.0, "pPrunus": 0.0, "pMalus": 0.0, "pPyrus": 0.0, "pOtherLN": 0.0, "pPicea": 0.692, "pPinus": 0.0, "pAbies": 0.0, "pDouglas": 0.0, "pLarix": 0.0, "pOtherNb": 0.0, "pNoEurop": 0.0, "pNoEuropD": 0.0, "pEurop": 1.0, "pDecid": 0.308, "pConifer": 0.692, "pAll": 1.0, "Cell_id": "4395_3037", "EPSG": 31468, "Netz": 16, "Dichte": 8, "Bl": ";16;" }, "geometry": { "type": "Point", "coordinates": [ 645466.197879148996435, 5590077.583456482738256 ] } },
{ "type": "Feature", "properties": { "Tnr": 57084, "mitRand": 1, "AnzHBbeg": 4, "pHaupt": 0.75, "poHaupt": 0.25, "pQuerus": 0.0, "pFagus": 0.0, "pFraxinus": 0.0, "pCarpinus": 0.0, "pAcer": 0.0, "pTilia": 0.0, "pRobinia": 0.0, "pUlmus": 0.0, "pCastanea": 0.0, "pOtherLH": 0.0, "pBetula": 0.0, "pAlnus": 0.0, "pPopulus": 0.0, "pSalix": 0.0, "pSorbus": 0.0, "pPrunus": 0.0, "pMalus": 0.0, "pPyrus": 0.0, "pOtherLN": 0.0, "pPicea": 0.75, "pPinus": 0.0, "pAbies": 0.0, "pDouglas": 0.0, "pLarix": 0.0, "pOtherNb": 0.0, "pNoEurop": 0.0, "pNoEuropD": 0.0, "pEurop": 0.75, "pDecid": 0.0, "pConifer": 0.75, "pAll": 0.75, "Cell_id": "4399_3037", "EPSG": 31468, "Netz": 64, "Dichte": 8, "Bl": ";16;" }, "geometry": { "type": "Point", "coordinates": [ 649465.577270632376894, 5590130.51770933251828 ] } },
{ "type": "Feature", "properties": { "Tnr": 57086, "mitRand": 1, "AnzHBbeg": 4, "pHaupt": 1.0, "poHaupt": 0.0, "pQuerus": 0.0, "pFagus": 0.0, "pFraxinus": 0.0, "pCarpinus": 0.0, "pAcer": 0.0, "pTilia": 0.0, "pRobinia": 0.0, "pUlmus": 0.0, "pCastanea": 0.0, "pOtherLH": 0.0, "pBetula": 0.0, "pAlnus": 0.0, "pPopulus": 0.0, "pSalix": 0.0, "pSorbus": 0.0, "pPrunus": 0.0, "pMalus": 0.0, "pPyrus": 0.0, "pOtherLN": 0.0, "pPicea": 1.0, "pPinus": 0.0, "pAbies": 0.0, "pDouglas": 0.0, "pLarix": 0.0, "pOtherNb": 0.0, "pNoEurop": 0.0, "pNoEuropD": 0.0, "pEurop": 1.0, "pDecid": 0.0, "pConifer": 1.0, "pAll": 1.0, "Cell_id": "4403_3037", "EPSG": 31468, "Netz": 16, "Dichte": 8, "Bl": ";16;" }, "geometry": { "type": "Point", "coordinates": [ 653463.957040424691513, 5590183.451920774765313 ] } },
{ "type": "Feature", "properties": { "Tnr": 57088, "mitRand": 1, "AnzHBbeg": 4, "pHaupt": 0.75, "poHaupt": 0.25, "pQuerus": 0.0, "pFagus": 0.027, "pFraxinus": 0.0, "pCarpinus": 0.0, "pAcer": 0.0, "pTilia": 0.0, "pRobinia": 0.0, "pUlmus": 0.0, "pCastanea": 0.0, "pOtherLH": 0.0, "pBetula": 0.0, "pAlnus": 0.0, "pPopulus": 0.0, "pSalix": 0.0, "pSorbus": 0.0, "pPrunus": 0.0, "pMalus": 0.0, "pPyrus": 0.0, "pOtherLN": 0.0, "pPicea": 0.723, "pPinus": 0.0, "pAbies": 0.0, "pDouglas": 0.0, "pLarix": 0.0, "pOtherNb": 0.0, "pNoEurop": 0.0, "pNoEuropD": 0.0, "pEurop": 0.75, "pDecid": 0.027, "pConifer": 0.723, "pAll": 0.75, "Cell_id": "4407_3037", "EPSG": 31468, "Netz": 64, "Dichte": 8, "Bl": ";16;" }, "geometry": { "type": "Point", "coordinates": [ 657463.336377928964794, 5590236.386068622581661 ] } },
{ "type": "Feature", "properties": { "Tnr": 57090, "mitRand": 1, "AnzHBbeg": 4, "pHaupt": 1.0, "poHaupt": 0.0, "pQuerus": 0.0, "pFagus": 0.0, "pFraxinus": 0.0, "pCarpinus": 0.0, "pAcer": 0.0, "pTilia": 0.0, "pRobinia": 0.0, "pUlmus": 0.0, "pCastanea": 0.0, "pOtherLH": 0.0, "pBetula": 0.0, "pAlnus": 0.0, "pPopulus": 0.0, "pSalix": 0.0, "pSorbus": 0.0, "pPrunus": 0.0, "pMalus": 0.0, "pPyrus": 0.0, "pOtherLN": 0.0, "pPicea": 1.0, "pPinus": 0.0, "pAbies": 0.0, "pDouglas": 0.0, "pLarix": 0.0, "pOtherNb": 0.0, "pNoEurop": 0.0, "pNoEuropD": 0.0, "pEurop": 1.0, "pDecid": 0.0, "pConifer": 1.0, "pAll": 1.0, "Cell_id": "4423_3038", "EPSG": 31468, "Netz": 64, "Dichte": 8, "Bl": ";16;" }, "geometry": { "type": "Point", "coordinates": [ 673446.870278490940109, 5591447.717028614133596 ] } },
{ "type": "Feature", "properties": { "Tnr": 57092, "mitRand": 1, "AnzHBbeg": 2, "pHaupt": 1.0, "poHaupt": 0.0, "pQuerus": 0.0, "pFagus": 0.0, "pFraxinus": 0.0, "pCarpinus": 0.0, "pAcer": 0.0, "pTilia": 0.0, "pRobinia": 0.0, "pUlmus": 0.0, "pCastanea": 0.0, "pOtherLH": 0.0, "pBetula": 0.0, "pAlnus": 0.0, "pPopulus": 0.0, "pSalix": 0.0, "pSorbus": 0.0, "pPrunus": 0.0, "pMalus": 0.0, "pPyrus": 0.0, "pOtherLN": 0.0, "pPicea": 1.0, "pPinus": 0.0, "pAbies": 0.0, "pDouglas": 0.0, "pLarix": 0.0, "pOtherNb": 0.0, "pNoEurop": 0.0, "pNoEuropD": 0.0, "pEurop": 1.0, "pDecid": 0.0, "pConifer": 1.0, "pAll": 1.0, "Cell_id": "4427_3038", "EPSG": 31468, "Netz": 16, "Dichte": 8, "Bl": ";16;" }, "geometry": { "type": "Point", "coordinates": [ 677446.249490962945856, 5591500.650906503200531 ] } },
{ "type": "Feature", "properties": { "Tnr": 57094, "mitRand": 0, "AnzHBbeg": 2, "pHaupt": 1.0, "poHaupt": 0.0, "pQuerus": 0.0, "pFagus": 0.0, "pFraxinus": 0.0, "pCarpinus": 0.0, "pAcer": 0.0, "pTilia": 0.0, "pRobinia": 0.0, "pUlmus": 0.0, "pCastanea": 0.0, "pOtherLH": 0.0, "pBetula": 0.0, "pAlnus": 0.0, "pPopulus": 0.0, "pSalix": 0.0, "pSorbus": 0.0, "pPrunus": 0.0, "pMalus": 0.0, "pPyrus": 0.0, "pOtherLN": 0.0, "pPicea": 0.931, "pPinus": 0.069, "pAbies": 0.0, "pDouglas": 0.0, "pLarix": 0.0, "pOtherNb": 0.0, "pNoEurop": 0.0, "pNoEuropD": 0.0, "pEurop": 1.0, "pDecid": 0.0, "pConifer": 1.0, "pAll": 1.0, "Cell_id": "4431_3038", "EPSG": 31468, "Netz": 64, "Dichte": 8, "Bl": ";16;" }, "geometry": { "type": "Point", "coordinates": [ 681445.628675233921967, 5591553.584731677547097 ] } },
{ "type": "Feature", "properties": { "Tnr": 57096, "mitRand": 1, "AnzHBbeg": 1, "pHaupt": 1.0, "poHaupt": 0.0, "pQuerus": 0.0, "pFagus": 0.0, "pFraxinus": 0.0, "pCarpinus": 0.0, "pAcer": 0.0, "pTilia": 0.0, "pRobinia": 0.0, "pUlmus": 0.0, "pCastanea": 0.0, "pOtherLH": 0.0, "pBetula": 0.0, "pAlnus": 0.0, "pPopulus": 0.0, "pSalix": 0.0, "pSorbus": 0.866, "pPrunus": 0.0, "pMalus": 0.0, "pPyrus": 0.0, "pOtherLN": 0.0, "pPicea": 0.134, "pPinus": 0.0, "pAbies": 0.0, "pDouglas": 0.0, "pLarix": 0.0, "pOtherNb": 0.0, "pNoEurop": 0.0, "pNoEuropD": 0.0, "pEurop": 1.0, "pDecid": 0.866, "pConifer": 0.134, "pAll": 1.0, "Cell_id": "4435_3038", "EPSG": 31468, "Netz": 16, "Dichte": 8, "Bl": ";16;" }, "geometry": { "type": "Point", "coordinates": [ 685446.007414664025418, 5591605.518898211419582 ] } },
{ "type": "Feature", "properties": { "Tnr": 57100, "mitRand": 1, "AnzHBbeg": 4, "pHaupt": 1.0, "poHaupt": 0.0, "pQuerus": 0.0, "pFagus": 0.0, "pFraxinus": 0.0, "pCarpinus": 0.0, "pAcer": 0.0, "pTilia": 0.0, "pRobinia": 0.0, "pUlmus": 0.0, "pCastanea": 0.0, "pOtherLH": 0.0, "pBetula": 0.118, "pAlnus": 0.0, "pPopulus": 0.0, "pSalix": 0.031, "pSorbus": 0.05, "pPrunus": 0.0, "pMalus": 0.0, "pPyrus": 0.0, "pOtherLN": 0.0, "pPicea": 0.801, "pPinus": 0.0, "pAbies": 0.0, "pDouglas": 0.0, "pLarix": 0.0, "pOtherNb": 0.0, "pNoEurop": 0.0, "pNoEuropD": 0.0, "pEurop": 1.0, "pDecid": 0.199, "pConifer": 0.801, "pAll": 1.0, "Cell_id": "4443_3038", "EPSG": 31468, "Netz": 16, "Dichte": 8, "Bl": ";16;" }, "geometry": { "type": "Point", "coordinates": [ 693444.765640482190065, 5591711.386284779757261 ] } },
{ "type": "Feature", "properties": { "Tnr": 57102, "mitRand": 1, "AnzHBbeg": 2, "pHaupt": 1.0, "poHaupt": 0.0, "pQuerus": 0.0, "pFagus": 0.0, "pFraxinus": 0.0, "pCarpinus": 0.0, "pAcer": 0.0, "pTilia": 0.0, "pRobinia": 0.0, "pUlmus": 0.0, "pCastanea": 0.0, "pOtherLH": 0.0, "pBetula": 0.0, "pAlnus": 0.0, "pPopulus": 0.0, "pSalix": 0.0, "pSorbus": 0.0, "pPrunus": 0.0, "pMalus": 0.0, "pPyrus": 0.0, "pOtherLN": 0.0, "pPicea": 1.0, "pPinus": 0.0, "pAbies": 0.0, "pDouglas": 0.0, "pLarix": 0.0, "pOtherNb": 0.0, "pNoEurop": 0.0, "pNoEuropD": 0.0, "pEurop": 1.0, "pDecid": 0.0, "pConifer": 1.0, "pAll": 1.0, "Cell_id": "4447_3038", "EPSG": 31468, "Netz": 64, "Dichte": 8, "Bl": ";16;" }, "geometry": { "type": "Point", "coordinates": [ 697445.144293547957204, 5591763.32029293756932 ] } },
{ "type": "Feature", "properties": { "Tnr": 57104, "mitRand": 0, "AnzHBbeg": 2, "pHaupt": 1.0, "poHaupt": 0.0, "pQuerus": 0.0, "pFagus": 0.0, "pFraxinus": 0.0, "pCarpinus": 0.0, "pAcer": 0.0, "pTilia": 0.0, "pRobinia": 0.0, "pUlmus": 0.0, "pCastanea": 0.0, "pOtherLH": 0.0, "pBetula": 0.0, "pAlnus": 0.0, "pPopulus": 0.0, "pSalix": 0.0, "pSorbus": 0.0, "pPrunus": 0.0, "pMalus": 0.0, "pPyrus": 0.0, "pOtherLN": 0.0, "pPicea": 0.808, "pPinus": 0.058, "pAbies": 0.0, "pDouglas": 0.0, "pLarix": 0.135, "pOtherNb": 0.0, "pNoEurop": 0.0, "pNoEuropD": 0.0, "pEurop": 1.0, "pDecid": 0.0, "pConifer": 1.0, "pAll": 1.0, "Cell_id": "4451_3038", "EPSG": 31468, "Netz": 16, "Dichte": 8, "Bl": ";16;" }, "geometry": { "type": "Point", "coordinates": [ 701444.523333973367698, 5591816.253854185342789 ] } },
{ "type": "Feature", "properties": { "Tnr": 57106, "mitRand": 1, "AnzHBbeg": 2, "pHaupt": 1.0, "poHaupt": 0.0, "pQuerus": 0.1, "pFagus": 0.0, "pFraxinus": 0.0, "pCarpinus": 0.0, "pAcer": 0.0, "pTilia": 0.0, "pRobinia": 0.0, "pUlmus": 0.0, "pCastanea": 0.0, "pOtherLH": 0.0, "pBetula": 0.126, "pAlnus": 0.0, "pPopulus": 0.0, "pSalix": 0.0, "pSorbus": 0.143, "pPrunus": 0.0, "pMalus": 0.0, "pPyrus": 0.0, "pOtherLN": 0.0, "pPicea": 0.63, "pPinus": 0.0, "pAbies": 0.0, "pDouglas": 0.0, "pLarix": 0.0, "pOtherNb": 0.0, "pNoEurop": 0.0, "pNoEuropD": 0.0, "pEurop": 1.0, "pDecid": 0.37, "pConifer": 0.63, "pAll": 1.0, "Cell_id": "4455_3039", "EPSG": 31468, "Netz": 64, "Dichte": 8, "Bl": ";16;" }, "geometry": { "type": "Point", "coordinates": [ 705431.918467229581438, 5592868.782180324196815 ] } },
{ "type": "Feature", "properties": { "Tnr": 57152, "mitRand": 1, "AnzHBbeg": 4, "pHaupt": 0.75, "poHaupt": 0.25, "pQuerus": 0.199, "pFagus": 0.0, "pFraxinus": 0.25, "pCarpinus": 0.0, "pAcer": 0.0, "pTilia": 0.0, "pRobinia": 0.0, "pUlmus": 0.0, "pCastanea": 0.0, "pOtherLH": 0.0, "pBetula": 0.0, "pAlnus": 0.0, "pPopulus": 0.0, "pSalix": 0.0, "pSorbus": 0.0, "pPrunus": 0.0, "pMalus": 0.0, "pPyrus": 0.0, "pOtherLN": 0.0, "pPicea": 0.301, "pPinus": 0.0, "pAbies": 0.0, "pDouglas": 0.0, "pLarix": 0.0, "pOtherNb": 0.0, "pNoEurop": 0.0, "pNoEuropD": 0.0, "pEurop": 0.75, "pDecid": 0.449, "pConifer": 0.301, "pAll": 0.75, "Cell_id": "4361_3034", "EPSG": 31468, "Netz": 8, "Dichte": 8, "Bl": ";16;" }, "geometry": { "type": "Point", "coordinates": [ 611517.920286706881598, 5586626.356183995492756 ] } },
{ "type": "Feature", "properties": { "Tnr": 57160, "mitRand": 1, "AnzHBbeg": 2, "pHaupt": 1.0, "poHaupt": 0.0, "pQuerus": 0.0, "pFagus": 0.0, "pFraxinus": 0.5, "pCarpinus": 0.0, "pAcer": 0.0, "pTilia": 0.0, "pRobinia": 0.0, "pUlmus": 0.0, "pCastanea": 0.0, "pOtherLH": 0.0, "pBetula": 0.313, "pAlnus": 0.0, "pPopulus": 0.0, "pSalix": 0.0, "pSorbus": 0.0, "pPrunus": 0.0, "pMalus": 0.0, "pPyrus": 0.0, "pOtherLN": 0.0, "pPicea": 0.187, "pPinus": 0.0, "pAbies": 0.0, "pDouglas": 0.0, "pLarix": 0.0, "pOtherNb": 0.0, "pNoEurop": 0.0, "pNoEuropD": 0.0, "pEurop": 1.0, "pDecid": 0.813, "pConifer": 0.187, "pAll": 1.0, "Cell_id": "4377_3034", "EPSG": 31468, "Netz": 8, "Dichte": 8, "Bl": ";16;" }, "geometry": { "type": "Point", "coordinates": [ 627512.439653633860871, 5586839.094366366975009 ] } },
{ "type": "Feature", "properties": { "Tnr": 57162, "mitRand": 1, "AnzHBbeg": 4, "pHaupt": 1.0, "poHaupt": 0.0, "pQuerus": 0.127, "pFagus": 0.0, "pFraxinus": 0.0, "pCarpinus": 0.0, "pAcer": 0.0, "pTilia": 0.0, "pRobinia": 0.0, "pUlmus": 0.0, "pCastanea": 0.0, "pOtherLH": 0.0, "pBetula": 0.0, "pAlnus": 0.0, "pPopulus": 0.0, "pSalix": 0.0, "pSorbus": 0.048, "pPrunus": 0.0, "pMalus": 0.0, "pPyrus": 0.0, "pOtherLN": 0.0, "pPicea": 0.566, "pPinus": 0.259, "pAbies": 0.0, "pDouglas": 0.0, "pLarix": 0.0, "pOtherNb": 0.0, "pNoEurop": 0.0, "pNoEuropD": 0.0, "pEurop": 1.0, "pDecid": 0.175, "pConifer": 0.825, "pAll": 1.0, "Cell_id": "4381_3035", "EPSG": 31468, "Netz": 8, "Dichte": 8, "Bl": ";16;" }, "geometry": { "type": "Point", "coordinates": [ 631497.835817574057728, 5587892.623424449935555 ] } },
{ "type": "Feature", "properties": { "Tnr": 57166, "mitRand": 1, "AnzHBbeg": 3, "pHaupt": 1.0, "poHaupt": 0.0, "pQuerus": 0.0, "pFagus": 0.399, "pFraxinus": 0.034, "pCarpinus": 0.0, "pAcer": 0.062, "pTilia": 0.0, "pRobinia": 0.0, "pUlmus": 0.0, "pCastanea": 0.0, "pOtherLH": 0.0, "pBetula": 0.0, "pAlnus": 0.0, "pPopulus": 0.0, "pSalix": 0.0, "pSorbus": 0.0, "pPrunus": 0.0, "pMalus": 0.0, "pPyrus": 0.0, "pOtherLN": 0.0, "pPicea": 0.172, "pPinus": 0.333, "pAbies": 0.0, "pDouglas": 0.0, "pLarix": 0.0, "pOtherNb": 0.0, "pNoEurop": 0.0, "pNoEuropD": 0.0, "pEurop": 1.0, "pDecid": 0.494, "pConifer": 0.506, "pAll": 1.0, "Cell_id": "4389_3035", "EPSG": 31468, "Netz": 8, "Dichte": 8, "Bl": ";16;" }, "geometry": { "type": "Point", "coordinates": [ 639494.595517515088432, 5587998.492293023504317 ] } },
{ "type": "Feature", "properties": { "Tnr": 57170, "mitRand": 0, "AnzHBbeg": 4, "pHaupt": 1.0, "poHaupt": 0.0, "pQuerus": 0.0, "pFagus": 0.0, "pFraxinus": 0.0, "pCarpinus": 0.0, "pAcer": 0.0, "pTilia": 0.0, "pRobinia": 0.0, "pUlmus": 0.0, "pCastanea": 0.0, "pOtherLH": 0.0, "pBetula": 0.0, "pAlnus": 0.0, "pPopulus": 0.0, "pSalix": 0.0, "pSorbus": 0.0, "pPrunus": 0.0, "pMalus": 0.0, "pPyrus": 0.0, "pOtherLN": 0.0, "pPicea": 1.0, "pPinus": 0.0, "pAbies": 0.0, "pDouglas": 0.0, "pLarix": 0.0, "pOtherNb": 0.0, "pNoEurop": 0.0, "pNoEuropD": 0.0, "pEurop": 1.0, "pDecid": 0.0, "pConifer": 1.0, "pAll": 1.0, "Cell_id": "4397_3035", "EPSG": 31468, "Netz": 8, "Dichte": 8, "Bl": ";16;" }, "geometry": { "type": "Point", "coordinates": [ 647492.354706524754874, 5588104.360941274091601 ] } },
{ "type": "Feature", "properties": { "Tnr": 57172, "mitRand": 1, "AnzHBbeg": 2, "pHaupt": 1.0, "poHaupt": 0.0, "pQuerus": 0.0, "pFagus": 0.0, "pFraxinus": 0.0, "pCarpinus": 0.0, "pAcer": 0.0, "pTilia": 0.0, "pRobinia": 0.0, "pUlmus": 0.0, "pCastanea": 0.0, "pOtherLH": 0.0, "pBetula": 0.0, "pAlnus": 0.0, "pPopulus": 0.0, "pSalix": 0.0, "pSorbus": 0.0, "pPrunus": 0.0, "pMalus": 0.0, "pPyrus": 0.0, "pOtherLN": 0.0, "pPicea": 1.0, "pPinus": 0.0, "pAbies": 0.0, "pDouglas": 0.0, "pLarix": 0.0, "pOtherNb": 0.0, "pNoEurop": 0.0, "pNoEuropD": 0.0, "pEurop": 1.0, "pDecid": 0.0, "pConifer": 1.0, "pAll": 1.0, "Cell_id": "4401_3035", "EPSG": 31468, "Netz": 8, "Dichte": 8, "Bl": ";16;" }, "geometry": { "type": "Point", "coordinates": [ 651491.734058300149627, 5588157.295181307941675 ] } },
{ "type": "Feature", "properties": { "Tnr": 57174, "mitRand": 1, "AnzHBbeg": 4, "pHaupt": 1.0, "poHaupt": 0.0, "pQuerus": 0.0, "pFagus": 0.408, "pFraxinus": 0.0, "pCarpinus": 0.0, "pAcer": 0.0, "pTilia": 0.0, "pRobinia": 0.0, "pUlmus": 0.0, "pCastanea": 0.0, "pOtherLH": 0.0, "pBetula": 0.0, "pAlnus": 0.0, "pPopulus": 0.0, "pSalix": 0.0, "pSorbus": 0.005, "pPrunus": 0.0, "pMalus": 0.0, "pPyrus": 0.0, "pOtherLN": 0.0, "pPicea": 0.587, "pPinus": 0.0, "pAbies": 0.0, "pDouglas": 0.0, "pLarix": 0.0, "pOtherNb": 0.0, "pNoEurop": 0.0, "pNoEuropD": 0.0, "pEurop": 1.0, "pDecid": 0.413, "pConifer": 0.587, "pAll": 1.0, "Cell_id": "4405_3035", "EPSG": 31468, "Netz": 8, "Dichte": 8, "Bl": ";16;" }, "geometry": { "type": "Point", "coordinates": [ 655491.113383071031421, 5588210.229368927888572 ] } },
{ "type": "Feature", "properties": { "Tnr": 57176, "mitRand": 1, "AnzHBbeg": 4, "pHaupt": 1.0, "poHaupt": 0.0, "pQuerus": 0.0, "pFagus": 0.041, "pFraxinus": 0.0, "pCarpinus": 0.0, "pAcer": 0.0, "pTilia": 0.0, "pRobinia": 0.0, "pUlmus": 0.0, "pCastanea": 0.0, "pOtherLH": 0.0, "pBetula": 0.217, "pAlnus": 0.0, "pPopulus": 0.0, "pSalix": 0.0, "pSorbus": 0.0, "pPrunus": 0.0, "pMalus": 0.0, "pPyrus": 0.0, "pOtherLN": 0.0, "pPicea": 0.742, "pPinus": 0.0, "pAbies": 0.0, "pDouglas": 0.0, "pLarix": 0.0, "pOtherNb": 0.0, "pNoEurop": 0.0, "pNoEuropD": 0.0, "pEurop": 1.0, "pDecid": 0.258, "pConifer": 0.742, "pAll": 1.0, "Cell_id": "4409_3035", "EPSG": 31468, "Netz": 8, "Dichte": 8, "Bl": ";16;" }, "geometry": { "type": "Point", "coordinates": [ 659489.493085873895325, 5588263.163515212014318 ] } },
{ "type": "Feature", "properties": { "Tnr": 57179, "mitRand": 1, "AnzHBbeg": 4, "pHaupt": 1.0, "poHaupt": 0.0, "pQuerus": 0.0, "pFagus": 0.0, "pFraxinus": 0.0, "pCarpinus": 0.0, "pAcer": 0.0, "pTilia": 0.0, "pRobinia": 0.0, "pUlmus": 0.0, "pCastanea": 0.0, "pOtherLH": 0.0, "pBetula": 0.0, "pAlnus": 0.0, "pPopulus": 0.0, "pSalix": 0.0, "pSorbus": 0.037, "pPrunus": 0.0, "pMalus": 0.0, "pPyrus": 0.0, "pOtherLN": 0.0, "pPicea": 0.963, "pPinus": 0.0, "pAbies": 0.0, "pDouglas": 0.0, "pLarix": 0.0, "pOtherNb": 0.0, "pNoEurop": 0.0, "pNoEuropD": 0.0, "pEurop": 1.0, "pDecid": 0.037, "pConifer": 0.963, "pAll": 1.0, "Cell_id": "4429_3036", "EPSG": 31468, "Netz": 8, "Dichte": 8, "Bl": ";16;" }, "geometry": { "type": "Point", "coordinates": [ 679473.405595553573221, 5589527.428269719704986 ] } },
{ "type": "Feature", "properties": { "Tnr": 57181, "mitRand": 1, "AnzHBbeg": 3, "pHaupt": 1.0, "poHaupt": 0.0, "pQuerus": 0.0, "pFagus": 0.0, "pFraxinus": 0.0, "pCarpinus": 0.0, "pAcer": 0.0, "pTilia": 0.0, "pRobinia": 0.0, "pUlmus": 0.0, "pCastanea": 0.0, "pOtherLH": 0.0, "pBetula": 0.0, "pAlnus": 0.0, "pPopulus": 0.0, "pSalix": 0.045, "pSorbus": 0.0, "pPrunus": 0.0, "pMalus": 0.0, "pPyrus": 0.0, "pOtherLN": 0.0, "pPicea": 0.955, "pPinus": 0.0, "pAbies": 0.0, "pDouglas": 0.0, "pLarix": 0.0, "pOtherNb": 0.0, "pNoEurop": 0.0, "pNoEuropD": 0.0, "pEurop": 1.0, "pDecid": 0.045, "pConifer": 0.955, "pAll": 1.0, "Cell_id": "4433_3036", "EPSG": 31468, "Netz": 8, "Dichte": 8, "Bl": ";16;" }, "geometry": { "type": "Point", "coordinates": [ 683472.784728064434603, 5589579.362487972714007 ] } },
{ "type": "Feature", "properties": { "Tnr": 57183, "mitRand": 1, "AnzHBbeg": 3, "pHaupt": 1.0, "poHaupt": 0.0, "pQuerus": 0.0, "pFagus": 0.0, "pFraxinus": 0.0, "pCarpinus": 0.0, "pAcer": 0.0, "pTilia": 0.0, "pRobinia": 0.0, "pUlmus": 0.0, "pCastanea": 0.0, "pOtherLH": 0.0, "pBetula": 0.057, "pAlnus": 0.0, "pPopulus": 0.0, "pSalix": 0.0, "pSorbus": 0.0, "pPrunus": 0.0, "pMalus": 0.0, "pPyrus": 0.0, "pOtherLN": 0.0, "pPicea": 0.673, "pPinus": 0.269, "pAbies": 0.0, "pDouglas": 0.0, "pLarix": 0.0, "pOtherNb": 0.0, "pNoEurop": 0.0, "pNoEuropD": 0.0, "pEurop": 1.0, "pDecid": 0.057, "pConifer": 0.943, "pAll": 1.0, "Cell_id": "4437_3036", "EPSG": 31468, "Netz": 8, "Dichte": 8, "Bl": ";16;" }, "geometry": { "type": "Point", "coordinates": [ 687472.163843251299113, 5589632.296248293481767 ] } },
{ "type": "Feature", "properties": { "Tnr": 57185, "mitRand": 1, "AnzHBbeg": 4, "pHaupt": 1.0, "poHaupt": 0.0, "pQuerus": 0.0, "pFagus": 0.0, "pFraxinus": 0.0, "pCarpinus": 0.0, "pAcer": 0.0, "pTilia": 0.0, "pRobinia": 0.0, "pUlmus": 0.0, "pCastanea": 0.0, "pOtherLH": 0.0, "pBetula": 0.0, "pAlnus": 0.0, "pPopulus": 0.0, "pSalix": 0.0, "pSorbus": 0.0, "pPrunus": 0.0, "pMalus": 0.0, "pPyrus": 0.0, "pOtherLN": 0.0, "pPicea": 1.0, "pPinus": 0.0, "pAbies": 0.0, "pDouglas": 0.0, "pLarix": 0.0, "pOtherNb": 0.0, "pNoEurop": 0.0, "pNoEuropD": 0.0, "pEurop": 1.0, "pDecid": 0.0, "pConifer": 1.0, "pAll": 1.0, "Cell_id": "4441_3036", "EPSG": 31468, "Netz": 8, "Dichte": 8, "Bl": ";16;" }, "geometry": { "type": "Point", "coordinates": [ 691471.542929758667015, 5589685.229955937713385 ] } },
{ "type": "Feature", "properties": { "Tnr": 57189, "mitRand": 1, "AnzHBbeg": 1, "pHaupt": 1.0, "poHaupt": 0.0, "pQuerus": 0.0, "pFagus": 0.0, "pFraxinus": 0.0, "pCarpinus": 0.0, "pAcer": 0.0, "pTilia": 0.0, "pRobinia": 0.0, "pUlmus": 0.0, "pCastanea": 0.0, "pOtherLH": 0.0, "pBetula": 0.0, "pAlnus": 0.0, "pPopulus": 0.0, "pSalix": 0.0, "pSorbus": 0.339, "pPrunus": 0.0, "pMalus": 0.0, "pPyrus": 0.0, "pOtherLN": 0.0, "pPicea": 0.661, "pPinus": 0.0, "pAbies": 0.0, "pDouglas": 0.0, "pLarix": 0.0, "pOtherNb": 0.0, "pNoEurop": 0.0, "pNoEuropD": 0.0, "pEurop": 1.0, "pDecid": 0.339, "pConifer": 0.661, "pAll": 1.0, "Cell_id": "4449_3036", "EPSG": 31468, "Netz": 8, "Dichte": 8, "Bl": ";16;" }, "geometry": { "type": "Point", "coordinates": [ 699471.300599458976649, 5589790.097607172094285 ] } },
{ "type": "Feature", "properties": { "Tnr": 57229, "mitRand": 1, "AnzHBbeg": 4, "pHaupt": 1.0, "poHaupt": 0.0, "pQuerus": 0.258, "pFagus": 0.0, "pFraxinus": 0.219, "pCarpinus": 0.063, "pAcer": 0.049, "pTilia": 0.06, "pRobinia": 0.0, "pUlmus": 0.0, "pCastanea": 0.0, "pOtherLH": 0.0, "pBetula": 0.157, "pAlnus": 0.031, "pPopulus": 0.0, "pSalix": 0.0, "pSorbus": 0.0, "pPrunus": 0.0, "pMalus": 0.0, "pPyrus": 0.0, "pOtherLN": 0.0, "pPicea": 0.164, "pPinus": 0.0, "pAbies": 0.0, "pDouglas": 0.0, "pLarix": 0.0, "pOtherNb": 0.0, "pNoEurop": 0.0, "pNoEuropD": 0.0, "pEurop": 1.0, "pDecid": 0.836, "pConifer": 0.164, "pAll": 1.0, "Cell_id": "4354_3032", "EPSG": 31467, "Netz": 16, "Dichte": 8, "Bl": ";16;" }, "geometry": { "type": "Point", "coordinates": [ 604547.722472601919435, 5584533.28081636223942 ] } },
{ "type": "Feature", "properties": { "Tnr": 57234, "mitRand": 0, "AnzHBbeg": 4, "pHaupt": 1.0, "poHaupt": 0.0, "pQuerus": 0.475, "pFagus": 0.436, "pFraxinus": 0.0, "pCarpinus": 0.089, "pAcer": 0.0, "pTilia": 0.0, "pRobinia": 0.0, "pUlmus": 0.0, "pCastanea": 0.0, "pOtherLH": 0.0, "pBetula": 0.0, "pAlnus": 0.0, "pPopulus": 0.0, "pSalix": 0.0, "pSorbus": 0.0, "pPrunus": 0.0, "pMalus": 0.0, "pPyrus": 0.0, "pOtherLN": 0.0, "pPicea": 0.0, "pPinus": 0.0, "pAbies": 0.0, "pDouglas": 0.0, "pLarix": 0.0, "pOtherNb": 0.0, "pNoEurop": 0.0, "pNoEuropD": 0.0, "pEurop": 1.0, "pDecid": 1.0, "pConifer": 0.0, "pAll": 1.0, "Cell_id": "4363_3032", "EPSG": 31468, "Netz": 16, "Dichte": 8, "Bl": ";16;" }, "geometry": { "type": "Point", "coordinates": [ 613544.077448049560189, 5584654.133404932916164 ] } },
{ "type": "Feature", "properties": { "Tnr": 57236, "mitRand": 1, "AnzHBbeg": 3, "pHaupt": 1.0, "poHaupt": 0.0, "pQuerus": 0.068, "pFagus": 0.0, "pFraxinus": 0.119, "pCarpinus": 0.053, "pAcer": 0.0, "pTilia": 0.0, "pRobinia": 0.0, "pUlmus": 0.0, "pCastanea": 0.0, "pOtherLH": 0.0, "pBetula": 0.0, "pAlnus": 0.0, "pPopulus": 0.093, "pSalix": 0.0, "pSorbus": 0.0, "pPrunus": 0.0, "pMalus": 0.0, "pPyrus": 0.0, "pOtherLN": 0.0, "pPicea": 0.667, "pPinus": 0.0, "pAbies": 0.0, "pDouglas": 0.0, "pLarix": 0.0, "pOtherNb": 0.0, "pNoEurop": 0.0, "pNoEuropD": 0.0, "pEurop": 1.0, "pDecid": 0.333, "pConifer": 0.667, "pAll": 1.0, "Cell_id": "4367_3032", "EPSG": 31468, "Netz": 16, "Dichte": 8, "Bl": ";16;" }, "geometry": { "type": "Point", "coordinates": [ 617542.457387760630809, 5584707.068119353614748 ] } },
{ "type": "Feature", "properties": { "Tnr": 57240, "mitRand": 1, "AnzHBbeg": 4, "pHaupt": 1.0, "poHaupt": 0.0, "pQuerus": 0.177, "pFagus": 0.007, "pFraxinus": 0.077, "pCarpinus": 0.012, "pAcer": 0.169, "pTilia": 0.0, "pRobinia": 0.0, "pUlmus": 0.0, "pCastanea": 0.0, "pOtherLH": 0.0, "pBetula": 0.0, "pAlnus": 0.0, "pPopulus": 0.0, "pSalix": 0.0, "pSorbus": 0.058, "pPrunus": 0.0, "pMalus": 0.0, "pPyrus": 0.0, "pOtherLN": 0.0, "pPicea": 0.48, "pPinus": 0.0, "pAbies": 0.0, "pDouglas": 0.0, "pLarix": 0.02, "pOtherNb": 0.0, "pNoEurop": 0.0, "pNoEuropD": 0.0, "pEurop": 1.0, "pDecid": 0.5, "pConifer": 0.5, "pAll": 1.0, "Cell_id": "4375_3032", "EPSG": 31468, "Netz": 16, "Dichte": 8, "Bl": ";16;" }, "geometry": { "type": "Point", "coordinates": [ 625540.216785547905602, 5584812.937381060793996 ] } },
{ "type": "Feature", "properties": { "Tnr": 57242, "mitRand": 1, "AnzHBbeg": 3, "pHaupt": 1.0, "poHaupt": 0.0, "pQuerus": 0.327, "pFagus": 0.096, "pFraxinus": 0.0, "pCarpinus": 0.0, "pAcer": 0.0, "pTilia": 0.0, "pRobinia": 0.0, "pUlmus": 0.0, "pCastanea": 0.0, "pOtherLH": 0.0, "pBetula": 0.162, "pAlnus": 0.0, "pPopulus": 0.0, "pSalix": 0.0, "pSorbus": 0.0, "pPrunus": 0.0, "pMalus": 0.0, "pPyrus": 0.0, "pOtherLN": 0.0, "pPicea": 0.049, "pPinus": 0.273, "pAbies": 0.0, "pDouglas": 0.0, "pLarix": 0.093, "pOtherNb": 0.0, "pNoEurop": 0.0, "pNoEuropD": 0.0, "pEurop": 1.0, "pDecid": 0.586, "pConifer": 0.414, "pAll": 1.0, "Cell_id": "4379_3033", "EPSG": 31468, "Netz": 16, "Dichte": 8, "Bl": ";16;" }, "geometry": { "type": "Point", "coordinates": [ 629524.613331694505177, 5585866.466485833749175 ] } },
{ "type": "Feature", "properties": { "Tnr": 57246, "mitRand": 1, "AnzHBbeg": 2, "pHaupt": 1.0, "poHaupt": 0.0, "pQuerus": 0.0, "pFagus": 0.0, "pFraxinus": 0.0, "pCarpinus": 0.0, "pAcer": 0.0, "pTilia": 0.0, "pRobinia": 0.0, "pUlmus": 0.0, "pCastanea": 0.0, "pOtherLH": 0.0, "pBetula": 0.0, "pAlnus": 0.0, "pPopulus": 0.0, "pSalix": 0.0, "pSorbus": 0.0, "pPrunus": 0.0, "pMalus": 0.0, "pPyrus": 0.0, "pOtherLN": 0.0, "pPicea": 0.545, "pPinus": 0.141, "pAbies": 0.0, "pDouglas": 0.0, "pLarix": 0.314, "pOtherNb": 0.0, "pNoEurop": 0.0, "pNoEuropD": 0.0, "pEurop": 1.0, "pDecid": 0.0, "pConifer": 1.0, "pAll": 1.0, "Cell_id": "4387_3033", "EPSG": 31468, "Netz": 16, "Dichte": 8, "Bl": ";16;" }, "geometry": { "type": "Point", "coordinates": [ 637522.372600285685621, 5585972.335421798750758 ] } },
{ "type": "Feature", "properties": { "Tnr": 57248, "mitRand": 1, "AnzHBbeg": 2, "pHaupt": 1.0, "poHaupt": 0.0, "pQuerus": 0.0, "pFagus": 0.097, "pFraxinus": 0.153, "pCarpinus": 0.0, "pAcer": 0.0, "pTilia": 0.0, "pRobinia": 0.0, "pUlmus": 0.0, "pCastanea": 0.0, "pOtherLH": 0.0, "pBetula": 0.0, "pAlnus": 0.0, "pPopulus": 0.0, "pSalix": 0.0, "pSorbus": 0.0, "pPrunus": 0.0, "pMalus": 0.0, "pPyrus": 0.0, "pOtherLN": 0.0, "pPicea": 0.285, "pPinus": 0.41, "pAbies": 0.0, "pDouglas": 0.0, "pLarix": 0.055, "pOtherNb": 0.0, "pNoEurop": 0.0, "pNoEuropD": 0.0, "pEurop": 1.0, "pDecid": 0.25, "pConifer": 0.75, "pAll": 1.0, "Cell_id": "4391_3033", "EPSG": 31468, "Netz": 16, "Dichte": 8, "Bl": ";16;" }, "geometry": { "type": "Point", "coordinates": [ 641520.752397738397121, 5586025.269816976971924 ] } },
{ "type": "Feature", "properties": { "Tnr": 57252, "mitRand": 0, "AnzHBbeg": 4, "pHaupt": 1.0, "poHaupt": 0.0, "pQuerus": 0.0, "pFagus": 0.067, "pFraxinus": 0.0, "pCarpinus": 0.0, "pAcer": 0.0, "pTilia": 0.0, "pRobinia": 0.0, "pUlmus": 0.0, "pCastanea": 0.0, "pOtherLH": 0.0, "pBetula": 0.0, "pAlnus": 0.0, "pPopulus": 0.0, "pSalix": 0.0, "pSorbus": 0.0, "pPrunus": 0.0, "pMalus": 0.0, "pPyrus": 0.0, "pOtherLN": 0.0, "pPicea": 0.91, "pPinus": 0.0, "pAbies": 0.0, "pDouglas": 0.0, "pLarix": 0.023, "pOtherNb": 0.0, "pNoEurop": 0.0, "pNoEuropD": 0.0, "pEurop": 1.0, "pDecid": 0.067, "pConifer": 0.933, "pAll": 1.0, "Cell_id": "4399_3033", "EPSG": 31468, "Netz": 16, "Dichte": 8, "Bl": ";16;" }, "geometry": { "type": "Point", "coordinates": [ 649518.511507633840665, 5586131.138439543545246 ] } },
{ "type": "Feature", "properties": { "Tnr": 57254, "mitRand": 0, "AnzHBbeg": 3, "pHaupt": 1.0, "poHaupt": 0.0, "pQuerus": 0.0, "pFagus": 0.113, "pFraxinus": 0.0, "pCarpinus": 0.0, "pAcer": 0.0, "pTilia": 0.0, "pRobinia": 0.0, "pUlmus": 0.0, "pCastanea": 0.0, "pOtherLH": 0.0, "pBetula": 0.0, "pAlnus": 0.0, "pPopulus": 0.0, "pSalix": 0.0, "pSorbus": 0.0, "pPrunus": 0.0, "pMalus": 0.0, "pPyrus": 0.0, "pOtherLN": 0.0, "pPicea": 0.887, "pPinus": 0.0, "pAbies": 0.0, "pDouglas": 0.0, "pLarix": 0.0, "pOtherNb": 0.0, "pNoEurop": 0.0, "pNoEuropD": 0.0, "pEurop": 1.0, "pDecid": 0.113, "pConifer": 0.887, "pAll": 1.0, "Cell_id": "4403_3033", "EPSG": 31468, "Netz": 16, "Dichte": 8, "Bl": ";16;" }, "geometry": { "type": "Point", "coordinates": [ 653517.890819688676856, 5586184.072666854597628 ] } },
{ "type": "Feature", "properties": { "Tnr": 57256, "mitRand": 1, "AnzHBbeg": 4, "pHaupt": 1.0, "poHaupt": 0.0, "pQuerus": 0.0, "pFagus": 0.0, "pFraxinus": 0.0, "pCarpinus": 0.0, "pAcer": 0.0, "pTilia": 0.0, "pRobinia": 0.0, "pUlmus": 0.0, "pCastanea": 0.0, "pOtherLH": 0.0, "pBetula": 0.0, "pAlnus": 0.0, "pPopulus": 0.0, "pSalix": 0.0, "pSorbus": 0.0, "pPrunus": 0.0, "pMalus": 0.0, "pPyrus": 0.0, "pOtherLN": 0.0, "pPicea": 1.0, "pPinus": 0.0, "pAbies": 0.0, "pDouglas": 0.0, "pLarix": 0.0, "pOtherNb": 0.0, "pNoEurop": 0.0, "pNoEuropD": 0.0, "pEurop": 1.0, "pDecid": 0.0, "pConifer": 1.0, "pAll": 1.0, "Cell_id": "4407_3033", "EPSG": 31468, "Netz": 16, "Dichte": 8, "Bl": ";16;" }, "geometry": { "type": "Point", "coordinates": [ 657517.270104633294977, 5586237.006841831840575 ] } },
{ "type": "Feature", "properties": { "Tnr": 57258, "mitRand": 1, "AnzHBbeg": 4, "pHaupt": 1.0, "poHaupt": 0.0, "pQuerus": 0.0, "pFagus": 0.222, "pFraxinus": 0.0, "pCarpinus": 0.0, "pAcer": 0.0, "pTilia": 0.0, "pRobinia": 0.0, "pUlmus": 0.0, "pCastanea": 0.0, "pOtherLH": 0.0, "pBetula": 0.0, "pAlnus": 0.0, "pPopulus": 0.0, "pSalix": 0.0, "pSorbus": 0.0, "pPrunus": 0.0, "pMalus": 0.0, "pPyrus": 0.0, "pOtherLN": 0.0, "pPicea": 0.778, "pPinus": 0.0, "pAbies": 0.0, "pDouglas": 0.0, "pLarix": 0.0, "pOtherNb": 0.0, "pNoEurop": 0.0, "pNoEuropD": 0.0, "pEurop": 1.0, "pDecid": 0.222, "pConifer": 0.778, "pAll": 1.0, "Cell_id": "4427_3034", "EPSG": 31468, "Netz": 16, "Dichte": 8, "Bl": ";16;" }, "geometry": { "type": "Point", "coordinates": [ 677500.182947483379394, 5587501.271804903633893 ] } },
{ "type": "Feature", "properties": { "Tnr": 57260, "mitRand": 1, "AnzHBbeg": 4, "pHaupt": 1.0, "poHaupt": 0.0, "pQuerus": 0.0, "pFagus": 0.506, "pFraxinus": 0.0, "pCarpinus": 0.0, "pAcer": 0.114, "pTilia": 0.0, "pRobinia": 0.0, "pUlmus": 0.0, "pCastanea": 0.0, "pOtherLH": 0.0, "pBetula": 0.0, "pAlnus": 0.0, "pPopulus": 0.0, "pSalix": 0.0, "pSorbus": 0.015, "pPrunus": 0.0, "pMalus": 0.0, "pPyrus": 0.0, "pOtherLN": 0.0, "pPicea": 0.365, "pPinus": 0.0, "pAbies": 0.0, "pDouglas": 0.0, "pLarix": 0.0, "pOtherNb": 0.0, "pNoEurop": 0.0, "pNoEuropD": 0.0, "pEurop": 1.0, "pDecid": 0.635, "pConifer": 0.365, "pAll": 1.0, "Cell_id": "4431_3034", "EPSG": 31468, "Netz": 16, "Dichte": 8, "Bl": ";16;" }, "geometry": { "type": "Point", "coordinates": [ 681499.562067831982858, 5587553.206063606776297 ] } },
{ "type": "Feature", "properties": { "Tnr": 57262, "mitRand": 1, "AnzHBbeg": 4, "pHaupt": 1.0, "poHaupt": 0.0, "pQuerus": 0.0, "pFagus": 0.0, "pFraxinus": 0.0, "pCarpinus": 0.0, "pAcer": 0.0, "pTilia": 0.0, "pRobinia": 0.0, "pUlmus": 0.0, "pCastanea": 0.0, "pOtherLH": 0.0, "pBetula": 0.0, "pAlnus": 0.0, "pPopulus": 0.0, "pSalix": 0.0, "pSorbus": 0.25, "pPrunus": 0.0, "pMalus": 0.0, "pPyrus": 0.0, "pOtherLN": 0.0, "pPicea": 0.75, "pPinus": 0.0, "pAbies": 0.0, "pDouglas": 0.0, "pLarix": 0.0, "pOtherNb": 0.0, "pNoEurop": 0.0, "pNoEuropD": 0.0, "pEurop": 1.0, "pDecid": 0.25, "pConifer": 0.75, "pAll": 1.0, "Cell_id": "4435_3034", "EPSG": 31468, "Netz": 16, "Dichte": 8, "Bl": ";16;" }, "geometry": { "type": "Point", "coordinates": [ 685498.941170927835628, 5587606.139864480122924 ] } },
{ "type": "Feature", "properties": { "Tnr": 57264, "mitRand": 1, "AnzHBbeg": 4, "pHaupt": 1.0, "poHaupt": 0.0, "pQuerus": 0.008, "pFagus": 0.0, "pFraxinus": 0.0, "pCarpinus": 0.0, "pAcer": 0.0, "pTilia": 0.0, "pRobinia": 0.0, "pUlmus": 0.0, "pCastanea": 0.0, "pOtherLH": 0.0, "pBetula": 0.0, "pAlnus": 0.0, "pPopulus": 0.0, "pSalix": 0.0, "pSorbus": 0.492, "pPrunus": 0.0, "pMalus": 0.0, "pPyrus": 0.0, "pOtherLN": 0.0, "pPicea": 0.5, "pPinus": 0.0, "pAbies": 0.0, "pDouglas": 0.0, "pLarix": 0.0, "pOtherNb": 0.0, "pNoEurop": 0.0, "pNoEuropD": 0.0, "pEurop": 1.0, "pDecid": 0.5, "pConifer": 0.5, "pAll": 1.0, "Cell_id": "4439_3034", "EPSG": 31468, "Netz": 16, "Dichte": 8, "Bl": ";16;" }, "geometry": { "type": "Point", "coordinates": [ 689498.320245425449684, 5587659.073612781241536 ] } },
{ "type": "Feature", "properties": { "Tnr": 57269, "mitRand": 1, "AnzHBbeg": 3, "pHaupt": 1.0, "poHaupt": 0.0, "pQuerus": 0.0, "pFagus": 0.0, "pFraxinus": 0.0, "pCarpinus": 0.0, "pAcer": 0.0, "pTilia": 0.0, "pRobinia": 0.0, "pUlmus": 0.0, "pCastanea": 0.0, "pOtherLH": 0.0, "pBetula": 0.17, "pAlnus": 0.0, "pPopulus": 0.0, "pSalix": 0.0, "pSorbus": 0.0, "pPrunus": 0.0, "pMalus": 0.0, "pPyrus": 0.0, "pOtherLN": 0.0, "pPicea": 0.785, "pPinus": 0.0, "pAbies": 0.0, "pDouglas": 0.0, "pLarix": 0.045, "pOtherNb": 0.0, "pNoEurop": 0.0, "pNoEuropD": 0.0, "pEurop": 1.0, "pDecid": 0.17, "pConifer": 0.83, "pAll": 1.0, "Cell_id": "4451_3034", "EPSG": 31468, "Netz": 16, "Dichte": 8, "Bl": ";16;" }, "geometry": { "type": "Point", "coordinates": [ 701498.456462379428558, 5587815.875330178067088 ] } },
{ "type": "Feature", "properties": { "Tnr": 57306, "mitRand": 0, "AnzHBbeg": 4, "pHaupt": 1.0, "poHaupt": 0.0, "pQuerus": 0.484, "pFagus": 0.0, "pFraxinus": 0.197, "pCarpinus": 0.118, "pAcer": 0.021, "pTilia": 0.095, "pRobinia": 0.0, "pUlmus": 0.0, "pCastanea": 0.0, "pOtherLH": 0.0, "pBetula": 0.0, "pAlnus": 0.085, "pPopulus": 0.0, "pSalix": 0.0, "pSorbus": 0.0, "pPrunus": 0.0, "pMalus": 0.0, "pPyrus": 0.0, "pOtherLN": 0.0, "pPicea": 0.0, "pPinus": 0.0, "pAbies": 0.0, "pDouglas": 0.0, "pLarix": 0.0, "pOtherNb": 0.0, "pNoEurop": 0.0, "pNoEuropD": 0.0, "pEurop": 1.0, "pDecid": 1.0, "pConifer": 0.0, "pAll": 1.0, "Cell_id": "4361_3030", "EPSG": 31468, "Netz": 8, "Dichte": 8, "Bl": ";16;" }, "geometry": { "type": "Point", "coordinates": [ 611571.854646056424826, 5582627.976290703751147 ] } },
{ "type": "Feature", "properties": { "Tnr": 57310, "mitRand": 0, "AnzHBbeg": 1, "pHaupt": 1.0, "poHaupt": 0.0, "pQuerus": 0.085, "pFagus": 0.0, "pFraxinus": 0.198, "pCarpinus": 0.0, "pAcer": 0.0, "pTilia": 0.0, "pRobinia": 0.0, "pUlmus": 0.0, "pCastanea": 0.0, "pOtherLH": 0.0, "pBetula": 0.0, "pAlnus": 0.0, "pPopulus": 0.0, "pSalix": 0.0, "pSorbus": 0.0, "pPrunus": 0.0, "pMalus": 0.0, "pPyrus": 0.0, "pOtherLN": 0.0, "pPicea": 0.0, "pPinus": 0.717, "pAbies": 0.0, "pDouglas": 0.0, "pLarix": 0.0, "pOtherNb": 0.0, "pNoEurop": 0.0, "pNoEuropD": 0.0, "pEurop": 1.0, "pDecid": 0.283, "pConifer": 0.717, "pAll": 1.0, "Cell_id": "4369_3030", "EPSG": 31468, "Netz": 8, "Dichte": 8, "Bl": ";16;" }, "geometry": { "type": "Point", "coordinates": [ 619568.614473312511109, 5582733.845744828693569 ] } },
{ "type": "Feature", "properties": { "Tnr": 57312, "mitRand": 0, "AnzHBbeg": 1, "pHaupt": 1.0, "poHaupt": 0.0, "pQuerus": 0.0, "pFagus": 0.0, "pFraxinus": 0.0, "pCarpinus": 0.0, "pAcer": 0.0, "pTilia": 0.0, "pRobinia": 0.0, "pUlmus": 0.0, "pCastanea": 0.0, "pOtherLH": 0.0, "pBetula": 0.0, "pAlnus": 0.0, "pPopulus": 0.0, "pSalix": 0.0, "pSorbus": 0.0, "pPrunus": 0.0, "pMalus": 0.0, "pPyrus": 0.0, "pOtherLN": 0.0, "pPicea": 1.0, "pPinus": 0.0, "pAbies": 0.0, "pDouglas": 0.0, "pLarix": 0.0, "pOtherNb": 0.0, "pNoEurop": 0.0, "pNoEuropD": 0.0, "pEurop": 1.0, "pDecid": 0.0, "pConifer": 1.0, "pAll": 1.0, "Cell_id": "4373_3030", "EPSG": 31468, "Netz": 8, "Dichte": 8, "Bl": ";16;" }, "geometry": { "type": "Point", "coordinates": [ 623566.99435971560888, 5582787.779988759197295 ] } },
{ "type": "Feature", "properties": { "Tnr": 57317, "mitRand": 1, "AnzHBbeg": 2, "pHaupt": 1.0, "poHaupt": 0.0, "pQuerus": 0.0, "pFagus": 0.0, "pFraxinus": 0.0, "pCarpinus": 0.0, "pAcer": 0.0, "pTilia": 0.0, "pRobinia": 0.0, "pUlmus": 0.0, "pCastanea": 0.0, "pOtherLH": 0.0, "pBetula": 0.0, "pAlnus": 0.0, "pPopulus": 0.0, "pSalix": 0.0, "pSorbus": 0.0, "pPrunus": 0.0, "pMalus": 0.0, "pPyrus": 0.0, "pOtherLN": 0.0, "pPicea": 0.962, "pPinus": 0.0, "pAbies": 0.038, "pDouglas": 0.0, "pLarix": 0.0, "pOtherNb": 0.0, "pNoEurop": 0.0, "pNoEuropD": 0.0, "pEurop": 1.0, "pDecid": 0.0, "pConifer": 1.0, "pAll": 1.0, "Cell_id": "4385_3031", "EPSG": 31468, "Netz": 8, "Dichte": 8, "Bl": ";16;" }, "geometry": { "type": "Point", "coordinates": [ 635550.149709212360904, 5583946.178537528961897 ] } },
{ "type": "Feature", "properties": { "Tnr": 57323, "mitRand": 1, "AnzHBbeg": 4, "pHaupt": 1.0, "poHaupt": 0.0, "pQuerus": 0.0, "pFagus": 0.0, "pFraxinus": 0.0, "pCarpinus": 0.0, "pAcer": 0.0, "pTilia": 0.0, "pRobinia": 0.0, "pUlmus": 0.0, "pCastanea": 0.0, "pOtherLH": 0.0, "pBetula": 0.0, "pAlnus": 0.0, "pPopulus": 0.0, "pSalix": 0.0, "pSorbus": 0.0, "pPrunus": 0.0, "pMalus": 0.0, "pPyrus": 0.0, "pOtherLN": 0.0, "pPicea": 0.979, "pPinus": 0.021, "pAbies": 0.0, "pDouglas": 0.0, "pLarix": 0.0, "pOtherNb": 0.0, "pNoEurop": 0.479, "pNoEuropD": 0.479, "pEurop": 0.521, "pDecid": 0.0, "pConifer": 1.0, "pAll": 1.0, "Cell_id": "4397_3031", "EPSG": 31468, "Netz": 8, "Dichte": 8, "Bl": ";16;" }, "geometry": { "type": "Point", "coordinates": [ 647546.288577947416343, 5584104.981673376634717 ] } },
{ "type": "Feature", "properties": { "Tnr": 57327, "mitRand": 1, "AnzHBbeg": 3, "pHaupt": 1.0, "poHaupt": 0.0, "pQuerus": 0.0, "pFagus": 0.0, "pFraxinus": 0.0, "pCarpinus": 0.0, "pAcer": 0.0, "pTilia": 0.0, "pRobinia": 0.0, "pUlmus": 0.0, "pCastanea": 0.0, "pOtherLH": 0.0, "pBetula": 0.0, "pAlnus": 0.0, "pPopulus": 0.0, "pSalix": 0.0, "pSorbus": 0.0, "pPrunus": 0.0, "pMalus": 0.0, "pPyrus": 0.0, "pOtherLN": 0.0, "pPicea": 0.798, "pPinus": 0.0, "pAbies": 0.0, "pDouglas": 0.0, "pLarix": 0.202, "pOtherNb": 0.0, "pNoEurop": 0.0, "pNoEuropD": 0.0, "pEurop": 1.0, "pDecid": 0.0, "pConifer": 1.0, "pAll": 1.0, "Cell_id": "4405_3031", "EPSG": 31468, "Netz": 8, "Dichte": 8, "Bl": ";16;" }, "geometry": { "type": "Point", "coordinates": [ 655544.047554838820361, 5584210.85016602370888 ] } },
{ "type": "Feature", "properties": { "Tnr": 57329, "mitRand": 1, "AnzHBbeg": 4, "pHaupt": 1.0, "poHaupt": 0.0, "pQuerus": 0.0, "pFagus": 0.387, "pFraxinus": 0.0, "pCarpinus": 0.0, "pAcer": 0.078, "pTilia": 0.0, "pRobinia": 0.0, "pUlmus": 0.0, "pCastanea": 0.0, "pOtherLH": 0.0, "pBetula": 0.0, "pAlnus": 0.103, "pPopulus": 0.0, "pSalix": 0.0, "pSorbus": 0.0, "pPrunus": 0.0, "pMalus": 0.0, "pPyrus": 0.0, "pOtherLN": 0.0, "pPicea": 0.432, "pPinus": 0.0, "pAbies": 0.0, "pDouglas": 0.0, "pLarix": 0.0, "pOtherNb": 0.0, "pNoEurop": 0.0, "pNoEuropD": 0.0, "pEurop": 1.0, "pDecid": 0.568, "pConifer": 0.432, "pAll": 1.0, "Cell_id": "4409_3031", "EPSG": 31468, "Netz": 8, "Dichte": 8, "Bl": ";16;" }, "geometry": { "type": "Point", "coordinates": [ 659543.42679994541686, 5584263.784328453242779 ] } },
{ "type": "Feature", "properties": { "Tnr": 57333, "mitRand": 1, "AnzHBbeg": 2, "pHaupt": 1.0, "poHaupt": 0.0, "pQuerus": 0.0, "pFagus": 0.0, "pFraxinus": 0.0, "pCarpinus": 0.0, "pAcer": 0.0, "pTilia": 0.0, "pRobinia": 0.0, "pUlmus": 0.0, "pCastanea": 0.0, "pOtherLH": 0.0, "pBetula": 0.5, "pAlnus": 0.0, "pPopulus": 0.0, "pSalix": 0.0, "pSorbus": 0.0, "pPrunus": 0.0, "pMalus": 0.0, "pPyrus": 0.0, "pOtherLN": 0.0, "pPicea": 0.5, "pPinus": 0.0, "pAbies": 0.0, "pDouglas": 0.0, "pLarix": 0.0, "pOtherNb": 0.0, "pNoEurop": 0.0, "pNoEuropD": 0.0, "pEurop": 1.0, "pDecid": 0.5, "pConifer": 0.5, "pAll": 1.0, "Cell_id": "4437_3032", "EPSG": 31468, "Netz": 8, "Dichte": 8, "Bl": ";16;" }, "geometry": { "type": "Point", "coordinates": [ 687525.097587431664579, 5585632.917255352251232 ] } },
{ "type": "Feature", "properties": { "Tnr": 57369, "mitRand": 1, "AnzHBbeg": 4, "pHaupt": 1.0, "poHaupt": 0.0, "pQuerus": 0.0, "pFagus": 0.328, "pFraxinus": 0.0, "pCarpinus": 0.0, "pAcer": 0.0, "pTilia": 0.0, "pRobinia": 0.0, "pUlmus": 0.0, "pCastanea": 0.0, "pOtherLH": 0.0, "pBetula": 0.0, "pAlnus": 0.0, "pPopulus": 0.0, "pSalix": 0.0, "pSorbus": 0.081, "pPrunus": 0.0, "pMalus": 0.0, "pPyrus": 0.0, "pOtherLN": 0.0, "pPicea": 0.554, "pPinus": 0.0, "pAbies": 0.0, "pDouglas": 0.0, "pLarix": 0.036, "pOtherNb": 0.0, "pNoEurop": 0.0, "pNoEuropD": 0.0, "pEurop": 1.0, "pDecid": 0.41, "pConifer": 0.59, "pAll": 1.0, "Cell_id": "4391_3029", "EPSG": 31468, "Netz": 256, "Dichte": 8, "Bl": ";16;" }, "geometry": { "type": "Point", "coordinates": [ 641574.686360993655398, 5582025.890535440295935 ] } },
{ "type": "Feature", "properties": { "Tnr": 57373, "mitRand": 0, "AnzHBbeg": 4, "pHaupt": 1.0, "poHaupt": 0.0, "pQuerus": 0.0, "pFagus": 0.0, "pFraxinus": 0.0, "pCarpinus": 0.0, "pAcer": 0.0, "pTilia": 0.0, "pRobinia": 0.0, "pUlmus": 0.0, "pCastanea": 0.0, "pOtherLH": 0.0, "pBetula": 0.0, "pAlnus": 0.0, "pPopulus": 0.0, "pSalix": 0.0, "pSorbus": 0.0, "pPrunus": 0.0, "pMalus": 0.0, "pPyrus": 0.0, "pOtherLN": 0.0, "pPicea": 0.408, "pPinus": 0.279, "pAbies": 0.0, "pDouglas": 0.0, "pLarix": 0.313, "pOtherNb": 0.0, "pNoEurop": 0.0, "pNoEuropD": 0.0, "pEurop": 1.0, "pDecid": 0.0, "pConifer": 1.0, "pAll": 1.0, "Cell_id": "4399_3029", "EPSG": 31468, "Netz": 64, "Dichte": 8, "Bl": ";16;" }, "geometry": { "type": "Point", "coordinates": [ 649572.445366273750551, 5582131.75921137444675 ] } },
{ "type": "Feature", "properties": { "Tnr": 57375, "mitRand": 1, "AnzHBbeg": 4, "pHaupt": 1.0, "poHaupt": 0.0, "pQuerus": 0.129, "pFagus": 0.109, "pFraxinus": 0.0, "pCarpinus": 0.0, "pAcer": 0.0, "pTilia": 0.0, "pRobinia": 0.0, "pUlmus": 0.0, "pCastanea": 0.0, "pOtherLH": 0.0, "pBetula": 0.118, "pAlnus": 0.0, "pPopulus": 0.0, "pSalix": 0.0, "pSorbus": 0.0, "pPrunus": 0.0, "pMalus": 0.0, "pPyrus": 0.0, "pOtherLN": 0.0, "pPicea": 0.0, "pPinus": 0.235, "pAbies": 0.0, "pDouglas": 0.0, "pLarix": 0.409, "pOtherNb": 0.0, "pNoEurop": 0.0, "pNoEuropD": 0.0, "pEurop": 1.0, "pDecid": 0.356, "pConifer": 0.644, "pAll": 1.0, "Cell_id": "4403_3029", "EPSG": 31468, "Netz": 16, "Dichte": 8, "Bl": ";16;" }, "geometry": { "type": "Point", "coordinates": [ 653571.824625979061238, 5582184.693465652875602 ] } },
{ "type": "Feature", "properties": { "Tnr": 57377, "mitRand": 0, "AnzHBbeg": 4, "pHaupt": 1.0, "poHaupt": 0.0, "pQuerus": 0.0, "pFagus": 0.39, "pFraxinus": 0.0, "pCarpinus": 0.0, "pAcer": 0.0, "pTilia": 0.0, "pRobinia": 0.0, "pUlmus": 0.0, "pCastanea": 0.0, "pOtherLH": 0.0, "pBetula": 0.0, "pAlnus": 0.0, "pPopulus": 0.0, "pSalix": 0.0, "pSorbus": 0.0, "pPrunus": 0.0, "pMalus": 0.0, "pPyrus": 0.0, "pOtherLN": 0.0, "pPicea": 0.61, "pPinus": 0.0, "pAbies": 0.0, "pDouglas": 0.0, "pLarix": 0.0, "pOtherNb": 0.0, "pNoEurop": 0.0, "pNoEuropD": 0.0, "pEurop": 1.0, "pDecid": 0.39, "pConifer": 0.61, "pAll": 1.0, "Cell_id": "4407_3029", "EPSG": 31468, "Netz": 256, "Dichte": 8, "Bl": ";16;" }, "geometry": { "type": "Point", "coordinates": [ 657570.204263790510595, 5582237.627678868360817 ] } },
{ "type": "Feature", "properties": { "Tnr": 57379, "mitRand": 1, "AnzHBbeg": 2, "pHaupt": 1.0, "poHaupt": 0.0, "pQuerus": 0.0, "pFagus": 0.0, "pFraxinus": 0.0, "pCarpinus": 0.0, "pAcer": 0.0, "pTilia": 0.0, "pRobinia": 0.0, "pUlmus": 0.0, "pCastanea": 0.0, "pOtherLH": 0.0, "pBetula": 0.0, "pAlnus": 0.0, "pPopulus": 0.0, "pSalix": 0.0, "pSorbus": 0.0, "pPrunus": 0.0, "pMalus": 0.0, "pPyrus": 0.0, "pOtherLN": 0.0, "pPicea": 1.0, "pPinus": 0.0, "pAbies": 0.0, "pDouglas": 0.0, "pLarix": 0.0, "pOtherNb": 0.0, "pNoEurop": 0.0, "pNoEuropD": 0.0, "pEurop": 1.0, "pDecid": 0.0, "pConifer": 1.0, "pAll": 1.0, "Cell_id": "4411_3029", "EPSG": 31468, "Netz": 16, "Dichte": 8, "Bl": ";16;" }, "geometry": { "type": "Point", "coordinates": [ 661569.583469046745449, 5582290.561828842386603 ] } },
{ "type": "Feature", "properties": { "Tnr": 57408, "mitRand": 0, "AnzHBbeg": 4, "pHaupt": 1.0, "poHaupt": 0.0, "pQuerus": 0.0, "pFagus": 0.0, "pFraxinus": 0.0, "pCarpinus": 0.0, "pAcer": 0.0, "pTilia": 0.0, "pRobinia": 0.0, "pUlmus": 0.0, "pCastanea": 0.0, "pOtherLH": 0.0, "pBetula": 0.074, "pAlnus": 0.0, "pPopulus": 0.128, "pSalix": 0.0, "pSorbus": 0.0, "pPrunus": 0.0, "pMalus": 0.0, "pPyrus": 0.0, "pOtherLN": 0.0, "pPicea": 0.465, "pPinus": 0.332, "pAbies": 0.0, "pDouglas": 0.0, "pLarix": 0.0, "pOtherNb": 0.0, "pNoEurop": 0.0, "pNoEuropD": 0.0, "pEurop": 1.0, "pDecid": 0.202, "pConifer": 0.798, "pAll": 1.0, "Cell_id": "4397_3027", "EPSG": 31468, "Netz": 8, "Dichte": 8, "Bl": ";16;" }, "geometry": { "type": "Point", "coordinates": [ 647599.222892408724874, 5580106.602063868194818 ] } },
{ "type": "Feature", "properties": { "Tnr": 57409, "mitRand": 1, "AnzHBbeg": 2, "pHaupt": 1.0, "poHaupt": 0.0, "pQuerus": 0.217, "pFagus": 0.0, "pFraxinus": 0.0, "pCarpinus": 0.0, "pAcer": 0.0, "pTilia": 0.0, "pRobinia": 0.0, "pUlmus": 0.0, "pCastanea": 0.0, "pOtherLH": 0.0, "pBetula": 0.598, "pAlnus": 0.0, "pPopulus": 0.0, "pSalix": 0.0, "pSorbus": 0.0, "pPrunus": 0.0, "pMalus": 0.0, "pPyrus": 0.0, "pOtherLN": 0.0, "pPicea": 0.0, "pPinus": 0.185, "pAbies": 0.0, "pDouglas": 0.0, "pLarix": 0.0, "pOtherNb": 0.0, "pNoEurop": 0.0, "pNoEuropD": 0.0, "pEurop": 1.0, "pDecid": 0.815, "pConifer": 0.185, "pAll": 1.0, "Cell_id": "4401_3027", "EPSG": 31468, "Netz": 8, "Dichte": 8, "Bl": ";16;" }, "geometry": { "type": "Point", "coordinates": [ 651598.602128466474824, 5580158.53676291462034 ] } },
{ "type": "Feature", "properties": { "Tnr": 57434, "mitRand": 0, "AnzHBbeg": 4, "pHaupt": 1.0, "poHaupt": 0.0, "pQuerus": 0.588, "pFagus": 0.0, "pFraxinus": 0.0, "pCarpinus": 0.194, "pAcer": 0.0, "pTilia": 0.0, "pRobinia": 0.0, "pUlmus": 0.0, "pCastanea": 0.0, "pOtherLH": 0.0, "pBetula": 0.116, "pAlnus": 0.0, "pPopulus": 0.0, "pSalix": 0.0, "pSorbus": 0.0, "pPrunus": 0.102, "pMalus": 0.0, "pPyrus": 0.0, "pOtherLN": 0.0, "pPicea": 0.0, "pPinus": 0.0, "pAbies": 0.0, "pDouglas": 0.0, "pLarix": 0.0, "pOtherNb": 0.0, "pNoEurop": 0.0, "pNoEuropD": 0.0, "pEurop": 1.0, "pDecid": 1.0, "pConifer": 0.0, "pAll": 1.0, "Cell_id": "4367_3024", "EPSG": 31468, "Netz": 16, "Dichte": 8, "Bl": ";16;" }, "geometry": { "type": "Point", "coordinates": [ 617650.325989790260792, 5576709.308918280526996 ] } },
{ "type": "Feature", "properties": { "Tnr": 57436, "mitRand": 0, "AnzHBbeg": 3, "pHaupt": 1.0, "poHaupt": 0.0, "pQuerus": 0.697, "pFagus": 0.024, "pFraxinus": 0.0, "pCarpinus": 0.218, "pAcer": 0.0, "pTilia": 0.061, "pRobinia": 0.0, "pUlmus": 0.0, "pCastanea": 0.0, "pOtherLH": 0.0, "pBetula": 0.0, "pAlnus": 0.0, "pPopulus": 0.0, "pSalix": 0.0, "pSorbus": 0.0, "pPrunus": 0.0, "pMalus": 0.0, "pPyrus": 0.0, "pOtherLN": 0.0, "pPicea": 0.0, "pPinus": 0.0, "pAbies": 0.0, "pDouglas": 0.0, "pLarix": 0.0, "pOtherNb": 0.0, "pNoEurop": 0.0, "pNoEuropD": 0.0, "pEurop": 1.0, "pDecid": 1.0, "pConifer": 0.0, "pAll": 1.0, "Cell_id": "4371_3024", "EPSG": 31468, "Netz": 16, "Dichte": 8, "Bl": ";16;" }, "geometry": { "type": "Point", "coordinates": [ 621648.705800080439076, 5576762.243631634861231 ] } },
{ "type": "Feature", "properties": { "Tnr": 57439, "mitRand": 1, "AnzHBbeg": 3, "pHaupt": 1.0, "poHaupt": 0.0, "pQuerus": 0.0, "pFagus": 0.0, "pFraxinus": 0.0, "pCarpinus": 0.0, "pAcer": 0.0, "pTilia": 0.0, "pRobinia": 0.0, "pUlmus": 0.0, "pCastanea": 0.0, "pOtherLH": 0.0, "pBetula": 0.333, "pAlnus": 0.0, "pPopulus": 0.0, "pSalix": 0.0, "pSorbus": 0.0, "pPrunus": 0.0, "pMalus": 0.0, "pPyrus": 0.0, "pOtherLN": 0.0, "pPicea": 0.0, "pPinus": 0.667, "pAbies": 0.0, "pDouglas": 0.0, "pLarix": 0.0, "pOtherNb": 0.0, "pNoEurop": 0.0, "pNoEuropD": 0.0, "pEurop": 1.0, "pDecid": 0.333, "pConifer": 0.667, "pAll": 1.0, "Cell_id": "4407_3025", "EPSG": 31468, "Netz": 16, "Dichte": 8, "Bl": ";16;" }, "geometry": { "type": "Point", "coordinates": [ 657624.138044955092482, 5578238.248557372950017 ] } },
{ "type": "Feature", "properties": { "Tnr": 57441, "mitRand": 1, "AnzHBbeg": 2, "pHaupt": 1.0, "poHaupt": 0.0, "pQuerus": 0.0, "pFagus": 0.0, "pFraxinus": 0.0, "pCarpinus": 0.0, "pAcer": 0.0, "pTilia": 0.0, "pRobinia": 0.0, "pUlmus": 0.0, "pCastanea": 0.0, "pOtherLH": 0.0, "pBetula": 0.142, "pAlnus": 0.0, "pPopulus": 0.5, "pSalix": 0.0, "pSorbus": 0.0, "pPrunus": 0.0, "pMalus": 0.0, "pPyrus": 0.0, "pOtherLN": 0.0, "pPicea": 0.358, "pPinus": 0.0, "pAbies": 0.0, "pDouglas": 0.0, "pLarix": 0.0, "pOtherNb": 0.0, "pNoEurop": 0.0, "pNoEuropD": 0.0, "pEurop": 1.0, "pDecid": 0.642, "pConifer": 0.358, "pAll": 1.0, "Cell_id": "4411_3025", "EPSG": 31468, "Netz": 16, "Dichte": 8, "Bl": ";16;" }, "geometry": { "type": "Point", "coordinates": [ 661622.51760325988289, 5578291.182745799422264 ] } },
{ "type": "Feature", "properties": { "Tnr": 57461, "mitRand": 1, "AnzHBbeg": 3, "pHaupt": 1.0, "poHaupt": 0.0, "pQuerus": 0.667, "pFagus": 0.0, "pFraxinus": 0.0, "pCarpinus": 0.0, "pAcer": 0.0, "pTilia": 0.0, "pRobinia": 0.0, "pUlmus": 0.0, "pCastanea": 0.0, "pOtherLH": 0.0, "pBetula": 0.0, "pAlnus": 0.0, "pPopulus": 0.0, "pSalix": 0.0, "pSorbus": 0.0, "pPrunus": 0.0, "pMalus": 0.0, "pPyrus": 0.0, "pOtherLN": 0.0, "pPicea": 0.034, "pPinus": 0.299, "pAbies": 0.0, "pDouglas": 0.0, "pLarix": 0.0, "pOtherNb": 0.0, "pNoEurop": 0.0, "pNoEuropD": 0.0, "pEurop": 1.0, "pDecid": 0.667, "pConifer": 0.333, "pAll": 1.0, "Cell_id": "4369_3022", "EPSG": 31468, "Netz": 8, "Dichte": 8, "Bl": ";16;" }, "geometry": { "type": "Point", "coordinates": [ 619675.483454028842971, 5574736.086632371880114 ] } },
{ "type": "Feature", "properties": { "Tnr": 57463, "mitRand": 1, "AnzHBbeg": 1, "pHaupt": 1.0, "poHaupt": 0.0, "pQuerus": 0.0, "pFagus": 0.0, "pFraxinus": 0.0, "pCarpinus": 0.0, "pAcer": 0.0, "pTilia": 0.0, "pRobinia": 0.0, "pUlmus": 0.0, "pCastanea": 0.0, "pOtherLH": 0.0, "pBetula": 0.0, "pAlnus": 0.0, "pPopulus": 0.0, "pSalix": 0.0, "pSorbus": 0.0, "pPrunus": 0.0, "pMalus": 0.0, "pPyrus": 0.0, "pOtherLN": 0.0, "pPicea": 0.0, "pPinus": 1.0, "pAbies": 0.0, "pDouglas": 0.0, "pLarix": 0.0, "pOtherNb": 0.0, "pNoEurop": 0.0, "pNoEuropD": 0.0, "pEurop": 1.0, "pDecid": 0.0, "pConifer": 1.0, "pAll": 1.0, "Cell_id": "4373_3022", "EPSG": 31468, "Netz": 8, "Dichte": 8, "Bl": ";16;" }, "geometry": { "type": "Point", "coordinates": [ 623674.862820421345532, 5574789.021321741864085 ] } },
{ "type": "Feature", "properties": { "Tnr": 57465, "mitRand": 1, "AnzHBbeg": 1, "pHaupt": 1.0, "poHaupt": 0.0, "pQuerus": 1.0, "pFagus": 0.0, "pFraxinus": 0.0, "pCarpinus": 0.0, "pAcer": 0.0, "pTilia": 0.0, "pRobinia": 0.0, "pUlmus": 0.0, "pCastanea": 0.0, "pOtherLH": 0.0, "pBetula": 0.0, "pAlnus": 0.0, "pPopulus": 0.0, "pSalix": 0.0, "pSorbus": 0.0, "pPrunus": 0.0, "pMalus": 0.0, "pPyrus": 0.0, "pOtherLN": 0.0, "pPicea": 0.0, "pPinus": 0.0, "pAbies": 0.0, "pDouglas": 0.0, "pLarix": 0.0, "pOtherNb": 0.0, "pNoEurop": 0.0, "pNoEuropD": 0.0, "pEurop": 1.0, "pDecid": 1.0, "pConifer": 0.0, "pAll": 1.0, "Cell_id": "4405_3023", "EPSG": 31468, "Netz": 8, "Dichte": 8, "Bl": ";16;" }, "geometry": { "type": "Point", "coordinates": [ 655650.915574612445198, 5576212.091906832531095 ] } },
{ "type": "Feature", "properties": { "Tnr": 57467, "mitRand": 1, "AnzHBbeg": 1, "pHaupt": 1.0, "poHaupt": 0.0, "pQuerus": 0.205, "pFagus": 0.0, "pFraxinus": 0.0, "pCarpinus": 0.32, "pAcer": 0.33, "pTilia": 0.146, "pRobinia": 0.0, "pUlmus": 0.0, "pCastanea": 0.0, "pOtherLH": 0.0, "pBetula": 0.0, "pAlnus": 0.0, "pPopulus": 0.0, "pSalix": 0.0, "pSorbus": 0.0, "pPrunus": 0.0, "pMalus": 0.0, "pPyrus": 0.0, "pOtherLN": 0.0, "pPicea": 0.0, "pPinus": 0.0, "pAbies": 0.0, "pDouglas": 0.0, "pLarix": 0.0, "pOtherNb": 0.0, "pNoEurop": 0.205, "pNoEuropD": 0.205, "pEurop": 0.795, "pDecid": 1.0, "pConifer": 0.0, "pAll": 1.0, "Cell_id": "4409_3023", "EPSG": 31468, "Netz": 8, "Dichte": 8, "Bl": ";16;" }, "geometry": { "type": "Point", "coordinates": [ 659650.294715325231664, 5576265.026123813353479 ] } },
{ "type": "Feature", "properties": { "Tnr": 57488, "mitRand": 1, "AnzHBbeg": 2, "pHaupt": 1.0, "poHaupt": 0.0, "pQuerus": 0.223, "pFagus": 0.0, "pFraxinus": 0.0, "pCarpinus": 0.0, "pAcer": 0.0, "pTilia": 0.0, "pRobinia": 0.0, "pUlmus": 0.0, "pCastanea": 0.0, "pOtherLH": 0.0, "pBetula": 0.159, "pAlnus": 0.0, "pPopulus": 0.0, "pSalix": 0.0, "pSorbus": 0.0, "pPrunus": 0.0, "pMalus": 0.0, "pPyrus": 0.0, "pOtherLN": 0.0, "pPicea": 0.028, "pPinus": 0.439, "pAbies": 0.0, "pDouglas": 0.0, "pLarix": 0.15, "pOtherNb": 0.0, "pNoEurop": 0.0, "pNoEuropD": 0.0, "pEurop": 1.0, "pDecid": 0.382, "pConifer": 0.618, "pAll": 1.0, "Cell_id": "4407_3021", "EPSG": 31468, "Netz": 64, "Dichte": 8, "Bl": ";16;" }, "geometry": { "type": "Point", "coordinates": [ 657677.072258645901456, 5574238.869499314576387 ] } },
{ "type": "Feature", "properties": { "Tnr": 57501, "mitRand": 0, "AnzHBbeg": 2, "pHaupt": 1.0, "poHaupt": 0.0, "pQuerus": 0.827, "pFagus": 0.025, "pFraxinus": 0.0, "pCarpinus": 0.0, "pAcer": 0.148, "pTilia": 0.0, "pRobinia": 0.0, "pUlmus": 0.0, "pCastanea": 0.0, "pOtherLH": 0.0, "pBetula": 0.0, "pAlnus": 0.0, "pPopulus": 0.0, "pSalix": 0.0, "pSorbus": 0.0, "pPrunus": 0.0, "pMalus": 0.0, "pPyrus": 0.0, "pOtherLN": 0.0, "pPicea": 0.0, "pPinus": 0.0, "pAbies": 0.0, "pDouglas": 0.0, "pLarix": 0.0, "pOtherNb": 0.0, "pNoEurop": 0.0, "pNoEuropD": 0.0, "pEurop": 1.0, "pDecid": 1.0, "pConifer": 0.0, "pAll": 1.0, "Cell_id": "4369_3018", "EPSG": 31468, "Netz": 8, "Dichte": 8, "Bl": ";16;" }, "geometry": { "type": "Point", "coordinates": [ 619729.417774577857926, 5570736.707351358607411 ] } },
{ "type": "Feature", "properties": { "Tnr": 57503, "mitRand": 1, "AnzHBbeg": 2, "pHaupt": 1.0, "poHaupt": 0.0, "pQuerus": 0.0, "pFagus": 0.0, "pFraxinus": 0.218, "pCarpinus": 0.0, "pAcer": 0.171, "pTilia": 0.0, "pRobinia": 0.112, "pUlmus": 0.0, "pCastanea": 0.0, "pOtherLH": 0.0, "pBetula": 0.207, "pAlnus": 0.0, "pPopulus": 0.0, "pSalix": 0.0, "pSorbus": 0.0, "pPrunus": 0.0, "pMalus": 0.0, "pPyrus": 0.0, "pOtherLN": 0.0, "pPicea": 0.0, "pPinus": 0.293, "pAbies": 0.0, "pDouglas": 0.0, "pLarix": 0.0, "pOtherNb": 0.0, "pNoEurop": 0.112, "pNoEuropD": 0.112, "pEurop": 0.888, "pDecid": 0.707, "pConifer": 0.293, "pAll": 1.0, "Cell_id": "4373_3018", "EPSG": 31468, "Netz": 8, "Dichte": 8, "Bl": ";16;" }, "geometry": { "type": "Point", "coordinates": [ 623727.797505486290902, 5570790.641672081314027 ] } },
{ "type": "Feature", "properties": { "Tnr": 57505, "mitRand": 0, "AnzHBbeg": 1, "pHaupt": 1.0, "poHaupt": 0.0, "pQuerus": 0.0, "pFagus": 0.0, "pFraxinus": 0.0, "pCarpinus": 0.508, "pAcer": 0.0, "pTilia": 0.0, "pRobinia": 0.0, "pUlmus": 0.0, "pCastanea": 0.0, "pOtherLH": 0.0, "pBetula": 0.0, "pAlnus": 0.0, "pPopulus": 0.0, "pSalix": 0.0, "pSorbus": 0.0, "pPrunus": 0.0, "pMalus": 0.0, "pPyrus": 0.0, "pOtherLN": 0.0, "pPicea": 0.0, "pPinus": 0.492, "pAbies": 0.0, "pDouglas": 0.0, "pLarix": 0.0, "pOtherNb": 0.0, "pNoEurop": 0.0, "pNoEuropD": 0.0, "pEurop": 1.0, "pDecid": 0.508, "pConifer": 0.492, "pAll": 1.0, "Cell_id": "4377_3018", "EPSG": 31468, "Netz": 8, "Dichte": 8, "Bl": ";16;" }, "geometry": { "type": "Point", "coordinates": [ 627726.177199663361534, 5570843.576346606947482 ] } },
{ "type": "Feature", "properties": { "Tnr": 57508, "mitRand": 1, "AnzHBbeg": 1, "pHaupt": 1.0, "poHaupt": 0.0, "pQuerus": 0.0, "pFagus": 0.0, "pFraxinus": 0.0, "pCarpinus": 0.0, "pAcer": 0.0, "pTilia": 0.0, "pRobinia": 0.0, "pUlmus": 0.0, "pCastanea": 0.0, "pOtherLH": 0.0, "pBetula": 1.0, "pAlnus": 0.0, "pPopulus": 0.0, "pSalix": 0.0, "pSorbus": 0.0, "pPrunus": 0.0, "pMalus": 0.0, "pPyrus": 0.0, "pOtherLN": 0.0, "pPicea": 0.0, "pPinus": 0.0, "pAbies": 0.0, "pDouglas": 0.0, "pLarix": 0.0, "pOtherNb": 0.0, "pNoEurop": 0.0, "pNoEuropD": 0.0, "pEurop": 1.0, "pDecid": 1.0, "pConifer": 0.0, "pAll": 1.0, "Cell_id": "4405_3019", "EPSG": 31468, "Netz": 8, "Dichte": 8, "Bl": ";16;" }, "geometry": { "type": "Point", "coordinates": [ 655703.849827909376472, 5572212.712861247360706 ] } },
{ "type": "Feature", "properties": { "Tnr": 57522, "mitRand": 1, "AnzHBbeg": 4, "pHaupt": 1.0, "poHaupt": 0.0, "pQuerus": 0.131, "pFagus": 0.0, "pFraxinus": 0.0, "pCarpinus": 0.0, "pAcer": 0.0, "pTilia": 0.0, "pRobinia": 0.0, "pUlmus": 0.0, "pCastanea": 0.0, "pOtherLH": 0.0, "pBetula": 0.0, "pAlnus": 0.0, "pPopulus": 0.0, "pSalix": 0.0, "pSorbus": 0.0, "pPrunus": 0.0, "pMalus": 0.0, "pPyrus": 0.0, "pOtherLN": 0.0, "pPicea": 0.0, "pPinus": 0.612, "pAbies": 0.0, "pDouglas": 0.0, "pLarix": 0.257, "pOtherNb": 0.0, "pNoEurop": 0.0, "pNoEuropD": 0.0, "pEurop": 1.0, "pDecid": 0.131, "pConifer": 0.869, "pAll": 1.0, "Cell_id": "4371_3016", "EPSG": 31468, "Netz": 16, "Dichte": 8, "Bl": ";16;" }, "geometry": { "type": "Point", "coordinates": [ 621755.574805686832406, 5568764.484700861386955 ] } },
{ "type": "Feature", "properties": { "Tnr": 57524, "mitRand": 1, "AnzHBbeg": 4, "pHaupt": 1.0, "poHaupt": 0.0, "pQuerus": 0.142, "pFagus": 0.027, "pFraxinus": 0.0, "pCarpinus": 0.0, "pAcer": 0.147, "pTilia": 0.0, "pRobinia": 0.0, "pUlmus": 0.0, "pCastanea": 0.0, "pOtherLH": 0.0, "pBetula": 0.0, "pAlnus": 0.0, "pPopulus": 0.0, "pSalix": 0.0, "pSorbus": 0.0, "pPrunus": 0.0, "pMalus": 0.0, "pPyrus": 0.0, "pOtherLN": 0.0, "pPicea": 0.195, "pPinus": 0.238, "pAbies": 0.0, "pDouglas": 0.0, "pLarix": 0.25, "pOtherNb": 0.0, "pNoEurop": 0.0, "pNoEuropD": 0.0, "pEurop": 1.0, "pDecid": 0.317, "pConifer": 0.683, "pAll": 1.0, "Cell_id": "4375_3016", "EPSG": 31468, "Netz": 16, "Dichte": 8, "Bl": ";16;" }, "geometry": { "type": "Point", "coordinates": [ 625753.954487021896057, 5568817.419413978233933 ] } },
{ "type": "Feature", "properties": { "Tnr": 57538, "mitRand": 1, "AnzHBbeg": 1, "pHaupt": 1.0, "poHaupt": 0.0, "pQuerus": 0.413, "pFagus": 0.295, "pFraxinus": 0.0, "pCarpinus": 0.0, "pAcer": 0.0, "pTilia": 0.0, "pRobinia": 0.0, "pUlmus": 0.0, "pCastanea": 0.0, "pOtherLH": 0.0, "pBetula": 0.0, "pAlnus": 0.0, "pPopulus": 0.0, "pSalix": 0.0, "pSorbus": 0.0, "pPrunus": 0.0, "pMalus": 0.0, "pPyrus": 0.0, "pOtherLN": 0.0, "pPicea": 0.0, "pPinus": 0.292, "pAbies": 0.0, "pDouglas": 0.0, "pLarix": 0.0, "pOtherNb": 0.0, "pNoEurop": 0.0, "pNoEuropD": 0.0, "pEurop": 1.0, "pDecid": 0.708, "pConifer": 0.292, "pAll": 1.0, "Cell_id": "4369_3014", "EPSG": 31468, "Netz": 8, "Dichte": 8, "Bl": ";16;" }, "geometry": { "type": "Point", "coordinates": [ 619782.35253682686016, 5566738.327727853320539 ] } },
{ "type": "Feature", "properties": { "Tnr": 57549, "mitRand": 1, "AnzHBbeg": 2, "pHaupt": 1.0, "poHaupt": 0.0, "pQuerus": 0.296, "pFagus": 0.193, "pFraxinus": 0.0, "pCarpinus": 0.0, "pAcer": 0.0, "pTilia": 0.0, "pRobinia": 0.0, "pUlmus": 0.0, "pCastanea": 0.0, "pOtherLH": 0.0, "pBetula": 0.0, "pAlnus": 0.0, "pPopulus": 0.0, "pSalix": 0.0, "pSorbus": 0.13, "pPrunus": 0.0, "pMalus": 0.0, "pPyrus": 0.0, "pOtherLN": 0.0, "pPicea": 0.0, "pPinus": 0.381, "pAbies": 0.0, "pDouglas": 0.0, "pLarix": 0.0, "pOtherNb": 0.0, "pNoEurop": 0.0, "pNoEuropD": 0.0, "pEurop": 1.0, "pDecid": 0.619, "pConifer": 0.381, "pAll": 1.0, "Cell_id": "4371_3012", "EPSG": 31468, "Netz": 16, "Dichte": 8, "Bl": ";16;" }, "geometry": { "type": "Point", "coordinates": [ 621808.509544099331833, 5564765.105521239340305 ] } }
]
}
