{
"type": "FeatureCollection",
"name": "pTreeSpecies",
"crs": { "type": "name", "properties": { "name": "urn:ogc:def:crs:OGC:1.3:CRS84" } },
"features": [
{ "type": "Feature", "properties": { "Tnr": 16635, "mitRand": 1, "AnzHBbeg": 4, "pHaupt": 1.0, "poHaupt": 0.0, "pQuerus": 0.232, "pFagus": 0.072, "pFraxinus": 0.0, "pCarpinus": 0.0, "pAcer": 0.0, "pTilia": 0.0, "pRobinia": 0.0, "pUlmus": 0.0, "pCastanea": 0.0, "pOtherLH": 0.0, "pBetula": 0.0, "pAlnus": 0.0, "pPopulus": 0.0, "pSalix": 0.0, "pSorbus": 0.0, "pPrunus": 0.0, "pMalus": 0.0, "pPyrus": 0.0, "pOtherLN": 0.0, "pPicea": 0.595, "pPinus": 0.049, "pAbies": 0.0, "pDouglas": 0.051, "pLarix": 0.0, "pOtherNb": 0.0, "pNoEurop": 0.051, "pNoEuropD": 0.0, "pEurop": 0.949, "pDecid": 0.305, "pConifer": 0.695, "pAll": 1.0, "Cell_id": "4363_3012", "EPSG": 31468, "Netz": 16, "Dichte": 16, "Bl": ";9;" }, "geometry": { "type": "Point", "coordinates": [ 10.595495811435656, 50.223142908466194 ] } },
{ "type": "Feature", "properties": { "Tnr": 16636, "mitRand": 1, "AnzHBbeg": 4, "pHaupt": 1.0, "poHaupt": 0.0, "pQuerus": 0.235, "pFagus": 0.366, "pFraxinus": 0.0, "pCarpinus": 0.025, "pAcer": 0.0, "pTilia": 0.0, "pRobinia": 0.0, "pUlmus": 0.0, "pCastanea": 0.0, "pOtherLH": 0.0, "pBetula": 0.0, "pAlnus": 0.0, "pPopulus": 0.0, "pSalix": 0.0, "pSorbus": 0.0, "pPrunus": 0.0, "pMalus": 0.0, "pPyrus": 0.0, "pOtherLN": 0.0, "pPicea": 0.098, "pPinus": 0.222, "pAbies": 0.054, "pDouglas": 0.0, "pLarix": 0.0, "pOtherNb": 0.0, "pNoEurop": 0.0, "pNoEuropD": 0.0, "pEurop": 1.0, "pDecid": 0.626, "pConifer": 0.374, "pAll": 1.0, "Cell_id": "4367_3012", "EPSG": 31468, "Netz": 64, "Dichte": 16, "Bl": ";9;" }, "geometry": { "type": "Point", "coordinates": [ 10.651540149292684, 50.222835789983634 ] } },
{ "type": "Feature", "properties": { "Tnr": 16738, "mitRand": 0, "AnzHBbeg": 1, "pHaupt": 1.0, "poHaupt": 0.0, "pQuerus": 0.423, "pFagus": 0.0, "pFraxinus": 0.0, "pCarpinus": 0.162, "pAcer": 0.0, "pTilia": 0.415, "pRobinia": 0.0, "pUlmus": 0.0, "pCastanea": 0.0, "pOtherLH": 0.0, "pBetula": 0.0, "pAlnus": 0.0, "pPopulus": 0.0, "pSalix": 0.0, "pSorbus": 0.0, "pPrunus": 0.0, "pMalus": 0.0, "pPyrus": 0.0, "pOtherLN": 0.0, "pPicea": 0.0, "pPinus": 0.0, "pAbies": 0.0, "pDouglas": 0.0, "pLarix": 0.0, "pOtherNb": 0.0, "pNoEurop": 0.0, "pNoEuropD": 0.0, "pEurop": 1.0, "pDecid": 1.0, "pConifer": 0.0, "pAll": 1.0, "Cell_id": "4363_3016", "EPSG": 31468, "Netz": 16, "Dichte": 16, "Bl": ";9;" }, "geometry": { "type": "Point", "coordinates": [ 10.595954104075449, 50.259099278062443 ] } },
{ "type": "Feature", "properties": { "Tnr": 16744, "mitRand": 1, "AnzHBbeg": 2, "pHaupt": 1.0, "poHaupt": 0.0, "pQuerus": 0.0, "pFagus": 0.0, "pFraxinus": 0.0, "pCarpinus": 0.0, "pAcer": 0.0, "pTilia": 0.0, "pRobinia": 0.0, "pUlmus": 0.0, "pCastanea": 0.0, "pOtherLH": 0.0, "pBetula": 0.0, "pAlnus": 0.0, "pPopulus": 0.0, "pSalix": 0.0, "pSorbus": 0.0, "pPrunus": 0.0, "pMalus": 0.0, "pPyrus": 0.0, "pOtherLN": 0.0, "pPicea": 0.642, "pPinus": 0.044, "pAbies": 0.037, "pDouglas": 0.0, "pLarix": 0.277, "pOtherNb": 0.0, "pNoEurop": 0.0, "pNoEuropD": 0.0, "pEurop": 1.0, "pDecid": 0.0, "pConifer": 1.0, "pAll": 1.0, "Cell_id": "4403_3017", "EPSG": 31468, "Netz": 16, "Dichte": 16, "Bl": ";9;" }, "geometry": { "type": "Point", "coordinates": [ 11.156997642807871, 50.263790430108479 ] } },
{ "type": "Feature", "properties": { "Tnr": 16746, "mitRand": 0, "AnzHBbeg": 4, "pHaupt": 1.0, "poHaupt": 0.0, "pQuerus": 0.155, "pFagus": 0.0, "pFraxinus": 0.0, "pCarpinus": 0.0, "pAcer": 0.0, "pTilia": 0.0, "pRobinia": 0.0, "pUlmus": 0.0, "pCastanea": 0.0, "pOtherLH": 0.0, "pBetula": 0.0, "pAlnus": 0.0, "pPopulus": 0.0, "pSalix": 0.0, "pSorbus": 0.0, "pPrunus": 0.0, "pMalus": 0.0, "pPyrus": 0.0, "pOtherLN": 0.0, "pPicea": 0.746, "pPinus": 0.099, "pAbies": 0.0, "pDouglas": 0.0, "pLarix": 0.0, "pOtherNb": 0.0, "pNoEurop": 0.0, "pNoEuropD": 0.0, "pEurop": 1.0, "pDecid": 0.155, "pConifer": 0.845, "pAll": 1.0, "Cell_id": "4411_3017", "EPSG": 31468, "Netz": 16, "Dichte": 16, "Bl": ";9;" }, "geometry": { "type": "Point", "coordinates": [ 11.269167741961489, 50.262605910049473 ] } },
{ "type": "Feature", "properties": { "Tnr": 16838, "mitRand": 1, "AnzHBbeg": 4, "pHaupt": 1.0, "poHaupt": 0.0, "pQuerus": 0.361, "pFagus": 0.02, "pFraxinus": 0.0, "pCarpinus": 0.0, "pAcer": 0.006, "pTilia": 0.0, "pRobinia": 0.0, "pUlmus": 0.0, "pCastanea": 0.0, "pOtherLH": 0.0, "pBetula": 0.079, "pAlnus": 0.0, "pPopulus": 0.0, "pSalix": 0.022, "pSorbus": 0.0, "pPrunus": 0.0, "pMalus": 0.0, "pPyrus": 0.0, "pOtherLN": 0.0, "pPicea": 0.356, "pPinus": 0.156, "pAbies": 0.0, "pDouglas": 0.0, "pLarix": 0.0, "pOtherNb": 0.0, "pNoEurop": 0.0, "pNoEuropD": 0.0, "pEurop": 1.0, "pDecid": 0.488, "pConifer": 0.512, "pAll": 1.0, "Cell_id": "4375_3020", "EPSG": 31468, "Netz": 64, "Dichte": 16, "Bl": ";9;" }, "geometry": { "type": "Point", "coordinates": [ 10.764782033967418, 50.294058134750898 ] } },
{ "type": "Feature", "properties": { "Tnr": 16845, "mitRand": 1, "AnzHBbeg": 3, "pHaupt": 1.0, "poHaupt": 0.0, "pQuerus": 0.077, "pFagus": 0.0, "pFraxinus": 0.0, "pCarpinus": 0.0, "pAcer": 0.0, "pTilia": 0.0, "pRobinia": 0.0, "pUlmus": 0.0, "pCastanea": 0.0, "pOtherLH": 0.0, "pBetula": 0.0, "pAlnus": 0.0, "pPopulus": 0.163, "pSalix": 0.029, "pSorbus": 0.0, "pPrunus": 0.0, "pMalus": 0.0, "pPyrus": 0.0, "pOtherLN": 0.0, "pPicea": 0.63, "pPinus": 0.101, "pAbies": 0.0, "pDouglas": 0.0, "pLarix": 0.0, "pOtherNb": 0.0, "pNoEurop": 0.0, "pNoEuropD": 0.0, "pEurop": 1.0, "pDecid": 0.27, "pConifer": 0.73, "pAll": 1.0, "Cell_id": "4411_3021", "EPSG": 31468, "Netz": 16, "Dichte": 16, "Bl": ";9;" }, "geometry": { "type": "Point", "coordinates": [ 11.270135262250475, 50.298561044555406 ] } },
{ "type": "Feature", "properties": { "Tnr": 16934, "mitRand": 0, "AnzHBbeg": 4, "pHaupt": 1.0, "poHaupt": 0.0, "pQuerus": 0.359, "pFagus": 0.0, "pFraxinus": 0.0, "pCarpinus": 0.0, "pAcer": 0.009, "pTilia": 0.0, "pRobinia": 0.0, "pUlmus": 0.0, "pCastanea": 0.0, "pOtherLH": 0.0, "pBetula": 0.0, "pAlnus": 0.0, "pPopulus": 0.632, "pSalix": 0.0, "pSorbus": 0.0, "pPrunus": 0.0, "pMalus": 0.0, "pPyrus": 0.0, "pOtherLN": 0.0, "pPicea": 0.0, "pPinus": 0.0, "pAbies": 0.0, "pDouglas": 0.0, "pLarix": 0.0, "pOtherNb": 0.0, "pNoEurop": 0.0, "pNoEuropD": 0.0, "pEurop": 1.0, "pDecid": 1.0, "pConifer": 0.0, "pAll": 1.0, "Cell_id": "4363_3024", "EPSG": 31468, "Netz": 16, "Dichte": 16, "Bl": ";9;" }, "geometry": { "type": "Point", "coordinates": [ 10.596860909304974, 50.331020527820456 ] } },
{ "type": "Feature", "properties": { "Tnr": 16940, "mitRand": 0, "AnzHBbeg": 4, "pHaupt": 1.0, "poHaupt": 0.0, "pQuerus": 0.093, "pFagus": 0.089, "pFraxinus": 0.0, "pCarpinus": 0.0, "pAcer": 0.0, "pTilia": 0.0, "pRobinia": 0.0, "pUlmus": 0.0, "pCastanea": 0.0, "pOtherLH": 0.0, "pBetula": 0.04, "pAlnus": 0.0, "pPopulus": 0.0, "pSalix": 0.048, "pSorbus": 0.0, "pPrunus": 0.0, "pMalus": 0.0, "pPyrus": 0.0, "pOtherLN": 0.0, "pPicea": 0.407, "pPinus": 0.265, "pAbies": 0.0, "pDouglas": 0.0, "pLarix": 0.058, "pOtherNb": 0.0, "pNoEurop": 0.0, "pNoEuropD": 0.0, "pEurop": 1.0, "pDecid": 0.27, "pConifer": 0.73, "pAll": 1.0, "Cell_id": "4395_3025", "EPSG": 31468, "Netz": 16, "Dichte": 16, "Bl": ";9;" }, "geometry": { "type": "Point", "coordinates": [ 11.046404183493223, 50.336793695043106 ] } },
{ "type": "Feature", "properties": { "Tnr": 17035, "mitRand": 1, "AnzHBbeg": 4, "pHaupt": 0.75, "poHaupt": 0.25, "pQuerus": 0.0, "pFagus": 0.0, "pFraxinus": 0.0, "pCarpinus": 0.0, "pAcer": 0.0, "pTilia": 0.0, "pRobinia": 0.0, "pUlmus": 0.0, "pCastanea": 0.0, "pOtherLH": 0.0, "pBetula": 0.008, "pAlnus": 0.0, "pPopulus": 0.196, "pSalix": 0.0, "pSorbus": 0.014, "pPrunus": 0.0, "pMalus": 0.0, "pPyrus": 0.0, "pOtherLN": 0.0, "pPicea": 0.532, "pPinus": 0.0, "pAbies": 0.0, "pDouglas": 0.0, "pLarix": 0.0, "pOtherNb": 0.0, "pNoEurop": 0.0, "pNoEuropD": 0.0, "pEurop": 0.75, "pDecid": 0.218, "pConifer": 0.532, "pAll": 0.75, "Cell_id": "4427_3030", "EPSG": 31468, "Netz": 16, "Dichte": 16, "Bl": ";9;" }, "geometry": { "type": "Point", "coordinates": [ 11.497185376705611, 50.376739860110412 ] } },
{ "type": "Feature", "properties": { "Tnr": 17036, "mitRand": 1, "AnzHBbeg": 4, "pHaupt": 1.0, "poHaupt": 0.0, "pQuerus": 0.0, "pFagus": 0.18, "pFraxinus": 0.0, "pCarpinus": 0.0, "pAcer": 0.0, "pTilia": 0.0, "pRobinia": 0.0, "pUlmus": 0.0, "pCastanea": 0.0, "pOtherLH": 0.0, "pBetula": 0.0, "pAlnus": 0.0, "pPopulus": 0.0, "pSalix": 0.0, "pSorbus": 0.0, "pPrunus": 0.0, "pMalus": 0.0, "pPyrus": 0.0, "pOtherLN": 0.0, "pPicea": 0.789, "pPinus": 0.0, "pAbies": 0.0, "pDouglas": 0.0, "pLarix": 0.032, "pOtherNb": 0.0, "pNoEurop": 0.0, "pNoEuropD": 0.0, "pEurop": 1.0, "pDecid": 0.18, "pConifer": 0.82, "pAll": 1.0, "Cell_id": "4431_3030", "EPSG": 31468, "Netz": 64, "Dichte": 16, "Bl": ";9;" }, "geometry": { "type": "Point", "coordinates": [ 11.553401242289228, 50.375994779640045 ] } },
{ "type": "Feature", "properties": { "Tnr": 17115, "mitRand": 0, "AnzHBbeg": 3, "pHaupt": 1.0, "poHaupt": 0.0, "pQuerus": 0.0, "pFagus": 0.618, "pFraxinus": 0.0, "pCarpinus": 0.0, "pAcer": 0.143, "pTilia": 0.0, "pRobinia": 0.0, "pUlmus": 0.0, "pCastanea": 0.0, "pOtherLH": 0.0, "pBetula": 0.0, "pAlnus": 0.0, "pPopulus": 0.0, "pSalix": 0.0, "pSorbus": 0.0, "pPrunus": 0.0, "pMalus": 0.0, "pPyrus": 0.0, "pOtherLN": 0.0, "pPicea": 0.218, "pPinus": 0.0, "pAbies": 0.021, "pDouglas": 0.0, "pLarix": 0.0, "pOtherNb": 0.0, "pNoEurop": 0.0, "pNoEuropD": 0.0, "pEurop": 1.0, "pDecid": 0.761, "pConifer": 0.239, "pAll": 1.0, "Cell_id": "4411_3033", "EPSG": 31468, "Netz": 16, "Dichte": 16, "Bl": ";9;" }, "geometry": { "type": "Point", "coordinates": [ 11.273023850457902, 50.406425597385095 ] } },
{ "type": "Feature", "properties": { "Tnr": 17119, "mitRand": 1, "AnzHBbeg": 2, "pHaupt": 1.0, "poHaupt": 0.0, "pQuerus": 0.0, "pFagus": 0.0, "pFraxinus": 0.0, "pCarpinus": 0.0, "pAcer": 0.376, "pTilia": 0.124, "pRobinia": 0.0, "pUlmus": 0.0, "pCastanea": 0.0, "pOtherLH": 0.0, "pBetula": 0.0, "pAlnus": 0.0, "pPopulus": 0.0, "pSalix": 0.0, "pSorbus": 0.0, "pPrunus": 0.0, "pMalus": 0.0, "pPyrus": 0.0, "pOtherLN": 0.0, "pPicea": 0.5, "pPinus": 0.0, "pAbies": 0.0, "pDouglas": 0.0, "pLarix": 0.0, "pOtherNb": 0.0, "pNoEurop": 0.0, "pNoEuropD": 0.0, "pEurop": 1.0, "pDecid": 0.5, "pConifer": 0.5, "pAll": 1.0, "Cell_id": "4447_3034", "EPSG": 31468, "Netz": 16, "Dichte": 16, "Bl": ";9;" }, "geometry": { "type": "Point", "coordinates": [ 11.779607088020088, 50.408677182597806 ] } },
{ "type": "Feature", "properties": { "Tnr": 17192, "mitRand": 0, "AnzHBbeg": 4, "pHaupt": 1.0, "poHaupt": 0.0, "pQuerus": 0.0, "pFagus": 0.0, "pFraxinus": 0.0, "pCarpinus": 0.0, "pAcer": 0.0, "pTilia": 0.0, "pRobinia": 0.0, "pUlmus": 0.0, "pCastanea": 0.0, "pOtherLH": 0.0, "pBetula": 0.0, "pAlnus": 0.0, "pPopulus": 0.0, "pSalix": 0.0, "pSorbus": 0.0, "pPrunus": 0.0, "pMalus": 0.0, "pPyrus": 0.0, "pOtherLN": 0.0, "pPicea": 1.0, "pPinus": 0.0, "pAbies": 0.0, "pDouglas": 0.0, "pLarix": 0.0, "pOtherNb": 0.0, "pNoEurop": 0.0, "pNoEuropD": 0.0, "pEurop": 1.0, "pDecid": 0.0, "pConifer": 1.0, "pAll": 1.0, "Cell_id": "4411_3037", "EPSG": 31468, "Netz": 16, "Dichte": 16, "Bl": ";9;" }, "geometry": { "type": "Point", "coordinates": [ 11.274000794558129, 50.442379798826551 ] } },
{ "type": "Feature", "properties": { "Tnr": 17265, "mitRand": 1, "AnzHBbeg": 2, "pHaupt": 1.0, "poHaupt": 0.0, "pQuerus": 0.0, "pFagus": 0.0, "pFraxinus": 0.0, "pCarpinus": 0.0, "pAcer": 0.0, "pTilia": 0.0, "pRobinia": 0.0, "pUlmus": 0.0, "pCastanea": 0.0, "pOtherLH": 0.0, "pBetula": 0.0, "pAlnus": 0.0, "pPopulus": 0.0, "pSalix": 0.0, "pSorbus": 0.0, "pPrunus": 0.0, "pMalus": 0.0, "pPyrus": 0.0, "pOtherLN": 0.0, "pPicea": 1.0, "pPinus": 0.0, "pAbies": 0.0, "pDouglas": 0.0, "pLarix": 0.0, "pOtherNb": 0.0, "pNoEurop": 0.0, "pNoEuropD": 0.0, "pEurop": 1.0, "pDecid": 0.0, "pConifer": 1.0, "pAll": 1.0, "Cell_id": "4411_3041", "EPSG": 31468, "Netz": 16, "Dichte": 8, "Bl": ";9;16;" }, "geometry": { "type": "Point", "coordinates": [ 11.274966037573213, 50.478334042242189 ] } },
{ "type": "Feature", "properties": { "Tnr": 17266, "mitRand": 1, "AnzHBbeg": 3, "pHaupt": 1.0, "poHaupt": 0.0, "pQuerus": 0.0, "pFagus": 0.0, "pFraxinus": 0.0, "pCarpinus": 0.0, "pAcer": 0.0, "pTilia": 0.0, "pRobinia": 0.0, "pUlmus": 0.0, "pCastanea": 0.0, "pOtherLH": 0.0, "pBetula": 0.0, "pAlnus": 0.0, "pPopulus": 0.0, "pSalix": 0.0, "pSorbus": 0.0, "pPrunus": 0.0, "pMalus": 0.0, "pPyrus": 0.0, "pOtherLN": 0.0, "pPicea": 1.0, "pPinus": 0.0, "pAbies": 0.0, "pDouglas": 0.0, "pLarix": 0.0, "pOtherNb": 0.0, "pNoEurop": 0.0, "pNoEuropD": 0.0, "pEurop": 1.0, "pDecid": 0.0, "pConifer": 1.0, "pAll": 1.0, "Cell_id": "4415_3042", "EPSG": 31468, "Netz": 16, "Dichte": 16, "Bl": ";9;" }, "geometry": { "type": "Point", "coordinates": [ 11.331569136312407, 50.486689600568532 ] } },
{ "type": "Feature", "properties": { "Tnr": 17339, "mitRand": 1, "AnzHBbeg": 4, "pHaupt": 1.0, "poHaupt": 0.0, "pQuerus": 0.028, "pFagus": 0.0, "pFraxinus": 0.0, "pCarpinus": 0.0, "pAcer": 0.0, "pTilia": 0.0, "pRobinia": 0.0, "pUlmus": 0.0, "pCastanea": 0.0, "pOtherLH": 0.0, "pBetula": 0.253, "pAlnus": 0.0, "pPopulus": 0.0, "pSalix": 0.0, "pSorbus": 0.0, "pPrunus": 0.0, "pMalus": 0.0, "pPyrus": 0.0, "pOtherLN": 0.0, "pPicea": 0.146, "pPinus": 0.573, "pAbies": 0.0, "pDouglas": 0.0, "pLarix": 0.0, "pOtherNb": 0.0, "pNoEurop": 0.0, "pNoEuropD": 0.0, "pEurop": 1.0, "pDecid": 0.28, "pConifer": 0.72, "pAll": 1.0, "Cell_id": "4338_3044", "EPSG": 31467, "Netz": 256, "Dichte": 8, "Bl": ";9;16;" }, "geometry": { "type": "Point", "coordinates": [ 10.246701009612945, 50.512123374950967 ] } },
{ "type": "Feature", "properties": { "Tnr": 17340, "mitRand": 1, "AnzHBbeg": 3, "pHaupt": 1.0, "poHaupt": 0.0, "pQuerus": 0.0, "pFagus": 0.12, "pFraxinus": 0.0, "pCarpinus": 0.0, "pAcer": 0.0, "pTilia": 0.0, "pRobinia": 0.0, "pUlmus": 0.0, "pCastanea": 0.0, "pOtherLH": 0.0, "pBetula": 0.04, "pAlnus": 0.0, "pPopulus": 0.0, "pSalix": 0.0, "pSorbus": 0.0, "pPrunus": 0.0, "pMalus": 0.0, "pPyrus": 0.0, "pOtherLN": 0.0, "pPicea": 0.672, "pPinus": 0.039, "pAbies": 0.026, "pDouglas": 0.104, "pLarix": 0.0, "pOtherNb": 0.0, "pNoEurop": 0.104, "pNoEuropD": 0.0, "pEurop": 0.896, "pDecid": 0.159, "pConifer": 0.841, "pAll": 1.0, "Cell_id": "4419_3046", "EPSG": 31468, "Netz": 16, "Dichte": 8, "Bl": ";9;16;" }, "geometry": { "type": "Point", "coordinates": [ 11.38897449410122, 50.521974569439472 ] } },
{ "type": "Feature", "properties": { "Tnr": 17409, "mitRand": 1, "AnzHBbeg": 3, "pHaupt": 1.0, "poHaupt": 0.0, "pQuerus": 0.79, "pFagus": 0.0, "pFraxinus": 0.0, "pCarpinus": 0.0, "pAcer": 0.0, "pTilia": 0.0, "pRobinia": 0.0, "pUlmus": 0.0, "pCastanea": 0.0, "pOtherLH": 0.0, "pBetula": 0.0, "pAlnus": 0.0, "pPopulus": 0.0, "pSalix": 0.0, "pSorbus": 0.0, "pPrunus": 0.0, "pMalus": 0.0, "pPyrus": 0.0, "pOtherLN": 0.0, "pPicea": 0.057, "pPinus": 0.153, "pAbies": 0.0, "pDouglas": 0.0, "pLarix": 0.0, "pOtherNb": 0.0, "pNoEurop": 0.0, "pNoEuropD": 0.0, "pEurop": 1.0, "pDecid": 0.79, "pConifer": 0.21, "pAll": 1.0, "Cell_id": "4334_3048", "EPSG": 31467, "Netz": 16, "Dichte": 16, "Bl": ";9;" }, "geometry": { "type": "Point", "coordinates": [ 10.19046690948892, 50.548186790636258 ] } },
{ "type": "Feature", "properties": { "Tnr": 17543, "mitRand": 0, "AnzHBbeg": 4, "pHaupt": 1.0, "poHaupt": 0.0, "pQuerus": 0.0, "pFagus": 0.099, "pFraxinus": 0.589, "pCarpinus": 0.029, "pAcer": 0.217, "pTilia": 0.0, "pRobinia": 0.0, "pUlmus": 0.0, "pCastanea": 0.0, "pOtherLH": 0.0, "pBetula": 0.0, "pAlnus": 0.0, "pPopulus": 0.0, "pSalix": 0.0, "pSorbus": 0.0, "pPrunus": 0.066, "pMalus": 0.0, "pPyrus": 0.0, "pOtherLN": 0.0, "pPicea": 0.0, "pPinus": 0.0, "pAbies": 0.0, "pDouglas": 0.0, "pLarix": 0.0, "pOtherNb": 0.0, "pNoEurop": 0.0, "pNoEuropD": 0.0, "pEurop": 1.0, "pDecid": 1.0, "pConifer": 0.0, "pAll": 1.0, "Cell_id": "4318_3056", "EPSG": 31467, "Netz": 16, "Dichte": 16, "Bl": ";6;" }, "geometry": { "type": "Point", "coordinates": [ 9.964680989477259, 50.620262948834259 ] } },
{ "type": "Feature", "properties": { "Tnr": 17545, "mitRand": 1, "AnzHBbeg": 3, "pHaupt": 1.0, "poHaupt": 0.0, "pQuerus": 0.0, "pFagus": 0.402, "pFraxinus": 0.213, "pCarpinus": 0.039, "pAcer": 0.229, "pTilia": 0.0, "pRobinia": 0.0, "pUlmus": 0.0, "pCastanea": 0.0, "pOtherLH": 0.0, "pBetula": 0.0, "pAlnus": 0.118, "pPopulus": 0.0, "pSalix": 0.0, "pSorbus": 0.0, "pPrunus": 0.0, "pMalus": 0.0, "pPyrus": 0.0, "pOtherLN": 0.0, "pPicea": 0.0, "pPinus": 0.0, "pAbies": 0.0, "pDouglas": 0.0, "pLarix": 0.0, "pOtherNb": 0.0, "pNoEurop": 0.0, "pNoEuropD": 0.0, "pEurop": 1.0, "pDecid": 1.0, "pConifer": 0.0, "pAll": 1.0, "Cell_id": "4326_3056", "EPSG": 31467, "Netz": 16, "Dichte": 16, "Bl": ";6;" }, "geometry": { "type": "Point", "coordinates": [ 10.077712977943039, 50.620242296391581 ] } },
{ "type": "Feature", "properties": { "Tnr": 17957, "mitRand": 1, "AnzHBbeg": 3, "pHaupt": 0.667, "poHaupt": 0.333, "pQuerus": 0.0, "pFagus": 0.623, "pFraxinus": 0.0, "pCarpinus": 0.027, "pAcer": 0.0, "pTilia": 0.0, "pRobinia": 0.0, "pUlmus": 0.0, "pCastanea": 0.0, "pOtherLH": 0.0, "pBetula": 0.0, "pAlnus": 0.0, "pPopulus": 0.0, "pSalix": 0.0, "pSorbus": 0.0, "pPrunus": 0.0, "pMalus": 0.0, "pPyrus": 0.0, "pOtherLN": 0.0, "pPicea": 0.016, "pPinus": 0.0, "pAbies": 0.0, "pDouglas": 0.0, "pLarix": 0.0, "pOtherNb": 0.0, "pNoEurop": 0.0, "pNoEuropD": 0.0, "pEurop": 0.667, "pDecid": 0.65, "pConifer": 0.016, "pAll": 0.667, "Cell_id": "4318_3080", "EPSG": 31467, "Netz": 16, "Dichte": 16, "Bl": ";6;" }, "geometry": { "type": "Point", "coordinates": [ 9.964512268413579, 50.836013125642047 ] } },
{ "type": "Feature", "properties": { "Tnr": 18315, "mitRand": 1, "AnzHBbeg": 4, "pHaupt": 1.0, "poHaupt": 0.0, "pQuerus": 0.239, "pFagus": 0.246, "pFraxinus": 0.0, "pCarpinus": 0.0, "pAcer": 0.0, "pTilia": 0.0, "pRobinia": 0.0, "pUlmus": 0.0, "pCastanea": 0.0, "pOtherLH": 0.0, "pBetula": 0.0, "pAlnus": 0.0, "pPopulus": 0.0, "pSalix": 0.0, "pSorbus": 0.0, "pPrunus": 0.0, "pMalus": 0.0, "pPyrus": 0.0, "pOtherLN": 0.0, "pPicea": 0.209, "pPinus": 0.082, "pAbies": 0.0, "pDouglas": 0.0, "pLarix": 0.223, "pOtherNb": 0.0, "pNoEurop": 0.0, "pNoEuropD": 0.0, "pEurop": 1.0, "pDecid": 0.486, "pConifer": 0.514, "pAll": 1.0, "Cell_id": "4323_3100", "EPSG": 31467, "Netz": 64, "Dichte": 16, "Bl": ";6;" }, "geometry": { "type": "Point", "coordinates": [ 10.035632135221356, 51.015799874120837 ] } },
{ "type": "Feature", "properties": { "Tnr": 18391, "mitRand": 0, "AnzHBbeg": 2, "pHaupt": 1.0, "poHaupt": 0.0, "pQuerus": 0.0, "pFagus": 0.0, "pFraxinus": 0.0, "pCarpinus": 0.0, "pAcer": 0.57, "pTilia": 0.0, "pRobinia": 0.0, "pUlmus": 0.0, "pCastanea": 0.0, "pOtherLH": 0.0, "pBetula": 0.0, "pAlnus": 0.0, "pPopulus": 0.0, "pSalix": 0.0, "pSorbus": 0.0, "pPrunus": 0.0, "pMalus": 0.0, "pPyrus": 0.0, "pOtherLN": 0.0, "pPicea": 0.0, "pPinus": 0.121, "pAbies": 0.0, "pDouglas": 0.0, "pLarix": 0.308, "pOtherNb": 0.0, "pNoEurop": 0.0, "pNoEuropD": 0.0, "pEurop": 1.0, "pDecid": 0.57, "pConifer": 0.43, "pAll": 1.0, "Cell_id": "4331_3104", "EPSG": 31467, "Netz": 16, "Dichte": 16, "Bl": ";6;" }, "geometry": { "type": "Point", "coordinates": [ 10.149742435064898, 51.051659494380822 ] } },
{ "type": "Feature", "properties": { "Tnr": 18464, "mitRand": 1, "AnzHBbeg": 4, "pHaupt": 1.0, "poHaupt": 0.0, "pQuerus": 0.244, "pFagus": 0.756, "pFraxinus": 0.0, "pCarpinus": 0.0, "pAcer": 0.0, "pTilia": 0.0, "pRobinia": 0.0, "pUlmus": 0.0, "pCastanea": 0.0, "pOtherLH": 0.0, "pBetula": 0.0, "pAlnus": 0.0, "pPopulus": 0.0, "pSalix": 0.0, "pSorbus": 0.0, "pPrunus": 0.0, "pMalus": 0.0, "pPyrus": 0.0, "pOtherLN": 0.0, "pPicea": 0.0, "pPinus": 0.0, "pAbies": 0.0, "pDouglas": 0.0, "pLarix": 0.0, "pOtherNb": 0.0, "pNoEurop": 0.0, "pNoEuropD": 0.0, "pEurop": 1.0, "pDecid": 1.0, "pConifer": 0.0, "pAll": 1.0, "Cell_id": "4331_3108", "EPSG": 31467, "Netz": 64, "Dichte": 16, "Bl": ";6;" }, "geometry": { "type": "Point", "coordinates": [ 10.149863624054566, 51.087614829963151 ] } },
{ "type": "Feature", "properties": { "Tnr": 18607, "mitRand": 1, "AnzHBbeg": 4, "pHaupt": 0.5, "poHaupt": 0.5, "pQuerus": 0.04, "pFagus": 0.265, "pFraxinus": 0.0, "pCarpinus": 0.0, "pAcer": 0.0, "pTilia": 0.0, "pRobinia": 0.0, "pUlmus": 0.0, "pCastanea": 0.0, "pOtherLH": 0.0, "pBetula": 0.0, "pAlnus": 0.0, "pPopulus": 0.0, "pSalix": 0.0, "pSorbus": 0.0, "pPrunus": 0.0, "pMalus": 0.0, "pPyrus": 0.0, "pOtherLN": 0.0, "pPicea": 0.086, "pPinus": 0.0, "pAbies": 0.0, "pDouglas": 0.0, "pLarix": 0.108, "pOtherNb": 0.0, "pNoEurop": 0.0, "pNoEuropD": 0.0, "pEurop": 0.5, "pDecid": 0.305, "pConifer": 0.195, "pAll": 0.5, "Cell_id": "4331_3116", "EPSG": 31467, "Netz": 64, "Dichte": 16, "Bl": ";6;" }, "geometry": { "type": "Point", "coordinates": [ 10.150093632774576, 51.159524985562207 ] } },
{ "type": "Feature", "properties": { "Tnr": 18608, "mitRand": 1, "AnzHBbeg": 4, "pHaupt": 0.75, "poHaupt": 0.25, "pQuerus": 0.25, "pFagus": 0.306, "pFraxinus": 0.022, "pCarpinus": 0.003, "pAcer": 0.162, "pTilia": 0.0, "pRobinia": 0.0, "pUlmus": 0.0, "pCastanea": 0.0, "pOtherLH": 0.0, "pBetula": 0.0, "pAlnus": 0.0, "pPopulus": 0.0, "pSalix": 0.0, "pSorbus": 0.0, "pPrunus": 0.0, "pMalus": 0.0, "pPyrus": 0.0, "pOtherLN": 0.0, "pPicea": 0.0, "pPinus": 0.0, "pAbies": 0.006, "pDouglas": 0.0, "pLarix": 0.0, "pOtherNb": 0.0, "pNoEurop": 0.0, "pNoEuropD": 0.0, "pEurop": 0.75, "pDecid": 0.744, "pConifer": 0.006, "pAll": 0.75, "Cell_id": "4335_3116", "EPSG": 31467, "Netz": 16, "Dichte": 16, "Bl": ";6;" }, "geometry": { "type": "Point", "coordinates": [ 10.207271790587395, 51.159433803150328 ] } },
{ "type": "Feature", "properties": { "Tnr": 19083, "mitRand": 1, "AnzHBbeg": 4, "pHaupt": 0.75, "poHaupt": 0.25, "pQuerus": 0.21, "pFagus": 0.54, "pFraxinus": 0.0, "pCarpinus": 0.0, "pAcer": 0.0, "pTilia": 0.0, "pRobinia": 0.0, "pUlmus": 0.0, "pCastanea": 0.0, "pOtherLH": 0.0, "pBetula": 0.0, "pAlnus": 0.0, "pPopulus": 0.0, "pSalix": 0.0, "pSorbus": 0.0, "pPrunus": 0.0, "pMalus": 0.0, "pPyrus": 0.0, "pOtherLN": 0.0, "pPicea": 0.0, "pPinus": 0.0, "pAbies": 0.0, "pDouglas": 0.0, "pLarix": 0.0, "pOtherNb": 0.0, "pNoEurop": 0.0, "pNoEuropD": 0.0, "pEurop": 0.75, "pDecid": 0.75, "pConifer": 0.0, "pAll": 0.75, "Cell_id": "4319_3144", "EPSG": 31467, "Netz": 16, "Dichte": 16, "Bl": ";3;" }, "geometry": { "type": "Point", "coordinates": [ 9.978447196087897, 51.411297477806599 ] } },
{ "type": "Feature", "properties": { "Tnr": 19152, "mitRand": 0, "AnzHBbeg": 3, "pHaupt": 1.0, "poHaupt": 0.0, "pQuerus": 0.613, "pFagus": 0.097, "pFraxinus": 0.0, "pCarpinus": 0.0, "pAcer": 0.0, "pTilia": 0.0, "pRobinia": 0.0, "pUlmus": 0.0, "pCastanea": 0.0, "pOtherLH": 0.0, "pBetula": 0.0, "pAlnus": 0.0, "pPopulus": 0.0, "pSalix": 0.0, "pSorbus": 0.0, "pPrunus": 0.0, "pMalus": 0.0, "pPyrus": 0.0, "pOtherLN": 0.0, "pPicea": 0.021, "pPinus": 0.269, "pAbies": 0.0, "pDouglas": 0.0, "pLarix": 0.0, "pOtherNb": 0.0, "pNoEurop": 0.0, "pNoEuropD": 0.0, "pEurop": 1.0, "pDecid": 0.71, "pConifer": 0.29, "pAll": 1.0, "Cell_id": "4331_3148", "EPSG": 31467, "Netz": 64, "Dichte": 16, "Bl": ";3;" }, "geometry": { "type": "Point", "coordinates": [ 10.151039040517324, 51.447156870712377 ] } },
{ "type": "Feature", "properties": { "Tnr": 19294, "mitRand": 1, "AnzHBbeg": 3, "pHaupt": 0.667, "poHaupt": 0.333, "pQuerus": 0.134, "pFagus": 0.0, "pFraxinus": 0.0, "pCarpinus": 0.0, "pAcer": 0.0, "pTilia": 0.0, "pRobinia": 0.0, "pUlmus": 0.0, "pCastanea": 0.0, "pOtherLH": 0.0, "pBetula": 0.0, "pAlnus": 0.0, "pPopulus": 0.0, "pSalix": 0.0, "pSorbus": 0.0, "pPrunus": 0.158, "pMalus": 0.0, "pPyrus": 0.0, "pOtherLN": 0.0, "pPicea": 0.333, "pPinus": 0.0, "pAbies": 0.0, "pDouglas": 0.0, "pLarix": 0.041, "pOtherNb": 0.0, "pNoEurop": 0.0, "pNoEuropD": 0.0, "pEurop": 0.667, "pDecid": 0.292, "pConifer": 0.374, "pAll": 0.667, "Cell_id": "4343_3156", "EPSG": 31467, "Netz": 16, "Dichte": 16, "Bl": ";3;" }, "geometry": { "type": "Point", "coordinates": [ 10.324161799302612, 51.518711385324778 ] } },
{ "type": "Feature", "properties": { "Tnr": 19443, "mitRand": 0, "AnzHBbeg": 1, "pHaupt": 1.0, "poHaupt": 0.0, "pQuerus": 0.0, "pFagus": 0.0, "pFraxinus": 0.0, "pCarpinus": 0.0, "pAcer": 0.0, "pTilia": 0.0, "pRobinia": 0.0, "pUlmus": 0.0, "pCastanea": 0.0, "pOtherLH": 0.0, "pBetula": 1.0, "pAlnus": 0.0, "pPopulus": 0.0, "pSalix": 0.0, "pSorbus": 0.0, "pPrunus": 0.0, "pMalus": 0.0, "pPyrus": 0.0, "pOtherLN": 0.0, "pPicea": 0.0, "pPinus": 0.0, "pAbies": 0.0, "pDouglas": 0.0, "pLarix": 0.0, "pOtherNb": 0.0, "pNoEurop": 0.0, "pNoEuropD": 0.0, "pEurop": 1.0, "pDecid": 1.0, "pConifer": 0.0, "pAll": 1.0, "Cell_id": "4351_3164", "EPSG": 31467, "Netz": 16, "Dichte": 8, "Bl": ";3;16;" }, "geometry": { "type": "Point", "coordinates": [ 10.440096462664529, 51.59024241573325 ] } },
{ "type": "Feature", "properties": { "Tnr": 46937, "mitRand": 1, "AnzHBbeg": 4, "pHaupt": 1.0, "poHaupt": 0.0, "pQuerus": 0.0, "pFagus": 0.0, "pFraxinus": 0.0, "pCarpinus": 0.0, "pAcer": 0.0, "pTilia": 0.0, "pRobinia": 0.0, "pUlmus": 0.0, "pCastanea": 0.0, "pOtherLH": 0.0, "pBetula": 0.0, "pAlnus": 0.0, "pPopulus": 0.0, "pSalix": 0.0, "pSorbus": 0.0, "pPrunus": 0.0, "pMalus": 0.0, "pPyrus": 0.0, "pOtherLN": 0.0, "pPicea": 1.0, "pPinus": 0.0, "pAbies": 0.0, "pDouglas": 0.0, "pLarix": 0.0, "pOtherNb": 0.0, "pNoEurop": 0.0, "pNoEuropD": 0.0, "pEurop": 1.0, "pDecid": 0.0, "pConifer": 1.0, "pAll": 1.0, "Cell_id": "4369_3170", "EPSG": 31468, "Netz": 8, "Dichte": 4, "Bl": ";15;" }, "geometry": { "type": "Point", "coordinates": [ 10.700644916417087, 51.642898268938033 ] } },
{ "type": "Feature", "properties": { "Tnr": 46938, "mitRand": 0, "AnzHBbeg": 3, "pHaupt": 1.0, "poHaupt": 0.0, "pQuerus": 0.0, "pFagus": 0.0, "pFraxinus": 0.0, "pCarpinus": 0.0, "pAcer": 0.0, "pTilia": 0.0, "pRobinia": 0.0, "pUlmus": 0.0, "pCastanea": 0.0, "pOtherLH": 0.0, "pBetula": 0.195, "pAlnus": 0.0, "pPopulus": 0.0, "pSalix": 0.0, "pSorbus": 0.0, "pPrunus": 0.0, "pMalus": 0.0, "pPyrus": 0.0, "pOtherLN": 0.0, "pPicea": 0.805, "pPinus": 0.0, "pAbies": 0.0, "pDouglas": 0.0, "pLarix": 0.0, "pOtherNb": 0.0, "pNoEurop": 0.0, "pNoEuropD": 0.0, "pEurop": 1.0, "pDecid": 0.195, "pConifer": 0.805, "pAll": 1.0, "Cell_id": "4371_3170", "EPSG": 31468, "Netz": 4, "Dichte": 4, "Bl": ";15;" }, "geometry": { "type": "Point", "coordinates": [ 10.729532991641848, 51.642718750992579 ] } },
{ "type": "Feature", "properties": { "Tnr": 46939, "mitRand": 1, "AnzHBbeg": 4, "pHaupt": 1.0, "poHaupt": 0.0, "pQuerus": 0.0, "pFagus": 0.0, "pFraxinus": 0.0, "pCarpinus": 0.0, "pAcer": 0.0, "pTilia": 0.0, "pRobinia": 0.0, "pUlmus": 0.0, "pCastanea": 0.0, "pOtherLH": 0.0, "pBetula": 0.044, "pAlnus": 0.113, "pPopulus": 0.0, "pSalix": 0.0, "pSorbus": 0.0, "pPrunus": 0.0, "pMalus": 0.0, "pPyrus": 0.0, "pOtherLN": 0.0, "pPicea": 0.844, "pPinus": 0.0, "pAbies": 0.0, "pDouglas": 0.0, "pLarix": 0.0, "pOtherNb": 0.0, "pNoEurop": 0.0, "pNoEuropD": 0.0, "pEurop": 1.0, "pDecid": 0.156, "pConifer": 0.844, "pAll": 1.0, "Cell_id": "4373_3170", "EPSG": 31468, "Netz": 8, "Dichte": 4, "Bl": ";15;16;" }, "geometry": { "type": "Point", "coordinates": [ 10.758435451135766, 51.6425408938468 ] } },
{ "type": "Feature", "properties": { "Tnr": 46940, "mitRand": 0, "AnzHBbeg": 4, "pHaupt": 1.0, "poHaupt": 0.0, "pQuerus": 0.0, "pFagus": 0.0, "pFraxinus": 0.0, "pCarpinus": 0.0, "pAcer": 0.0, "pTilia": 0.0, "pRobinia": 0.0, "pUlmus": 0.0, "pCastanea": 0.0, "pOtherLH": 0.0, "pBetula": 0.0, "pAlnus": 0.0, "pPopulus": 0.0, "pSalix": 0.0, "pSorbus": 0.0, "pPrunus": 0.0, "pMalus": 0.0, "pPyrus": 0.0, "pOtherLN": 0.0, "pPicea": 1.0, "pPinus": 0.0, "pAbies": 0.0, "pDouglas": 0.0, "pLarix": 0.0, "pOtherNb": 0.0, "pNoEurop": 0.0, "pNoEuropD": 0.0, "pEurop": 1.0, "pDecid": 0.0, "pConifer": 1.0, "pAll": 1.0, "Cell_id": "4375_3170", "EPSG": 31468, "Netz": 4, "Dichte": 4, "Bl": ";15;" }, "geometry": { "type": "Point", "coordinates": [ 10.787322714854232, 51.642347159512326 ] } },
{ "type": "Feature", "properties": { "Tnr": 47078, "mitRand": 1, "AnzHBbeg": 3, "pHaupt": 1.0, "poHaupt": 0.0, "pQuerus": 0.0, "pFagus": 0.256, "pFraxinus": 0.0, "pCarpinus": 0.0, "pAcer": 0.0, "pTilia": 0.0, "pRobinia": 0.0, "pUlmus": 0.0, "pCastanea": 0.0, "pOtherLH": 0.0, "pBetula": 0.354, "pAlnus": 0.0, "pPopulus": 0.0, "pSalix": 0.0, "pSorbus": 0.0, "pPrunus": 0.0, "pMalus": 0.0, "pPyrus": 0.0, "pOtherLN": 0.0, "pPicea": 0.257, "pPinus": 0.0, "pAbies": 0.0, "pDouglas": 0.0, "pLarix": 0.133, "pOtherNb": 0.0, "pNoEurop": 0.0, "pNoEuropD": 0.0, "pEurop": 1.0, "pDecid": 0.61, "pConifer": 0.39, "pAll": 1.0, "Cell_id": "4367_3168", "EPSG": 31468, "Netz": 16, "Dichte": 8, "Bl": ";16;" }, "geometry": { "type": "Point", "coordinates": [ 10.671485237953922, 51.625097024733627 ] } },
{ "type": "Feature", "properties": { "Tnr": 47080, "mitRand": 1, "AnzHBbeg": 4, "pHaupt": 1.0, "poHaupt": 0.0, "pQuerus": 0.0, "pFagus": 0.35, "pFraxinus": 0.0, "pCarpinus": 0.0, "pAcer": 0.123, "pTilia": 0.0, "pRobinia": 0.0, "pUlmus": 0.0, "pCastanea": 0.0, "pOtherLH": 0.0, "pBetula": 0.0, "pAlnus": 0.0, "pPopulus": 0.0, "pSalix": 0.0, "pSorbus": 0.0, "pPrunus": 0.0, "pMalus": 0.0, "pPyrus": 0.0, "pOtherLN": 0.0, "pPicea": 0.527, "pPinus": 0.0, "pAbies": 0.0, "pDouglas": 0.0, "pLarix": 0.0, "pOtherNb": 0.0, "pNoEurop": 0.0, "pNoEuropD": 0.0, "pEurop": 1.0, "pDecid": 0.473, "pConifer": 0.527, "pAll": 1.0, "Cell_id": "4371_3168", "EPSG": 31468, "Netz": 16, "Dichte": 8, "Bl": ";16;" }, "geometry": { "type": "Point", "coordinates": [ 10.729253381989933, 51.62474522860861 ] } },
{ "type": "Feature", "properties": { "Tnr": 47082, "mitRand": 1, "AnzHBbeg": 4, "pHaupt": 1.0, "poHaupt": 0.0, "pQuerus": 0.0, "pFagus": 0.73, "pFraxinus": 0.0, "pCarpinus": 0.0, "pAcer": 0.0, "pTilia": 0.0, "pRobinia": 0.0, "pUlmus": 0.0, "pCastanea": 0.0, "pOtherLH": 0.0, "pBetula": 0.0, "pAlnus": 0.0, "pPopulus": 0.0, "pSalix": 0.0, "pSorbus": 0.0, "pPrunus": 0.0, "pMalus": 0.0, "pPyrus": 0.0, "pOtherLN": 0.0, "pPicea": 0.27, "pPinus": 0.0, "pAbies": 0.0, "pDouglas": 0.0, "pLarix": 0.0, "pOtherNb": 0.0, "pNoEurop": 0.0, "pNoEuropD": 0.0, "pEurop": 1.0, "pDecid": 0.73, "pConifer": 0.27, "pAll": 1.0, "Cell_id": "4375_3168", "EPSG": 31468, "Netz": 16, "Dichte": 8, "Bl": ";16;" }, "geometry": { "type": "Point", "coordinates": [ 10.787005836875412, 51.624374213988574 ] } },
{ "type": "Feature", "properties": { "Tnr": 47083, "mitRand": 1, "AnzHBbeg": 3, "pHaupt": 1.0, "poHaupt": 0.0, "pQuerus": 0.0, "pFagus": 0.163, "pFraxinus": 0.0, "pCarpinus": 0.0, "pAcer": 0.072, "pTilia": 0.0, "pRobinia": 0.0, "pUlmus": 0.0, "pCastanea": 0.0, "pOtherLH": 0.0, "pBetula": 0.29, "pAlnus": 0.0, "pPopulus": 0.0, "pSalix": 0.0, "pSorbus": 0.0, "pPrunus": 0.0, "pMalus": 0.0, "pPyrus": 0.0, "pOtherLN": 0.0, "pPicea": 0.474, "pPinus": 0.0, "pAbies": 0.0, "pDouglas": 0.0, "pLarix": 0.0, "pOtherNb": 0.0, "pNoEurop": 0.0, "pNoEuropD": 0.0, "pEurop": 1.0, "pDecid": 0.526, "pConifer": 0.474, "pAll": 1.0, "Cell_id": "4377_3169", "EPSG": 31468, "Netz": 4, "Dichte": 4, "Bl": ";15;" }, "geometry": { "type": "Point", "coordinates": [ 10.816052569609317, 51.633159836094023 ] } },
{ "type": "Feature", "properties": { "Tnr": 47084, "mitRand": 1, "AnzHBbeg": 4, "pHaupt": 1.0, "poHaupt": 0.0, "pQuerus": 0.0, "pFagus": 0.0, "pFraxinus": 0.0, "pCarpinus": 0.0, "pAcer": 0.0, "pTilia": 0.0, "pRobinia": 0.0, "pUlmus": 0.0, "pCastanea": 0.0, "pOtherLH": 0.0, "pBetula": 0.0, "pAlnus": 0.0, "pPopulus": 0.0, "pSalix": 0.0, "pSorbus": 0.0, "pPrunus": 0.0, "pMalus": 0.0, "pPyrus": 0.0, "pOtherLN": 0.0, "pPicea": 1.0, "pPinus": 0.0, "pAbies": 0.0, "pDouglas": 0.0, "pLarix": 0.0, "pOtherNb": 0.0, "pNoEurop": 0.0, "pNoEuropD": 0.0, "pEurop": 1.0, "pDecid": 0.0, "pConifer": 1.0, "pAll": 1.0, "Cell_id": "4379_3169", "EPSG": 31468, "Netz": 16, "Dichte": 8, "Bl": ";16;" }, "geometry": { "type": "Point", "coordinates": [ 10.844933625530475, 51.632960968134896 ] } },
{ "type": "Feature", "properties": { "Tnr": 47085, "mitRand": 1, "AnzHBbeg": 4, "pHaupt": 1.0, "poHaupt": 0.0, "pQuerus": 0.0, "pFagus": 0.737, "pFraxinus": 0.0, "pCarpinus": 0.0, "pAcer": 0.0, "pTilia": 0.0, "pRobinia": 0.0, "pUlmus": 0.0, "pCastanea": 0.0, "pOtherLH": 0.0, "pBetula": 0.0, "pAlnus": 0.0, "pPopulus": 0.0, "pSalix": 0.0, "pSorbus": 0.0, "pPrunus": 0.0, "pMalus": 0.0, "pPyrus": 0.0, "pOtherLN": 0.0, "pPicea": 0.263, "pPinus": 0.0, "pAbies": 0.0, "pDouglas": 0.0, "pLarix": 0.0, "pOtherNb": 0.0, "pNoEurop": 0.0, "pNoEuropD": 0.0, "pEurop": 1.0, "pDecid": 0.737, "pConifer": 0.263, "pAll": 1.0, "Cell_id": "4381_3169", "EPSG": 31468, "Netz": 4, "Dichte": 4, "Bl": ";15;" }, "geometry": { "type": "Point", "coordinates": [ 10.873813872730013, 51.632746013558005 ] } },
{ "type": "Feature", "properties": { "Tnr": 47220, "mitRand": 0, "AnzHBbeg": 1, "pHaupt": 1.0, "poHaupt": 0.0, "pQuerus": 0.284, "pFagus": 0.716, "pFraxinus": 0.0, "pCarpinus": 0.0, "pAcer": 0.0, "pTilia": 0.0, "pRobinia": 0.0, "pUlmus": 0.0, "pCastanea": 0.0, "pOtherLH": 0.0, "pBetula": 0.0, "pAlnus": 0.0, "pPopulus": 0.0, "pSalix": 0.0, "pSorbus": 0.0, "pPrunus": 0.0, "pMalus": 0.0, "pPyrus": 0.0, "pOtherLN": 0.0, "pPicea": 0.0, "pPinus": 0.0, "pAbies": 0.0, "pDouglas": 0.0, "pLarix": 0.0, "pOtherNb": 0.0, "pNoEurop": 0.0, "pNoEuropD": 0.0, "pEurop": 1.0, "pDecid": 1.0, "pConifer": 0.0, "pAll": 1.0, "Cell_id": "4365_3166", "EPSG": 31468, "Netz": 8, "Dichte": 8, "Bl": ";16;" }, "geometry": { "type": "Point", "coordinates": [ 10.64236248360003, 51.607279099922081 ] } },
{ "type": "Feature", "properties": { "Tnr": 47222, "mitRand": 0, "AnzHBbeg": 4, "pHaupt": 1.0, "poHaupt": 0.0, "pQuerus": 0.039, "pFagus": 0.961, "pFraxinus": 0.0, "pCarpinus": 0.0, "pAcer": 0.0, "pTilia": 0.0, "pRobinia": 0.0, "pUlmus": 0.0, "pCastanea": 0.0, "pOtherLH": 0.0, "pBetula": 0.0, "pAlnus": 0.0, "pPopulus": 0.0, "pSalix": 0.0, "pSorbus": 0.0, "pPrunus": 0.0, "pMalus": 0.0, "pPyrus": 0.0, "pOtherLN": 0.0, "pPicea": 0.0, "pPinus": 0.0, "pAbies": 0.0, "pDouglas": 0.0, "pLarix": 0.0, "pOtherNb": 0.0, "pNoEurop": 0.0, "pNoEuropD": 0.0, "pEurop": 1.0, "pDecid": 1.0, "pConifer": 0.0, "pAll": 1.0, "Cell_id": "4369_3166", "EPSG": 31468, "Netz": 8, "Dichte": 8, "Bl": ";16;" }, "geometry": { "type": "Point", "coordinates": [ 10.700094478488007, 51.606951034679255 ] } },
{ "type": "Feature", "properties": { "Tnr": 47224, "mitRand": 1, "AnzHBbeg": 4, "pHaupt": 1.0, "poHaupt": 0.0, "pQuerus": 0.0, "pFagus": 0.53, "pFraxinus": 0.0, "pCarpinus": 0.031, "pAcer": 0.189, "pTilia": 0.0, "pRobinia": 0.0, "pUlmus": 0.0, "pCastanea": 0.0, "pOtherLH": 0.0, "pBetula": 0.0, "pAlnus": 0.0, "pPopulus": 0.0, "pSalix": 0.0, "pSorbus": 0.0, "pPrunus": 0.0, "pMalus": 0.0, "pPyrus": 0.0, "pOtherLN": 0.0, "pPicea": 0.25, "pPinus": 0.0, "pAbies": 0.0, "pDouglas": 0.0, "pLarix": 0.0, "pOtherNb": 0.0, "pNoEurop": 0.0, "pNoEuropD": 0.0, "pEurop": 1.0, "pDecid": 0.75, "pConifer": 0.25, "pAll": 1.0, "Cell_id": "4373_3166", "EPSG": 31468, "Netz": 8, "Dichte": 8, "Bl": ";16;" }, "geometry": { "type": "Point", "coordinates": [ 10.757824590089667, 51.606585594873991 ] } },
{ "type": "Feature", "properties": { "Tnr": 47226, "mitRand": 1, "AnzHBbeg": 4, "pHaupt": 1.0, "poHaupt": 0.0, "pQuerus": 0.0, "pFagus": 0.583, "pFraxinus": 0.0, "pCarpinus": 0.0, "pAcer": 0.0, "pTilia": 0.0, "pRobinia": 0.0, "pUlmus": 0.0, "pCastanea": 0.0, "pOtherLH": 0.0, "pBetula": 0.0, "pAlnus": 0.0, "pPopulus": 0.0, "pSalix": 0.0, "pSorbus": 0.0, "pPrunus": 0.0, "pMalus": 0.0, "pPyrus": 0.0, "pOtherLN": 0.0, "pPicea": 0.417, "pPinus": 0.0, "pAbies": 0.0, "pDouglas": 0.0, "pLarix": 0.0, "pOtherNb": 0.0, "pNoEurop": 0.0, "pNoEuropD": 0.0, "pEurop": 1.0, "pDecid": 0.583, "pConifer": 0.417, "pAll": 1.0, "Cell_id": "4377_3167", "EPSG": 31468, "Netz": 8, "Dichte": 8, "Bl": ";16;" }, "geometry": { "type": "Point", "coordinates": [ 10.815724494055381, 51.615187051513388 ] } },
{ "type": "Feature", "properties": { "Tnr": 47228, "mitRand": 1, "AnzHBbeg": 4, "pHaupt": 1.0, "poHaupt": 0.0, "pQuerus": 0.0, "pFagus": 0.0, "pFraxinus": 0.0, "pCarpinus": 0.0, "pAcer": 0.0, "pTilia": 0.0, "pRobinia": 0.0, "pUlmus": 0.0, "pCastanea": 0.0, "pOtherLH": 0.0, "pBetula": 0.0, "pAlnus": 0.0, "pPopulus": 0.0, "pSalix": 0.0, "pSorbus": 0.0, "pPrunus": 0.0, "pMalus": 0.0, "pPyrus": 0.0, "pOtherLN": 0.0, "pPicea": 1.0, "pPinus": 0.0, "pAbies": 0.0, "pDouglas": 0.0, "pLarix": 0.0, "pOtherNb": 0.0, "pNoEurop": 0.0, "pNoEuropD": 0.0, "pEurop": 1.0, "pDecid": 0.0, "pConifer": 1.0, "pAll": 1.0, "Cell_id": "4381_3167", "EPSG": 31468, "Netz": 8, "Dichte": 8, "Bl": ";16;" }, "geometry": { "type": "Point", "coordinates": [ 10.873477412513253, 51.614773389779131 ] } },
{ "type": "Feature", "properties": { "Tnr": 47230, "mitRand": 0, "AnzHBbeg": 2, "pHaupt": 1.0, "poHaupt": 0.0, "pQuerus": 0.0, "pFagus": 0.0, "pFraxinus": 0.0, "pCarpinus": 0.0, "pAcer": 0.388, "pTilia": 0.0, "pRobinia": 0.0, "pUlmus": 0.0, "pCastanea": 0.0, "pOtherLH": 0.0, "pBetula": 0.0, "pAlnus": 0.0, "pPopulus": 0.0, "pSalix": 0.0, "pSorbus": 0.0, "pPrunus": 0.0, "pMalus": 0.0, "pPyrus": 0.0, "pOtherLN": 0.0, "pPicea": 0.612, "pPinus": 0.0, "pAbies": 0.0, "pDouglas": 0.0, "pLarix": 0.0, "pOtherNb": 0.0, "pNoEurop": 0.0, "pNoEuropD": 0.0, "pEurop": 1.0, "pDecid": 0.388, "pConifer": 0.612, "pAll": 1.0, "Cell_id": "4385_3167", "EPSG": 31468, "Netz": 8, "Dichte": 4, "Bl": ";15;" }, "geometry": { "type": "Point", "coordinates": [ 10.931213698424752, 51.614322574186005 ] } },
{ "type": "Feature", "properties": { "Tnr": 47366, "mitRand": 1, "AnzHBbeg": 1, "pHaupt": 1.0, "poHaupt": 0.0, "pQuerus": 0.0, "pFagus": 1.0, "pFraxinus": 0.0, "pCarpinus": 0.0, "pAcer": 0.0, "pTilia": 0.0, "pRobinia": 0.0, "pUlmus": 0.0, "pCastanea": 0.0, "pOtherLH": 0.0, "pBetula": 0.0, "pAlnus": 0.0, "pPopulus": 0.0, "pSalix": 0.0, "pSorbus": 0.0, "pPrunus": 0.0, "pMalus": 0.0, "pPyrus": 0.0, "pOtherLN": 0.0, "pPicea": 0.0, "pPinus": 0.0, "pAbies": 0.0, "pDouglas": 0.0, "pLarix": 0.0, "pOtherNb": 0.0, "pNoEurop": 0.0, "pNoEuropD": 0.0, "pEurop": 1.0, "pDecid": 1.0, "pConifer": 0.0, "pAll": 1.0, "Cell_id": "4371_3164", "EPSG": 31468, "Netz": 64, "Dichte": 8, "Bl": ";16;" }, "geometry": { "type": "Point", "coordinates": [ 10.728680911909569, 51.588798230174532 ] } },
{ "type": "Feature", "properties": { "Tnr": 47368, "mitRand": 0, "AnzHBbeg": 4, "pHaupt": 1.0, "poHaupt": 0.0, "pQuerus": 0.0, "pFagus": 0.082, "pFraxinus": 0.0, "pCarpinus": 0.116, "pAcer": 0.258, "pTilia": 0.0, "pRobinia": 0.0, "pUlmus": 0.25, "pCastanea": 0.0, "pOtherLH": 0.0, "pBetula": 0.045, "pAlnus": 0.0, "pPopulus": 0.0, "pSalix": 0.0, "pSorbus": 0.0, "pPrunus": 0.0, "pMalus": 0.084, "pPyrus": 0.0, "pOtherLN": 0.0, "pPicea": 0.166, "pPinus": 0.0, "pAbies": 0.0, "pDouglas": 0.0, "pLarix": 0.0, "pOtherNb": 0.0, "pNoEurop": 0.0, "pNoEuropD": 0.0, "pEurop": 1.0, "pDecid": 0.834, "pConifer": 0.166, "pAll": 1.0, "Cell_id": "4375_3164", "EPSG": 31468, "Netz": 16, "Dichte": 8, "Bl": ";16;" }, "geometry": { "type": "Point", "coordinates": [ 10.78638777925085, 51.588427935980768 ] } },
{ "type": "Feature", "properties": { "Tnr": 47370, "mitRand": 0, "AnzHBbeg": 3, "pHaupt": 1.0, "poHaupt": 0.0, "pQuerus": 0.0, "pFagus": 0.861, "pFraxinus": 0.031, "pCarpinus": 0.0, "pAcer": 0.091, "pTilia": 0.0, "pRobinia": 0.0, "pUlmus": 0.0, "pCastanea": 0.0, "pOtherLH": 0.0, "pBetula": 0.0, "pAlnus": 0.0, "pPopulus": 0.0, "pSalix": 0.0, "pSorbus": 0.0, "pPrunus": 0.0, "pMalus": 0.0, "pPyrus": 0.0, "pOtherLN": 0.0, "pPicea": 0.018, "pPinus": 0.0, "pAbies": 0.0, "pDouglas": 0.0, "pLarix": 0.0, "pOtherNb": 0.0, "pNoEurop": 0.0, "pNoEuropD": 0.0, "pEurop": 1.0, "pDecid": 0.982, "pConifer": 0.018, "pAll": 1.0, "Cell_id": "4379_3165", "EPSG": 31468, "Netz": 64, "Dichte": 8, "Bl": ";16;" }, "geometry": { "type": "Point", "coordinates": [ 10.844269168527338, 51.597006519645127 ] } },
{ "type": "Feature", "properties": { "Tnr": 47372, "mitRand": 0, "AnzHBbeg": 4, "pHaupt": 1.0, "poHaupt": 0.0, "pQuerus": 0.0, "pFagus": 0.451, "pFraxinus": 0.0, "pCarpinus": 0.0, "pAcer": 0.025, "pTilia": 0.0, "pRobinia": 0.0, "pUlmus": 0.0, "pCastanea": 0.0, "pOtherLH": 0.0, "pBetula": 0.0, "pAlnus": 0.0, "pPopulus": 0.0, "pSalix": 0.0, "pSorbus": 0.0, "pPrunus": 0.0, "pMalus": 0.0, "pPyrus": 0.0, "pOtherLN": 0.0, "pPicea": 0.5, "pPinus": 0.0, "pAbies": 0.0, "pDouglas": 0.0, "pLarix": 0.023, "pOtherNb": 0.0, "pNoEurop": 0.0, "pNoEuropD": 0.0, "pEurop": 1.0, "pDecid": 0.477, "pConifer": 0.523, "pAll": 1.0, "Cell_id": "4383_3165", "EPSG": 31468, "Netz": 16, "Dichte": 4, "Bl": ";15;16;" }, "geometry": { "type": "Point", "coordinates": [ 10.901983963477884, 51.59657928404512 ] } },
{ "type": "Feature", "properties": { "Tnr": 47373, "mitRand": 0, "AnzHBbeg": 4, "pHaupt": 0.75, "poHaupt": 0.25, "pQuerus": 0.0, "pFagus": 0.441, "pFraxinus": 0.0, "pCarpinus": 0.0, "pAcer": 0.0, "pTilia": 0.0, "pRobinia": 0.0, "pUlmus": 0.0, "pCastanea": 0.0, "pOtherLH": 0.0, "pBetula": 0.238, "pAlnus": 0.0, "pPopulus": 0.0, "pSalix": 0.0, "pSorbus": 0.0, "pPrunus": 0.0, "pMalus": 0.0, "pPyrus": 0.0, "pOtherLN": 0.0, "pPicea": 0.071, "pPinus": 0.0, "pAbies": 0.0, "pDouglas": 0.0, "pLarix": 0.0, "pOtherNb": 0.0, "pNoEurop": 0.0, "pNoEuropD": 0.0, "pEurop": 0.75, "pDecid": 0.679, "pConifer": 0.071, "pAll": 0.75, "Cell_id": "4385_3165", "EPSG": 31468, "Netz": 4, "Dichte": 4, "Bl": ";15;" }, "geometry": { "type": "Point", "coordinates": [ 10.930840476470417, 51.596350534004699 ] } },
{ "type": "Feature", "properties": { "Tnr": 47509, "mitRand": 0, "AnzHBbeg": 2, "pHaupt": 1.0, "poHaupt": 0.0, "pQuerus": 0.0, "pFagus": 1.0, "pFraxinus": 0.0, "pCarpinus": 0.0, "pAcer": 0.0, "pTilia": 0.0, "pRobinia": 0.0, "pUlmus": 0.0, "pCastanea": 0.0, "pOtherLH": 0.0, "pBetula": 0.0, "pAlnus": 0.0, "pPopulus": 0.0, "pSalix": 0.0, "pSorbus": 0.0, "pPrunus": 0.0, "pMalus": 0.0, "pPyrus": 0.0, "pOtherLN": 0.0, "pPicea": 0.0, "pPinus": 0.0, "pAbies": 0.0, "pDouglas": 0.0, "pLarix": 0.0, "pOtherNb": 0.0, "pNoEurop": 0.0, "pNoEuropD": 0.0, "pEurop": 1.0, "pDecid": 1.0, "pConifer": 0.0, "pAll": 1.0, "Cell_id": "4353_3162", "EPSG": 31467, "Netz": 8, "Dichte": 8, "Bl": ";16;" }, "geometry": { "type": "Point", "coordinates": [ 10.468777401966783, 51.572152199956186 ] } },
{ "type": "Feature", "properties": { "Tnr": 47514, "mitRand": 1, "AnzHBbeg": 1, "pHaupt": 1.0, "poHaupt": 0.0, "pQuerus": 0.907, "pFagus": 0.093, "pFraxinus": 0.0, "pCarpinus": 0.0, "pAcer": 0.0, "pTilia": 0.0, "pRobinia": 0.0, "pUlmus": 0.0, "pCastanea": 0.0, "pOtherLH": 0.0, "pBetula": 0.0, "pAlnus": 0.0, "pPopulus": 0.0, "pSalix": 0.0, "pSorbus": 0.0, "pPrunus": 0.0, "pMalus": 0.0, "pPyrus": 0.0, "pOtherLN": 0.0, "pPicea": 0.0, "pPinus": 0.0, "pAbies": 0.0, "pDouglas": 0.0, "pLarix": 0.0, "pOtherNb": 0.0, "pNoEurop": 0.907, "pNoEuropD": 0.907, "pEurop": 0.093, "pDecid": 1.0, "pConifer": 0.0, "pAll": 1.0, "Cell_id": "4373_3162", "EPSG": 31468, "Netz": 8, "Dichte": 8, "Bl": ";16;" }, "geometry": { "type": "Point", "coordinates": [ 10.757230146573706, 51.570638840812393 ] } },
{ "type": "Feature", "properties": { "Tnr": 47516, "mitRand": 0, "AnzHBbeg": 1, "pHaupt": 0.0, "poHaupt": 1.0, "pQuerus": 0.0, "pFagus": 0.0, "pFraxinus": 0.0, "pCarpinus": 0.0, "pAcer": 0.0, "pTilia": 0.0, "pRobinia": 0.0, "pUlmus": 0.0, "pCastanea": 0.0, "pOtherLH": 0.0, "pBetula": 0.0, "pAlnus": 0.0, "pPopulus": 0.0, "pSalix": 0.0, "pSorbus": 0.0, "pPrunus": 0.0, "pMalus": 0.0, "pPyrus": 0.0, "pOtherLN": 0.0, "pPicea": 0.0, "pPinus": 0.0, "pAbies": 0.0, "pDouglas": 0.0, "pLarix": 0.0, "pOtherNb": 0.0, "pNoEurop": 0.0, "pNoEuropD": 0.0, "pEurop": 0.0, "pDecid": 0.0, "pConifer": 0.0, "pAll": 0.0, "Cell_id": "4377_3163", "EPSG": 31468, "Netz": 8, "Dichte": 8, "Bl": ";16;" }, "geometry": { "type": "Point", "coordinates": [ 10.815084072850311, 51.57924109158516 ] } },
{ "type": "Feature", "properties": { "Tnr": 47518, "mitRand": 0, "AnzHBbeg": 4, "pHaupt": 1.0, "poHaupt": 0.0, "pQuerus": 0.114, "pFagus": 0.886, "pFraxinus": 0.0, "pCarpinus": 0.0, "pAcer": 0.0, "pTilia": 0.0, "pRobinia": 0.0, "pUlmus": 0.0, "pCastanea": 0.0, "pOtherLH": 0.0, "pBetula": 0.0, "pAlnus": 0.0, "pPopulus": 0.0, "pSalix": 0.0, "pSorbus": 0.0, "pPrunus": 0.0, "pMalus": 0.0, "pPyrus": 0.0, "pOtherLN": 0.0, "pPicea": 0.0, "pPinus": 0.0, "pAbies": 0.0, "pDouglas": 0.0, "pLarix": 0.0, "pOtherNb": 0.0, "pNoEurop": 0.0, "pNoEuropD": 0.0, "pEurop": 1.0, "pDecid": 1.0, "pConifer": 0.0, "pAll": 1.0, "Cell_id": "4381_3163", "EPSG": 31468, "Netz": 8, "Dichte": 8, "Bl": ";16;" }, "geometry": { "type": "Point", "coordinates": [ 10.872776634907884, 51.578819451852908 ] } },
{ "type": "Feature", "properties": { "Tnr": 47656, "mitRand": 1, "AnzHBbeg": 4, "pHaupt": 1.0, "poHaupt": 0.0, "pQuerus": 0.099, "pFagus": 0.401, "pFraxinus": 0.0, "pCarpinus": 0.0, "pAcer": 0.0, "pTilia": 0.0, "pRobinia": 0.0, "pUlmus": 0.0, "pCastanea": 0.0, "pOtherLH": 0.0, "pBetula": 0.0, "pAlnus": 0.0, "pPopulus": 0.0, "pSalix": 0.0, "pSorbus": 0.0, "pPrunus": 0.0, "pMalus": 0.0, "pPyrus": 0.0, "pOtherLN": 0.0, "pPicea": 0.5, "pPinus": 0.0, "pAbies": 0.0, "pDouglas": 0.0, "pLarix": 0.0, "pOtherNb": 0.0, "pNoEurop": 0.0, "pNoEuropD": 0.0, "pEurop": 1.0, "pDecid": 0.5, "pConifer": 0.5, "pAll": 1.0, "Cell_id": "4355_3160", "EPSG": 31468, "Netz": 16, "Dichte": 8, "Bl": ";16;" }, "geometry": { "type": "Point", "coordinates": [ 10.497421162098631, 51.554055288964655 ] } },
{ "type": "Feature", "properties": { "Tnr": 47660, "mitRand": 1, "AnzHBbeg": 2, "pHaupt": 1.0, "poHaupt": 0.0, "pQuerus": 0.483, "pFagus": 0.0, "pFraxinus": 0.053, "pCarpinus": 0.0, "pAcer": 0.0, "pTilia": 0.0, "pRobinia": 0.0, "pUlmus": 0.0, "pCastanea": 0.0, "pOtherLH": 0.0, "pBetula": 0.153, "pAlnus": 0.0, "pPopulus": 0.08, "pSalix": 0.024, "pSorbus": 0.0, "pPrunus": 0.207, "pMalus": 0.0, "pPyrus": 0.0, "pOtherLN": 0.0, "pPicea": 0.0, "pPinus": 0.0, "pAbies": 0.0, "pDouglas": 0.0, "pLarix": 0.0, "pOtherNb": 0.0, "pNoEurop": 0.0, "pNoEuropD": 0.0, "pEurop": 1.0, "pDecid": 1.0, "pConifer": 0.0, "pAll": 1.0, "Cell_id": "4363_3160", "EPSG": 31468, "Netz": 16, "Dichte": 8, "Bl": ";16;" }, "geometry": { "type": "Point", "coordinates": [ 10.612768224224499, 51.553505348626473 ] } },
{ "type": "Feature", "properties": { "Tnr": 47666, "mitRand": 1, "AnzHBbeg": 1, "pHaupt": 1.0, "poHaupt": 0.0, "pQuerus": 0.0, "pFagus": 0.0, "pFraxinus": 0.0, "pCarpinus": 0.0, "pAcer": 1.0, "pTilia": 0.0, "pRobinia": 0.0, "pUlmus": 0.0, "pCastanea": 0.0, "pOtherLH": 0.0, "pBetula": 0.0, "pAlnus": 0.0, "pPopulus": 0.0, "pSalix": 0.0, "pSorbus": 0.0, "pPrunus": 0.0, "pMalus": 0.0, "pPyrus": 0.0, "pOtherLN": 0.0, "pPicea": 0.0, "pPinus": 0.0, "pAbies": 0.0, "pDouglas": 0.0, "pLarix": 0.0, "pOtherNb": 0.0, "pNoEurop": 0.0, "pNoEuropD": 0.0, "pEurop": 1.0, "pDecid": 1.0, "pConifer": 0.0, "pAll": 1.0, "Cell_id": "4375_3160", "EPSG": 31468, "Netz": 16, "Dichte": 8, "Bl": ";16;" }, "geometry": { "type": "Point", "coordinates": [ 10.78577104557902, 51.552472451591697 ] } },
{ "type": "Feature", "properties": { "Tnr": 47670, "mitRand": 1, "AnzHBbeg": 4, "pHaupt": 1.0, "poHaupt": 0.0, "pQuerus": 0.0, "pFagus": 0.344, "pFraxinus": 0.482, "pCarpinus": 0.0, "pAcer": 0.142, "pTilia": 0.0, "pRobinia": 0.0, "pUlmus": 0.0, "pCastanea": 0.0, "pOtherLH": 0.0, "pBetula": 0.0, "pAlnus": 0.0, "pPopulus": 0.0, "pSalix": 0.0, "pSorbus": 0.0, "pPrunus": 0.0, "pMalus": 0.0, "pPyrus": 0.0, "pOtherLN": 0.0, "pPicea": 0.032, "pPinus": 0.0, "pAbies": 0.0, "pDouglas": 0.0, "pLarix": 0.0, "pOtherNb": 0.0, "pNoEurop": 0.0, "pNoEuropD": 0.0, "pEurop": 1.0, "pDecid": 0.968, "pConifer": 0.032, "pAll": 1.0, "Cell_id": "4383_3161", "EPSG": 31468, "Netz": 16, "Dichte": 4, "Bl": ";15;" }, "geometry": { "type": "Point", "coordinates": [ 10.901275759792798, 51.560625404673772 ] } },
{ "type": "Feature", "properties": { "Tnr": 47812, "mitRand": 1, "AnzHBbeg": 1, "pHaupt": 1.0, "poHaupt": 0.0, "pQuerus": 0.493, "pFagus": 0.0, "pFraxinus": 0.0, "pCarpinus": 0.356, "pAcer": 0.15, "pTilia": 0.0, "pRobinia": 0.0, "pUlmus": 0.0, "pCastanea": 0.0, "pOtherLH": 0.0, "pBetula": 0.0, "pAlnus": 0.0, "pPopulus": 0.0, "pSalix": 0.0, "pSorbus": 0.0, "pPrunus": 0.0, "pMalus": 0.0, "pPyrus": 0.0, "pOtherLN": 0.0, "pPicea": 0.0, "pPinus": 0.0, "pAbies": 0.0, "pDouglas": 0.0, "pLarix": 0.0, "pOtherNb": 0.0, "pNoEurop": 0.0, "pNoEuropD": 0.0, "pEurop": 1.0, "pDecid": 1.0, "pConifer": 0.0, "pAll": 1.0, "Cell_id": "4365_3158", "EPSG": 31468, "Netz": 8, "Dichte": 8, "Bl": ";16;" }, "geometry": { "type": "Point", "coordinates": [ 10.641342803890648, 51.535382837640675 ] } },
{ "type": "Feature", "properties": { "Tnr": 47816, "mitRand": 1, "AnzHBbeg": 4, "pHaupt": 0.75, "poHaupt": 0.25, "pQuerus": 0.0, "pFagus": 0.0, "pFraxinus": 0.094, "pCarpinus": 0.0, "pAcer": 0.0, "pTilia": 0.0, "pRobinia": 0.0, "pUlmus": 0.0, "pCastanea": 0.0, "pOtherLH": 0.0, "pBetula": 0.406, "pAlnus": 0.0, "pPopulus": 0.0, "pSalix": 0.0, "pSorbus": 0.0, "pPrunus": 0.0, "pMalus": 0.0, "pPyrus": 0.0, "pOtherLN": 0.0, "pPicea": 0.0, "pPinus": 0.0, "pAbies": 0.0, "pDouglas": 0.0, "pLarix": 0.25, "pOtherNb": 0.0, "pNoEurop": 0.0, "pNoEuropD": 0.0, "pEurop": 0.75, "pDecid": 0.5, "pConifer": 0.25, "pAll": 0.75, "Cell_id": "4373_3158", "EPSG": 31468, "Netz": 8, "Dichte": 8, "Bl": ";16;" }, "geometry": { "type": "Point", "coordinates": [ 10.756637329778286, 51.534691864360688 ] } },
{ "type": "Feature", "properties": { "Tnr": 47818, "mitRand": 1, "AnzHBbeg": 2, "pHaupt": 1.0, "poHaupt": 0.0, "pQuerus": 0.0, "pFagus": 0.0, "pFraxinus": 0.0, "pCarpinus": 0.0, "pAcer": 0.0, "pTilia": 0.0, "pRobinia": 0.0, "pUlmus": 0.0, "pCastanea": 0.0, "pOtherLH": 0.0, "pBetula": 0.207, "pAlnus": 0.0, "pPopulus": 0.0, "pSalix": 0.0, "pSorbus": 0.0, "pPrunus": 0.0, "pMalus": 0.0, "pPyrus": 0.0, "pOtherLN": 0.0, "pPicea": 0.683, "pPinus": 0.11, "pAbies": 0.0, "pDouglas": 0.0, "pLarix": 0.0, "pOtherNb": 0.0, "pNoEurop": 0.0, "pNoEuropD": 0.0, "pEurop": 1.0, "pDecid": 0.207, "pConifer": 0.793, "pAll": 1.0, "Cell_id": "4377_3159", "EPSG": 31468, "Netz": 8, "Dichte": 8, "Bl": ";16;" }, "geometry": { "type": "Point", "coordinates": [ 10.814445016249392, 51.543285925001264 ] } },
{ "type": "Feature", "properties": { "Tnr": 47822, "mitRand": 1, "AnzHBbeg": 4, "pHaupt": 1.0, "poHaupt": 0.0, "pQuerus": 0.0, "pFagus": 0.797, "pFraxinus": 0.0, "pCarpinus": 0.0, "pAcer": 0.0, "pTilia": 0.0, "pRobinia": 0.0, "pUlmus": 0.0, "pCastanea": 0.0, "pOtherLH": 0.0, "pBetula": 0.076, "pAlnus": 0.0, "pPopulus": 0.0, "pSalix": 0.0, "pSorbus": 0.0, "pPrunus": 0.0, "pMalus": 0.0, "pPyrus": 0.0, "pOtherLN": 0.0, "pPicea": 0.127, "pPinus": 0.0, "pAbies": 0.0, "pDouglas": 0.0, "pLarix": 0.0, "pOtherNb": 0.0, "pNoEurop": 0.0, "pNoEuropD": 0.0, "pEurop": 1.0, "pDecid": 0.873, "pConifer": 0.127, "pAll": 1.0, "Cell_id": "4385_3159", "EPSG": 31468, "Netz": 8, "Dichte": 8, "Bl": ";16;" }, "geometry": { "type": "Point", "coordinates": [ 10.929752524254706, 51.542433601356116 ] } },
{ "type": "Feature", "properties": { "Tnr": 47957, "mitRand": 0, "AnzHBbeg": 4, "pHaupt": 1.0, "poHaupt": 0.0, "pQuerus": 0.165, "pFagus": 0.551, "pFraxinus": 0.0, "pCarpinus": 0.0, "pAcer": 0.0, "pTilia": 0.0, "pRobinia": 0.0, "pUlmus": 0.0, "pCastanea": 0.0, "pOtherLH": 0.0, "pBetula": 0.0, "pAlnus": 0.0, "pPopulus": 0.0, "pSalix": 0.0, "pSorbus": 0.0, "pPrunus": 0.0, "pMalus": 0.0, "pPyrus": 0.0, "pOtherLN": 0.0, "pPicea": 0.284, "pPinus": 0.0, "pAbies": 0.0, "pDouglas": 0.0, "pLarix": 0.0, "pOtherNb": 0.0, "pNoEurop": 0.0, "pNoEuropD": 0.0, "pEurop": 1.0, "pDecid": 0.716, "pConifer": 0.284, "pAll": 1.0, "Cell_id": "4351_3156", "EPSG": 31467, "Netz": 16, "Dichte": 8, "Bl": ";16;" }, "geometry": { "type": "Point", "coordinates": [ 10.439410588135214, 51.518332662157079 ] } },
{ "type": "Feature", "properties": { "Tnr": 47971, "mitRand": 1, "AnzHBbeg": 3, "pHaupt": 1.0, "poHaupt": 0.0, "pQuerus": 0.136, "pFagus": 0.0, "pFraxinus": 0.0, "pCarpinus": 0.08, "pAcer": 0.155, "pTilia": 0.0, "pRobinia": 0.0, "pUlmus": 0.0, "pCastanea": 0.0, "pOtherLH": 0.0, "pBetula": 0.0, "pAlnus": 0.0, "pPopulus": 0.0, "pSalix": 0.0, "pSorbus": 0.0, "pPrunus": 0.029, "pMalus": 0.0, "pPyrus": 0.0, "pOtherLN": 0.0, "pPicea": 0.6, "pPinus": 0.0, "pAbies": 0.0, "pDouglas": 0.0, "pLarix": 0.0, "pOtherNb": 0.0, "pNoEurop": 0.0, "pNoEuropD": 0.0, "pEurop": 1.0, "pDecid": 0.4, "pConifer": 0.6, "pAll": 1.0, "Cell_id": "4379_3157", "EPSG": 31468, "Netz": 64, "Dichte": 8, "Bl": ";16;" }, "geometry": { "type": "Point", "coordinates": [ 10.84293153018856, 51.525106161463164 ] } },
{ "type": "Feature", "properties": { "Tnr": 47973, "mitRand": 1, "AnzHBbeg": 4, "pHaupt": 1.0, "poHaupt": 0.0, "pQuerus": 0.0, "pFagus": 0.537, "pFraxinus": 0.342, "pCarpinus": 0.0, "pAcer": 0.12, "pTilia": 0.0, "pRobinia": 0.0, "pUlmus": 0.0, "pCastanea": 0.0, "pOtherLH": 0.0, "pBetula": 0.0, "pAlnus": 0.0, "pPopulus": 0.0, "pSalix": 0.0, "pSorbus": 0.0, "pPrunus": 0.0, "pMalus": 0.0, "pPyrus": 0.0, "pOtherLN": 0.0, "pPicea": 0.0, "pPinus": 0.0, "pAbies": 0.0, "pDouglas": 0.0, "pLarix": 0.0, "pOtherNb": 0.0, "pNoEurop": 0.0, "pNoEuropD": 0.0, "pEurop": 1.0, "pDecid": 1.0, "pConifer": 0.0, "pAll": 1.0, "Cell_id": "4383_3157", "EPSG": 31468, "Netz": 16, "Dichte": 8, "Bl": ";16;" }, "geometry": { "type": "Point", "coordinates": [ 10.900569793070877, 51.524680283861166 ] } },
{ "type": "Feature", "properties": { "Tnr": 48114, "mitRand": 1, "AnzHBbeg": 4, "pHaupt": 1.0, "poHaupt": 0.0, "pQuerus": 0.098, "pFagus": 0.631, "pFraxinus": 0.0, "pCarpinus": 0.0, "pAcer": 0.0, "pTilia": 0.0, "pRobinia": 0.0, "pUlmus": 0.0, "pCastanea": 0.0, "pOtherLH": 0.0, "pBetula": 0.0, "pAlnus": 0.0, "pPopulus": 0.0, "pSalix": 0.0, "pSorbus": 0.0, "pPrunus": 0.0, "pMalus": 0.0, "pPyrus": 0.0, "pOtherLN": 0.0, "pPicea": 0.084, "pPinus": 0.0, "pAbies": 0.0, "pDouglas": 0.0, "pLarix": 0.187, "pOtherNb": 0.0, "pNoEurop": 0.0, "pNoEuropD": 0.0, "pEurop": 1.0, "pDecid": 0.729, "pConifer": 0.271, "pAll": 1.0, "Cell_id": "4353_3154", "EPSG": 31467, "Netz": 8, "Dichte": 8, "Bl": ";16;" }, "geometry": { "type": "Point", "coordinates": [ 10.468032804275945, 51.500242936283961 ] } },
{ "type": "Feature", "properties": { "Tnr": 48116, "mitRand": 1, "AnzHBbeg": 3, "pHaupt": 1.0, "poHaupt": 0.0, "pQuerus": 0.0, "pFagus": 0.778, "pFraxinus": 0.0, "pCarpinus": 0.222, "pAcer": 0.0, "pTilia": 0.0, "pRobinia": 0.0, "pUlmus": 0.0, "pCastanea": 0.0, "pOtherLH": 0.0, "pBetula": 0.0, "pAlnus": 0.0, "pPopulus": 0.0, "pSalix": 0.0, "pSorbus": 0.0, "pPrunus": 0.0, "pMalus": 0.0, "pPyrus": 0.0, "pOtherLN": 0.0, "pPicea": 0.0, "pPinus": 0.0, "pAbies": 0.0, "pDouglas": 0.0, "pLarix": 0.0, "pOtherNb": 0.0, "pNoEurop": 0.0, "pNoEuropD": 0.0, "pEurop": 1.0, "pDecid": 1.0, "pConifer": 0.0, "pAll": 1.0, "Cell_id": "4358_3154", "EPSG": 31468, "Netz": 8, "Dichte": 8, "Bl": ";16;" }, "geometry": { "type": "Point", "coordinates": [ 10.540032254607018, 51.499939261670391 ] } },
{ "type": "Feature", "properties": { "Tnr": 48128, "mitRand": 1, "AnzHBbeg": 1, "pHaupt": 1.0, "poHaupt": 0.0, "pQuerus": 0.64, "pFagus": 0.36, "pFraxinus": 0.0, "pCarpinus": 0.0, "pAcer": 0.0, "pTilia": 0.0, "pRobinia": 0.0, "pUlmus": 0.0, "pCastanea": 0.0, "pOtherLH": 0.0, "pBetula": 0.0, "pAlnus": 0.0, "pPopulus": 0.0, "pSalix": 0.0, "pSorbus": 0.0, "pPrunus": 0.0, "pMalus": 0.0, "pPyrus": 0.0, "pOtherLN": 0.0, "pPicea": 0.0, "pPinus": 0.0, "pAbies": 0.0, "pDouglas": 0.0, "pLarix": 0.0, "pOtherNb": 0.0, "pNoEurop": 0.0, "pNoEuropD": 0.0, "pEurop": 1.0, "pDecid": 1.0, "pConifer": 0.0, "pAll": 1.0, "Cell_id": "4382_3155", "EPSG": 31468, "Netz": 8, "Dichte": 8, "Bl": ";16;" }, "geometry": { "type": "Point", "coordinates": [ 10.88581008866749, 51.506814474968664 ] } },
{ "type": "Feature", "properties": { "Tnr": 48130, "mitRand": 1, "AnzHBbeg": 3, "pHaupt": 0.667, "poHaupt": 0.333, "pQuerus": 0.0, "pFagus": 0.0, "pFraxinus": 0.291, "pCarpinus": 0.0, "pAcer": 0.042, "pTilia": 0.0, "pRobinia": 0.0, "pUlmus": 0.0, "pCastanea": 0.0, "pOtherLH": 0.0, "pBetula": 0.0, "pAlnus": 0.0, "pPopulus": 0.0, "pSalix": 0.0, "pSorbus": 0.0, "pPrunus": 0.0, "pMalus": 0.145, "pPyrus": 0.0, "pOtherLN": 0.0, "pPicea": 0.0, "pPinus": 0.188, "pAbies": 0.0, "pDouglas": 0.0, "pLarix": 0.0, "pOtherNb": 0.0, "pNoEurop": 0.0, "pNoEuropD": 0.0, "pEurop": 0.667, "pDecid": 0.479, "pConifer": 0.188, "pAll": 0.667, "Cell_id": "4386_3155", "EPSG": 31468, "Netz": 8, "Dichte": 8, "Bl": ";16;" }, "geometry": { "type": "Point", "coordinates": [ 10.943409894115915, 51.506368009246309 ] } },
{ "type": "Feature", "properties": { "Tnr": 48270, "mitRand": 1, "AnzHBbeg": 2, "pHaupt": 1.0, "poHaupt": 0.0, "pQuerus": 0.0, "pFagus": 1.0, "pFraxinus": 0.0, "pCarpinus": 0.0, "pAcer": 0.0, "pTilia": 0.0, "pRobinia": 0.0, "pUlmus": 0.0, "pCastanea": 0.0, "pOtherLH": 0.0, "pBetula": 0.0, "pAlnus": 0.0, "pPopulus": 0.0, "pSalix": 0.0, "pSorbus": 0.0, "pPrunus": 0.0, "pMalus": 0.0, "pPyrus": 0.0, "pOtherLN": 0.0, "pPicea": 0.0, "pPinus": 0.0, "pAbies": 0.0, "pDouglas": 0.0, "pLarix": 0.0, "pOtherNb": 0.0, "pNoEurop": 0.0, "pNoEuropD": 0.0, "pEurop": 1.0, "pDecid": 1.0, "pConifer": 0.0, "pAll": 1.0, "Cell_id": "4347_3152", "EPSG": 31467, "Netz": 16, "Dichte": 8, "Bl": ";16;" }, "geometry": { "type": "Point", "coordinates": [ 10.381476362665399, 51.482580640270449 ] } },
{ "type": "Feature", "properties": { "Tnr": 48276, "mitRand": 1, "AnzHBbeg": 4, "pHaupt": 1.0, "poHaupt": 0.0, "pQuerus": 0.407, "pFagus": 0.471, "pFraxinus": 0.0, "pCarpinus": 0.0, "pAcer": 0.0, "pTilia": 0.0, "pRobinia": 0.0, "pUlmus": 0.0, "pCastanea": 0.0, "pOtherLH": 0.0, "pBetula": 0.0, "pAlnus": 0.0, "pPopulus": 0.0, "pSalix": 0.0, "pSorbus": 0.0, "pPrunus": 0.0, "pMalus": 0.0, "pPyrus": 0.0, "pOtherLN": 0.0, "pPicea": 0.0, "pPinus": 0.0, "pAbies": 0.0, "pDouglas": 0.0, "pLarix": 0.122, "pOtherNb": 0.0, "pNoEurop": 0.0, "pNoEuropD": 0.0, "pEurop": 1.0, "pDecid": 0.878, "pConifer": 0.122, "pAll": 1.0, "Cell_id": "4360_3152", "EPSG": 31468, "Netz": 16, "Dichte": 8, "Bl": ";16;" }, "geometry": { "type": "Point", "coordinates": [ 10.568617115743255, 51.481825174959098 ] } },
{ "type": "Feature", "properties": { "Tnr": 48278, "mitRand": 1, "AnzHBbeg": 1, "pHaupt": 1.0, "poHaupt": 0.0, "pQuerus": 1.0, "pFagus": 0.0, "pFraxinus": 0.0, "pCarpinus": 0.0, "pAcer": 0.0, "pTilia": 0.0, "pRobinia": 0.0, "pUlmus": 0.0, "pCastanea": 0.0, "pOtherLH": 0.0, "pBetula": 0.0, "pAlnus": 0.0, "pPopulus": 0.0, "pSalix": 0.0, "pSorbus": 0.0, "pPrunus": 0.0, "pMalus": 0.0, "pPyrus": 0.0, "pOtherLN": 0.0, "pPicea": 0.0, "pPinus": 0.0, "pAbies": 0.0, "pDouglas": 0.0, "pLarix": 0.0, "pOtherNb": 0.0, "pNoEurop": 0.0, "pNoEuropD": 0.0, "pEurop": 1.0, "pDecid": 1.0, "pConifer": 0.0, "pAll": 1.0, "Cell_id": "4364_3152", "EPSG": 31468, "Netz": 16, "Dichte": 8, "Bl": ";16;" }, "geometry": { "type": "Point", "coordinates": [ 10.626191562151421, 51.481525794794706 ] } },
{ "type": "Feature", "properties": { "Tnr": 48290, "mitRand": 1, "AnzHBbeg": 2, "pHaupt": 1.0, "poHaupt": 0.0, "pQuerus": 0.0, "pFagus": 0.0, "pFraxinus": 0.0, "pCarpinus": 0.0, "pAcer": 0.0, "pTilia": 0.0, "pRobinia": 0.0, "pUlmus": 0.0, "pCastanea": 0.0, "pOtherLH": 0.0, "pBetula": 0.0, "pAlnus": 0.0, "pPopulus": 0.0, "pSalix": 0.095, "pSorbus": 0.0, "pPrunus": 0.091, "pMalus": 0.0, "pPyrus": 0.0, "pOtherLN": 0.0, "pPicea": 0.814, "pPinus": 0.0, "pAbies": 0.0, "pDouglas": 0.0, "pLarix": 0.0, "pOtherNb": 0.0, "pNoEurop": 0.0, "pNoEuropD": 0.0, "pEurop": 1.0, "pDecid": 0.186, "pConifer": 0.814, "pAll": 1.0, "Cell_id": "4388_3153", "EPSG": 31468, "Netz": 16, "Dichte": 4, "Bl": ";15;16;" }, "geometry": { "type": "Point", "coordinates": [ 10.971835954046655, 51.488157376458723 ] } },
{ "type": "Feature", "properties": { "Tnr": 48427, "mitRand": 1, "AnzHBbeg": 4, "pHaupt": 1.0, "poHaupt": 0.0, "pQuerus": 0.202, "pFagus": 0.022, "pFraxinus": 0.0, "pCarpinus": 0.0, "pAcer": 0.0, "pTilia": 0.0, "pRobinia": 0.0, "pUlmus": 0.0, "pCastanea": 0.0, "pOtherLH": 0.0, "pBetula": 0.226, "pAlnus": 0.0, "pPopulus": 0.201, "pSalix": 0.018, "pSorbus": 0.0, "pPrunus": 0.0, "pMalus": 0.0, "pPyrus": 0.0, "pOtherLN": 0.0, "pPicea": 0.275, "pPinus": 0.0, "pAbies": 0.017, "pDouglas": 0.019, "pLarix": 0.02, "pOtherNb": 0.0, "pNoEurop": 0.019, "pNoEuropD": 0.0, "pEurop": 0.981, "pDecid": 0.669, "pConifer": 0.331, "pAll": 1.0, "Cell_id": "4333_3150", "EPSG": 31467, "Netz": 8, "Dichte": 8, "Bl": ";16;" }, "geometry": { "type": "Point", "coordinates": [ 10.179882828564741, 51.465089779356177 ] } },
{ "type": "Feature", "properties": { "Tnr": 48435, "mitRand": 1, "AnzHBbeg": 4, "pHaupt": 1.0, "poHaupt": 0.0, "pQuerus": 0.141, "pFagus": 0.456, "pFraxinus": 0.091, "pCarpinus": 0.0, "pAcer": 0.043, "pTilia": 0.0, "pRobinia": 0.0, "pUlmus": 0.0, "pCastanea": 0.0, "pOtherLH": 0.0, "pBetula": 0.0, "pAlnus": 0.0, "pPopulus": 0.0, "pSalix": 0.0, "pSorbus": 0.116, "pPrunus": 0.0, "pMalus": 0.0, "pPyrus": 0.0, "pOtherLN": 0.0, "pPicea": 0.0, "pPinus": 0.0, "pAbies": 0.0, "pDouglas": 0.0, "pLarix": 0.154, "pOtherNb": 0.0, "pNoEurop": 0.0, "pNoEuropD": 0.0, "pEurop": 1.0, "pDecid": 0.846, "pConifer": 0.154, "pAll": 1.0, "Cell_id": "4349_3150", "EPSG": 31467, "Netz": 8, "Dichte": 8, "Bl": ";16;" }, "geometry": { "type": "Point", "coordinates": [ 10.41011433658095, 51.46451375672833 ] } },
{ "type": "Feature", "properties": { "Tnr": 48443, "mitRand": 1, "AnzHBbeg": 2, "pHaupt": 1.0, "poHaupt": 0.0, "pQuerus": 0.5, "pFagus": 0.0, "pFraxinus": 0.0, "pCarpinus": 0.0, "pAcer": 0.0, "pTilia": 0.0, "pRobinia": 0.0, "pUlmus": 0.0, "pCastanea": 0.0, "pOtherLH": 0.0, "pBetula": 0.0, "pAlnus": 0.0, "pPopulus": 0.0, "pSalix": 0.0, "pSorbus": 0.0, "pPrunus": 0.0, "pMalus": 0.0, "pPyrus": 0.0, "pOtherLN": 0.5, "pPicea": 0.0, "pPinus": 0.0, "pAbies": 0.0, "pDouglas": 0.0, "pLarix": 0.0, "pOtherNb": 0.0, "pNoEurop": 0.5, "pNoEuropD": 0.5, "pEurop": 0.5, "pDecid": 1.0, "pConifer": 0.0, "pAll": 1.0, "Cell_id": "4366_3150", "EPSG": 31468, "Netz": 8, "Dichte": 8, "Bl": ";16;" }, "geometry": { "type": "Point", "coordinates": [ 10.654730778550013, 51.463400048964019 ] } },
{ "type": "Feature", "properties": { "Tnr": 48596, "mitRand": 1, "AnzHBbeg": 2, "pHaupt": 1.0, "poHaupt": 0.0, "pQuerus": 0.0, "pFagus": 0.0, "pFraxinus": 0.0, "pCarpinus": 0.0, "pAcer": 0.0, "pTilia": 0.0, "pRobinia": 0.0, "pUlmus": 0.0, "pCastanea": 0.0, "pOtherLH": 0.0, "pBetula": 0.333, "pAlnus": 0.0, "pPopulus": 0.0, "pSalix": 0.0, "pSorbus": 0.2, "pPrunus": 0.179, "pMalus": 0.0, "pPyrus": 0.0, "pOtherLN": 0.0, "pPicea": 0.288, "pPinus": 0.0, "pAbies": 0.0, "pDouglas": 0.0, "pLarix": 0.0, "pOtherNb": 0.0, "pNoEurop": 0.0, "pNoEuropD": 0.0, "pEurop": 1.0, "pDecid": 0.712, "pConifer": 0.288, "pAll": 1.0, "Cell_id": "4339_3148", "EPSG": 31467, "Netz": 64, "Dichte": 8, "Bl": ";16;" }, "geometry": { "type": "Point", "coordinates": [ 10.266111961935154, 51.446949513268244 ] } },
{ "type": "Feature", "properties": { "Tnr": 48598, "mitRand": 1, "AnzHBbeg": 1, "pHaupt": 1.0, "poHaupt": 0.0, "pQuerus": 0.283, "pFagus": 0.0, "pFraxinus": 0.0, "pCarpinus": 0.416, "pAcer": 0.226, "pTilia": 0.0, "pRobinia": 0.0, "pUlmus": 0.0, "pCastanea": 0.0, "pOtherLH": 0.0, "pBetula": 0.0, "pAlnus": 0.0, "pPopulus": 0.0, "pSalix": 0.0, "pSorbus": 0.0, "pPrunus": 0.074, "pMalus": 0.0, "pPyrus": 0.0, "pOtherLN": 0.0, "pPicea": 0.0, "pPinus": 0.0, "pAbies": 0.0, "pDouglas": 0.0, "pLarix": 0.0, "pOtherNb": 0.0, "pNoEurop": 0.0, "pNoEuropD": 0.0, "pEurop": 1.0, "pDecid": 1.0, "pConifer": 0.0, "pAll": 1.0, "Cell_id": "4343_3148", "EPSG": 31467, "Netz": 16, "Dichte": 8, "Bl": ";16;" }, "geometry": { "type": "Point", "coordinates": [ 10.323647355735663, 51.446807971178529 ] } },
{ "type": "Feature", "properties": { "Tnr": 48600, "mitRand": 1, "AnzHBbeg": 3, "pHaupt": 1.0, "poHaupt": 0.0, "pQuerus": 0.0, "pFagus": 0.408, "pFraxinus": 0.228, "pCarpinus": 0.0, "pAcer": 0.28, "pTilia": 0.0, "pRobinia": 0.0, "pUlmus": 0.0, "pCastanea": 0.0, "pOtherLH": 0.0, "pBetula": 0.0, "pAlnus": 0.0, "pPopulus": 0.0, "pSalix": 0.0, "pSorbus": 0.0, "pPrunus": 0.0, "pMalus": 0.0, "pPyrus": 0.0, "pOtherLN": 0.0, "pPicea": 0.0, "pPinus": 0.0, "pAbies": 0.0, "pDouglas": 0.0, "pLarix": 0.0, "pOtherNb": 0.083, "pNoEurop": 0.083, "pNoEuropD": 0.083, "pEurop": 0.917, "pDecid": 0.917, "pConifer": 0.083, "pAll": 1.0, "Cell_id": "4347_3148", "EPSG": 31467, "Netz": 64, "Dichte": 8, "Bl": ";16;" }, "geometry": { "type": "Point", "coordinates": [ 10.381181566847223, 51.446629207031229 ] } },
{ "type": "Feature", "properties": { "Tnr": 48608, "mitRand": 0, "AnzHBbeg": 4, "pHaupt": 1.0, "poHaupt": 0.0, "pQuerus": 0.127, "pFagus": 0.873, "pFraxinus": 0.0, "pCarpinus": 0.0, "pAcer": 0.0, "pTilia": 0.0, "pRobinia": 0.0, "pUlmus": 0.0, "pCastanea": 0.0, "pOtherLH": 0.0, "pBetula": 0.0, "pAlnus": 0.0, "pPopulus": 0.0, "pSalix": 0.0, "pSorbus": 0.0, "pPrunus": 0.0, "pMalus": 0.0, "pPyrus": 0.0, "pOtherLN": 0.0, "pPicea": 0.0, "pPinus": 0.0, "pAbies": 0.0, "pDouglas": 0.0, "pLarix": 0.0, "pOtherNb": 0.0, "pNoEurop": 0.0, "pNoEuropD": 0.0, "pEurop": 1.0, "pDecid": 1.0, "pConifer": 0.0, "pAll": 1.0, "Cell_id": "4364_3148", "EPSG": 31468, "Netz": 64, "Dichte": 8, "Bl": ";16;" }, "geometry": { "type": "Point", "coordinates": [ 10.625704546309455, 51.445576739038906 ] } },
{ "type": "Feature", "properties": { "Tnr": 48612, "mitRand": 1, "AnzHBbeg": 2, "pHaupt": 1.0, "poHaupt": 0.0, "pQuerus": 0.629, "pFagus": 0.12, "pFraxinus": 0.222, "pCarpinus": 0.0, "pAcer": 0.0, "pTilia": 0.0, "pRobinia": 0.029, "pUlmus": 0.0, "pCastanea": 0.0, "pOtherLH": 0.0, "pBetula": 0.0, "pAlnus": 0.0, "pPopulus": 0.0, "pSalix": 0.0, "pSorbus": 0.0, "pPrunus": 0.0, "pMalus": 0.0, "pPyrus": 0.0, "pOtherLN": 0.0, "pPicea": 0.0, "pPinus": 0.0, "pAbies": 0.0, "pDouglas": 0.0, "pLarix": 0.0, "pOtherNb": 0.0, "pNoEurop": 0.029, "pNoEuropD": 0.029, "pEurop": 0.971, "pDecid": 1.0, "pConifer": 0.0, "pAll": 1.0, "Cell_id": "4372_3148", "EPSG": 31468, "Netz": 64, "Dichte": 8, "Bl": ";16;" }, "geometry": { "type": "Point", "coordinates": [ 10.74075897141414, 51.444903512393836 ] } },
{ "type": "Feature", "properties": { "Tnr": 48614, "mitRand": 1, "AnzHBbeg": 1, "pHaupt": 1.0, "poHaupt": 0.0, "pQuerus": 1.0, "pFagus": 0.0, "pFraxinus": 0.0, "pCarpinus": 0.0, "pAcer": 0.0, "pTilia": 0.0, "pRobinia": 0.0, "pUlmus": 0.0, "pCastanea": 0.0, "pOtherLH": 0.0, "pBetula": 0.0, "pAlnus": 0.0, "pPopulus": 0.0, "pSalix": 0.0, "pSorbus": 0.0, "pPrunus": 0.0, "pMalus": 0.0, "pPyrus": 0.0, "pOtherLN": 0.0, "pPicea": 0.0, "pPinus": 0.0, "pAbies": 0.0, "pDouglas": 0.0, "pLarix": 0.0, "pOtherNb": 0.0, "pNoEurop": 0.0, "pNoEuropD": 0.0, "pEurop": 1.0, "pDecid": 1.0, "pConifer": 0.0, "pAll": 1.0, "Cell_id": "4376_3148", "EPSG": 31468, "Netz": 16, "Dichte": 8, "Bl": ";16;" }, "geometry": { "type": "Point", "coordinates": [ 10.798298382416354, 51.444528829968419 ] } },
{ "type": "Feature", "properties": { "Tnr": 48762, "mitRand": 1, "AnzHBbeg": 2, "pHaupt": 1.0, "poHaupt": 0.0, "pQuerus": 0.0, "pFagus": 0.0, "pFraxinus": 0.0, "pCarpinus": 0.0, "pAcer": 0.0, "pTilia": 0.0, "pRobinia": 0.0, "pUlmus": 0.0, "pCastanea": 0.0, "pOtherLH": 0.0, "pBetula": 0.0, "pAlnus": 0.0, "pPopulus": 0.0, "pSalix": 0.0, "pSorbus": 0.0, "pPrunus": 0.0, "pMalus": 0.0, "pPyrus": 0.0, "pOtherLN": 0.0, "pPicea": 1.0, "pPinus": 0.0, "pAbies": 0.0, "pDouglas": 0.0, "pLarix": 0.0, "pOtherNb": 0.0, "pNoEurop": 0.0, "pNoEuropD": 0.0, "pEurop": 1.0, "pDecid": 0.0, "pConifer": 1.0, "pAll": 1.0, "Cell_id": "4337_3146", "EPSG": 31467, "Netz": 8, "Dichte": 8, "Bl": ";16;" }, "geometry": { "type": "Point", "coordinates": [ 10.237246320096883, 51.429037919086582 ] } },
{ "type": "Feature", "properties": { "Tnr": 48764, "mitRand": 1, "AnzHBbeg": 3, "pHaupt": 1.0, "poHaupt": 0.0, "pQuerus": 0.198, "pFagus": 0.0, "pFraxinus": 0.237, "pCarpinus": 0.0, "pAcer": 0.0, "pTilia": 0.0, "pRobinia": 0.0, "pUlmus": 0.0, "pCastanea": 0.0, "pOtherLH": 0.0, "pBetula": 0.0, "pAlnus": 0.0, "pPopulus": 0.0, "pSalix": 0.211, "pSorbus": 0.0, "pPrunus": 0.097, "pMalus": 0.0, "pPyrus": 0.0, "pOtherLN": 0.0, "pPicea": 0.165, "pPinus": 0.092, "pAbies": 0.0, "pDouglas": 0.0, "pLarix": 0.0, "pOtherNb": 0.0, "pNoEurop": 0.0, "pNoEuropD": 0.0, "pEurop": 1.0, "pDecid": 0.742, "pConifer": 0.258, "pAll": 1.0, "Cell_id": "4341_3146", "EPSG": 31467, "Netz": 8, "Dichte": 8, "Bl": ";16;" }, "geometry": { "type": "Point", "coordinates": [ 10.294759303510247, 51.428901718191511 ] } },
{ "type": "Feature", "properties": { "Tnr": 48766, "mitRand": 1, "AnzHBbeg": 1, "pHaupt": 1.0, "poHaupt": 0.0, "pQuerus": 0.454, "pFagus": 0.131, "pFraxinus": 0.129, "pCarpinus": 0.287, "pAcer": 0.0, "pTilia": 0.0, "pRobinia": 0.0, "pUlmus": 0.0, "pCastanea": 0.0, "pOtherLH": 0.0, "pBetula": 0.0, "pAlnus": 0.0, "pPopulus": 0.0, "pSalix": 0.0, "pSorbus": 0.0, "pPrunus": 0.0, "pMalus": 0.0, "pPyrus": 0.0, "pOtherLN": 0.0, "pPicea": 0.0, "pPinus": 0.0, "pAbies": 0.0, "pDouglas": 0.0, "pLarix": 0.0, "pOtherNb": 0.0, "pNoEurop": 0.0, "pNoEuropD": 0.0, "pEurop": 1.0, "pDecid": 1.0, "pConifer": 0.0, "pAll": 1.0, "Cell_id": "4345_3146", "EPSG": 31467, "Netz": 8, "Dichte": 8, "Bl": ";16;" }, "geometry": { "type": "Point", "coordinates": [ 10.352271666160272, 51.428746284472879 ] } },
{ "type": "Feature", "properties": { "Tnr": 48768, "mitRand": 1, "AnzHBbeg": 3, "pHaupt": 1.0, "poHaupt": 0.0, "pQuerus": 0.0, "pFagus": 0.608, "pFraxinus": 0.174, "pCarpinus": 0.0, "pAcer": 0.0, "pTilia": 0.0, "pRobinia": 0.0, "pUlmus": 0.0, "pCastanea": 0.0, "pOtherLH": 0.0, "pBetula": 0.0, "pAlnus": 0.0, "pPopulus": 0.0, "pSalix": 0.0, "pSorbus": 0.0, "pPrunus": 0.0, "pMalus": 0.0, "pPyrus": 0.0, "pOtherLN": 0.0, "pPicea": 0.218, "pPinus": 0.0, "pAbies": 0.0, "pDouglas": 0.0, "pLarix": 0.0, "pOtherNb": 0.0, "pNoEurop": 0.0, "pNoEuropD": 0.0, "pEurop": 1.0, "pDecid": 0.782, "pConifer": 0.218, "pAll": 1.0, "Cell_id": "4349_3146", "EPSG": 31467, "Netz": 8, "Dichte": 8, "Bl": ";16;" }, "geometry": { "type": "Point", "coordinates": [ 10.409783071728897, 51.428562632807896 ] } },
{ "type": "Feature", "properties": { "Tnr": 48770, "mitRand": 1, "AnzHBbeg": 1, "pHaupt": 1.0, "poHaupt": 0.0, "pQuerus": 0.168, "pFagus": 0.0, "pFraxinus": 0.0, "pCarpinus": 0.462, "pAcer": 0.0, "pTilia": 0.0, "pRobinia": 0.0, "pUlmus": 0.0, "pCastanea": 0.0, "pOtherLH": 0.0, "pBetula": 0.0, "pAlnus": 0.0, "pPopulus": 0.0, "pSalix": 0.0, "pSorbus": 0.37, "pPrunus": 0.0, "pMalus": 0.0, "pPyrus": 0.0, "pOtherLN": 0.0, "pPicea": 0.0, "pPinus": 0.0, "pAbies": 0.0, "pDouglas": 0.0, "pLarix": 0.0, "pOtherNb": 0.0, "pNoEurop": 0.0, "pNoEuropD": 0.0, "pEurop": 1.0, "pDecid": 1.0, "pConifer": 0.0, "pAll": 1.0, "Cell_id": "4353_3146", "EPSG": 31467, "Netz": 8, "Dichte": 8, "Bl": ";16;" }, "geometry": { "type": "Point", "coordinates": [ 10.467293138789524, 51.428341779032792 ] } },
{ "type": "Feature", "properties": { "Tnr": 48772, "mitRand": 0, "AnzHBbeg": 4, "pHaupt": 1.0, "poHaupt": 0.0, "pQuerus": 0.0, "pFagus": 0.393, "pFraxinus": 0.465, "pCarpinus": 0.0, "pAcer": 0.142, "pTilia": 0.0, "pRobinia": 0.0, "pUlmus": 0.0, "pCastanea": 0.0, "pOtherLH": 0.0, "pBetula": 0.0, "pAlnus": 0.0, "pPopulus": 0.0, "pSalix": 0.0, "pSorbus": 0.0, "pPrunus": 0.0, "pMalus": 0.0, "pPyrus": 0.0, "pOtherLN": 0.0, "pPicea": 0.0, "pPinus": 0.0, "pAbies": 0.0, "pDouglas": 0.0, "pLarix": 0.0, "pOtherNb": 0.0, "pNoEurop": 0.0, "pNoEuropD": 0.0, "pEurop": 1.0, "pDecid": 1.0, "pConifer": 0.0, "pAll": 1.0, "Cell_id": "4358_3146", "EPSG": 31468, "Netz": 8, "Dichte": 8, "Bl": ";16;" }, "geometry": { "type": "Point", "coordinates": [ 10.539193595297874, 51.428030337957892 ] } },
{ "type": "Feature", "properties": { "Tnr": 48774, "mitRand": 1, "AnzHBbeg": 1, "pHaupt": 1.0, "poHaupt": 0.0, "pQuerus": 0.0, "pFagus": 0.0, "pFraxinus": 0.0, "pCarpinus": 0.0, "pAcer": 0.0, "pTilia": 0.0, "pRobinia": 0.0, "pUlmus": 0.0, "pCastanea": 0.0, "pOtherLH": 0.0, "pBetula": 0.0, "pAlnus": 0.0, "pPopulus": 0.0, "pSalix": 0.0, "pSorbus": 0.0, "pPrunus": 0.0, "pMalus": 0.0, "pPyrus": 0.0, "pOtherLN": 1.0, "pPicea": 0.0, "pPinus": 0.0, "pAbies": 0.0, "pDouglas": 0.0, "pLarix": 0.0, "pOtherNb": 0.0, "pNoEurop": 1.0, "pNoEuropD": 1.0, "pEurop": 0.0, "pDecid": 1.0, "pConifer": 0.0, "pAll": 1.0, "Cell_id": "4362_3146", "EPSG": 31468, "Netz": 8, "Dichte": 8, "Bl": ";16;" }, "geometry": { "type": "Point", "coordinates": [ 10.596701225014318, 51.427754979380971 ] } },
{ "type": "Feature", "properties": { "Tnr": 48776, "mitRand": 0, "AnzHBbeg": 4, "pHaupt": 1.0, "poHaupt": 0.0, "pQuerus": 0.185, "pFagus": 0.815, "pFraxinus": 0.0, "pCarpinus": 0.0, "pAcer": 0.0, "pTilia": 0.0, "pRobinia": 0.0, "pUlmus": 0.0, "pCastanea": 0.0, "pOtherLH": 0.0, "pBetula": 0.0, "pAlnus": 0.0, "pPopulus": 0.0, "pSalix": 0.0, "pSorbus": 0.0, "pPrunus": 0.0, "pMalus": 0.0, "pPyrus": 0.0, "pOtherLN": 0.0, "pPicea": 0.0, "pPinus": 0.0, "pAbies": 0.0, "pDouglas": 0.0, "pLarix": 0.0, "pOtherNb": 0.0, "pNoEurop": 0.0, "pNoEuropD": 0.0, "pEurop": 1.0, "pDecid": 1.0, "pConifer": 0.0, "pAll": 1.0, "Cell_id": "4366_3146", "EPSG": 31468, "Netz": 8, "Dichte": 8, "Bl": ";16;" }, "geometry": { "type": "Point", "coordinates": [ 10.654207176011562, 51.427442423766344 ] } },
{ "type": "Feature", "properties": { "Tnr": 48782, "mitRand": 1, "AnzHBbeg": 1, "pHaupt": 0.0, "poHaupt": 1.0, "pQuerus": 0.0, "pFagus": 0.0, "pFraxinus": 0.0, "pCarpinus": 0.0, "pAcer": 0.0, "pTilia": 0.0, "pRobinia": 0.0, "pUlmus": 0.0, "pCastanea": 0.0, "pOtherLH": 0.0, "pBetula": 0.0, "pAlnus": 0.0, "pPopulus": 0.0, "pSalix": 0.0, "pSorbus": 0.0, "pPrunus": 0.0, "pMalus": 0.0, "pPyrus": 0.0, "pOtherLN": 0.0, "pPicea": 0.0, "pPinus": 0.0, "pAbies": 0.0, "pDouglas": 0.0, "pLarix": 0.0, "pOtherNb": 0.0, "pNoEurop": 0.0, "pNoEuropD": 0.0, "pEurop": 0.0, "pDecid": 0.0, "pConifer": 0.0, "pAll": 0.0, "Cell_id": "4378_3147", "EPSG": 31468, "Netz": 8, "Dichte": 8, "Bl": ";16;" }, "geometry": { "type": "Point", "coordinates": [ 10.826902640733691, 51.435339776467472 ] } },
{ "type": "Feature", "properties": { "Tnr": 48928, "mitRand": 1, "AnzHBbeg": 3, "pHaupt": 1.0, "poHaupt": 0.0, "pQuerus": 0.0, "pFagus": 0.377, "pFraxinus": 0.0, "pCarpinus": 0.0, "pAcer": 0.0, "pTilia": 0.0, "pRobinia": 0.0, "pUlmus": 0.0, "pCastanea": 0.0, "pOtherLH": 0.0, "pBetula": 0.059, "pAlnus": 0.0, "pPopulus": 0.0, "pSalix": 0.0, "pSorbus": 0.202, "pPrunus": 0.0, "pMalus": 0.0, "pPyrus": 0.0, "pOtherLN": 0.0, "pPicea": 0.102, "pPinus": 0.26, "pAbies": 0.0, "pDouglas": 0.0, "pLarix": 0.0, "pOtherNb": 0.0, "pNoEurop": 0.0, "pNoEuropD": 0.0, "pEurop": 1.0, "pDecid": 0.638, "pConifer": 0.362, "pAll": 1.0, "Cell_id": "4323_3144", "EPSG": 31467, "Netz": 16, "Dichte": 8, "Bl": ";16;" }, "geometry": { "type": "Point", "coordinates": [ 10.035940618581694, 51.411297377254968 ] } },
{ "type": "Feature", "properties": { "Tnr": 48936, "mitRand": 1, "AnzHBbeg": 4, "pHaupt": 1.0, "poHaupt": 0.0, "pQuerus": 0.049, "pFagus": 0.451, "pFraxinus": 0.0, "pCarpinus": 0.0, "pAcer": 0.0, "pTilia": 0.0, "pRobinia": 0.0, "pUlmus": 0.0, "pCastanea": 0.0, "pOtherLH": 0.0, "pBetula": 0.0, "pAlnus": 0.0, "pPopulus": 0.0, "pSalix": 0.0, "pSorbus": 0.0, "pPrunus": 0.0, "pMalus": 0.0, "pPyrus": 0.0, "pOtherLN": 0.0, "pPicea": 0.5, "pPinus": 0.0, "pAbies": 0.0, "pDouglas": 0.0, "pLarix": 0.0, "pOtherNb": 0.0, "pNoEurop": 0.0, "pNoEuropD": 0.0, "pEurop": 1.0, "pDecid": 0.5, "pConifer": 0.5, "pAll": 1.0, "Cell_id": "4339_3144", "EPSG": 31467, "Netz": 16, "Dichte": 8, "Bl": ";16;" }, "geometry": { "type": "Point", "coordinates": [ 10.265908450675898, 51.410996968792475 ] } },
{ "type": "Feature", "properties": { "Tnr": 48944, "mitRand": 1, "AnzHBbeg": 2, "pHaupt": 1.0, "poHaupt": 0.0, "pQuerus": 0.088, "pFagus": 0.5, "pFraxinus": 0.0, "pCarpinus": 0.0, "pAcer": 0.0, "pTilia": 0.0, "pRobinia": 0.0, "pUlmus": 0.0, "pCastanea": 0.0, "pOtherLH": 0.0, "pBetula": 0.0, "pAlnus": 0.0, "pPopulus": 0.0, "pSalix": 0.0, "pSorbus": 0.0, "pPrunus": 0.05, "pMalus": 0.0, "pPyrus": 0.0, "pOtherLN": 0.0, "pPicea": 0.361, "pPinus": 0.0, "pAbies": 0.0, "pDouglas": 0.0, "pLarix": 0.0, "pOtherNb": 0.0, "pNoEurop": 0.0, "pNoEuropD": 0.0, "pEurop": 1.0, "pDecid": 0.639, "pConifer": 0.361, "pAll": 1.0, "Cell_id": "4355_3144", "EPSG": 31468, "Netz": 16, "Dichte": 8, "Bl": ";16;" }, "geometry": { "type": "Point", "coordinates": [ 10.495863045553442, 51.410245344279097 ] } },
{ "type": "Feature", "properties": { "Tnr": 48948, "mitRand": 1, "AnzHBbeg": 3, "pHaupt": 1.0, "poHaupt": 0.0, "pQuerus": 0.0, "pFagus": 1.0, "pFraxinus": 0.0, "pCarpinus": 0.0, "pAcer": 0.0, "pTilia": 0.0, "pRobinia": 0.0, "pUlmus": 0.0, "pCastanea": 0.0, "pOtherLH": 0.0, "pBetula": 0.0, "pAlnus": 0.0, "pPopulus": 0.0, "pSalix": 0.0, "pSorbus": 0.0, "pPrunus": 0.0, "pMalus": 0.0, "pPyrus": 0.0, "pOtherLN": 0.0, "pPicea": 0.0, "pPinus": 0.0, "pAbies": 0.0, "pDouglas": 0.0, "pLarix": 0.0, "pOtherNb": 0.0, "pNoEurop": 0.0, "pNoEuropD": 0.0, "pEurop": 1.0, "pDecid": 1.0, "pConifer": 0.0, "pAll": 1.0, "Cell_id": "4364_3144", "EPSG": 31468, "Netz": 16, "Dichte": 8, "Bl": ";16;" }, "geometry": { "type": "Point", "coordinates": [ 10.62520456636612, 51.409627661593987 ] } },
{ "type": "Feature", "properties": { "Tnr": 48950, "mitRand": 1, "AnzHBbeg": 4, "pHaupt": 1.0, "poHaupt": 0.0, "pQuerus": 0.0, "pFagus": 0.977, "pFraxinus": 0.0, "pCarpinus": 0.0, "pAcer": 0.023, "pTilia": 0.0, "pRobinia": 0.0, "pUlmus": 0.0, "pCastanea": 0.0, "pOtherLH": 0.0, "pBetula": 0.0, "pAlnus": 0.0, "pPopulus": 0.0, "pSalix": 0.0, "pSorbus": 0.0, "pPrunus": 0.0, "pMalus": 0.0, "pPyrus": 0.0, "pOtherLN": 0.0, "pPicea": 0.0, "pPinus": 0.0, "pAbies": 0.0, "pDouglas": 0.0, "pLarix": 0.0, "pOtherNb": 0.0, "pNoEurop": 0.0, "pNoEuropD": 0.0, "pEurop": 1.0, "pDecid": 1.0, "pConifer": 0.0, "pAll": 1.0, "Cell_id": "4368_3144", "EPSG": 31468, "Netz": 16, "Dichte": 8, "Bl": ";16;" }, "geometry": { "type": "Point", "coordinates": [ 10.682701610205058, 51.409301124340594 ] } },
{ "type": "Feature", "properties": { "Tnr": 48952, "mitRand": 1, "AnzHBbeg": 1, "pHaupt": 1.0, "poHaupt": 0.0, "pQuerus": 0.0, "pFagus": 0.0, "pFraxinus": 0.0, "pCarpinus": 0.0, "pAcer": 1.0, "pTilia": 0.0, "pRobinia": 0.0, "pUlmus": 0.0, "pCastanea": 0.0, "pOtherLH": 0.0, "pBetula": 0.0, "pAlnus": 0.0, "pPopulus": 0.0, "pSalix": 0.0, "pSorbus": 0.0, "pPrunus": 0.0, "pMalus": 0.0, "pPyrus": 0.0, "pOtherLN": 0.0, "pPicea": 0.0, "pPinus": 0.0, "pAbies": 0.0, "pDouglas": 0.0, "pLarix": 0.0, "pOtherNb": 0.0, "pNoEurop": 0.0, "pNoEuropD": 0.0, "pEurop": 1.0, "pDecid": 1.0, "pConifer": 0.0, "pAll": 1.0, "Cell_id": "4372_3144", "EPSG": 31468, "Netz": 16, "Dichte": 8, "Bl": ";16;" }, "geometry": { "type": "Point", "coordinates": [ 10.740183113946451, 51.408955578841379 ] } },
{ "type": "Feature", "properties": { "Tnr": 48954, "mitRand": 1, "AnzHBbeg": 4, "pHaupt": 0.75, "poHaupt": 0.25, "pQuerus": 0.18, "pFagus": 0.041, "pFraxinus": 0.0, "pCarpinus": 0.036, "pAcer": 0.0, "pTilia": 0.089, "pRobinia": 0.0, "pUlmus": 0.0, "pCastanea": 0.0, "pOtherLH": 0.0, "pBetula": 0.0, "pAlnus": 0.0, "pPopulus": 0.0, "pSalix": 0.0, "pSorbus": 0.0, "pPrunus": 0.0, "pMalus": 0.0, "pPyrus": 0.0, "pOtherLN": 0.0, "pPicea": 0.0, "pPinus": 0.309, "pAbies": 0.0, "pDouglas": 0.0, "pLarix": 0.095, "pOtherNb": 0.0, "pNoEurop": 0.0, "pNoEuropD": 0.0, "pEurop": 0.75, "pDecid": 0.346, "pConifer": 0.404, "pAll": 0.75, "Cell_id": "4376_3144", "EPSG": 31468, "Netz": 16, "Dichte": 8, "Bl": ";16;" }, "geometry": { "type": "Point", "coordinates": [ 10.797662679594453, 51.408572859036269 ] } },
{ "type": "Feature", "properties": { "Tnr": 48956, "mitRand": 0, "AnzHBbeg": 2, "pHaupt": 1.0, "poHaupt": 0.0, "pQuerus": 0.737, "pFagus": 0.263, "pFraxinus": 0.0, "pCarpinus": 0.0, "pAcer": 0.0, "pTilia": 0.0, "pRobinia": 0.0, "pUlmus": 0.0, "pCastanea": 0.0, "pOtherLH": 0.0, "pBetula": 0.0, "pAlnus": 0.0, "pPopulus": 0.0, "pSalix": 0.0, "pSorbus": 0.0, "pPrunus": 0.0, "pMalus": 0.0, "pPyrus": 0.0, "pOtherLN": 0.0, "pPicea": 0.0, "pPinus": 0.0, "pAbies": 0.0, "pDouglas": 0.0, "pLarix": 0.0, "pOtherNb": 0.0, "pNoEurop": 0.0, "pNoEuropD": 0.0, "pEurop": 1.0, "pDecid": 1.0, "pConifer": 0.0, "pAll": 1.0, "Cell_id": "4380_3145", "EPSG": 31468, "Netz": 16, "Dichte": 8, "Bl": ";16;" }, "geometry": { "type": "Point", "coordinates": [ 10.855318038345651, 51.417157396435726 ] } },
{ "type": "Feature", "properties": { "Tnr": 48958, "mitRand": 0, "AnzHBbeg": 1, "pHaupt": 1.0, "poHaupt": 0.0, "pQuerus": 0.621, "pFagus": 0.0, "pFraxinus": 0.0, "pCarpinus": 0.0, "pAcer": 0.0, "pTilia": 0.379, "pRobinia": 0.0, "pUlmus": 0.0, "pCastanea": 0.0, "pOtherLH": 0.0, "pBetula": 0.0, "pAlnus": 0.0, "pPopulus": 0.0, "pSalix": 0.0, "pSorbus": 0.0, "pPrunus": 0.0, "pMalus": 0.0, "pPyrus": 0.0, "pOtherLN": 0.0, "pPicea": 0.0, "pPinus": 0.0, "pAbies": 0.0, "pDouglas": 0.0, "pLarix": 0.0, "pOtherNb": 0.0, "pNoEurop": 0.0, "pNoEuropD": 0.0, "pEurop": 1.0, "pDecid": 1.0, "pConifer": 0.0, "pAll": 1.0, "Cell_id": "4384_3145", "EPSG": 31468, "Netz": 16, "Dichte": 8, "Bl": ";16;" }, "geometry": { "type": "Point", "coordinates": [ 10.912819753722911, 51.416717862731851 ] } },
{ "type": "Feature", "properties": { "Tnr": 48962, "mitRand": 1, "AnzHBbeg": 4, "pHaupt": 1.0, "poHaupt": 0.0, "pQuerus": 0.256, "pFagus": 0.536, "pFraxinus": 0.0, "pCarpinus": 0.011, "pAcer": 0.0, "pTilia": 0.0, "pRobinia": 0.0, "pUlmus": 0.0, "pCastanea": 0.0, "pOtherLH": 0.0, "pBetula": 0.198, "pAlnus": 0.0, "pPopulus": 0.0, "pSalix": 0.0, "pSorbus": 0.0, "pPrunus": 0.0, "pMalus": 0.0, "pPyrus": 0.0, "pOtherLN": 0.0, "pPicea": 0.0, "pPinus": 0.0, "pAbies": 0.0, "pDouglas": 0.0, "pLarix": 0.0, "pOtherNb": 0.0, "pNoEurop": 0.0, "pNoEuropD": 0.0, "pEurop": 1.0, "pDecid": 1.0, "pConifer": 0.0, "pAll": 1.0, "Cell_id": "4392_3145", "EPSG": 31468, "Netz": 16, "Dichte": 8, "Bl": ";16;" }, "geometry": { "type": "Point", "coordinates": [ 11.027803453428231, 51.415763406999233 ] } },
{ "type": "Feature", "properties": { "Tnr": 48964, "mitRand": 1, "AnzHBbeg": 3, "pHaupt": 1.0, "poHaupt": 0.0, "pQuerus": 0.0, "pFagus": 0.333, "pFraxinus": 0.0, "pCarpinus": 0.0, "pAcer": 0.0, "pTilia": 0.0, "pRobinia": 0.0, "pUlmus": 0.0, "pCastanea": 0.0, "pOtherLH": 0.0, "pBetula": 0.263, "pAlnus": 0.0, "pPopulus": 0.0, "pSalix": 0.0, "pSorbus": 0.015, "pPrunus": 0.0, "pMalus": 0.0, "pPyrus": 0.0, "pOtherLN": 0.0, "pPicea": 0.209, "pPinus": 0.047, "pAbies": 0.0, "pDouglas": 0.0, "pLarix": 0.133, "pOtherNb": 0.0, "pNoEurop": 0.0, "pNoEuropD": 0.0, "pEurop": 1.0, "pDecid": 0.611, "pConifer": 0.389, "pAll": 1.0, "Cell_id": "4396_3145", "EPSG": 31468, "Netz": 16, "Dichte": 8, "Bl": ";16;" }, "geometry": { "type": "Point", "coordinates": [ 11.085299639648603, 51.415248247066572 ] } },
{ "type": "Feature", "properties": { "Tnr": 48965, "mitRand": 0, "AnzHBbeg": 2, "pHaupt": 1.0, "poHaupt": 0.0, "pQuerus": 0.0, "pFagus": 0.0, "pFraxinus": 0.0, "pCarpinus": 0.075, "pAcer": 0.0, "pTilia": 0.0, "pRobinia": 0.0, "pUlmus": 0.0, "pCastanea": 0.0, "pOtherLH": 0.0, "pBetula": 0.124, "pAlnus": 0.0, "pPopulus": 0.0, "pSalix": 0.0, "pSorbus": 0.102, "pPrunus": 0.0, "pMalus": 0.0, "pPyrus": 0.0, "pOtherLN": 0.0, "pPicea": 0.177, "pPinus": 0.522, "pAbies": 0.0, "pDouglas": 0.0, "pLarix": 0.0, "pOtherNb": 0.0, "pNoEurop": 0.0, "pNoEuropD": 0.0, "pEurop": 1.0, "pDecid": 0.302, "pConifer": 0.698, "pAll": 1.0, "Cell_id": "4398_3145", "EPSG": 31468, "Netz": 4, "Dichte": 4, "Bl": ";15;" }, "geometry": { "type": "Point", "coordinates": [ 11.114039543902191, 51.414975730107415 ] } },
{ "type": "Feature", "properties": { "Tnr": 49101, "mitRand": 1, "AnzHBbeg": 2, "pHaupt": 1.0, "poHaupt": 0.0, "pQuerus": 0.0, "pFagus": 0.0, "pFraxinus": 0.0, "pCarpinus": 0.0, "pAcer": 0.0, "pTilia": 0.0, "pRobinia": 0.0, "pUlmus": 0.0, "pCastanea": 0.0, "pOtherLH": 0.0, "pBetula": 0.16, "pAlnus": 0.0, "pPopulus": 0.0, "pSalix": 0.0, "pSorbus": 0.0, "pPrunus": 0.0, "pMalus": 0.0, "pPyrus": 0.0, "pOtherLN": 0.0, "pPicea": 0.84, "pPinus": 0.0, "pAbies": 0.0, "pDouglas": 0.0, "pLarix": 0.0, "pOtherNb": 0.0, "pNoEurop": 0.0, "pNoEuropD": 0.0, "pEurop": 1.0, "pDecid": 0.16, "pConifer": 0.84, "pAll": 1.0, "Cell_id": "4325_3142", "EPSG": 31467, "Netz": 8, "Dichte": 8, "Bl": ";16;" }, "geometry": { "type": "Point", "coordinates": [ 10.064657313466814, 51.393305361447297 ] } },
{ "type": "Feature", "properties": { "Tnr": 49109, "mitRand": 0, "AnzHBbeg": 1, "pHaupt": 1.0, "poHaupt": 0.0, "pQuerus": 0.0, "pFagus": 0.89, "pFraxinus": 0.0, "pCarpinus": 0.0, "pAcer": 0.0, "pTilia": 0.0, "pRobinia": 0.0, "pUlmus": 0.0, "pCastanea": 0.0, "pOtherLH": 0.0, "pBetula": 0.0, "pAlnus": 0.0, "pPopulus": 0.0, "pSalix": 0.0, "pSorbus": 0.0, "pPrunus": 0.0, "pMalus": 0.0, "pPyrus": 0.0, "pOtherLN": 0.0, "pPicea": 0.11, "pPinus": 0.0, "pAbies": 0.0, "pDouglas": 0.0, "pLarix": 0.0, "pOtherNb": 0.0, "pNoEurop": 0.0, "pNoEuropD": 0.0, "pEurop": 1.0, "pDecid": 0.89, "pConifer": 0.11, "pAll": 1.0, "Cell_id": "4341_3142", "EPSG": 31467, "Netz": 8, "Dichte": 8, "Bl": ";16;" }, "geometry": { "type": "Point", "coordinates": [ 10.294533658918853, 51.392949273902133 ] } },
{ "type": "Feature", "properties": { "Tnr": 49117, "mitRand": 0, "AnzHBbeg": 4, "pHaupt": 1.0, "poHaupt": 0.0, "pQuerus": 0.0, "pFagus": 0.298, "pFraxinus": 0.438, "pCarpinus": 0.118, "pAcer": 0.088, "pTilia": 0.044, "pRobinia": 0.0, "pUlmus": 0.013, "pCastanea": 0.0, "pOtherLH": 0.0, "pBetula": 0.0, "pAlnus": 0.0, "pPopulus": 0.0, "pSalix": 0.0, "pSorbus": 0.0, "pPrunus": 0.0, "pMalus": 0.0, "pPyrus": 0.0, "pOtherLN": 0.0, "pPicea": 0.0, "pPinus": 0.0, "pAbies": 0.0, "pDouglas": 0.0, "pLarix": 0.0, "pOtherNb": 0.0, "pNoEurop": 0.0, "pNoEuropD": 0.0, "pEurop": 1.0, "pDecid": 1.0, "pConifer": 0.0, "pAll": 1.0, "Cell_id": "4358_3142", "EPSG": 31468, "Netz": 8, "Dichte": 8, "Bl": ";16;" }, "geometry": { "type": "Point", "coordinates": [ 10.538761948029817, 51.392080226917926 ] } },
{ "type": "Feature", "properties": { "Tnr": 49119, "mitRand": 1, "AnzHBbeg": 4, "pHaupt": 1.0, "poHaupt": 0.0, "pQuerus": 0.0, "pFagus": 0.96, "pFraxinus": 0.0, "pCarpinus": 0.0, "pAcer": 0.04, "pTilia": 0.0, "pRobinia": 0.0, "pUlmus": 0.0, "pCastanea": 0.0, "pOtherLH": 0.0, "pBetula": 0.0, "pAlnus": 0.0, "pPopulus": 0.0, "pSalix": 0.0, "pSorbus": 0.0, "pPrunus": 0.0, "pMalus": 0.0, "pPyrus": 0.0, "pOtherLN": 0.0, "pPicea": 0.0, "pPinus": 0.0, "pAbies": 0.0, "pDouglas": 0.0, "pLarix": 0.0, "pOtherNb": 0.0, "pNoEurop": 0.0, "pNoEuropD": 0.0, "pEurop": 1.0, "pDecid": 1.0, "pConifer": 0.0, "pAll": 1.0, "Cell_id": "4362_3142", "EPSG": 31468, "Netz": 8, "Dichte": 8, "Bl": ";16;" }, "geometry": { "type": "Point", "coordinates": [ 10.596224495804959, 51.391805474614074 ] } },
{ "type": "Feature", "properties": { "Tnr": 49121, "mitRand": 0, "AnzHBbeg": 4, "pHaupt": 1.0, "poHaupt": 0.0, "pQuerus": 0.0, "pFagus": 0.341, "pFraxinus": 0.181, "pCarpinus": 0.033, "pAcer": 0.162, "pTilia": 0.0, "pRobinia": 0.0, "pUlmus": 0.0, "pCastanea": 0.0, "pOtherLH": 0.0, "pBetula": 0.075, "pAlnus": 0.0, "pPopulus": 0.0, "pSalix": 0.0, "pSorbus": 0.0, "pPrunus": 0.0, "pMalus": 0.0, "pPyrus": 0.0, "pOtherLN": 0.0, "pPicea": 0.209, "pPinus": 0.0, "pAbies": 0.0, "pDouglas": 0.0, "pLarix": 0.0, "pOtherNb": 0.0, "pNoEurop": 0.0, "pNoEuropD": 0.0, "pEurop": 1.0, "pDecid": 0.791, "pConifer": 0.209, "pAll": 1.0, "Cell_id": "4366_3142", "EPSG": 31468, "Netz": 8, "Dichte": 8, "Bl": ";16;" }, "geometry": { "type": "Point", "coordinates": [ 10.653699729295623, 51.391493358467557 ] } },
{ "type": "Feature", "properties": { "Tnr": 49123, "mitRand": 1, "AnzHBbeg": 3, "pHaupt": 1.0, "poHaupt": 0.0, "pQuerus": 0.0, "pFagus": 0.879, "pFraxinus": 0.0, "pCarpinus": 0.0, "pAcer": 0.06, "pTilia": 0.0, "pRobinia": 0.0, "pUlmus": 0.0, "pCastanea": 0.0, "pOtherLH": 0.0, "pBetula": 0.0, "pAlnus": 0.0, "pPopulus": 0.0, "pSalix": 0.0, "pSorbus": 0.0, "pPrunus": 0.0, "pMalus": 0.0, "pPyrus": 0.0, "pOtherLN": 0.0, "pPicea": 0.0, "pPinus": 0.061, "pAbies": 0.0, "pDouglas": 0.0, "pLarix": 0.0, "pOtherNb": 0.0, "pNoEurop": 0.0, "pNoEuropD": 0.0, "pEurop": 1.0, "pDecid": 0.939, "pConifer": 0.061, "pAll": 1.0, "Cell_id": "4370_3142", "EPSG": 31468, "Netz": 8, "Dichte": 8, "Bl": ";16;" }, "geometry": { "type": "Point", "coordinates": [ 10.711159470556069, 51.391162247831524 ] } },
{ "type": "Feature", "properties": { "Tnr": 49125, "mitRand": 1, "AnzHBbeg": 4, "pHaupt": 1.0, "poHaupt": 0.0, "pQuerus": 0.0, "pFagus": 0.98, "pFraxinus": 0.0, "pCarpinus": 0.0, "pAcer": 0.02, "pTilia": 0.0, "pRobinia": 0.0, "pUlmus": 0.0, "pCastanea": 0.0, "pOtherLH": 0.0, "pBetula": 0.0, "pAlnus": 0.0, "pPopulus": 0.0, "pSalix": 0.0, "pSorbus": 0.0, "pPrunus": 0.0, "pMalus": 0.0, "pPyrus": 0.0, "pOtherLN": 0.0, "pPicea": 0.0, "pPinus": 0.0, "pAbies": 0.0, "pDouglas": 0.0, "pLarix": 0.0, "pOtherNb": 0.0, "pNoEurop": 0.0, "pNoEuropD": 0.0, "pEurop": 1.0, "pDecid": 1.0, "pConifer": 0.0, "pAll": 1.0, "Cell_id": "4374_3142", "EPSG": 31468, "Netz": 8, "Dichte": 8, "Bl": ";16;" }, "geometry": { "type": "Point", "coordinates": [ 10.768617328124067, 51.390793979865954 ] } },
{ "type": "Feature", "properties": { "Tnr": 49129, "mitRand": 1, "AnzHBbeg": 4, "pHaupt": 1.0, "poHaupt": 0.0, "pQuerus": 0.0, "pFagus": 0.75, "pFraxinus": 0.0, "pCarpinus": 0.0, "pAcer": 0.0, "pTilia": 0.0, "pRobinia": 0.0, "pUlmus": 0.0, "pCastanea": 0.0, "pOtherLH": 0.0, "pBetula": 0.0, "pAlnus": 0.0, "pPopulus": 0.0, "pSalix": 0.0, "pSorbus": 0.0, "pPrunus": 0.0, "pMalus": 0.0, "pPyrus": 0.0, "pOtherLN": 0.0, "pPicea": 0.25, "pPinus": 0.0, "pAbies": 0.0, "pDouglas": 0.0, "pLarix": 0.0, "pOtherNb": 0.0, "pNoEurop": 0.0, "pNoEuropD": 0.0, "pEurop": 1.0, "pDecid": 0.75, "pConifer": 0.25, "pAll": 1.0, "Cell_id": "4382_3143", "EPSG": 31468, "Netz": 8, "Dichte": 8, "Bl": ";16;" }, "geometry": { "type": "Point", "coordinates": [ 10.883725254289532, 51.398968073826332 ] } },
{ "type": "Feature", "properties": { "Tnr": 49133, "mitRand": 0, "AnzHBbeg": 1, "pHaupt": 1.0, "poHaupt": 0.0, "pQuerus": 1.0, "pFagus": 0.0, "pFraxinus": 0.0, "pCarpinus": 0.0, "pAcer": 0.0, "pTilia": 0.0, "pRobinia": 0.0, "pUlmus": 0.0, "pCastanea": 0.0, "pOtherLH": 0.0, "pBetula": 0.0, "pAlnus": 0.0, "pPopulus": 0.0, "pSalix": 0.0, "pSorbus": 0.0, "pPrunus": 0.0, "pMalus": 0.0, "pPyrus": 0.0, "pOtherLN": 0.0, "pPicea": 0.0, "pPinus": 0.0, "pAbies": 0.0, "pDouglas": 0.0, "pLarix": 0.0, "pOtherNb": 0.0, "pNoEurop": 0.0, "pNoEuropD": 0.0, "pEurop": 1.0, "pDecid": 1.0, "pConifer": 0.0, "pAll": 1.0, "Cell_id": "4390_3143", "EPSG": 31468, "Netz": 8, "Dichte": 8, "Bl": ";16;" }, "geometry": { "type": "Point", "coordinates": [ 10.998665846016147, 51.398042653914153 ] } },
{ "type": "Feature", "properties": { "Tnr": 49135, "mitRand": 1, "AnzHBbeg": 4, "pHaupt": 0.75, "poHaupt": 0.25, "pQuerus": 0.0, "pFagus": 0.5, "pFraxinus": 0.0, "pCarpinus": 0.0, "pAcer": 0.0, "pTilia": 0.0, "pRobinia": 0.0, "pUlmus": 0.0, "pCastanea": 0.0, "pOtherLH": 0.0, "pBetula": 0.0, "pAlnus": 0.0, "pPopulus": 0.0, "pSalix": 0.0, "pSorbus": 0.0, "pPrunus": 0.0, "pMalus": 0.0, "pPyrus": 0.0, "pOtherLN": 0.0, "pPicea": 0.0, "pPinus": 0.0, "pAbies": 0.0, "pDouglas": 0.0, "pLarix": 0.25, "pOtherNb": 0.0, "pNoEurop": 0.0, "pNoEuropD": 0.0, "pEurop": 0.75, "pDecid": 0.5, "pConifer": 0.25, "pAll": 0.75, "Cell_id": "4394_3143", "EPSG": 31468, "Netz": 8, "Dichte": 8, "Bl": ";16;" }, "geometry": { "type": "Point", "coordinates": [ 11.056140143228641, 51.397533056692396 ] } },
{ "type": "Feature", "properties": { "Tnr": 49137, "mitRand": 0, "AnzHBbeg": 4, "pHaupt": 1.0, "poHaupt": 0.0, "pQuerus": 0.592, "pFagus": 0.102, "pFraxinus": 0.0, "pCarpinus": 0.0, "pAcer": 0.0, "pTilia": 0.0, "pRobinia": 0.0, "pUlmus": 0.0, "pCastanea": 0.0, "pOtherLH": 0.0, "pBetula": 0.307, "pAlnus": 0.0, "pPopulus": 0.0, "pSalix": 0.0, "pSorbus": 0.0, "pPrunus": 0.0, "pMalus": 0.0, "pPyrus": 0.0, "pOtherLN": 0.0, "pPicea": 0.0, "pPinus": 0.0, "pAbies": 0.0, "pDouglas": 0.0, "pLarix": 0.0, "pOtherNb": 0.0, "pNoEurop": 0.0, "pNoEuropD": 0.0, "pEurop": 1.0, "pDecid": 1.0, "pConifer": 0.0, "pAll": 1.0, "Cell_id": "4398_3143", "EPSG": 31468, "Netz": 8, "Dichte": 8, "Bl": ";16;" }, "geometry": { "type": "Point", "coordinates": [ 11.113598375545209, 51.397004517080852 ] } },
{ "type": "Feature", "properties": { "Tnr": 49281, "mitRand": 1, "AnzHBbeg": 4, "pHaupt": 1.0, "poHaupt": 0.0, "pQuerus": 0.0, "pFagus": 0.818, "pFraxinus": 0.136, "pCarpinus": 0.0, "pAcer": 0.045, "pTilia": 0.0, "pRobinia": 0.0, "pUlmus": 0.0, "pCastanea": 0.0, "pOtherLH": 0.0, "pBetula": 0.0, "pAlnus": 0.0, "pPopulus": 0.0, "pSalix": 0.0, "pSorbus": 0.0, "pPrunus": 0.0, "pMalus": 0.0, "pPyrus": 0.0, "pOtherLN": 0.0, "pPicea": 0.0, "pPinus": 0.0, "pAbies": 0.0, "pDouglas": 0.0, "pLarix": 0.0, "pOtherNb": 0.0, "pNoEurop": 0.0, "pNoEuropD": 0.0, "pEurop": 1.0, "pDecid": 1.0, "pConifer": 0.0, "pAll": 1.0, "Cell_id": "4335_3140", "EPSG": 31467, "Netz": 16, "Dichte": 8, "Bl": ";16;" }, "geometry": { "type": "Point", "coordinates": [ 10.208245614520861, 51.375165861178658 ] } },
{ "type": "Feature", "properties": { "Tnr": 49287, "mitRand": 0, "AnzHBbeg": 1, "pHaupt": 1.0, "poHaupt": 0.0, "pQuerus": 0.78, "pFagus": 0.0, "pFraxinus": 0.0, "pCarpinus": 0.097, "pAcer": 0.0, "pTilia": 0.0, "pRobinia": 0.0, "pUlmus": 0.0, "pCastanea": 0.0, "pOtherLH": 0.0, "pBetula": 0.0, "pAlnus": 0.0, "pPopulus": 0.0, "pSalix": 0.0, "pSorbus": 0.0, "pPrunus": 0.0, "pMalus": 0.124, "pPyrus": 0.0, "pOtherLN": 0.0, "pPicea": 0.0, "pPinus": 0.0, "pAbies": 0.0, "pDouglas": 0.0, "pLarix": 0.0, "pOtherNb": 0.0, "pNoEurop": 0.0, "pNoEuropD": 0.0, "pEurop": 1.0, "pDecid": 1.0, "pConifer": 0.0, "pAll": 1.0, "Cell_id": "4347_3140", "EPSG": 31467, "Netz": 64, "Dichte": 8, "Bl": ";16;" }, "geometry": { "type": "Point", "coordinates": [ 10.380580630534729, 51.374725852817058 ] } },
{ "type": "Feature", "properties": { "Tnr": 49293, "mitRand": 1, "AnzHBbeg": 4, "pHaupt": 1.0, "poHaupt": 0.0, "pQuerus": 0.0, "pFagus": 0.291, "pFraxinus": 0.412, "pCarpinus": 0.0, "pAcer": 0.111, "pTilia": 0.0, "pRobinia": 0.0, "pUlmus": 0.0, "pCastanea": 0.0, "pOtherLH": 0.0, "pBetula": 0.0, "pAlnus": 0.0, "pPopulus": 0.0, "pSalix": 0.0, "pSorbus": 0.058, "pPrunus": 0.0, "pMalus": 0.0, "pPyrus": 0.0, "pOtherLN": 0.0, "pPicea": 0.0, "pPinus": 0.0, "pAbies": 0.0, "pDouglas": 0.0, "pLarix": 0.129, "pOtherNb": 0.0, "pNoEurop": 0.0, "pNoEuropD": 0.0, "pEurop": 1.0, "pDecid": 0.871, "pConifer": 0.129, "pAll": 1.0, "Cell_id": "4360_3140", "EPSG": 31468, "Netz": 16, "Dichte": 8, "Bl": ";16;" }, "geometry": { "type": "Point", "coordinates": [ 10.567280990642615, 51.373966699296254 ] } },
{ "type": "Feature", "properties": { "Tnr": 49295, "mitRand": 0, "AnzHBbeg": 4, "pHaupt": 1.0, "poHaupt": 0.0, "pQuerus": 0.0, "pFagus": 0.987, "pFraxinus": 0.013, "pCarpinus": 0.0, "pAcer": 0.0, "pTilia": 0.0, "pRobinia": 0.0, "pUlmus": 0.0, "pCastanea": 0.0, "pOtherLH": 0.0, "pBetula": 0.0, "pAlnus": 0.0, "pPopulus": 0.0, "pSalix": 0.0, "pSorbus": 0.0, "pPrunus": 0.0, "pMalus": 0.0, "pPyrus": 0.0, "pOtherLN": 0.0, "pPicea": 0.0, "pPinus": 0.0, "pAbies": 0.0, "pDouglas": 0.0, "pLarix": 0.0, "pOtherNb": 0.0, "pNoEurop": 0.0, "pNoEuropD": 0.0, "pEurop": 1.0, "pDecid": 1.0, "pConifer": 0.0, "pAll": 1.0, "Cell_id": "4364_3140", "EPSG": 31468, "Netz": 64, "Dichte": 8, "Bl": ";16;" }, "geometry": { "type": "Point", "coordinates": [ 10.624720363304556, 51.373678163550849 ] } },
{ "type": "Feature", "properties": { "Tnr": 49297, "mitRand": 0, "AnzHBbeg": 2, "pHaupt": 1.0, "poHaupt": 0.0, "pQuerus": 0.204, "pFagus": 0.0, "pFraxinus": 0.496, "pCarpinus": 0.095, "pAcer": 0.102, "pTilia": 0.0, "pRobinia": 0.0, "pUlmus": 0.0, "pCastanea": 0.0, "pOtherLH": 0.0, "pBetula": 0.0, "pAlnus": 0.0, "pPopulus": 0.0, "pSalix": 0.0, "pSorbus": 0.0, "pPrunus": 0.104, "pMalus": 0.0, "pPyrus": 0.0, "pOtherLN": 0.0, "pPicea": 0.0, "pPinus": 0.0, "pAbies": 0.0, "pDouglas": 0.0, "pLarix": 0.0, "pOtherNb": 0.0, "pNoEurop": 0.0, "pNoEuropD": 0.0, "pEurop": 1.0, "pDecid": 1.0, "pConifer": 0.0, "pAll": 1.0, "Cell_id": "4368_3140", "EPSG": 31468, "Netz": 16, "Dichte": 8, "Bl": ";16;" }, "geometry": { "type": "Point", "coordinates": [ 10.682158010758258, 51.373352485615648 ] } },
{ "type": "Feature", "properties": { "Tnr": 49301, "mitRand": 0, "AnzHBbeg": 4, "pHaupt": 1.0, "poHaupt": 0.0, "pQuerus": 0.0, "pFagus": 0.847, "pFraxinus": 0.0, "pCarpinus": 0.0, "pAcer": 0.103, "pTilia": 0.0, "pRobinia": 0.0, "pUlmus": 0.0, "pCastanea": 0.0, "pOtherLH": 0.0, "pBetula": 0.0, "pAlnus": 0.0, "pPopulus": 0.0, "pSalix": 0.0, "pSorbus": 0.0, "pPrunus": 0.0, "pMalus": 0.0, "pPyrus": 0.0, "pOtherLN": 0.0, "pPicea": 0.0, "pPinus": 0.049, "pAbies": 0.0, "pDouglas": 0.0, "pLarix": 0.0, "pOtherNb": 0.0, "pNoEurop": 0.0, "pNoEuropD": 0.0, "pEurop": 1.0, "pDecid": 0.951, "pConifer": 0.049, "pAll": 1.0, "Cell_id": "4376_3140", "EPSG": 31468, "Netz": 16, "Dichte": 8, "Bl": ";16;" }, "geometry": { "type": "Point", "coordinates": [ 10.797043384847571, 51.372625428029451 ] } },
{ "type": "Feature", "properties": { "Tnr": 49305, "mitRand": 1, "AnzHBbeg": 3, "pHaupt": 1.0, "poHaupt": 0.0, "pQuerus": 0.033, "pFagus": 0.0, "pFraxinus": 0.0, "pCarpinus": 0.0, "pAcer": 0.0, "pTilia": 0.0, "pRobinia": 0.0, "pUlmus": 0.0, "pCastanea": 0.0, "pOtherLH": 0.0, "pBetula": 0.045, "pAlnus": 0.0, "pPopulus": 0.0, "pSalix": 0.0, "pSorbus": 0.0, "pPrunus": 0.089, "pMalus": 0.0, "pPyrus": 0.0, "pOtherLN": 0.0, "pPicea": 0.168, "pPinus": 0.589, "pAbies": 0.0, "pDouglas": 0.0, "pLarix": 0.076, "pOtherNb": 0.0, "pNoEurop": 0.0, "pNoEuropD": 0.0, "pEurop": 1.0, "pDecid": 0.167, "pConifer": 0.833, "pAll": 1.0, "Cell_id": "4384_3141", "EPSG": 31468, "Netz": 16, "Dichte": 8, "Bl": ";16;" }, "geometry": { "type": "Point", "coordinates": [ 10.91209558461491, 51.380772280657624 ] } },
{ "type": "Feature", "properties": { "Tnr": 49311, "mitRand": 1, "AnzHBbeg": 4, "pHaupt": 1.0, "poHaupt": 0.0, "pQuerus": 0.0, "pFagus": 0.75, "pFraxinus": 0.0, "pCarpinus": 0.0, "pAcer": 0.0, "pTilia": 0.0, "pRobinia": 0.0, "pUlmus": 0.0, "pCastanea": 0.0, "pOtherLH": 0.0, "pBetula": 0.031, "pAlnus": 0.0, "pPopulus": 0.0, "pSalix": 0.0, "pSorbus": 0.0, "pPrunus": 0.0, "pMalus": 0.0, "pPyrus": 0.0, "pOtherLN": 0.0, "pPicea": 0.0, "pPinus": 0.0, "pAbies": 0.0, "pDouglas": 0.0, "pLarix": 0.219, "pOtherNb": 0.0, "pNoEurop": 0.0, "pNoEuropD": 0.0, "pEurop": 1.0, "pDecid": 0.781, "pConifer": 0.219, "pAll": 1.0, "Cell_id": "4396_3141", "EPSG": 31468, "Netz": 64, "Dichte": 8, "Bl": ";16;" }, "geometry": { "type": "Point", "coordinates": [ 11.084439956727088, 51.379296311902941 ] } },
{ "type": "Feature", "properties": { "Tnr": 49453, "mitRand": 1, "AnzHBbeg": 4, "pHaupt": 1.0, "poHaupt": 0.0, "pQuerus": 0.083, "pFagus": 0.571, "pFraxinus": 0.095, "pCarpinus": 0.0, "pAcer": 0.0, "pTilia": 0.0, "pRobinia": 0.0, "pUlmus": 0.0, "pCastanea": 0.0, "pOtherLH": 0.0, "pBetula": 0.0, "pAlnus": 0.0, "pPopulus": 0.0, "pSalix": 0.0, "pSorbus": 0.0, "pPrunus": 0.035, "pMalus": 0.0, "pPyrus": 0.0, "pOtherLN": 0.0, "pPicea": 0.025, "pPinus": 0.0, "pAbies": 0.0, "pDouglas": 0.0, "pLarix": 0.191, "pOtherNb": 0.0, "pNoEurop": 0.0, "pNoEuropD": 0.0, "pEurop": 1.0, "pDecid": 0.784, "pConifer": 0.216, "pAll": 1.0, "Cell_id": "4329_3138", "EPSG": 31467, "Netz": 8, "Dichte": 8, "Bl": ";16;" }, "geometry": { "type": "Point", "coordinates": [ 10.122037720621782, 51.357309325787291 ] } },
{ "type": "Feature", "properties": { "Tnr": 49455, "mitRand": 0, "AnzHBbeg": 1, "pHaupt": 1.0, "poHaupt": 0.0, "pQuerus": 0.0, "pFagus": 0.0, "pFraxinus": 0.0, "pCarpinus": 0.0, "pAcer": 0.0, "pTilia": 0.0, "pRobinia": 0.0, "pUlmus": 0.0, "pCastanea": 0.0, "pOtherLH": 0.0, "pBetula": 0.0, "pAlnus": 0.0, "pPopulus": 0.0, "pSalix": 0.0, "pSorbus": 0.0, "pPrunus": 0.0, "pMalus": 0.0, "pPyrus": 0.0, "pOtherLN": 0.0, "pPicea": 0.0, "pPinus": 1.0, "pAbies": 0.0, "pDouglas": 0.0, "pLarix": 0.0, "pOtherNb": 0.0, "pNoEurop": 0.0, "pNoEuropD": 0.0, "pEurop": 1.0, "pDecid": 0.0, "pConifer": 1.0, "pAll": 1.0, "Cell_id": "4333_3138", "EPSG": 31467, "Netz": 8, "Dichte": 8, "Bl": ";16;" }, "geometry": { "type": "Point", "coordinates": [ 10.179447729209828, 51.357230384654599 ] } },
{ "type": "Feature", "properties": { "Tnr": 49457, "mitRand": 1, "AnzHBbeg": 2, "pHaupt": 1.0, "poHaupt": 0.0, "pQuerus": 0.0, "pFagus": 0.0, "pFraxinus": 0.0, "pCarpinus": 0.0, "pAcer": 0.0, "pTilia": 0.0, "pRobinia": 0.0, "pUlmus": 0.0, "pCastanea": 0.0, "pOtherLH": 0.0, "pBetula": 0.0, "pAlnus": 0.0, "pPopulus": 0.0, "pSalix": 0.0, "pSorbus": 0.0, "pPrunus": 0.0, "pMalus": 0.0, "pPyrus": 0.0, "pOtherLN": 0.0, "pPicea": 0.201, "pPinus": 0.799, "pAbies": 0.0, "pDouglas": 0.0, "pLarix": 0.0, "pOtherNb": 0.0, "pNoEurop": 0.0, "pNoEuropD": 0.0, "pEurop": 1.0, "pDecid": 0.0, "pConifer": 1.0, "pAll": 1.0, "Cell_id": "4337_3138", "EPSG": 31467, "Netz": 8, "Dichte": 8, "Bl": ";16;" }, "geometry": { "type": "Point", "coordinates": [ 10.236871636730589, 51.357132144044364 ] } },
{ "type": "Feature", "properties": { "Tnr": 49468, "mitRand": 0, "AnzHBbeg": 4, "pHaupt": 1.0, "poHaupt": 0.0, "pQuerus": 0.0, "pFagus": 1.0, "pFraxinus": 0.0, "pCarpinus": 0.0, "pAcer": 0.0, "pTilia": 0.0, "pRobinia": 0.0, "pUlmus": 0.0, "pCastanea": 0.0, "pOtherLH": 0.0, "pBetula": 0.0, "pAlnus": 0.0, "pPopulus": 0.0, "pSalix": 0.0, "pSorbus": 0.0, "pPrunus": 0.0, "pMalus": 0.0, "pPyrus": 0.0, "pOtherLN": 0.0, "pPicea": 0.0, "pPinus": 0.0, "pAbies": 0.0, "pDouglas": 0.0, "pLarix": 0.0, "pOtherNb": 0.0, "pNoEurop": 0.0, "pNoEuropD": 0.0, "pEurop": 1.0, "pDecid": 1.0, "pConifer": 0.0, "pAll": 1.0, "Cell_id": "4358_3138", "EPSG": 31468, "Netz": 8, "Dichte": 8, "Bl": ";16;" }, "geometry": { "type": "Point", "coordinates": [ 10.538345931357956, 51.356129706746728 ] } },
{ "type": "Feature", "properties": { "Tnr": 49470, "mitRand": 1, "AnzHBbeg": 1, "pHaupt": 1.0, "poHaupt": 0.0, "pQuerus": 0.0, "pFagus": 0.0, "pFraxinus": 0.0, "pCarpinus": 0.0, "pAcer": 0.0, "pTilia": 0.0, "pRobinia": 0.0, "pUlmus": 0.0, "pCastanea": 0.0, "pOtherLH": 0.0, "pBetula": 0.0, "pAlnus": 0.0, "pPopulus": 0.0, "pSalix": 0.0, "pSorbus": 0.0, "pPrunus": 0.0, "pMalus": 0.0, "pPyrus": 0.0, "pOtherLN": 0.0, "pPicea": 0.0, "pPinus": 1.0, "pAbies": 0.0, "pDouglas": 0.0, "pLarix": 0.0, "pOtherNb": 0.0, "pNoEurop": 0.0, "pNoEuropD": 0.0, "pEurop": 1.0, "pDecid": 0.0, "pConifer": 1.0, "pAll": 1.0, "Cell_id": "4362_3138", "EPSG": 31468, "Netz": 8, "Dichte": 8, "Bl": ";16;" }, "geometry": { "type": "Point", "coordinates": [ 10.595763177445745, 51.355846568304209 ] } },
{ "type": "Feature", "properties": { "Tnr": 49472, "mitRand": 0, "AnzHBbeg": 3, "pHaupt": 1.0, "poHaupt": 0.0, "pQuerus": 0.0, "pFagus": 0.932, "pFraxinus": 0.0, "pCarpinus": 0.068, "pAcer": 0.0, "pTilia": 0.0, "pRobinia": 0.0, "pUlmus": 0.0, "pCastanea": 0.0, "pOtherLH": 0.0, "pBetula": 0.0, "pAlnus": 0.0, "pPopulus": 0.0, "pSalix": 0.0, "pSorbus": 0.0, "pPrunus": 0.0, "pMalus": 0.0, "pPyrus": 0.0, "pOtherLN": 0.0, "pPicea": 0.0, "pPinus": 0.0, "pAbies": 0.0, "pDouglas": 0.0, "pLarix": 0.0, "pOtherNb": 0.0, "pNoEurop": 0.0, "pNoEuropD": 0.0, "pEurop": 1.0, "pDecid": 1.0, "pConifer": 0.0, "pAll": 1.0, "Cell_id": "4366_3138", "EPSG": 31468, "Netz": 8, "Dichte": 8, "Bl": ";16;" }, "geometry": { "type": "Point", "coordinates": [ 10.653179377106992, 51.355544274379248 ] } },
{ "type": "Feature", "properties": { "Tnr": 49482, "mitRand": 1, "AnzHBbeg": 1, "pHaupt": 1.0, "poHaupt": 0.0, "pQuerus": 0.829, "pFagus": 0.171, "pFraxinus": 0.0, "pCarpinus": 0.0, "pAcer": 0.0, "pTilia": 0.0, "pRobinia": 0.0, "pUlmus": 0.0, "pCastanea": 0.0, "pOtherLH": 0.0, "pBetula": 0.0, "pAlnus": 0.0, "pPopulus": 0.0, "pSalix": 0.0, "pSorbus": 0.0, "pPrunus": 0.0, "pMalus": 0.0, "pPyrus": 0.0, "pOtherLN": 0.0, "pPicea": 0.0, "pPinus": 0.0, "pAbies": 0.0, "pDouglas": 0.0, "pLarix": 0.0, "pOtherNb": 0.0, "pNoEurop": 0.0, "pNoEuropD": 0.0, "pEurop": 1.0, "pDecid": 1.0, "pConifer": 0.0, "pAll": 1.0, "Cell_id": "4386_3139", "EPSG": 31468, "Netz": 8, "Dichte": 8, "Bl": ";16;" }, "geometry": { "type": "Point", "coordinates": [ 10.940457770249051, 51.362569564937665 ] } },
{ "type": "Feature", "properties": { "Tnr": 49498, "mitRand": 1, "AnzHBbeg": 4, "pHaupt": 1.0, "poHaupt": 0.0, "pQuerus": 0.505, "pFagus": 0.309, "pFraxinus": 0.0, "pCarpinus": 0.0, "pAcer": 0.0, "pTilia": 0.0, "pRobinia": 0.0, "pUlmus": 0.0, "pCastanea": 0.0, "pOtherLH": 0.0, "pBetula": 0.068, "pAlnus": 0.0, "pPopulus": 0.0, "pSalix": 0.0, "pSorbus": 0.0, "pPrunus": 0.0, "pMalus": 0.0, "pPyrus": 0.0, "pOtherLN": 0.0, "pPicea": 0.0, "pPinus": 0.0, "pAbies": 0.0, "pDouglas": 0.0, "pLarix": 0.118, "pOtherNb": 0.0, "pNoEurop": 0.0, "pNoEuropD": 0.0, "pEurop": 1.0, "pDecid": 0.882, "pConifer": 0.118, "pAll": 1.0, "Cell_id": "4418_3140", "EPSG": 31468, "Netz": 8, "Dichte": 4, "Bl": ";15;" }, "geometry": { "type": "Point", "coordinates": [ 11.400102511261442, 51.366948778208567 ] } },
{ "type": "Feature", "properties": { "Tnr": 49627, "mitRand": 1, "AnzHBbeg": 4, "pHaupt": 1.0, "poHaupt": 0.0, "pQuerus": 0.348, "pFagus": 0.531, "pFraxinus": 0.0, "pCarpinus": 0.0, "pAcer": 0.12, "pTilia": 0.0, "pRobinia": 0.0, "pUlmus": 0.0, "pCastanea": 0.0, "pOtherLH": 0.0, "pBetula": 0.0, "pAlnus": 0.0, "pPopulus": 0.0, "pSalix": 0.0, "pSorbus": 0.0, "pPrunus": 0.0, "pMalus": 0.0, "pPyrus": 0.0, "pOtherLN": 0.0, "pPicea": 0.0, "pPinus": 0.0, "pAbies": 0.0, "pDouglas": 0.0, "pLarix": 0.0, "pOtherNb": 0.0, "pNoEurop": 0.0, "pNoEuropD": 0.0, "pEurop": 1.0, "pDecid": 1.0, "pConifer": 0.0, "pAll": 1.0, "Cell_id": "4323_3136", "EPSG": 31467, "Netz": 16, "Dichte": 8, "Bl": ";16;" }, "geometry": { "type": "Point", "coordinates": [ 10.035881733064016, 51.339389058752587 ] } },
{ "type": "Feature", "properties": { "Tnr": 49629, "mitRand": 0, "AnzHBbeg": 3, "pHaupt": 1.0, "poHaupt": 0.0, "pQuerus": 0.0, "pFagus": 1.0, "pFraxinus": 0.0, "pCarpinus": 0.0, "pAcer": 0.0, "pTilia": 0.0, "pRobinia": 0.0, "pUlmus": 0.0, "pCastanea": 0.0, "pOtherLH": 0.0, "pBetula": 0.0, "pAlnus": 0.0, "pPopulus": 0.0, "pSalix": 0.0, "pSorbus": 0.0, "pPrunus": 0.0, "pMalus": 0.0, "pPyrus": 0.0, "pOtherLN": 0.0, "pPicea": 0.0, "pPinus": 0.0, "pAbies": 0.0, "pDouglas": 0.0, "pLarix": 0.0, "pOtherNb": 0.0, "pNoEurop": 0.0, "pNoEuropD": 0.0, "pEurop": 1.0, "pDecid": 1.0, "pConifer": 0.0, "pAll": 1.0, "Cell_id": "4327_3136", "EPSG": 31467, "Netz": 16, "Dichte": 8, "Bl": ";16;" }, "geometry": { "type": "Point", "coordinates": [ 10.093284485574369, 51.339352341892436 ] } },
{ "type": "Feature", "properties": { "Tnr": 49631, "mitRand": 1, "AnzHBbeg": 4, "pHaupt": 1.0, "poHaupt": 0.0, "pQuerus": 0.0, "pFagus": 0.891, "pFraxinus": 0.068, "pCarpinus": 0.0, "pAcer": 0.0, "pTilia": 0.0, "pRobinia": 0.0, "pUlmus": 0.0, "pCastanea": 0.0, "pOtherLH": 0.0, "pBetula": 0.0, "pAlnus": 0.0, "pPopulus": 0.041, "pSalix": 0.0, "pSorbus": 0.0, "pPrunus": 0.0, "pMalus": 0.0, "pPyrus": 0.0, "pOtherLN": 0.0, "pPicea": 0.0, "pPinus": 0.0, "pAbies": 0.0, "pDouglas": 0.0, "pLarix": 0.0, "pOtherNb": 0.0, "pNoEurop": 0.0, "pNoEuropD": 0.0, "pEurop": 1.0, "pDecid": 1.0, "pConifer": 0.0, "pAll": 1.0, "Cell_id": "4331_3136", "EPSG": 31467, "Netz": 16, "Dichte": 8, "Bl": ";16;" }, "geometry": { "type": "Point", "coordinates": [ 10.150686906723077, 51.339296480450884 ] } },
{ "type": "Feature", "properties": { "Tnr": 49633, "mitRand": 1, "AnzHBbeg": 1, "pHaupt": 1.0, "poHaupt": 0.0, "pQuerus": 0.265, "pFagus": 0.0, "pFraxinus": 0.0, "pCarpinus": 0.0, "pAcer": 0.508, "pTilia": 0.0, "pRobinia": 0.0, "pUlmus": 0.0, "pCastanea": 0.0, "pOtherLH": 0.0, "pBetula": 0.0, "pAlnus": 0.0, "pPopulus": 0.0, "pSalix": 0.0, "pSorbus": 0.0, "pPrunus": 0.227, "pMalus": 0.0, "pPyrus": 0.0, "pOtherLN": 0.0, "pPicea": 0.0, "pPinus": 0.0, "pAbies": 0.0, "pDouglas": 0.0, "pLarix": 0.0, "pOtherNb": 0.0, "pNoEurop": 0.0, "pNoEuropD": 0.0, "pEurop": 1.0, "pDecid": 1.0, "pConifer": 0.0, "pAll": 1.0, "Cell_id": "4335_3136", "EPSG": 31467, "Netz": 16, "Dichte": 8, "Bl": ";16;" }, "geometry": { "type": "Point", "coordinates": [ 10.208088700956885, 51.339212488161273 ] } },
{ "type": "Feature", "properties": { "Tnr": 49637, "mitRand": 1, "AnzHBbeg": 4, "pHaupt": 1.0, "poHaupt": 0.0, "pQuerus": 0.0, "pFagus": 0.69, "pFraxinus": 0.127, "pCarpinus": 0.0, "pAcer": 0.0, "pTilia": 0.0, "pRobinia": 0.0, "pUlmus": 0.0, "pCastanea": 0.0, "pOtherLH": 0.0, "pBetula": 0.0, "pAlnus": 0.0, "pPopulus": 0.0, "pSalix": 0.0, "pSorbus": 0.0, "pPrunus": 0.0, "pMalus": 0.0, "pPyrus": 0.0, "pOtherLN": 0.0, "pPicea": 0.075, "pPinus": 0.0, "pAbies": 0.0, "pDouglas": 0.0, "pLarix": 0.108, "pOtherNb": 0.0, "pNoEurop": 0.0, "pNoEuropD": 0.0, "pEurop": 1.0, "pDecid": 0.817, "pConifer": 0.183, "pAll": 1.0, "Cell_id": "4343_3136", "EPSG": 31467, "Netz": 16, "Dichte": 8, "Bl": ";16;" }, "geometry": { "type": "Point", "coordinates": [ 10.32288951973772, 51.338942142086523 ] } },
{ "type": "Feature", "properties": { "Tnr": 49639, "mitRand": 1, "AnzHBbeg": 4, "pHaupt": 1.0, "poHaupt": 0.0, "pQuerus": 0.0, "pFagus": 0.803, "pFraxinus": 0.197, "pCarpinus": 0.0, "pAcer": 0.0, "pTilia": 0.0, "pRobinia": 0.0, "pUlmus": 0.0, "pCastanea": 0.0, "pOtherLH": 0.0, "pBetula": 0.0, "pAlnus": 0.0, "pPopulus": 0.0, "pSalix": 0.0, "pSorbus": 0.0, "pPrunus": 0.0, "pMalus": 0.0, "pPyrus": 0.0, "pOtherLN": 0.0, "pPicea": 0.0, "pPinus": 0.0, "pAbies": 0.0, "pDouglas": 0.0, "pLarix": 0.0, "pOtherNb": 0.0, "pNoEurop": 0.0, "pNoEuropD": 0.0, "pEurop": 1.0, "pDecid": 1.0, "pConifer": 0.0, "pAll": 1.0, "Cell_id": "4347_3136", "EPSG": 31467, "Netz": 16, "Dichte": 8, "Bl": ";16;" }, "geometry": { "type": "Point", "coordinates": [ 10.380288853954616, 51.338773762326056 ] } },
{ "type": "Feature", "properties": { "Tnr": 49641, "mitRand": 0, "AnzHBbeg": 4, "pHaupt": 1.0, "poHaupt": 0.0, "pQuerus": 0.0, "pFagus": 0.755, "pFraxinus": 0.245, "pCarpinus": 0.0, "pAcer": 0.0, "pTilia": 0.0, "pRobinia": 0.0, "pUlmus": 0.0, "pCastanea": 0.0, "pOtherLH": 0.0, "pBetula": 0.0, "pAlnus": 0.0, "pPopulus": 0.0, "pSalix": 0.0, "pSorbus": 0.0, "pPrunus": 0.0, "pMalus": 0.0, "pPyrus": 0.0, "pOtherLN": 0.0, "pPicea": 0.0, "pPinus": 0.0, "pAbies": 0.0, "pDouglas": 0.0, "pLarix": 0.0, "pOtherNb": 0.0, "pNoEurop": 0.0, "pNoEuropD": 0.0, "pEurop": 1.0, "pDecid": 1.0, "pConifer": 0.0, "pAll": 1.0, "Cell_id": "4351_3136", "EPSG": 31467, "Netz": 16, "Dichte": 8, "Bl": ";16;" }, "geometry": { "type": "Point", "coordinates": [ 10.437686908764684, 51.338568269686313 ] } },
{ "type": "Feature", "properties": { "Tnr": 49643, "mitRand": 1, "AnzHBbeg": 2, "pHaupt": 1.0, "poHaupt": 0.0, "pQuerus": 0.0, "pFagus": 0.486, "pFraxinus": 0.142, "pCarpinus": 0.105, "pAcer": 0.235, "pTilia": 0.0, "pRobinia": 0.0, "pUlmus": 0.0, "pCastanea": 0.0, "pOtherLH": 0.0, "pBetula": 0.0, "pAlnus": 0.0, "pPopulus": 0.0, "pSalix": 0.0, "pSorbus": 0.0, "pPrunus": 0.0, "pMalus": 0.0, "pPyrus": 0.0, "pOtherLN": 0.0, "pPicea": 0.033, "pPinus": 0.0, "pAbies": 0.0, "pDouglas": 0.0, "pLarix": 0.0, "pOtherNb": 0.0, "pNoEurop": 0.0, "pNoEuropD": 0.0, "pEurop": 1.0, "pDecid": 0.967, "pConifer": 0.033, "pAll": 1.0, "Cell_id": "4355_3136", "EPSG": 31467, "Netz": 16, "Dichte": 8, "Bl": ";16;" }, "geometry": { "type": "Point", "coordinates": [ 10.495084142763234, 51.338343636532052 ] } },
{ "type": "Feature", "properties": { "Tnr": 49650, "mitRand": 1, "AnzHBbeg": 4, "pHaupt": 1.0, "poHaupt": 0.0, "pQuerus": 0.0, "pFagus": 0.75, "pFraxinus": 0.0, "pCarpinus": 0.0, "pAcer": 0.0, "pTilia": 0.0, "pRobinia": 0.0, "pUlmus": 0.0, "pCastanea": 0.0, "pOtherLH": 0.0, "pBetula": 0.0, "pAlnus": 0.0, "pPopulus": 0.0, "pSalix": 0.0, "pSorbus": 0.0, "pPrunus": 0.0, "pMalus": 0.0, "pPyrus": 0.0, "pOtherLN": 0.0, "pPicea": 0.25, "pPinus": 0.0, "pAbies": 0.0, "pDouglas": 0.0, "pLarix": 0.0, "pOtherNb": 0.0, "pNoEurop": 0.0, "pNoEuropD": 0.0, "pEurop": 1.0, "pDecid": 0.75, "pConifer": 0.25, "pAll": 1.0, "Cell_id": "4368_3136", "EPSG": 31468, "Netz": 16, "Dichte": 8, "Bl": ";16;" }, "geometry": { "type": "Point", "coordinates": [ 10.681630266032348, 51.337403418732073 ] } },
{ "type": "Feature", "properties": { "Tnr": 49654, "mitRand": 1, "AnzHBbeg": 4, "pHaupt": 1.0, "poHaupt": 0.0, "pQuerus": 0.248, "pFagus": 0.608, "pFraxinus": 0.0, "pCarpinus": 0.0, "pAcer": 0.0, "pTilia": 0.0, "pRobinia": 0.0, "pUlmus": 0.0, "pCastanea": 0.0, "pOtherLH": 0.0, "pBetula": 0.0, "pAlnus": 0.0, "pPopulus": 0.0, "pSalix": 0.0, "pSorbus": 0.0, "pPrunus": 0.0, "pMalus": 0.0, "pPyrus": 0.0, "pOtherLN": 0.0, "pPicea": 0.0, "pPinus": 0.0, "pAbies": 0.0, "pDouglas": 0.0, "pLarix": 0.144, "pOtherNb": 0.0, "pNoEurop": 0.073, "pNoEuropD": 0.073, "pEurop": 0.927, "pDecid": 0.856, "pConifer": 0.144, "pAll": 1.0, "Cell_id": "4376_3136", "EPSG": 31468, "Netz": 16, "Dichte": 8, "Bl": ";16;" }, "geometry": { "type": "Point", "coordinates": [ 10.796411422289088, 51.336677993953138 ] } },
{ "type": "Feature", "properties": { "Tnr": 49656, "mitRand": 1, "AnzHBbeg": 4, "pHaupt": 1.0, "poHaupt": 0.0, "pQuerus": 0.0, "pFagus": 0.671, "pFraxinus": 0.0, "pCarpinus": 0.0, "pAcer": 0.0, "pTilia": 0.0, "pRobinia": 0.0, "pUlmus": 0.0, "pCastanea": 0.0, "pOtherLH": 0.0, "pBetula": 0.0, "pAlnus": 0.0, "pPopulus": 0.0, "pSalix": 0.0, "pSorbus": 0.0, "pPrunus": 0.0, "pMalus": 0.0, "pPyrus": 0.0, "pOtherLN": 0.0, "pPicea": 0.329, "pPinus": 0.0, "pAbies": 0.0, "pDouglas": 0.0, "pLarix": 0.0, "pOtherNb": 0.0, "pNoEurop": 0.0, "pNoEuropD": 0.0, "pEurop": 1.0, "pDecid": 0.671, "pConifer": 0.329, "pAll": 1.0, "Cell_id": "4380_3137", "EPSG": 31468, "Netz": 16, "Dichte": 8, "Bl": ";16;" }, "geometry": { "type": "Point", "coordinates": [ 10.85397556954821, 51.34525518831343 ] } },
{ "type": "Feature", "properties": { "Tnr": 49658, "mitRand": 1, "AnzHBbeg": 3, "pHaupt": 1.0, "poHaupt": 0.0, "pQuerus": 0.0, "pFagus": 0.964, "pFraxinus": 0.0, "pCarpinus": 0.0, "pAcer": 0.0, "pTilia": 0.0, "pRobinia": 0.0, "pUlmus": 0.0, "pCastanea": 0.0, "pOtherLH": 0.0, "pBetula": 0.0, "pAlnus": 0.0, "pPopulus": 0.036, "pSalix": 0.0, "pSorbus": 0.0, "pPrunus": 0.0, "pMalus": 0.0, "pPyrus": 0.0, "pOtherLN": 0.0, "pPicea": 0.0, "pPinus": 0.0, "pAbies": 0.0, "pDouglas": 0.0, "pLarix": 0.0, "pOtherNb": 0.0, "pNoEurop": 0.0, "pNoEuropD": 0.0, "pEurop": 1.0, "pDecid": 1.0, "pConifer": 0.0, "pAll": 1.0, "Cell_id": "4384_3137", "EPSG": 31468, "Netz": 16, "Dichte": 8, "Bl": ";16;" }, "geometry": { "type": "Point", "coordinates": [ 10.911387643718019, 51.344826239139508 ] } },
{ "type": "Feature", "properties": { "Tnr": 49662, "mitRand": 0, "AnzHBbeg": 1, "pHaupt": 1.0, "poHaupt": 0.0, "pQuerus": 0.0, "pFagus": 0.0, "pFraxinus": 0.0, "pCarpinus": 0.722, "pAcer": 0.0, "pTilia": 0.0, "pRobinia": 0.0, "pUlmus": 0.0, "pCastanea": 0.0, "pOtherLH": 0.0, "pBetula": 0.0, "pAlnus": 0.0, "pPopulus": 0.278, "pSalix": 0.0, "pSorbus": 0.0, "pPrunus": 0.0, "pMalus": 0.0, "pPyrus": 0.0, "pOtherLN": 0.0, "pPicea": 0.0, "pPinus": 0.0, "pAbies": 0.0, "pDouglas": 0.0, "pLarix": 0.0, "pOtherNb": 0.0, "pNoEurop": 0.0, "pNoEuropD": 0.0, "pEurop": 1.0, "pDecid": 1.0, "pConifer": 0.0, "pAll": 1.0, "Cell_id": "4392_3137", "EPSG": 31468, "Netz": 16, "Dichte": 8, "Bl": ";16;" }, "geometry": { "type": "Point", "coordinates": [ 11.02619098876435, 51.343866218178007 ] } },
{ "type": "Feature", "properties": { "Tnr": 49675, "mitRand": 0, "AnzHBbeg": 2, "pHaupt": 1.0, "poHaupt": 0.0, "pQuerus": 0.813, "pFagus": 0.0, "pFraxinus": 0.187, "pCarpinus": 0.0, "pAcer": 0.0, "pTilia": 0.0, "pRobinia": 0.0, "pUlmus": 0.0, "pCastanea": 0.0, "pOtherLH": 0.0, "pBetula": 0.0, "pAlnus": 0.0, "pPopulus": 0.0, "pSalix": 0.0, "pSorbus": 0.0, "pPrunus": 0.0, "pMalus": 0.0, "pPyrus": 0.0, "pOtherLN": 0.0, "pPicea": 0.0, "pPinus": 0.0, "pAbies": 0.0, "pDouglas": 0.0, "pLarix": 0.0, "pOtherNb": 0.0, "pNoEurop": 0.0, "pNoEuropD": 0.0, "pEurop": 1.0, "pDecid": 1.0, "pConifer": 0.0, "pAll": 1.0, "Cell_id": "4418_3138", "EPSG": 31468, "Netz": 4, "Dichte": 4, "Bl": ";15;" }, "geometry": { "type": "Point", "coordinates": [ 11.399549951496404, 51.348971034911308 ] } },
{ "type": "Feature", "properties": { "Tnr": 49801, "mitRand": 0, "AnzHBbeg": 2, "pHaupt": 1.0, "poHaupt": 0.0, "pQuerus": 0.897, "pFagus": 0.103, "pFraxinus": 0.0, "pCarpinus": 0.0, "pAcer": 0.0, "pTilia": 0.0, "pRobinia": 0.0, "pUlmus": 0.0, "pCastanea": 0.0, "pOtherLH": 0.0, "pBetula": 0.0, "pAlnus": 0.0, "pPopulus": 0.0, "pSalix": 0.0, "pSorbus": 0.0, "pPrunus": 0.0, "pMalus": 0.0, "pPyrus": 0.0, "pOtherLN": 0.0, "pPicea": 0.0, "pPinus": 0.0, "pAbies": 0.0, "pDouglas": 0.0, "pLarix": 0.0, "pOtherNb": 0.0, "pNoEurop": 0.0, "pNoEuropD": 0.0, "pEurop": 1.0, "pDecid": 1.0, "pConifer": 0.0, "pAll": 1.0, "Cell_id": "4317_3134", "EPSG": 31467, "Netz": 8, "Dichte": 8, "Bl": ";16;" }, "geometry": { "type": "Point", "coordinates": [ 9.949806565096068, 51.32140491519236 ] } },
{ "type": "Feature", "properties": { "Tnr": 49805, "mitRand": 1, "AnzHBbeg": 1, "pHaupt": 1.0, "poHaupt": 0.0, "pQuerus": 0.0, "pFagus": 0.806, "pFraxinus": 0.12, "pCarpinus": 0.0, "pAcer": 0.0, "pTilia": 0.0, "pRobinia": 0.0, "pUlmus": 0.0, "pCastanea": 0.0, "pOtherLH": 0.0, "pBetula": 0.0, "pAlnus": 0.0, "pPopulus": 0.0, "pSalix": 0.0, "pSorbus": 0.0, "pPrunus": 0.0, "pMalus": 0.0, "pPyrus": 0.0, "pOtherLN": 0.0, "pPicea": 0.073, "pPinus": 0.0, "pAbies": 0.0, "pDouglas": 0.0, "pLarix": 0.0, "pOtherNb": 0.0, "pNoEurop": 0.0, "pNoEuropD": 0.0, "pEurop": 1.0, "pDecid": 0.927, "pConifer": 0.073, "pAll": 1.0, "Cell_id": "4325_3134", "EPSG": 31467, "Netz": 8, "Dichte": 8, "Bl": ";16;" }, "geometry": { "type": "Point", "coordinates": [ 10.064553926607319, 51.321397102970295 ] } },
{ "type": "Feature", "properties": { "Tnr": 49807, "mitRand": 1, "AnzHBbeg": 2, "pHaupt": 1.0, "poHaupt": 0.0, "pQuerus": 0.0, "pFagus": 0.712, "pFraxinus": 0.0, "pCarpinus": 0.0, "pAcer": 0.0, "pTilia": 0.0, "pRobinia": 0.0, "pUlmus": 0.0, "pCastanea": 0.0, "pOtherLH": 0.0, "pBetula": 0.0, "pAlnus": 0.0, "pPopulus": 0.0, "pSalix": 0.0, "pSorbus": 0.0, "pPrunus": 0.0, "pMalus": 0.0, "pPyrus": 0.0, "pOtherLN": 0.0, "pPicea": 0.037, "pPinus": 0.0, "pAbies": 0.0, "pDouglas": 0.0, "pLarix": 0.251, "pOtherNb": 0.0, "pNoEurop": 0.0, "pNoEuropD": 0.0, "pEurop": 1.0, "pDecid": 0.712, "pConifer": 0.288, "pAll": 1.0, "Cell_id": "4329_3134", "EPSG": 31467, "Netz": 8, "Dichte": 8, "Bl": ";16;" }, "geometry": { "type": "Point", "coordinates": [ 10.121934187117782, 51.321355461389729 ] } },
{ "type": "Feature", "properties": { "Tnr": 49811, "mitRand": 0, "AnzHBbeg": 3, "pHaupt": 1.0, "poHaupt": 0.0, "pQuerus": 0.37, "pFagus": 0.0, "pFraxinus": 0.2, "pCarpinus": 0.0, "pAcer": 0.163, "pTilia": 0.089, "pRobinia": 0.0, "pUlmus": 0.0, "pCastanea": 0.0, "pOtherLH": 0.0, "pBetula": 0.0, "pAlnus": 0.0, "pPopulus": 0.154, "pSalix": 0.023, "pSorbus": 0.0, "pPrunus": 0.0, "pMalus": 0.0, "pPyrus": 0.0, "pOtherLN": 0.0, "pPicea": 0.0, "pPinus": 0.0, "pAbies": 0.0, "pDouglas": 0.0, "pLarix": 0.0, "pOtherNb": 0.0, "pNoEurop": 0.0, "pNoEuropD": 0.0, "pEurop": 1.0, "pDecid": 1.0, "pConifer": 0.0, "pAll": 1.0, "Cell_id": "4337_3134", "EPSG": 31467, "Netz": 8, "Dichte": 8, "Bl": ";16;" }, "geometry": { "type": "Point", "coordinates": [ 10.2366926337903, 51.321178853028094 ] } },
{ "type": "Feature", "properties": { "Tnr": 49828, "mitRand": 1, "AnzHBbeg": 1, "pHaupt": 1.0, "poHaupt": 0.0, "pQuerus": 0.0, "pFagus": 0.404, "pFraxinus": 0.0, "pCarpinus": 0.0, "pAcer": 0.0, "pTilia": 0.0, "pRobinia": 0.0, "pUlmus": 0.0, "pCastanea": 0.0, "pOtherLH": 0.0, "pBetula": 0.0, "pAlnus": 0.0, "pPopulus": 0.0, "pSalix": 0.0, "pSorbus": 0.0, "pPrunus": 0.0, "pMalus": 0.0, "pPyrus": 0.0, "pOtherLN": 0.0, "pPicea": 0.0, "pPinus": 0.396, "pAbies": 0.0, "pDouglas": 0.0, "pLarix": 0.2, "pOtherNb": 0.0, "pNoEurop": 0.0, "pNoEuropD": 0.0, "pEurop": 1.0, "pDecid": 0.404, "pConifer": 0.596, "pAll": 1.0, "Cell_id": "4370_3134", "EPSG": 31468, "Netz": 8, "Dichte": 8, "Bl": ";16;" }, "geometry": { "type": "Point", "coordinates": [ 10.710044361200646, 51.319256018734698 ] } },
{ "type": "Feature", "properties": { "Tnr": 49832, "mitRand": 0, "AnzHBbeg": 1, "pHaupt": 1.0, "poHaupt": 0.0, "pQuerus": 0.653, "pFagus": 0.347, "pFraxinus": 0.0, "pCarpinus": 0.0, "pAcer": 0.0, "pTilia": 0.0, "pRobinia": 0.0, "pUlmus": 0.0, "pCastanea": 0.0, "pOtherLH": 0.0, "pBetula": 0.0, "pAlnus": 0.0, "pPopulus": 0.0, "pSalix": 0.0, "pSorbus": 0.0, "pPrunus": 0.0, "pMalus": 0.0, "pPyrus": 0.0, "pOtherLN": 0.0, "pPicea": 0.0, "pPinus": 0.0, "pAbies": 0.0, "pDouglas": 0.0, "pLarix": 0.0, "pOtherNb": 0.0, "pNoEurop": 0.199, "pNoEuropD": 0.199, "pEurop": 0.801, "pDecid": 1.0, "pConifer": 0.0, "pAll": 1.0, "Cell_id": "4378_3135", "EPSG": 31468, "Netz": 8, "Dichte": 8, "Bl": ";16;" }, "geometry": { "type": "Point", "coordinates": [ 10.824949435182091, 51.327489907923599 ] } },
{ "type": "Feature", "properties": { "Tnr": 49834, "mitRand": 1, "AnzHBbeg": 4, "pHaupt": 1.0, "poHaupt": 0.0, "pQuerus": 0.31, "pFagus": 0.316, "pFraxinus": 0.124, "pCarpinus": 0.0, "pAcer": 0.0, "pTilia": 0.0, "pRobinia": 0.0, "pUlmus": 0.0, "pCastanea": 0.0, "pOtherLH": 0.0, "pBetula": 0.25, "pAlnus": 0.0, "pPopulus": 0.0, "pSalix": 0.0, "pSorbus": 0.0, "pPrunus": 0.0, "pMalus": 0.0, "pPyrus": 0.0, "pOtherLN": 0.0, "pPicea": 0.0, "pPinus": 0.0, "pAbies": 0.0, "pDouglas": 0.0, "pLarix": 0.0, "pOtherNb": 0.0, "pNoEurop": 0.0, "pNoEuropD": 0.0, "pEurop": 1.0, "pDecid": 1.0, "pConifer": 0.0, "pAll": 1.0, "Cell_id": "4382_3135", "EPSG": 31468, "Netz": 8, "Dichte": 8, "Bl": ";16;" }, "geometry": { "type": "Point", "coordinates": [ 10.882339596740717, 51.327066432783852 ] } },
{ "type": "Feature", "properties": { "Tnr": 49836, "mitRand": 1, "AnzHBbeg": 3, "pHaupt": 1.0, "poHaupt": 0.0, "pQuerus": 0.069, "pFagus": 0.873, "pFraxinus": 0.0, "pCarpinus": 0.057, "pAcer": 0.0, "pTilia": 0.0, "pRobinia": 0.0, "pUlmus": 0.0, "pCastanea": 0.0, "pOtherLH": 0.0, "pBetula": 0.0, "pAlnus": 0.0, "pPopulus": 0.0, "pSalix": 0.0, "pSorbus": 0.0, "pPrunus": 0.0, "pMalus": 0.0, "pPyrus": 0.0, "pOtherLN": 0.0, "pPicea": 0.0, "pPinus": 0.0, "pAbies": 0.0, "pDouglas": 0.0, "pLarix": 0.0, "pOtherNb": 0.0, "pNoEurop": 0.0, "pNoEuropD": 0.0, "pEurop": 1.0, "pDecid": 1.0, "pConifer": 0.0, "pAll": 1.0, "Cell_id": "4386_3135", "EPSG": 31468, "Netz": 8, "Dichte": 8, "Bl": ";16;" }, "geometry": { "type": "Point", "coordinates": [ 10.939713588077904, 51.326615076945757 ] } },
{ "type": "Feature", "properties": { "Tnr": 49838, "mitRand": 0, "AnzHBbeg": 4, "pHaupt": 1.0, "poHaupt": 0.0, "pQuerus": 0.35, "pFagus": 0.599, "pFraxinus": 0.0, "pCarpinus": 0.0, "pAcer": 0.051, "pTilia": 0.0, "pRobinia": 0.0, "pUlmus": 0.0, "pCastanea": 0.0, "pOtherLH": 0.0, "pBetula": 0.0, "pAlnus": 0.0, "pPopulus": 0.0, "pSalix": 0.0, "pSorbus": 0.0, "pPrunus": 0.0, "pMalus": 0.0, "pPyrus": 0.0, "pOtherLN": 0.0, "pPicea": 0.0, "pPinus": 0.0, "pAbies": 0.0, "pDouglas": 0.0, "pLarix": 0.0, "pOtherNb": 0.0, "pNoEurop": 0.0, "pNoEuropD": 0.0, "pEurop": 1.0, "pDecid": 1.0, "pConifer": 0.0, "pAll": 1.0, "Cell_id": "4390_3135", "EPSG": 31468, "Netz": 8, "Dichte": 8, "Bl": ";16;" }, "geometry": { "type": "Point", "coordinates": [ 10.99710038393631, 51.326144357154277 ] } },
{ "type": "Feature", "properties": { "Tnr": 49842, "mitRand": 1, "AnzHBbeg": 3, "pHaupt": 1.0, "poHaupt": 0.0, "pQuerus": 0.889, "pFagus": 0.111, "pFraxinus": 0.0, "pCarpinus": 0.0, "pAcer": 0.0, "pTilia": 0.0, "pRobinia": 0.0, "pUlmus": 0.0, "pCastanea": 0.0, "pOtherLH": 0.0, "pBetula": 0.0, "pAlnus": 0.0, "pPopulus": 0.0, "pSalix": 0.0, "pSorbus": 0.0, "pPrunus": 0.0, "pMalus": 0.0, "pPyrus": 0.0, "pOtherLN": 0.0, "pPicea": 0.0, "pPinus": 0.0, "pAbies": 0.0, "pDouglas": 0.0, "pLarix": 0.0, "pOtherNb": 0.0, "pNoEurop": 0.0, "pNoEuropD": 0.0, "pEurop": 1.0, "pDecid": 1.0, "pConifer": 0.0, "pAll": 1.0, "Cell_id": "4398_3135", "EPSG": 31468, "Netz": 8, "Dichte": 8, "Bl": ";16;" }, "geometry": { "type": "Point", "coordinates": [ 11.111852736233532, 51.325100870001933 ] } },
{ "type": "Feature", "properties": { "Tnr": 49853, "mitRand": 0, "AnzHBbeg": 3, "pHaupt": 1.0, "poHaupt": 0.0, "pQuerus": 0.912, "pFagus": 0.046, "pFraxinus": 0.0, "pCarpinus": 0.0, "pAcer": 0.042, "pTilia": 0.0, "pRobinia": 0.0, "pUlmus": 0.0, "pCastanea": 0.0, "pOtherLH": 0.0, "pBetula": 0.0, "pAlnus": 0.0, "pPopulus": 0.0, "pSalix": 0.0, "pSorbus": 0.0, "pPrunus": 0.0, "pMalus": 0.0, "pPyrus": 0.0, "pOtherLN": 0.0, "pPicea": 0.0, "pPinus": 0.0, "pAbies": 0.0, "pDouglas": 0.0, "pLarix": 0.0, "pOtherNb": 0.0, "pNoEurop": 0.0, "pNoEuropD": 0.0, "pEurop": 1.0, "pDecid": 1.0, "pConifer": 0.0, "pAll": 1.0, "Cell_id": "4420_3136", "EPSG": 31468, "Netz": 4, "Dichte": 4, "Bl": ";15;" }, "geometry": { "type": "Point", "coordinates": [ 11.427695492245114, 51.330653166855704 ] } },
{ "type": "Feature", "properties": { "Tnr": 49982, "mitRand": 0, "AnzHBbeg": 1, "pHaupt": 1.0, "poHaupt": 0.0, "pQuerus": 0.0, "pFagus": 0.932, "pFraxinus": 0.0, "pCarpinus": 0.0, "pAcer": 0.0, "pTilia": 0.0, "pRobinia": 0.0, "pUlmus": 0.0, "pCastanea": 0.0, "pOtherLH": 0.0, "pBetula": 0.0, "pAlnus": 0.0, "pPopulus": 0.0, "pSalix": 0.0, "pSorbus": 0.0, "pPrunus": 0.0, "pMalus": 0.0, "pPyrus": 0.0, "pOtherLN": 0.0, "pPicea": 0.0, "pPinus": 0.068, "pAbies": 0.0, "pDouglas": 0.0, "pLarix": 0.0, "pOtherNb": 0.0, "pNoEurop": 0.0, "pNoEuropD": 0.0, "pEurop": 1.0, "pDecid": 0.932, "pConifer": 0.068, "pAll": 1.0, "Cell_id": "4323_3132", "EPSG": 31467, "Netz": 64, "Dichte": 8, "Bl": ";16;" }, "geometry": { "type": "Point", "coordinates": [ 10.035860137854698, 51.303434508953103 ] } },
{ "type": "Feature", "properties": { "Tnr": 49984, "mitRand": 0, "AnzHBbeg": 1, "pHaupt": 1.0, "poHaupt": 0.0, "pQuerus": 0.0, "pFagus": 0.877, "pFraxinus": 0.0, "pCarpinus": 0.0, "pAcer": 0.0, "pTilia": 0.0, "pRobinia": 0.0, "pUlmus": 0.0, "pCastanea": 0.0, "pOtherLH": 0.0, "pBetula": 0.0, "pAlnus": 0.0, "pPopulus": 0.0, "pSalix": 0.0, "pSorbus": 0.0, "pPrunus": 0.0, "pMalus": 0.0, "pPyrus": 0.0, "pOtherLN": 0.0, "pPicea": 0.123, "pPinus": 0.0, "pAbies": 0.0, "pDouglas": 0.0, "pLarix": 0.0, "pOtherNb": 0.0, "pNoEurop": 0.0, "pNoEuropD": 0.0, "pEurop": 1.0, "pDecid": 0.877, "pConifer": 0.123, "pAll": 1.0, "Cell_id": "4327_3132", "EPSG": 31467, "Netz": 16, "Dichte": 8, "Bl": ";16;" }, "geometry": { "type": "Point", "coordinates": [ 10.09320368673548, 51.303398209553571 ] } },
{ "type": "Feature", "properties": { "Tnr": 49986, "mitRand": 1, "AnzHBbeg": 2, "pHaupt": 1.0, "poHaupt": 0.0, "pQuerus": 0.048, "pFagus": 0.722, "pFraxinus": 0.189, "pCarpinus": 0.0, "pAcer": 0.0, "pTilia": 0.0, "pRobinia": 0.0, "pUlmus": 0.0, "pCastanea": 0.0, "pOtherLH": 0.0, "pBetula": 0.0, "pAlnus": 0.0, "pPopulus": 0.0, "pSalix": 0.0, "pSorbus": 0.0, "pPrunus": 0.0, "pMalus": 0.0, "pPyrus": 0.0, "pOtherLN": 0.0, "pPicea": 0.0, "pPinus": 0.042, "pAbies": 0.0, "pDouglas": 0.0, "pLarix": 0.0, "pOtherNb": 0.0, "pNoEurop": 0.0, "pNoEuropD": 0.0, "pEurop": 1.0, "pDecid": 0.958, "pConifer": 0.042, "pAll": 1.0, "Cell_id": "4331_3132", "EPSG": 31467, "Netz": 64, "Dichte": 8, "Bl": ";16;" }, "geometry": { "type": "Point", "coordinates": [ 10.150561241800711, 51.303342674635701 ] } },
{ "type": "Feature", "properties": { "Tnr": 49988, "mitRand": 1, "AnzHBbeg": 1, "pHaupt": 1.0, "poHaupt": 0.0, "pQuerus": 0.0, "pFagus": 1.0, "pFraxinus": 0.0, "pCarpinus": 0.0, "pAcer": 0.0, "pTilia": 0.0, "pRobinia": 0.0, "pUlmus": 0.0, "pCastanea": 0.0, "pOtherLH": 0.0, "pBetula": 0.0, "pAlnus": 0.0, "pPopulus": 0.0, "pSalix": 0.0, "pSorbus": 0.0, "pPrunus": 0.0, "pMalus": 0.0, "pPyrus": 0.0, "pOtherLN": 0.0, "pPicea": 0.0, "pPinus": 0.0, "pAbies": 0.0, "pDouglas": 0.0, "pLarix": 0.0, "pOtherNb": 0.0, "pNoEurop": 0.0, "pNoEuropD": 0.0, "pEurop": 1.0, "pDecid": 1.0, "pConifer": 0.0, "pAll": 1.0, "Cell_id": "4335_3132", "EPSG": 31467, "Netz": 16, "Dichte": 8, "Bl": ";16;" }, "geometry": { "type": "Point", "coordinates": [ 10.207917935142689, 51.303250058404437 ] } },
{ "type": "Feature", "properties": { "Tnr": 49994, "mitRand": 1, "AnzHBbeg": 2, "pHaupt": 1.0, "poHaupt": 0.0, "pQuerus": 0.0, "pFagus": 1.0, "pFraxinus": 0.0, "pCarpinus": 0.0, "pAcer": 0.0, "pTilia": 0.0, "pRobinia": 0.0, "pUlmus": 0.0, "pCastanea": 0.0, "pOtherLH": 0.0, "pBetula": 0.0, "pAlnus": 0.0, "pPopulus": 0.0, "pSalix": 0.0, "pSorbus": 0.0, "pPrunus": 0.0, "pMalus": 0.0, "pPyrus": 0.0, "pOtherLN": 0.0, "pPicea": 0.0, "pPinus": 0.0, "pAbies": 0.0, "pDouglas": 0.0, "pLarix": 0.0, "pOtherNb": 0.0, "pNoEurop": 0.0, "pNoEuropD": 0.0, "pEurop": 1.0, "pDecid": 1.0, "pConifer": 0.0, "pAll": 1.0, "Cell_id": "4347_3132", "EPSG": 31467, "Netz": 64, "Dichte": 8, "Bl": ";16;" }, "geometry": { "type": "Point", "coordinates": [ 10.379983740695252, 51.302821621724469 ] } },
{ "type": "Feature", "properties": { "Tnr": 49998, "mitRand": 0, "AnzHBbeg": 4, "pHaupt": 1.0, "poHaupt": 0.0, "pQuerus": 0.04, "pFagus": 0.0, "pFraxinus": 0.79, "pCarpinus": 0.0, "pAcer": 0.171, "pTilia": 0.0, "pRobinia": 0.0, "pUlmus": 0.0, "pCastanea": 0.0, "pOtherLH": 0.0, "pBetula": 0.0, "pAlnus": 0.0, "pPopulus": 0.0, "pSalix": 0.0, "pSorbus": 0.0, "pPrunus": 0.0, "pMalus": 0.0, "pPyrus": 0.0, "pOtherLN": 0.0, "pPicea": 0.0, "pPinus": 0.0, "pAbies": 0.0, "pDouglas": 0.0, "pLarix": 0.0, "pOtherNb": 0.0, "pNoEurop": 0.0, "pNoEuropD": 0.0, "pEurop": 1.0, "pDecid": 1.0, "pConifer": 0.0, "pAll": 1.0, "Cell_id": "4355_3132", "EPSG": 31467, "Netz": 64, "Dichte": 8, "Bl": ";16;" }, "geometry": { "type": "Point", "coordinates": [ 10.494689318118334, 51.302392544043848 ] } },
{ "type": "Feature", "properties": { "Tnr": 49999, "mitRand": 1, "AnzHBbeg": 4, "pHaupt": 1.0, "poHaupt": 0.0, "pQuerus": 0.0, "pFagus": 0.781, "pFraxinus": 0.219, "pCarpinus": 0.0, "pAcer": 0.0, "pTilia": 0.0, "pRobinia": 0.0, "pUlmus": 0.0, "pCastanea": 0.0, "pOtherLH": 0.0, "pBetula": 0.0, "pAlnus": 0.0, "pPopulus": 0.0, "pSalix": 0.0, "pSorbus": 0.0, "pPrunus": 0.0, "pMalus": 0.0, "pPyrus": 0.0, "pOtherLN": 0.0, "pPicea": 0.0, "pPinus": 0.0, "pAbies": 0.0, "pDouglas": 0.0, "pLarix": 0.0, "pOtherNb": 0.0, "pNoEurop": 0.0, "pNoEuropD": 0.0, "pEurop": 1.0, "pDecid": 1.0, "pConifer": 0.0, "pAll": 1.0, "Cell_id": "4356_3132", "EPSG": 31468, "Netz": 64, "Dichte": 8, "Bl": ";16;" }, "geometry": { "type": "Point", "coordinates": [ 10.509027010914659, 51.302325393341967 ] } },
{ "type": "Feature", "properties": { "Tnr": 50001, "mitRand": 0, "AnzHBbeg": 2, "pHaupt": 1.0, "poHaupt": 0.0, "pQuerus": 0.281, "pFagus": 0.145, "pFraxinus": 0.258, "pCarpinus": 0.074, "pAcer": 0.242, "pTilia": 0.0, "pRobinia": 0.0, "pUlmus": 0.0, "pCastanea": 0.0, "pOtherLH": 0.0, "pBetula": 0.0, "pAlnus": 0.0, "pPopulus": 0.0, "pSalix": 0.0, "pSorbus": 0.0, "pPrunus": 0.0, "pMalus": 0.0, "pPyrus": 0.0, "pOtherLN": 0.0, "pPicea": 0.0, "pPinus": 0.0, "pAbies": 0.0, "pDouglas": 0.0, "pLarix": 0.0, "pOtherNb": 0.0, "pNoEurop": 0.0, "pNoEuropD": 0.0, "pEurop": 1.0, "pDecid": 1.0, "pConifer": 0.0, "pAll": 1.0, "Cell_id": "4360_3132", "EPSG": 31468, "Netz": 16, "Dichte": 8, "Bl": ";16;" }, "geometry": { "type": "Point", "coordinates": [ 10.566392224687169, 51.302065999393129 ] } },
{ "type": "Feature", "properties": { "Tnr": 50015, "mitRand": 1, "AnzHBbeg": 4, "pHaupt": 0.75, "poHaupt": 0.25, "pQuerus": 0.25, "pFagus": 0.01, "pFraxinus": 0.0, "pCarpinus": 0.0, "pAcer": 0.0, "pTilia": 0.0, "pRobinia": 0.0, "pUlmus": 0.0, "pCastanea": 0.0, "pOtherLH": 0.0, "pBetula": 0.0, "pAlnus": 0.0, "pPopulus": 0.167, "pSalix": 0.019, "pSorbus": 0.0, "pPrunus": 0.054, "pMalus": 0.0, "pPyrus": 0.0, "pOtherLN": 0.0, "pPicea": 0.25, "pPinus": 0.0, "pAbies": 0.0, "pDouglas": 0.0, "pLarix": 0.0, "pOtherNb": 0.0, "pNoEurop": 0.0, "pNoEuropD": 0.0, "pEurop": 0.75, "pDecid": 0.5, "pConifer": 0.25, "pAll": 0.75, "Cell_id": "4388_3133", "EPSG": 31468, "Netz": 64, "Dichte": 8, "Bl": ";16;" }, "geometry": { "type": "Point", "coordinates": [ 10.968031815375326, 51.308405994243856 ] } },
{ "type": "Feature", "properties": { "Tnr": 50017, "mitRand": 0, "AnzHBbeg": 4, "pHaupt": 1.0, "poHaupt": 0.0, "pQuerus": 0.0, "pFagus": 0.749, "pFraxinus": 0.11, "pCarpinus": 0.0, "pAcer": 0.0, "pTilia": 0.0, "pRobinia": 0.0, "pUlmus": 0.0, "pCastanea": 0.0, "pOtherLH": 0.0, "pBetula": 0.0, "pAlnus": 0.0, "pPopulus": 0.0, "pSalix": 0.0, "pSorbus": 0.0, "pPrunus": 0.0, "pMalus": 0.0, "pPyrus": 0.0, "pOtherLN": 0.0, "pPicea": 0.0, "pPinus": 0.0, "pAbies": 0.0, "pDouglas": 0.0, "pLarix": 0.141, "pOtherNb": 0.0, "pNoEurop": 0.0, "pNoEuropD": 0.0, "pEurop": 1.0, "pDecid": 0.859, "pConifer": 0.141, "pAll": 1.0, "Cell_id": "4392_3133", "EPSG": 31468, "Netz": 16, "Dichte": 8, "Bl": ";16;" }, "geometry": { "type": "Point", "coordinates": [ 11.025380872660779, 51.307921898683389 ] } },
{ "type": "Feature", "properties": { "Tnr": 50021, "mitRand": 1, "AnzHBbeg": 3, "pHaupt": 1.0, "poHaupt": 0.0, "pQuerus": 0.0, "pFagus": 0.333, "pFraxinus": 0.0, "pCarpinus": 0.0, "pAcer": 0.0, "pTilia": 0.0, "pRobinia": 0.0, "pUlmus": 0.0, "pCastanea": 0.0, "pOtherLH": 0.0, "pBetula": 0.333, "pAlnus": 0.0, "pPopulus": 0.0, "pSalix": 0.0, "pSorbus": 0.0, "pPrunus": 0.0, "pMalus": 0.0, "pPyrus": 0.0, "pOtherLN": 0.0, "pPicea": 0.0, "pPinus": 0.333, "pAbies": 0.0, "pDouglas": 0.0, "pLarix": 0.0, "pOtherNb": 0.0, "pNoEurop": 0.0, "pNoEuropD": 0.0, "pEurop": 1.0, "pDecid": 0.667, "pConifer": 0.333, "pAll": 1.0, "Cell_id": "4400_3133", "EPSG": 31468, "Netz": 16, "Dichte": 8, "Bl": ";16;" }, "geometry": { "type": "Point", "coordinates": [ 11.140100606807849, 51.306850976776254 ] } },
{ "type": "Feature", "properties": { "Tnr": 50025, "mitRand": 1, "AnzHBbeg": 1, "pHaupt": 1.0, "poHaupt": 0.0, "pQuerus": 0.0, "pFagus": 0.0, "pFraxinus": 0.0, "pCarpinus": 0.0, "pAcer": 1.0, "pTilia": 0.0, "pRobinia": 0.0, "pUlmus": 0.0, "pCastanea": 0.0, "pOtherLH": 0.0, "pBetula": 0.0, "pAlnus": 0.0, "pPopulus": 0.0, "pSalix": 0.0, "pSorbus": 0.0, "pPrunus": 0.0, "pMalus": 0.0, "pPyrus": 0.0, "pOtherLN": 0.0, "pPicea": 0.0, "pPinus": 0.0, "pAbies": 0.0, "pDouglas": 0.0, "pLarix": 0.0, "pOtherNb": 0.0, "pNoEurop": 0.0, "pNoEuropD": 0.0, "pEurop": 1.0, "pDecid": 1.0, "pConifer": 0.0, "pAll": 1.0, "Cell_id": "4408_3133", "EPSG": 31468, "Netz": 16, "Dichte": 8, "Bl": ";16;" }, "geometry": { "type": "Point", "coordinates": [ 11.254811797279267, 51.305676675698848 ] } },
{ "type": "Feature", "properties": { "Tnr": 50032, "mitRand": 1, "AnzHBbeg": 3, "pHaupt": 1.0, "poHaupt": 0.0, "pQuerus": 0.787, "pFagus": 0.0, "pFraxinus": 0.0, "pCarpinus": 0.213, "pAcer": 0.0, "pTilia": 0.0, "pRobinia": 0.0, "pUlmus": 0.0, "pCastanea": 0.0, "pOtherLH": 0.0, "pBetula": 0.0, "pAlnus": 0.0, "pPopulus": 0.0, "pSalix": 0.0, "pSorbus": 0.0, "pPrunus": 0.0, "pMalus": 0.0, "pPyrus": 0.0, "pOtherLN": 0.0, "pPicea": 0.0, "pPinus": 0.0, "pAbies": 0.0, "pDouglas": 0.0, "pLarix": 0.0, "pOtherNb": 0.0, "pNoEurop": 0.0, "pNoEuropD": 0.0, "pEurop": 1.0, "pDecid": 1.0, "pConifer": 0.0, "pAll": 1.0, "Cell_id": "4422_3134", "EPSG": 31468, "Netz": 4, "Dichte": 4, "Bl": ";15;" }, "geometry": { "type": "Point", "coordinates": [ 11.455818610998246, 51.312328782695786 ] } },
{ "type": "Feature", "properties": { "Tnr": 50158, "mitRand": 1, "AnzHBbeg": 2, "pHaupt": 1.0, "poHaupt": 0.0, "pQuerus": 0.447, "pFagus": 0.305, "pFraxinus": 0.0, "pCarpinus": 0.0, "pAcer": 0.184, "pTilia": 0.0, "pRobinia": 0.0, "pUlmus": 0.0, "pCastanea": 0.0, "pOtherLH": 0.0, "pBetula": 0.0, "pAlnus": 0.0, "pPopulus": 0.0, "pSalix": 0.0, "pSorbus": 0.0, "pPrunus": 0.0, "pMalus": 0.0, "pPyrus": 0.0, "pOtherLN": 0.0, "pPicea": 0.063, "pPinus": 0.0, "pAbies": 0.0, "pDouglas": 0.0, "pLarix": 0.0, "pOtherNb": 0.0, "pNoEurop": 0.0, "pNoEuropD": 0.0, "pEurop": 1.0, "pDecid": 0.937, "pConifer": 0.063, "pAll": 1.0, "Cell_id": "4321_3130", "EPSG": 31467, "Netz": 8, "Dichte": 8, "Bl": ";16;" }, "geometry": { "type": "Point", "coordinates": [ 10.007174417309963, 51.285464830639739 ] } },
{ "type": "Feature", "properties": { "Tnr": 50160, "mitRand": 1, "AnzHBbeg": 4, "pHaupt": 1.0, "poHaupt": 0.0, "pQuerus": 0.0, "pFagus": 0.695, "pFraxinus": 0.182, "pCarpinus": 0.0, "pAcer": 0.074, "pTilia": 0.0, "pRobinia": 0.0, "pUlmus": 0.0, "pCastanea": 0.0, "pOtherLH": 0.0, "pBetula": 0.0, "pAlnus": 0.0, "pPopulus": 0.0, "pSalix": 0.0, "pSorbus": 0.0, "pPrunus": 0.0, "pMalus": 0.0, "pPyrus": 0.0, "pOtherLN": 0.0, "pPicea": 0.0, "pPinus": 0.0, "pAbies": 0.0, "pDouglas": 0.0, "pLarix": 0.0, "pOtherNb": 0.0, "pNoEurop": 0.0, "pNoEuropD": 0.0, "pEurop": 1.0, "pDecid": 0.951, "pConifer": 0.049, "pAll": 1.0, "Cell_id": "4325_3130", "EPSG": 31467, "Netz": 8, "Dichte": 8, "Bl": ";16;" }, "geometry": { "type": "Point", "coordinates": [ 10.064510146852609, 51.285442581366226 ] } },
{ "type": "Feature", "properties": { "Tnr": 50162, "mitRand": 1, "AnzHBbeg": 1, "pHaupt": 1.0, "poHaupt": 0.0, "pQuerus": 0.0, "pFagus": 0.0, "pFraxinus": 0.0, "pCarpinus": 0.0, "pAcer": 0.0, "pTilia": 0.0, "pRobinia": 0.0, "pUlmus": 0.0, "pCastanea": 0.0, "pOtherLH": 0.0, "pBetula": 0.0, "pAlnus": 0.0, "pPopulus": 0.0, "pSalix": 0.0, "pSorbus": 0.0, "pPrunus": 0.0, "pMalus": 0.0, "pPyrus": 0.0, "pOtherLN": 0.0, "pPicea": 1.0, "pPinus": 0.0, "pAbies": 0.0, "pDouglas": 0.0, "pLarix": 0.0, "pOtherNb": 0.0, "pNoEurop": 0.0, "pNoEuropD": 0.0, "pEurop": 1.0, "pDecid": 0.0, "pConifer": 1.0, "pAll": 1.0, "Cell_id": "4329_3130", "EPSG": 31467, "Netz": 8, "Dichte": 8, "Bl": ";16;" }, "geometry": { "type": "Point", "coordinates": [ 10.121845586755633, 51.285401241281505 ] } },
{ "type": "Feature", "properties": { "Tnr": 50166, "mitRand": 1, "AnzHBbeg": 4, "pHaupt": 1.0, "poHaupt": 0.0, "pQuerus": 0.0, "pFagus": 0.693, "pFraxinus": 0.057, "pCarpinus": 0.0, "pAcer": 0.0, "pTilia": 0.0, "pRobinia": 0.0, "pUlmus": 0.0, "pCastanea": 0.0, "pOtherLH": 0.0, "pBetula": 0.0, "pAlnus": 0.0, "pPopulus": 0.0, "pSalix": 0.0, "pSorbus": 0.0, "pPrunus": 0.0, "pMalus": 0.0, "pPyrus": 0.0, "pOtherLN": 0.0, "pPicea": 0.25, "pPinus": 0.0, "pAbies": 0.0, "pDouglas": 0.0, "pLarix": 0.0, "pOtherNb": 0.0, "pNoEurop": 0.0, "pNoEuropD": 0.0, "pEurop": 1.0, "pDecid": 0.75, "pConifer": 0.25, "pAll": 1.0, "Cell_id": "4337_3130", "EPSG": 31467, "Netz": 8, "Dichte": 8, "Bl": ";16;" }, "geometry": { "type": "Point", "coordinates": [ 10.236500066021009, 51.285225494992559 ] } },
{ "type": "Feature", "properties": { "Tnr": 50177, "mitRand": 1, "AnzHBbeg": 3, "pHaupt": 1.0, "poHaupt": 0.0, "pQuerus": 0.254, "pFagus": 0.14, "pFraxinus": 0.386, "pCarpinus": 0.02, "pAcer": 0.024, "pTilia": 0.177, "pRobinia": 0.0, "pUlmus": 0.0, "pCastanea": 0.0, "pOtherLH": 0.0, "pBetula": 0.0, "pAlnus": 0.0, "pPopulus": 0.0, "pSalix": 0.0, "pSorbus": 0.0, "pPrunus": 0.0, "pMalus": 0.0, "pPyrus": 0.0, "pOtherLN": 0.0, "pPicea": 0.0, "pPinus": 0.0, "pAbies": 0.0, "pDouglas": 0.0, "pLarix": 0.0, "pOtherNb": 0.0, "pNoEurop": 0.0, "pNoEuropD": 0.0, "pEurop": 1.0, "pDecid": 1.0, "pConifer": 0.0, "pAll": 1.0, "Cell_id": "4358_3130", "EPSG": 31468, "Netz": 8, "Dichte": 8, "Bl": ";16;" }, "geometry": { "type": "Point", "coordinates": [ 10.537503030990802, 51.284219208471399 ] } },
{ "type": "Feature", "properties": { "Tnr": 50181, "mitRand": 0, "AnzHBbeg": 1, "pHaupt": 1.0, "poHaupt": 0.0, "pQuerus": 0.208, "pFagus": 0.792, "pFraxinus": 0.0, "pCarpinus": 0.0, "pAcer": 0.0, "pTilia": 0.0, "pRobinia": 0.0, "pUlmus": 0.0, "pCastanea": 0.0, "pOtherLH": 0.0, "pBetula": 0.0, "pAlnus": 0.0, "pPopulus": 0.0, "pSalix": 0.0, "pSorbus": 0.0, "pPrunus": 0.0, "pMalus": 0.0, "pPyrus": 0.0, "pOtherLN": 0.0, "pPicea": 0.0, "pPinus": 0.0, "pAbies": 0.0, "pDouglas": 0.0, "pLarix": 0.0, "pOtherNb": 0.0, "pNoEurop": 0.0, "pNoEuropD": 0.0, "pEurop": 1.0, "pDecid": 1.0, "pConifer": 0.0, "pAll": 1.0, "Cell_id": "4366_3130", "EPSG": 31468, "Netz": 8, "Dichte": 8, "Bl": ";16;" }, "geometry": { "type": "Point", "coordinates": [ 10.652157062362106, 51.283636253802648 ] } },
{ "type": "Feature", "properties": { "Tnr": 50203, "mitRand": 1, "AnzHBbeg": 4, "pHaupt": 1.0, "poHaupt": 0.0, "pQuerus": 0.077, "pFagus": 0.673, "pFraxinus": 0.0, "pCarpinus": 0.0, "pAcer": 0.0, "pTilia": 0.0, "pRobinia": 0.0, "pUlmus": 0.0, "pCastanea": 0.0, "pOtherLH": 0.0, "pBetula": 0.0, "pAlnus": 0.0, "pPopulus": 0.0, "pSalix": 0.0, "pSorbus": 0.0, "pPrunus": 0.0, "pMalus": 0.0, "pPyrus": 0.0, "pOtherLN": 0.0, "pPicea": 0.25, "pPinus": 0.0, "pAbies": 0.0, "pDouglas": 0.0, "pLarix": 0.0, "pOtherNb": 0.0, "pNoEurop": 0.0, "pNoEuropD": 0.0, "pEurop": 1.0, "pDecid": 0.75, "pConifer": 0.25, "pAll": 1.0, "Cell_id": "4410_3131", "EPSG": 31468, "Netz": 8, "Dichte": 8, "Bl": ";16;" }, "geometry": { "type": "Point", "coordinates": [ 11.282975823702785, 51.287393383582256 ] } },
{ "type": "Feature", "properties": { "Tnr": 50205, "mitRand": 1, "AnzHBbeg": 1, "pHaupt": 1.0, "poHaupt": 0.0, "pQuerus": 0.0, "pFagus": 0.692, "pFraxinus": 0.0, "pCarpinus": 0.0, "pAcer": 0.0, "pTilia": 0.0, "pRobinia": 0.0, "pUlmus": 0.0, "pCastanea": 0.0, "pOtherLH": 0.0, "pBetula": 0.131, "pAlnus": 0.0, "pPopulus": 0.0, "pSalix": 0.0, "pSorbus": 0.0, "pPrunus": 0.0, "pMalus": 0.0, "pPyrus": 0.0, "pOtherLN": 0.0, "pPicea": 0.0, "pPinus": 0.073, "pAbies": 0.0, "pDouglas": 0.0, "pLarix": 0.104, "pOtherNb": 0.0, "pNoEurop": 0.0, "pNoEuropD": 0.0, "pEurop": 1.0, "pDecid": 0.823, "pConifer": 0.177, "pAll": 1.0, "Cell_id": "4414_3132", "EPSG": 31468, "Netz": 8, "Dichte": 8, "Bl": ";16;" }, "geometry": { "type": "Point", "coordinates": [ 11.34057476016986, 51.295730735624034 ] } },
{ "type": "Feature", "properties": { "Tnr": 50340, "mitRand": 0, "AnzHBbeg": 4, "pHaupt": 1.0, "poHaupt": 0.0, "pQuerus": 0.0, "pFagus": 0.732, "pFraxinus": 0.035, "pCarpinus": 0.0, "pAcer": 0.0, "pTilia": 0.0, "pRobinia": 0.0, "pUlmus": 0.0, "pCastanea": 0.0, "pOtherLH": 0.0, "pBetula": 0.0, "pAlnus": 0.0, "pPopulus": 0.0, "pSalix": 0.0, "pSorbus": 0.0, "pPrunus": 0.0, "pMalus": 0.0, "pPyrus": 0.0, "pOtherLN": 0.0, "pPicea": 0.233, "pPinus": 0.0, "pAbies": 0.0, "pDouglas": 0.0, "pLarix": 0.0, "pOtherNb": 0.0, "pNoEurop": 0.0, "pNoEuropD": 0.0, "pEurop": 1.0, "pDecid": 0.767, "pConifer": 0.233, "pAll": 1.0, "Cell_id": "4335_3128", "EPSG": 31467, "Netz": 16, "Dichte": 8, "Bl": ";16;" }, "geometry": { "type": "Point", "coordinates": [ 10.207762471053977, 51.267296248515763 ] } },
{ "type": "Feature", "properties": { "Tnr": 50342, "mitRand": 1, "AnzHBbeg": 4, "pHaupt": 1.0, "poHaupt": 0.0, "pQuerus": 0.032, "pFagus": 0.362, "pFraxinus": 0.266, "pCarpinus": 0.212, "pAcer": 0.128, "pTilia": 0.0, "pRobinia": 0.0, "pUlmus": 0.0, "pCastanea": 0.0, "pOtherLH": 0.0, "pBetula": 0.0, "pAlnus": 0.0, "pPopulus": 0.0, "pSalix": 0.0, "pSorbus": 0.0, "pPrunus": 0.0, "pMalus": 0.0, "pPyrus": 0.0, "pOtherLN": 0.0, "pPicea": 0.0, "pPinus": 0.0, "pAbies": 0.0, "pDouglas": 0.0, "pLarix": 0.0, "pOtherNb": 0.0, "pNoEurop": 0.0, "pNoEuropD": 0.0, "pEurop": 1.0, "pDecid": 1.0, "pConifer": 0.0, "pAll": 1.0, "Cell_id": "4339_3128", "EPSG": 31467, "Netz": 16, "Dichte": 8, "Bl": ";16;" }, "geometry": { "type": "Point", "coordinates": [ 10.26507389999434, 51.267184915773392 ] } },
{ "type": "Feature", "properties": { "Tnr": 50344, "mitRand": 1, "AnzHBbeg": 3, "pHaupt": 1.0, "poHaupt": 0.0, "pQuerus": 0.462, "pFagus": 0.257, "pFraxinus": 0.198, "pCarpinus": 0.0, "pAcer": 0.039, "pTilia": 0.0, "pRobinia": 0.0, "pUlmus": 0.0, "pCastanea": 0.0, "pOtherLH": 0.0, "pBetula": 0.0, "pAlnus": 0.0, "pPopulus": 0.0, "pSalix": 0.0, "pSorbus": 0.0, "pPrunus": 0.0, "pMalus": 0.0, "pPyrus": 0.0, "pOtherLN": 0.0, "pPicea": 0.0, "pPinus": 0.0, "pAbies": 0.0, "pDouglas": 0.0, "pLarix": 0.044, "pOtherNb": 0.0, "pNoEurop": 0.0, "pNoEuropD": 0.0, "pEurop": 1.0, "pDecid": 0.956, "pConifer": 0.044, "pAll": 1.0, "Cell_id": "4343_3128", "EPSG": 31467, "Netz": 16, "Dichte": 8, "Bl": ";16;" }, "geometry": { "type": "Point", "coordinates": [ 10.322384261826638, 51.267036539443993 ] } },
{ "type": "Feature", "properties": { "Tnr": 50346, "mitRand": 0, "AnzHBbeg": 2, "pHaupt": 1.0, "poHaupt": 0.0, "pQuerus": 0.384, "pFagus": 0.0, "pFraxinus": 0.374, "pCarpinus": 0.136, "pAcer": 0.052, "pTilia": 0.0, "pRobinia": 0.0, "pUlmus": 0.0, "pCastanea": 0.0, "pOtherLH": 0.0, "pBetula": 0.0, "pAlnus": 0.0, "pPopulus": 0.053, "pSalix": 0.0, "pSorbus": 0.0, "pPrunus": 0.0, "pMalus": 0.0, "pPyrus": 0.0, "pOtherLN": 0.0, "pPicea": 0.0, "pPinus": 0.0, "pAbies": 0.0, "pDouglas": 0.0, "pLarix": 0.0, "pOtherNb": 0.0, "pNoEurop": 0.0, "pNoEuropD": 0.0, "pEurop": 1.0, "pDecid": 1.0, "pConifer": 0.0, "pAll": 1.0, "Cell_id": "4347_3128", "EPSG": 31467, "Netz": 16, "Dichte": 8, "Bl": ";16;" }, "geometry": { "type": "Point", "coordinates": [ 10.379693969270221, 51.266869092749637 ] } },
{ "type": "Feature", "properties": { "Tnr": 50353, "mitRand": 1, "AnzHBbeg": 4, "pHaupt": 1.0, "poHaupt": 0.0, "pQuerus": 0.0, "pFagus": 0.336, "pFraxinus": 0.308, "pCarpinus": 0.0, "pAcer": 0.064, "pTilia": 0.0, "pRobinia": 0.0, "pUlmus": 0.0, "pCastanea": 0.0, "pOtherLH": 0.0, "pBetula": 0.25, "pAlnus": 0.0, "pPopulus": 0.0, "pSalix": 0.0, "pSorbus": 0.0, "pPrunus": 0.0, "pMalus": 0.0, "pPyrus": 0.0, "pOtherLN": 0.0, "pPicea": 0.041, "pPinus": 0.0, "pAbies": 0.0, "pDouglas": 0.0, "pLarix": 0.0, "pOtherNb": 0.0, "pNoEurop": 0.0, "pNoEuropD": 0.0, "pEurop": 1.0, "pDecid": 0.959, "pConifer": 0.041, "pAll": 1.0, "Cell_id": "4360_3128", "EPSG": 31468, "Netz": 16, "Dichte": 8, "Bl": ";16;" }, "geometry": { "type": "Point", "coordinates": [ 10.565942643767917, 51.266115414100547 ] } },
{ "type": "Feature", "properties": { "Tnr": 50361, "mitRand": 0, "AnzHBbeg": 1, "pHaupt": 1.0, "poHaupt": 0.0, "pQuerus": 1.0, "pFagus": 0.0, "pFraxinus": 0.0, "pCarpinus": 0.0, "pAcer": 0.0, "pTilia": 0.0, "pRobinia": 0.0, "pUlmus": 0.0, "pCastanea": 0.0, "pOtherLH": 0.0, "pBetula": 0.0, "pAlnus": 0.0, "pPopulus": 0.0, "pSalix": 0.0, "pSorbus": 0.0, "pPrunus": 0.0, "pMalus": 0.0, "pPyrus": 0.0, "pOtherLN": 0.0, "pPicea": 0.0, "pPinus": 0.0, "pAbies": 0.0, "pDouglas": 0.0, "pLarix": 0.0, "pOtherNb": 0.0, "pNoEurop": 0.0, "pNoEuropD": 0.0, "pEurop": 1.0, "pDecid": 1.0, "pConifer": 0.0, "pAll": 1.0, "Cell_id": "4376_3128", "EPSG": 31468, "Netz": 16, "Dichte": 8, "Bl": ";16;" }, "geometry": { "type": "Point", "coordinates": [ 10.79516654167414, 51.264773251205071 ] } },
{ "type": "Feature", "properties": { "Tnr": 50379, "mitRand": 1, "AnzHBbeg": 4, "pHaupt": 1.0, "poHaupt": 0.0, "pQuerus": 0.06, "pFagus": 0.854, "pFraxinus": 0.0, "pCarpinus": 0.0, "pAcer": 0.0, "pTilia": 0.0, "pRobinia": 0.0, "pUlmus": 0.0, "pCastanea": 0.0, "pOtherLH": 0.0, "pBetula": 0.086, "pAlnus": 0.0, "pPopulus": 0.0, "pSalix": 0.0, "pSorbus": 0.0, "pPrunus": 0.0, "pMalus": 0.0, "pPyrus": 0.0, "pOtherLN": 0.0, "pPicea": 0.0, "pPinus": 0.0, "pAbies": 0.0, "pDouglas": 0.0, "pLarix": 0.0, "pOtherNb": 0.0, "pNoEurop": 0.0, "pNoEuropD": 0.0, "pEurop": 1.0, "pDecid": 1.0, "pConifer": 0.0, "pAll": 1.0, "Cell_id": "4412_3129", "EPSG": 31468, "Netz": 16, "Dichte": 8, "Bl": ";16;" }, "geometry": { "type": "Point", "coordinates": [ 11.311131355502548, 51.269094282705332 ] } },
{ "type": "Feature", "properties": { "Tnr": 50381, "mitRand": 0, "AnzHBbeg": 4, "pHaupt": 1.0, "poHaupt": 0.0, "pQuerus": 0.19, "pFagus": 0.702, "pFraxinus": 0.0, "pCarpinus": 0.0, "pAcer": 0.0, "pTilia": 0.0, "pRobinia": 0.0, "pUlmus": 0.0, "pCastanea": 0.0, "pOtherLH": 0.0, "pBetula": 0.0, "pAlnus": 0.0, "pPopulus": 0.0, "pSalix": 0.0, "pSorbus": 0.0, "pPrunus": 0.0, "pMalus": 0.0, "pPyrus": 0.0, "pOtherLN": 0.0, "pPicea": 0.0, "pPinus": 0.0, "pAbies": 0.0, "pDouglas": 0.0, "pLarix": 0.108, "pOtherNb": 0.0, "pNoEurop": 0.0, "pNoEuropD": 0.0, "pEurop": 1.0, "pDecid": 0.892, "pConifer": 0.108, "pAll": 1.0, "Cell_id": "4416_3130", "EPSG": 31468, "Netz": 16, "Dichte": 8, "Bl": ";16;" }, "geometry": { "type": "Point", "coordinates": [ 11.368712383648191, 51.277427015018787 ] } },
{ "type": "Feature", "properties": { "Tnr": 50510, "mitRand": 1, "AnzHBbeg": 2, "pHaupt": 1.0, "poHaupt": 0.0, "pQuerus": 0.0, "pFagus": 0.5, "pFraxinus": 0.0, "pCarpinus": 0.0, "pAcer": 0.0, "pTilia": 0.0, "pRobinia": 0.0, "pUlmus": 0.0, "pCastanea": 0.0, "pOtherLH": 0.0, "pBetula": 0.0, "pAlnus": 0.0, "pPopulus": 0.0, "pSalix": 0.0, "pSorbus": 0.0, "pPrunus": 0.0, "pMalus": 0.0, "pPyrus": 0.0, "pOtherLN": 0.0, "pPicea": 0.5, "pPinus": 0.0, "pAbies": 0.0, "pDouglas": 0.0, "pLarix": 0.0, "pOtherNb": 0.0, "pNoEurop": 0.0, "pNoEuropD": 0.0, "pEurop": 1.0, "pDecid": 0.5, "pConifer": 0.5, "pAll": 1.0, "Cell_id": "4325_3126", "EPSG": 31467, "Netz": 8, "Dichte": 8, "Bl": ";16;" }, "geometry": { "type": "Point", "coordinates": [ 10.064452533596553, 51.249487971963042 ] } },
{ "type": "Feature", "properties": { "Tnr": 50512, "mitRand": 1, "AnzHBbeg": 1, "pHaupt": 1.0, "poHaupt": 0.0, "pQuerus": 0.0, "pFagus": 0.0, "pFraxinus": 0.0, "pCarpinus": 0.0, "pAcer": 0.0, "pTilia": 0.0, "pRobinia": 0.0, "pUlmus": 0.0, "pCastanea": 0.0, "pOtherLH": 0.0, "pBetula": 0.0, "pAlnus": 0.909, "pPopulus": 0.0, "pSalix": 0.091, "pSorbus": 0.0, "pPrunus": 0.0, "pMalus": 0.0, "pPyrus": 0.0, "pOtherLN": 0.0, "pPicea": 0.0, "pPinus": 0.0, "pAbies": 0.0, "pDouglas": 0.0, "pLarix": 0.0, "pOtherNb": 0.0, "pNoEurop": 0.0, "pNoEuropD": 0.0, "pEurop": 1.0, "pDecid": 1.0, "pConifer": 0.0, "pAll": 1.0, "Cell_id": "4329_3126", "EPSG": 31467, "Netz": 8, "Dichte": 8, "Bl": ";16;" }, "geometry": { "type": "Point", "coordinates": [ 10.121743245616788, 51.249446940305184 ] } },
{ "type": "Feature", "properties": { "Tnr": 50514, "mitRand": 1, "AnzHBbeg": 4, "pHaupt": 1.0, "poHaupt": 0.0, "pQuerus": 0.0, "pFagus": 0.501, "pFraxinus": 0.0, "pCarpinus": 0.0, "pAcer": 0.0, "pTilia": 0.0, "pRobinia": 0.0, "pUlmus": 0.0, "pCastanea": 0.0, "pOtherLH": 0.0, "pBetula": 0.0, "pAlnus": 0.0, "pPopulus": 0.0, "pSalix": 0.0, "pSorbus": 0.0, "pPrunus": 0.0, "pMalus": 0.0, "pPyrus": 0.0, "pOtherLN": 0.0, "pPicea": 0.25, "pPinus": 0.082, "pAbies": 0.0, "pDouglas": 0.0, "pLarix": 0.166, "pOtherNb": 0.0, "pNoEurop": 0.0, "pNoEuropD": 0.0, "pEurop": 1.0, "pDecid": 0.501, "pConifer": 0.499, "pAll": 1.0, "Cell_id": "4333_3126", "EPSG": 31467, "Netz": 8, "Dichte": 8, "Bl": ";16;" }, "geometry": { "type": "Point", "coordinates": [ 10.17903314995529, 51.249368880625042 ] } },
{ "type": "Feature", "properties": { "Tnr": 50516, "mitRand": 1, "AnzHBbeg": 3, "pHaupt": 1.0, "poHaupt": 0.0, "pQuerus": 0.0, "pFagus": 0.629, "pFraxinus": 0.0, "pCarpinus": 0.0, "pAcer": 0.037, "pTilia": 0.0, "pRobinia": 0.0, "pUlmus": 0.0, "pCastanea": 0.0, "pOtherLH": 0.0, "pBetula": 0.0, "pAlnus": 0.333, "pPopulus": 0.0, "pSalix": 0.0, "pSorbus": 0.0, "pPrunus": 0.0, "pMalus": 0.0, "pPyrus": 0.0, "pOtherLN": 0.0, "pPicea": 0.0, "pPinus": 0.0, "pAbies": 0.0, "pDouglas": 0.0, "pLarix": 0.0, "pOtherNb": 0.0, "pNoEurop": 0.0, "pNoEuropD": 0.0, "pEurop": 1.0, "pDecid": 1.0, "pConifer": 0.0, "pAll": 1.0, "Cell_id": "4337_3126", "EPSG": 31467, "Netz": 8, "Dichte": 8, "Bl": ";16;" }, "geometry": { "type": "Point", "coordinates": [ 10.236322603245782, 51.249271766894708 ] } },
{ "type": "Feature", "properties": { "Tnr": 50537, "mitRand": 1, "AnzHBbeg": 1, "pHaupt": 1.0, "poHaupt": 0.0, "pQuerus": 0.0, "pFagus": 0.0, "pFraxinus": 0.0, "pCarpinus": 0.0, "pAcer": 0.0, "pTilia": 0.0, "pRobinia": 0.0, "pUlmus": 0.0, "pCastanea": 0.0, "pOtherLH": 0.0, "pBetula": 0.0, "pAlnus": 0.076, "pPopulus": 0.0, "pSalix": 0.924, "pSorbus": 0.0, "pPrunus": 0.0, "pMalus": 0.0, "pPyrus": 0.0, "pOtherLN": 0.0, "pPicea": 0.0, "pPinus": 0.0, "pAbies": 0.0, "pDouglas": 0.0, "pLarix": 0.0, "pOtherNb": 0.0, "pNoEurop": 0.0, "pNoEuropD": 0.0, "pEurop": 1.0, "pDecid": 1.0, "pConifer": 0.0, "pAll": 1.0, "Cell_id": "4378_3127", "EPSG": 31468, "Netz": 8, "Dichte": 8, "Bl": ";16;" }, "geometry": { "type": "Point", "coordinates": [ 10.82366061479757, 51.255585807021106 ] } },
{ "type": "Feature", "properties": { "Tnr": 50555, "mitRand": 1, "AnzHBbeg": 4, "pHaupt": 1.0, "poHaupt": 0.0, "pQuerus": 0.048, "pFagus": 0.644, "pFraxinus": 0.0, "pCarpinus": 0.0, "pAcer": 0.0, "pTilia": 0.0, "pRobinia": 0.0, "pUlmus": 0.0, "pCastanea": 0.0, "pOtherLH": 0.0, "pBetula": 0.059, "pAlnus": 0.0, "pPopulus": 0.0, "pSalix": 0.0, "pSorbus": 0.0, "pPrunus": 0.0, "pMalus": 0.0, "pPyrus": 0.0, "pOtherLN": 0.0, "pPicea": 0.0, "pPinus": 0.0, "pAbies": 0.0, "pDouglas": 0.0, "pLarix": 0.25, "pOtherNb": 0.0, "pNoEurop": 0.0, "pNoEuropD": 0.0, "pEurop": 1.0, "pDecid": 0.75, "pConifer": 0.25, "pAll": 1.0, "Cell_id": "4414_3128", "EPSG": 31468, "Netz": 8, "Dichte": 8, "Bl": ";16;" }, "geometry": { "type": "Point", "coordinates": [ 11.339520804274246, 51.259782594534151 ] } },
{ "type": "Feature", "properties": { "Tnr": 50687, "mitRand": 1, "AnzHBbeg": 2, "pHaupt": 1.0, "poHaupt": 0.0, "pQuerus": 0.0, "pFagus": 0.5, "pFraxinus": 0.462, "pCarpinus": 0.0, "pAcer": 0.0, "pTilia": 0.0, "pRobinia": 0.0, "pUlmus": 0.0, "pCastanea": 0.0, "pOtherLH": 0.0, "pBetula": 0.0, "pAlnus": 0.0, "pPopulus": 0.0, "pSalix": 0.0, "pSorbus": 0.0, "pPrunus": 0.038, "pMalus": 0.0, "pPyrus": 0.0, "pOtherLN": 0.0, "pPicea": 0.0, "pPinus": 0.0, "pAbies": 0.0, "pDouglas": 0.0, "pLarix": 0.0, "pOtherNb": 0.0, "pNoEurop": 0.0, "pNoEuropD": 0.0, "pEurop": 1.0, "pDecid": 1.0, "pConifer": 0.0, "pAll": 1.0, "Cell_id": "4331_3124", "EPSG": 31467, "Netz": 64, "Dichte": 8, "Bl": ";16;" }, "geometry": { "type": "Point", "coordinates": [ 10.150326168667302, 51.231434266959241 ] } },
{ "type": "Feature", "properties": { "Tnr": 50689, "mitRand": 0, "AnzHBbeg": 1, "pHaupt": 1.0, "poHaupt": 0.0, "pQuerus": 0.0, "pFagus": 0.376, "pFraxinus": 0.158, "pCarpinus": 0.0, "pAcer": 0.0, "pTilia": 0.0, "pRobinia": 0.0, "pUlmus": 0.0, "pCastanea": 0.0, "pOtherLH": 0.0, "pBetula": 0.0, "pAlnus": 0.0, "pPopulus": 0.0, "pSalix": 0.0, "pSorbus": 0.0, "pPrunus": 0.0, "pMalus": 0.0, "pPyrus": 0.0, "pOtherLN": 0.0, "pPicea": 0.122, "pPinus": 0.344, "pAbies": 0.0, "pDouglas": 0.0, "pLarix": 0.0, "pOtherNb": 0.0, "pNoEurop": 0.0, "pNoEuropD": 0.0, "pEurop": 1.0, "pDecid": 0.535, "pConifer": 0.465, "pAll": 1.0, "Cell_id": "4335_3124", "EPSG": 31467, "Netz": 16, "Dichte": 8, "Bl": ";16;" }, "geometry": { "type": "Point", "coordinates": [ 10.207593410137335, 51.231342367974086 ] } },
{ "type": "Feature", "properties": { "Tnr": 50693, "mitRand": 0, "AnzHBbeg": 4, "pHaupt": 1.0, "poHaupt": 0.0, "pQuerus": 0.0, "pFagus": 0.612, "pFraxinus": 0.259, "pCarpinus": 0.0, "pAcer": 0.075, "pTilia": 0.054, "pRobinia": 0.0, "pUlmus": 0.0, "pCastanea": 0.0, "pOtherLH": 0.0, "pBetula": 0.0, "pAlnus": 0.0, "pPopulus": 0.0, "pSalix": 0.0, "pSorbus": 0.0, "pPrunus": 0.0, "pMalus": 0.0, "pPyrus": 0.0, "pOtherLN": 0.0, "pPicea": 0.0, "pPinus": 0.0, "pAbies": 0.0, "pDouglas": 0.0, "pLarix": 0.0, "pOtherNb": 0.0, "pNoEurop": 0.0, "pNoEuropD": 0.0, "pEurop": 1.0, "pDecid": 1.0, "pConifer": 0.0, "pAll": 1.0, "Cell_id": "4343_3124", "EPSG": 31467, "Netz": 16, "Dichte": 8, "Bl": ";16;" }, "geometry": { "type": "Point", "coordinates": [ 10.32212584619257, 51.231083490479804 ] } },
{ "type": "Feature", "properties": { "Tnr": 50695, "mitRand": 0, "AnzHBbeg": 1, "pHaupt": 1.0, "poHaupt": 0.0, "pQuerus": 0.432, "pFagus": 0.568, "pFraxinus": 0.0, "pCarpinus": 0.0, "pAcer": 0.0, "pTilia": 0.0, "pRobinia": 0.0, "pUlmus": 0.0, "pCastanea": 0.0, "pOtherLH": 0.0, "pBetula": 0.0, "pAlnus": 0.0, "pPopulus": 0.0, "pSalix": 0.0, "pSorbus": 0.0, "pPrunus": 0.0, "pMalus": 0.0, "pPyrus": 0.0, "pOtherLN": 0.0, "pPicea": 0.0, "pPinus": 0.0, "pAbies": 0.0, "pDouglas": 0.0, "pLarix": 0.0, "pOtherNb": 0.0, "pNoEurop": 0.0, "pNoEuropD": 0.0, "pEurop": 1.0, "pDecid": 1.0, "pConifer": 0.0, "pAll": 1.0, "Cell_id": "4347_3124", "EPSG": 31467, "Netz": 64, "Dichte": 8, "Bl": ";16;" }, "geometry": { "type": "Point", "coordinates": [ 10.379390878995583, 51.230916513314433 ] } },
{ "type": "Feature", "properties": { "Tnr": 50726, "mitRand": 1, "AnzHBbeg": 2, "pHaupt": 0.921, "poHaupt": 0.079, "pQuerus": 0.0, "pFagus": 0.243, "pFraxinus": 0.608, "pCarpinus": 0.0, "pAcer": 0.0, "pTilia": 0.0, "pRobinia": 0.0, "pUlmus": 0.07, "pCastanea": 0.0, "pOtherLH": 0.0, "pBetula": 0.0, "pAlnus": 0.0, "pPopulus": 0.0, "pSalix": 0.0, "pSorbus": 0.0, "pPrunus": 0.0, "pMalus": 0.0, "pPyrus": 0.0, "pOtherLN": 0.0, "pPicea": 0.0, "pPinus": 0.0, "pAbies": 0.0, "pDouglas": 0.0, "pLarix": 0.0, "pOtherNb": 0.0, "pNoEurop": 0.0, "pNoEuropD": 0.0, "pEurop": 0.921, "pDecid": 0.921, "pConifer": 0.0, "pAll": 0.921, "Cell_id": "4408_3125", "EPSG": 31468, "Netz": 16, "Dichte": 8, "Bl": ";16;" }, "geometry": { "type": "Point", "coordinates": [ 11.25285355958362, 51.233776816984822 ] } },
{ "type": "Feature", "properties": { "Tnr": 50728, "mitRand": 1, "AnzHBbeg": 4, "pHaupt": 1.0, "poHaupt": 0.0, "pQuerus": 0.406, "pFagus": 0.094, "pFraxinus": 0.0, "pCarpinus": 0.0, "pAcer": 0.0, "pTilia": 0.0, "pRobinia": 0.0, "pUlmus": 0.0, "pCastanea": 0.0, "pOtherLH": 0.0, "pBetula": 0.159, "pAlnus": 0.0, "pPopulus": 0.0, "pSalix": 0.0, "pSorbus": 0.0, "pPrunus": 0.0, "pMalus": 0.0, "pPyrus": 0.053, "pOtherLN": 0.0, "pPicea": 0.25, "pPinus": 0.038, "pAbies": 0.0, "pDouglas": 0.0, "pLarix": 0.0, "pOtherNb": 0.0, "pNoEurop": 0.0, "pNoEuropD": 0.0, "pEurop": 1.0, "pDecid": 0.712, "pConifer": 0.288, "pAll": 1.0, "Cell_id": "4412_3125", "EPSG": 31468, "Netz": 64, "Dichte": 8, "Bl": ";16;" }, "geometry": { "type": "Point", "coordinates": [ 11.310101644657271, 51.233145427036611 ] } },
{ "type": "Feature", "properties": { "Tnr": 50730, "mitRand": 1, "AnzHBbeg": 4, "pHaupt": 1.0, "poHaupt": 0.0, "pQuerus": 0.0, "pFagus": 0.277, "pFraxinus": 0.022, "pCarpinus": 0.088, "pAcer": 0.274, "pTilia": 0.0, "pRobinia": 0.0, "pUlmus": 0.032, "pCastanea": 0.0, "pOtherLH": 0.0, "pBetula": 0.0, "pAlnus": 0.057, "pPopulus": 0.0, "pSalix": 0.0, "pSorbus": 0.0, "pPrunus": 0.0, "pMalus": 0.0, "pPyrus": 0.0, "pOtherLN": 0.0, "pPicea": 0.25, "pPinus": 0.0, "pAbies": 0.0, "pDouglas": 0.0, "pLarix": 0.0, "pOtherNb": 0.0, "pNoEurop": 0.0, "pNoEuropD": 0.0, "pEurop": 1.0, "pDecid": 0.75, "pConifer": 0.25, "pAll": 1.0, "Cell_id": "4416_3126", "EPSG": 31468, "Netz": 16, "Dichte": 8, "Bl": ";16;" }, "geometry": { "type": "Point", "coordinates": [ 11.36763737017495, 51.241479305666658 ] } },
{ "type": "Feature", "properties": { "Tnr": 50731, "mitRand": 0, "AnzHBbeg": 2, "pHaupt": 0.5, "poHaupt": 0.5, "pQuerus": 0.122, "pFagus": 0.378, "pFraxinus": 0.0, "pCarpinus": 0.0, "pAcer": 0.0, "pTilia": 0.0, "pRobinia": 0.0, "pUlmus": 0.0, "pCastanea": 0.0, "pOtherLH": 0.0, "pBetula": 0.0, "pAlnus": 0.0, "pPopulus": 0.0, "pSalix": 0.0, "pSorbus": 0.0, "pPrunus": 0.0, "pMalus": 0.0, "pPyrus": 0.0, "pOtherLN": 0.0, "pPicea": 0.0, "pPinus": 0.0, "pAbies": 0.0, "pDouglas": 0.0, "pLarix": 0.0, "pOtherNb": 0.0, "pNoEurop": 0.0, "pNoEuropD": 0.0, "pEurop": 0.5, "pDecid": 0.5, "pConifer": 0.0, "pAll": 0.5, "Cell_id": "4418_3126", "EPSG": 31468, "Netz": 4, "Dichte": 4, "Bl": ";15;" }, "geometry": { "type": "Point", "coordinates": [ 11.396264766507228, 51.241138969966038 ] } },
{ "type": "Feature", "properties": { "Tnr": 50732, "mitRand": 1, "AnzHBbeg": 2, "pHaupt": 1.0, "poHaupt": 0.0, "pQuerus": 0.0, "pFagus": 0.467, "pFraxinus": 0.302, "pCarpinus": 0.03, "pAcer": 0.076, "pTilia": 0.0, "pRobinia": 0.0, "pUlmus": 0.0, "pCastanea": 0.0, "pOtherLH": 0.0, "pBetula": 0.048, "pAlnus": 0.0, "pPopulus": 0.0, "pSalix": 0.0, "pSorbus": 0.0, "pPrunus": 0.076, "pMalus": 0.0, "pPyrus": 0.0, "pOtherLN": 0.0, "pPicea": 0.0, "pPinus": 0.0, "pAbies": 0.0, "pDouglas": 0.0, "pLarix": 0.0, "pOtherNb": 0.0, "pNoEurop": 0.0, "pNoEuropD": 0.0, "pEurop": 1.0, "pDecid": 1.0, "pConifer": 0.0, "pAll": 1.0, "Cell_id": "4420_3126", "EPSG": 31468, "Netz": 256, "Dichte": 4, "Bl": ";15;" }, "geometry": { "type": "Point", "coordinates": [ 11.424905807551815, 51.240791337310327 ] } },
{ "type": "Feature", "properties": { "Tnr": 50861, "mitRand": 1, "AnzHBbeg": 4, "pHaupt": 1.0, "poHaupt": 0.0, "pQuerus": 0.0, "pFagus": 0.623, "pFraxinus": 0.0, "pCarpinus": 0.0, "pAcer": 0.0, "pTilia": 0.0, "pRobinia": 0.0, "pUlmus": 0.0, "pCastanea": 0.0, "pOtherLH": 0.0, "pBetula": 0.0, "pAlnus": 0.0, "pPopulus": 0.0, "pSalix": 0.0, "pSorbus": 0.0, "pPrunus": 0.0, "pMalus": 0.0, "pPyrus": 0.0, "pOtherLN": 0.0, "pPicea": 0.377, "pPinus": 0.0, "pAbies": 0.0, "pDouglas": 0.0, "pLarix": 0.0, "pOtherNb": 0.0, "pNoEurop": 0.0, "pNoEuropD": 0.0, "pEurop": 1.0, "pDecid": 0.623, "pConifer": 0.377, "pAll": 1.0, "Cell_id": "4333_3122", "EPSG": 31467, "Netz": 8, "Dichte": 8, "Bl": ";16;" }, "geometry": { "type": "Point", "coordinates": [ 10.178886774595011, 51.213414705292678 ] } },
{ "type": "Feature", "properties": { "Tnr": 50867, "mitRand": 1, "AnzHBbeg": 1, "pHaupt": 1.0, "poHaupt": 0.0, "pQuerus": 0.0, "pFagus": 0.0, "pFraxinus": 0.087, "pCarpinus": 0.306, "pAcer": 0.388, "pTilia": 0.219, "pRobinia": 0.0, "pUlmus": 0.0, "pCastanea": 0.0, "pOtherLH": 0.0, "pBetula": 0.0, "pAlnus": 0.0, "pPopulus": 0.0, "pSalix": 0.0, "pSorbus": 0.0, "pPrunus": 0.0, "pMalus": 0.0, "pPyrus": 0.0, "pOtherLN": 0.0, "pPicea": 0.0, "pPinus": 0.0, "pAbies": 0.0, "pDouglas": 0.0, "pLarix": 0.0, "pOtherNb": 0.0, "pNoEurop": 0.0, "pNoEuropD": 0.0, "pEurop": 1.0, "pDecid": 1.0, "pConifer": 0.0, "pAll": 1.0, "Cell_id": "4345_3122", "EPSG": 31467, "Netz": 8, "Dichte": 8, "Bl": ";16;" }, "geometry": { "type": "Point", "coordinates": [ 10.350618335596275, 51.213022519821251 ] } },
{ "type": "Feature", "properties": { "Tnr": 50902, "mitRand": 0, "AnzHBbeg": 4, "pHaupt": 1.0, "poHaupt": 0.0, "pQuerus": 0.072, "pFagus": 0.447, "pFraxinus": 0.0, "pCarpinus": 0.0, "pAcer": 0.0, "pTilia": 0.0, "pRobinia": 0.0, "pUlmus": 0.0, "pCastanea": 0.0, "pOtherLH": 0.0, "pBetula": 0.23, "pAlnus": 0.0, "pPopulus": 0.0, "pSalix": 0.0, "pSorbus": 0.0, "pPrunus": 0.0, "pMalus": 0.0, "pPyrus": 0.0, "pOtherLN": 0.0, "pPicea": 0.196, "pPinus": 0.054, "pAbies": 0.0, "pDouglas": 0.0, "pLarix": 0.0, "pOtherNb": 0.0, "pNoEurop": 0.0, "pNoEuropD": 0.0, "pEurop": 1.0, "pDecid": 0.75, "pConifer": 0.25, "pAll": 1.0, "Cell_id": "4414_3124", "EPSG": 31468, "Netz": 8, "Dichte": 8, "Bl": ";16;" }, "geometry": { "type": "Point", "coordinates": [ 11.338483712206713, 51.223833933739115 ] } },
{ "type": "Feature", "properties": { "Tnr": 50903, "mitRand": 0, "AnzHBbeg": 2, "pHaupt": 0.5, "poHaupt": 0.5, "pQuerus": 0.0, "pFagus": 0.0, "pFraxinus": 0.0, "pCarpinus": 0.0, "pAcer": 0.0, "pTilia": 0.0, "pRobinia": 0.0, "pUlmus": 0.0, "pCastanea": 0.0, "pOtherLH": 0.0, "pBetula": 0.5, "pAlnus": 0.0, "pPopulus": 0.0, "pSalix": 0.0, "pSorbus": 0.0, "pPrunus": 0.0, "pMalus": 0.0, "pPyrus": 0.0, "pOtherLN": 0.0, "pPicea": 0.0, "pPinus": 0.0, "pAbies": 0.0, "pDouglas": 0.0, "pLarix": 0.0, "pOtherNb": 0.0, "pNoEurop": 0.0, "pNoEuropD": 0.0, "pEurop": 0.5, "pDecid": 0.5, "pConifer": 0.0, "pAll": 0.5, "Cell_id": "4416_3124", "EPSG": 31468, "Netz": 4, "Dichte": 4, "Bl": ";15;" }, "geometry": { "type": "Point", "coordinates": [ 11.367100609858131, 51.223500872692924 ] } },
{ "type": "Feature", "properties": { "Tnr": 51031, "mitRand": 0, "AnzHBbeg": 1, "pHaupt": 1.0, "poHaupt": 0.0, "pQuerus": 0.0, "pFagus": 0.832, "pFraxinus": 0.083, "pCarpinus": 0.0, "pAcer": 0.086, "pTilia": 0.0, "pRobinia": 0.0, "pUlmus": 0.0, "pCastanea": 0.0, "pOtherLH": 0.0, "pBetula": 0.0, "pAlnus": 0.0, "pPopulus": 0.0, "pSalix": 0.0, "pSorbus": 0.0, "pPrunus": 0.0, "pMalus": 0.0, "pPyrus": 0.0, "pOtherLN": 0.0, "pPicea": 0.0, "pPinus": 0.0, "pAbies": 0.0, "pDouglas": 0.0, "pLarix": 0.0, "pOtherNb": 0.0, "pNoEurop": 0.0, "pNoEuropD": 0.0, "pEurop": 1.0, "pDecid": 1.0, "pConifer": 0.0, "pAll": 1.0, "Cell_id": "4335_3120", "EPSG": 31467, "Netz": 16, "Dichte": 8, "Bl": ";16;" }, "geometry": { "type": "Point", "coordinates": [ 10.207439389139681, 51.195388121036515 ] } },
{ "type": "Feature", "properties": { "Tnr": 51033, "mitRand": 1, "AnzHBbeg": 3, "pHaupt": 1.0, "poHaupt": 0.0, "pQuerus": 0.0, "pFagus": 0.873, "pFraxinus": 0.067, "pCarpinus": 0.0, "pAcer": 0.0, "pTilia": 0.0, "pRobinia": 0.0, "pUlmus": 0.0, "pCastanea": 0.0, "pOtherLH": 0.0, "pBetula": 0.0, "pAlnus": 0.0, "pPopulus": 0.0, "pSalix": 0.0, "pSorbus": 0.0, "pPrunus": 0.0, "pMalus": 0.0, "pPyrus": 0.0, "pOtherLN": 0.0, "pPicea": 0.027, "pPinus": 0.033, "pAbies": 0.0, "pDouglas": 0.0, "pLarix": 0.0, "pOtherNb": 0.0, "pNoEurop": 0.0, "pNoEuropD": 0.0, "pEurop": 1.0, "pDecid": 0.94, "pConifer": 0.06, "pAll": 1.0, "Cell_id": "4339_3120", "EPSG": 31467, "Netz": 16, "Dichte": 8, "Bl": ";16;" }, "geometry": { "type": "Point", "coordinates": [ 10.264661552928795, 51.195277576891591 ] } },
{ "type": "Feature", "properties": { "Tnr": 51035, "mitRand": 1, "AnzHBbeg": 4, "pHaupt": 1.0, "poHaupt": 0.0, "pQuerus": 0.034, "pFagus": 0.775, "pFraxinus": 0.067, "pCarpinus": 0.0, "pAcer": 0.124, "pTilia": 0.0, "pRobinia": 0.0, "pUlmus": 0.0, "pCastanea": 0.0, "pOtherLH": 0.0, "pBetula": 0.0, "pAlnus": 0.0, "pPopulus": 0.0, "pSalix": 0.0, "pSorbus": 0.0, "pPrunus": 0.0, "pMalus": 0.0, "pPyrus": 0.0, "pOtherLN": 0.0, "pPicea": 0.0, "pPinus": 0.0, "pAbies": 0.0, "pDouglas": 0.0, "pLarix": 0.0, "pOtherNb": 0.0, "pNoEurop": 0.0, "pNoEuropD": 0.0, "pEurop": 1.0, "pDecid": 1.0, "pConifer": 0.0, "pAll": 1.0, "Cell_id": "4343_3120", "EPSG": 31467, "Netz": 16, "Dichte": 8, "Bl": ";16;" }, "geometry": { "type": "Point", "coordinates": [ 10.321882653852802, 51.195130060611326 ] } },
{ "type": "Feature", "properties": { "Tnr": 51037, "mitRand": 1, "AnzHBbeg": 4, "pHaupt": 1.0, "poHaupt": 0.0, "pQuerus": 0.0, "pFagus": 0.145, "pFraxinus": 0.514, "pCarpinus": 0.0, "pAcer": 0.168, "pTilia": 0.125, "pRobinia": 0.0, "pUlmus": 0.0, "pCastanea": 0.0, "pOtherLH": 0.0, "pBetula": 0.0, "pAlnus": 0.0, "pPopulus": 0.048, "pSalix": 0.0, "pSorbus": 0.0, "pPrunus": 0.0, "pMalus": 0.0, "pPyrus": 0.0, "pOtherLN": 0.0, "pPicea": 0.0, "pPinus": 0.0, "pAbies": 0.0, "pDouglas": 0.0, "pLarix": 0.0, "pOtherNb": 0.0, "pNoEurop": 0.0, "pNoEuropD": 0.0, "pEurop": 1.0, "pDecid": 1.0, "pConifer": 0.0, "pAll": 1.0, "Cell_id": "4347_3120", "EPSG": 31467, "Netz": 16, "Dichte": 8, "Bl": ";16;" }, "geometry": { "type": "Point", "coordinates": [ 10.379103103658826, 51.194963545637997 ] } },
{ "type": "Feature", "properties": { "Tnr": 51054, "mitRand": 1, "AnzHBbeg": 1, "pHaupt": 0.0, "poHaupt": 1.0, "pQuerus": 0.0, "pFagus": 0.0, "pFraxinus": 0.0, "pCarpinus": 0.0, "pAcer": 0.0, "pTilia": 0.0, "pRobinia": 0.0, "pUlmus": 0.0, "pCastanea": 0.0, "pOtherLH": 0.0, "pBetula": 0.0, "pAlnus": 0.0, "pPopulus": 0.0, "pSalix": 0.0, "pSorbus": 0.0, "pPrunus": 0.0, "pMalus": 0.0, "pPyrus": 0.0, "pOtherLN": 0.0, "pPicea": 0.0, "pPinus": 0.0, "pAbies": 0.0, "pDouglas": 0.0, "pLarix": 0.0, "pOtherNb": 0.0, "pNoEurop": 0.0, "pNoEuropD": 0.0, "pEurop": 0.0, "pDecid": 0.0, "pConifer": 0.0, "pAll": 0.0, "Cell_id": "4380_3121", "EPSG": 31468, "Netz": 16, "Dichte": 8, "Bl": ";16;" }, "geometry": { "type": "Point", "coordinates": [ 10.851311910557312, 51.201448080671248 ] } },
{ "type": "Feature", "properties": { "Tnr": 51072, "mitRand": 1, "AnzHBbeg": 2, "pHaupt": 1.0, "poHaupt": 0.0, "pQuerus": 0.527, "pFagus": 0.0, "pFraxinus": 0.0, "pCarpinus": 0.115, "pAcer": 0.203, "pTilia": 0.071, "pRobinia": 0.0, "pUlmus": 0.0, "pCastanea": 0.0, "pOtherLH": 0.0, "pBetula": 0.0, "pAlnus": 0.0, "pPopulus": 0.0, "pSalix": 0.0, "pSorbus": 0.0, "pPrunus": 0.0, "pMalus": 0.0, "pPyrus": 0.0, "pOtherLN": 0.0, "pPicea": 0.084, "pPinus": 0.0, "pAbies": 0.0, "pDouglas": 0.0, "pLarix": 0.0, "pOtherNb": 0.0, "pNoEurop": 0.0, "pNoEuropD": 0.0, "pEurop": 1.0, "pDecid": 0.916, "pConifer": 0.084, "pAll": 1.0, "Cell_id": "4416_3122", "EPSG": 31468, "Netz": 16, "Dichte": 8, "Bl": ";16;" }, "geometry": { "type": "Point", "coordinates": [ 11.366564960797884, 51.205531361972312 ] } },
{ "type": "Feature", "properties": { "Tnr": 51200, "mitRand": 1, "AnzHBbeg": 1, "pHaupt": 1.0, "poHaupt": 0.0, "pQuerus": 0.0, "pFagus": 0.0, "pFraxinus": 0.384, "pCarpinus": 0.179, "pAcer": 0.437, "pTilia": 0.0, "pRobinia": 0.0, "pUlmus": 0.0, "pCastanea": 0.0, "pOtherLH": 0.0, "pBetula": 0.0, "pAlnus": 0.0, "pPopulus": 0.0, "pSalix": 0.0, "pSorbus": 0.0, "pPrunus": 0.0, "pMalus": 0.0, "pPyrus": 0.0, "pOtherLN": 0.0, "pPicea": 0.0, "pPinus": 0.0, "pAbies": 0.0, "pDouglas": 0.0, "pLarix": 0.0, "pOtherNb": 0.0, "pNoEurop": 0.0, "pNoEuropD": 0.0, "pEurop": 1.0, "pDecid": 1.0, "pConifer": 0.0, "pAll": 1.0, "Cell_id": "4337_3118", "EPSG": 31467, "Netz": 8, "Dichte": 8, "Bl": ";16;" }, "geometry": { "type": "Point", "coordinates": [ 10.235955665568573, 51.177363806056164 ] } },
{ "type": "Feature", "properties": { "Tnr": 51204, "mitRand": 1, "AnzHBbeg": 4, "pHaupt": 1.0, "poHaupt": 0.0, "pQuerus": 0.0, "pFagus": 0.488, "pFraxinus": 0.131, "pCarpinus": 0.0, "pAcer": 0.131, "pTilia": 0.0, "pRobinia": 0.0, "pUlmus": 0.0, "pCastanea": 0.0, "pOtherLH": 0.0, "pBetula": 0.0, "pAlnus": 0.0, "pPopulus": 0.0, "pSalix": 0.0, "pSorbus": 0.0, "pPrunus": 0.0, "pMalus": 0.0, "pPyrus": 0.0, "pOtherLN": 0.0, "pPicea": 0.25, "pPinus": 0.0, "pAbies": 0.0, "pDouglas": 0.0, "pLarix": 0.0, "pOtherNb": 0.0, "pNoEurop": 0.0, "pNoEuropD": 0.0, "pEurop": 1.0, "pDecid": 0.75, "pConifer": 0.25, "pAll": 1.0, "Cell_id": "4345_3118", "EPSG": 31467, "Netz": 8, "Dichte": 8, "Bl": ";16;" }, "geometry": { "type": "Point", "coordinates": [ 10.350353329124593, 51.177069206899695 ] } },
{ "type": "Feature", "properties": { "Tnr": 51243, "mitRand": 1, "AnzHBbeg": 3, "pHaupt": 0.973, "poHaupt": 0.027, "pQuerus": 0.832, "pFagus": 0.053, "pFraxinus": 0.0, "pCarpinus": 0.0, "pAcer": 0.0, "pTilia": 0.087, "pRobinia": 0.0, "pUlmus": 0.0, "pCastanea": 0.0, "pOtherLH": 0.0, "pBetula": 0.0, "pAlnus": 0.0, "pPopulus": 0.0, "pSalix": 0.0, "pSorbus": 0.0, "pPrunus": 0.0, "pMalus": 0.0, "pPyrus": 0.0, "pOtherLN": 0.0, "pPicea": 0.0, "pPinus": 0.0, "pAbies": 0.0, "pDouglas": 0.0, "pLarix": 0.0, "pOtherNb": 0.0, "pNoEurop": 0.0, "pNoEuropD": 0.0, "pEurop": 0.973, "pDecid": 0.973, "pConifer": 0.0, "pAll": 0.973, "Cell_id": "4423_3120", "EPSG": 31468, "Netz": 8, "Dichte": 8, "Bl": ";16;" }, "geometry": { "type": "Point", "coordinates": [ 11.466134376666206, 51.186337878369649 ] } },
{ "type": "Feature", "properties": { "Tnr": 51369, "mitRand": 1, "AnzHBbeg": 3, "pHaupt": 1.0, "poHaupt": 0.0, "pQuerus": 0.068, "pFagus": 0.804, "pFraxinus": 0.024, "pCarpinus": 0.0, "pAcer": 0.073, "pTilia": 0.0, "pRobinia": 0.0, "pUlmus": 0.0, "pCastanea": 0.0, "pOtherLH": 0.0, "pBetula": 0.0, "pAlnus": 0.0, "pPopulus": 0.0, "pSalix": 0.0, "pSorbus": 0.032, "pPrunus": 0.0, "pMalus": 0.0, "pPyrus": 0.0, "pOtherLN": 0.0, "pPicea": 0.0, "pPinus": 0.0, "pAbies": 0.0, "pDouglas": 0.0, "pLarix": 0.0, "pOtherNb": 0.0, "pNoEurop": 0.0, "pNoEuropD": 0.0, "pEurop": 1.0, "pDecid": 1.0, "pConifer": 0.0, "pAll": 1.0, "Cell_id": "4339_3116", "EPSG": 31467, "Netz": 64, "Dichte": 8, "Bl": ";16;" }, "geometry": { "type": "Point", "coordinates": [ 10.264449459799115, 51.159323656455442 ] } },
{ "type": "Feature", "properties": { "Tnr": 51371, "mitRand": 1, "AnzHBbeg": 1, "pHaupt": 1.0, "poHaupt": 0.0, "pQuerus": 0.0, "pFagus": 0.726, "pFraxinus": 0.0, "pCarpinus": 0.0, "pAcer": 0.0, "pTilia": 0.274, "pRobinia": 0.0, "pUlmus": 0.0, "pCastanea": 0.0, "pOtherLH": 0.0, "pBetula": 0.0, "pAlnus": 0.0, "pPopulus": 0.0, "pSalix": 0.0, "pSorbus": 0.0, "pPrunus": 0.0, "pMalus": 0.0, "pPyrus": 0.0, "pOtherLN": 0.0, "pPicea": 0.0, "pPinus": 0.0, "pAbies": 0.0, "pDouglas": 0.0, "pLarix": 0.0, "pOtherNb": 0.0, "pNoEurop": 0.0, "pNoEuropD": 0.0, "pEurop": 1.0, "pDecid": 1.0, "pConifer": 0.0, "pAll": 1.0, "Cell_id": "4343_3116", "EPSG": 31467, "Netz": 16, "Dichte": 8, "Bl": ";16;" }, "geometry": { "type": "Point", "coordinates": [ 10.321626068263878, 51.159176573274422 ] } },
{ "type": "Feature", "properties": { "Tnr": 51373, "mitRand": 0, "AnzHBbeg": 4, "pHaupt": 1.0, "poHaupt": 0.0, "pQuerus": 0.062, "pFagus": 0.885, "pFraxinus": 0.053, "pCarpinus": 0.0, "pAcer": 0.0, "pTilia": 0.0, "pRobinia": 0.0, "pUlmus": 0.0, "pCastanea": 0.0, "pOtherLH": 0.0, "pBetula": 0.0, "pAlnus": 0.0, "pPopulus": 0.0, "pSalix": 0.0, "pSorbus": 0.0, "pPrunus": 0.0, "pMalus": 0.0, "pPyrus": 0.0, "pOtherLN": 0.0, "pPicea": 0.0, "pPinus": 0.0, "pAbies": 0.0, "pDouglas": 0.0, "pLarix": 0.0, "pOtherNb": 0.0, "pNoEurop": 0.0, "pNoEuropD": 0.0, "pEurop": 1.0, "pDecid": 1.0, "pConifer": 0.0, "pAll": 1.0, "Cell_id": "4347_3116", "EPSG": 31467, "Netz": 64, "Dichte": 8, "Bl": ";16;" }, "geometry": { "type": "Point", "coordinates": [ 10.378801759185158, 51.159001541146566 ] } },
{ "type": "Feature", "properties": { "Tnr": 51377, "mitRand": 1, "AnzHBbeg": 1, "pHaupt": 1.0, "poHaupt": 0.0, "pQuerus": 0.0, "pFagus": 0.0, "pFraxinus": 1.0, "pCarpinus": 0.0, "pAcer": 0.0, "pTilia": 0.0, "pRobinia": 0.0, "pUlmus": 0.0, "pCastanea": 0.0, "pOtherLH": 0.0, "pBetula": 0.0, "pAlnus": 0.0, "pPopulus": 0.0, "pSalix": 0.0, "pSorbus": 0.0, "pPrunus": 0.0, "pMalus": 0.0, "pPyrus": 0.0, "pOtherLN": 0.0, "pPicea": 0.0, "pPinus": 0.0, "pAbies": 0.0, "pDouglas": 0.0, "pLarix": 0.0, "pOtherNb": 0.0, "pNoEurop": 0.0, "pNoEuropD": 0.0, "pEurop": 1.0, "pDecid": 1.0, "pConifer": 0.0, "pAll": 1.0, "Cell_id": "4355_3116", "EPSG": 31467, "Netz": 64, "Dichte": 8, "Bl": ";16;" }, "geometry": { "type": "Point", "coordinates": [ 10.493150312542502, 51.15857661985978 ] } },
{ "type": "Feature", "properties": { "Tnr": 51540, "mitRand": 1, "AnzHBbeg": 4, "pHaupt": 1.0, "poHaupt": 0.0, "pQuerus": 0.0, "pFagus": 0.294, "pFraxinus": 0.026, "pCarpinus": 0.05, "pAcer": 0.175, "pTilia": 0.0, "pRobinia": 0.0, "pUlmus": 0.0, "pCastanea": 0.0, "pOtherLH": 0.0, "pBetula": 0.0, "pAlnus": 0.0, "pPopulus": 0.0, "pSalix": 0.0, "pSorbus": 0.0, "pPrunus": 0.0, "pMalus": 0.0, "pPyrus": 0.0, "pOtherLN": 0.0, "pPicea": 0.057, "pPinus": 0.117, "pAbies": 0.0, "pDouglas": 0.0, "pLarix": 0.281, "pOtherNb": 0.0, "pNoEurop": 0.0, "pNoEuropD": 0.0, "pEurop": 1.0, "pDecid": 0.545, "pConifer": 0.455, "pAll": 1.0, "Cell_id": "4341_3114", "EPSG": 31467, "Netz": 8, "Dichte": 8, "Bl": ";16;" }, "geometry": { "type": "Point", "coordinates": [ 10.292921030238771, 51.141276672182478 ] } },
{ "type": "Feature", "properties": { "Tnr": 51542, "mitRand": 0, "AnzHBbeg": 4, "pHaupt": 1.0, "poHaupt": 0.0, "pQuerus": 0.0, "pFagus": 0.721, "pFraxinus": 0.033, "pCarpinus": 0.0, "pAcer": 0.177, "pTilia": 0.068, "pRobinia": 0.0, "pUlmus": 0.0, "pCastanea": 0.0, "pOtherLH": 0.0, "pBetula": 0.0, "pAlnus": 0.0, "pPopulus": 0.0, "pSalix": 0.0, "pSorbus": 0.0, "pPrunus": 0.0, "pMalus": 0.0, "pPyrus": 0.0, "pOtherLN": 0.0, "pPicea": 0.0, "pPinus": 0.0, "pAbies": 0.0, "pDouglas": 0.0, "pLarix": 0.0, "pOtherNb": 0.0, "pNoEurop": 0.0, "pNoEuropD": 0.0, "pEurop": 1.0, "pDecid": 1.0, "pConifer": 0.0, "pAll": 1.0, "Cell_id": "4345_3114", "EPSG": 31467, "Netz": 8, "Dichte": 8, "Bl": ";16;" }, "geometry": { "type": "Point", "coordinates": [ 10.350074979980231, 51.141115839761284 ] } },
{ "type": "Feature", "properties": { "Tnr": 51706, "mitRand": 1, "AnzHBbeg": 2, "pHaupt": 1.0, "poHaupt": 0.0, "pQuerus": 0.16, "pFagus": 0.043, "pFraxinus": 0.0, "pCarpinus": 0.0, "pAcer": 0.0, "pTilia": 0.0, "pRobinia": 0.0, "pUlmus": 0.0, "pCastanea": 0.0, "pOtherLH": 0.0, "pBetula": 0.0, "pAlnus": 0.0, "pPopulus": 0.24, "pSalix": 0.26, "pSorbus": 0.0, "pPrunus": 0.218, "pMalus": 0.0, "pPyrus": 0.0, "pOtherLN": 0.0, "pPicea": 0.0, "pPinus": 0.079, "pAbies": 0.0, "pDouglas": 0.0, "pLarix": 0.0, "pOtherNb": 0.0, "pNoEurop": 0.0, "pNoEuropD": 0.0, "pEurop": 1.0, "pDecid": 0.921, "pConifer": 0.079, "pAll": 1.0, "Cell_id": "4331_3112", "EPSG": 31467, "Netz": 16, "Dichte": 8, "Bl": ";16;" }, "geometry": { "type": "Point", "coordinates": [ 10.149985453403467, 51.123569946789608 ] } },
{ "type": "Feature", "properties": { "Tnr": 51713, "mitRand": 1, "AnzHBbeg": 3, "pHaupt": 1.0, "poHaupt": 0.0, "pQuerus": 0.0, "pFagus": 0.432, "pFraxinus": 0.235, "pCarpinus": 0.0, "pAcer": 0.0, "pTilia": 0.0, "pRobinia": 0.0, "pUlmus": 0.0, "pCastanea": 0.0, "pOtherLH": 0.0, "pBetula": 0.0, "pAlnus": 0.0, "pPopulus": 0.0, "pSalix": 0.0, "pSorbus": 0.0, "pPrunus": 0.0, "pMalus": 0.0, "pPyrus": 0.0, "pOtherLN": 0.0, "pPicea": 0.333, "pPinus": 0.0, "pAbies": 0.0, "pDouglas": 0.0, "pLarix": 0.0, "pOtherNb": 0.0, "pNoEurop": 0.0, "pNoEuropD": 0.0, "pEurop": 1.0, "pDecid": 0.667, "pConifer": 0.333, "pAll": 1.0, "Cell_id": "4347_3112", "EPSG": 31467, "Netz": 16, "Dichte": 8, "Bl": ";16;" }, "geometry": { "type": "Point", "coordinates": [ 10.378501692252067, 51.123048302939566 ] } },
{ "type": "Feature", "properties": { "Tnr": 51728, "mitRand": 1, "AnzHBbeg": 1, "pHaupt": 0.823, "poHaupt": 0.177, "pQuerus": 0.0, "pFagus": 0.0, "pFraxinus": 0.29, "pCarpinus": 0.0, "pAcer": 0.0, "pTilia": 0.0, "pRobinia": 0.0, "pUlmus": 0.0, "pCastanea": 0.0, "pOtherLH": 0.0, "pBetula": 0.0, "pAlnus": 0.0, "pPopulus": 0.0, "pSalix": 0.533, "pSorbus": 0.0, "pPrunus": 0.0, "pMalus": 0.0, "pPyrus": 0.0, "pOtherLN": 0.0, "pPicea": 0.0, "pPinus": 0.0, "pAbies": 0.0, "pDouglas": 0.0, "pLarix": 0.0, "pOtherNb": 0.0, "pNoEurop": 0.0, "pNoEuropD": 0.0, "pEurop": 0.823, "pDecid": 0.823, "pConifer": 0.0, "pAll": 0.823, "Cell_id": "4377_3113", "EPSG": 31468, "Netz": 16, "Dichte": 8, "Bl": ";16;" }, "geometry": { "type": "Point", "coordinates": [ 10.807128190597059, 51.129854265778029 ] } },
{ "type": "Feature", "properties": { "Tnr": 51878, "mitRand": 0, "AnzHBbeg": 4, "pHaupt": 1.0, "poHaupt": 0.0, "pQuerus": 0.0, "pFagus": 0.914, "pFraxinus": 0.0, "pCarpinus": 0.0, "pAcer": 0.056, "pTilia": 0.0, "pRobinia": 0.0, "pUlmus": 0.0, "pCastanea": 0.0, "pOtherLH": 0.0, "pBetula": 0.0, "pAlnus": 0.0, "pPopulus": 0.0, "pSalix": 0.0, "pSorbus": 0.03, "pPrunus": 0.0, "pMalus": 0.0, "pPyrus": 0.0, "pOtherLN": 0.0, "pPicea": 0.0, "pPinus": 0.0, "pAbies": 0.0, "pDouglas": 0.0, "pLarix": 0.0, "pOtherNb": 0.0, "pNoEurop": 0.0, "pNoEuropD": 0.0, "pEurop": 1.0, "pDecid": 1.0, "pConifer": 0.0, "pAll": 1.0, "Cell_id": "4337_3110", "EPSG": 31467, "Netz": 8, "Dichte": 8, "Bl": ";16;" }, "geometry": { "type": "Point", "coordinates": [ 10.235591807665697, 51.105454970055554 ] } },
{ "type": "Feature", "properties": { "Tnr": 51880, "mitRand": 1, "AnzHBbeg": 2, "pHaupt": 1.0, "poHaupt": 0.0, "pQuerus": 0.0, "pFagus": 0.363, "pFraxinus": 0.0, "pCarpinus": 0.5, "pAcer": 0.137, "pTilia": 0.0, "pRobinia": 0.0, "pUlmus": 0.0, "pCastanea": 0.0, "pOtherLH": 0.0, "pBetula": 0.0, "pAlnus": 0.0, "pPopulus": 0.0, "pSalix": 0.0, "pSorbus": 0.0, "pPrunus": 0.0, "pMalus": 0.0, "pPyrus": 0.0, "pOtherLN": 0.0, "pPicea": 0.0, "pPinus": 0.0, "pAbies": 0.0, "pDouglas": 0.0, "pLarix": 0.0, "pOtherNb": 0.0, "pNoEurop": 0.0, "pNoEuropD": 0.0, "pEurop": 1.0, "pDecid": 1.0, "pConifer": 0.0, "pAll": 1.0, "Cell_id": "4341_3110", "EPSG": 31467, "Netz": 8, "Dichte": 8, "Bl": ";16;" }, "geometry": { "type": "Point", "coordinates": [ 10.29270227171175, 51.105322477124702 ] } },
{ "type": "Feature", "properties": { "Tnr": 51882, "mitRand": 0, "AnzHBbeg": 1, "pHaupt": 1.0, "poHaupt": 0.0, "pQuerus": 0.0, "pFagus": 0.364, "pFraxinus": 0.636, "pCarpinus": 0.0, "pAcer": 0.0, "pTilia": 0.0, "pRobinia": 0.0, "pUlmus": 0.0, "pCastanea": 0.0, "pOtherLH": 0.0, "pBetula": 0.0, "pAlnus": 0.0, "pPopulus": 0.0, "pSalix": 0.0, "pSorbus": 0.0, "pPrunus": 0.0, "pMalus": 0.0, "pPyrus": 0.0, "pOtherLN": 0.0, "pPicea": 0.0, "pPinus": 0.0, "pAbies": 0.0, "pDouglas": 0.0, "pLarix": 0.0, "pOtherNb": 0.0, "pNoEurop": 0.0, "pNoEuropD": 0.0, "pEurop": 1.0, "pDecid": 1.0, "pConifer": 0.0, "pAll": 1.0, "Cell_id": "4345_3110", "EPSG": 31467, "Netz": 8, "Dichte": 8, "Bl": ";16;" }, "geometry": { "type": "Point", "coordinates": [ 10.349811866816813, 51.105162088210797 ] } },
{ "type": "Feature", "properties": { "Tnr": 51884, "mitRand": 1, "AnzHBbeg": 4, "pHaupt": 1.0, "poHaupt": 0.0, "pQuerus": 0.0, "pFagus": 0.687, "pFraxinus": 0.173, "pCarpinus": 0.0, "pAcer": 0.139, "pTilia": 0.0, "pRobinia": 0.0, "pUlmus": 0.0, "pCastanea": 0.0, "pOtherLH": 0.0, "pBetula": 0.0, "pAlnus": 0.0, "pPopulus": 0.0, "pSalix": 0.0, "pSorbus": 0.0, "pPrunus": 0.0, "pMalus": 0.0, "pPyrus": 0.0, "pOtherLN": 0.0, "pPicea": 0.0, "pPinus": 0.0, "pAbies": 0.0, "pDouglas": 0.0, "pLarix": 0.0, "pOtherNb": 0.0, "pNoEurop": 0.0, "pNoEuropD": 0.0, "pEurop": 1.0, "pDecid": 1.0, "pConifer": 0.0, "pAll": 1.0, "Cell_id": "4349_3110", "EPSG": 31467, "Netz": 8, "Dichte": 8, "Bl": ";16;" }, "geometry": { "type": "Point", "coordinates": [ 10.406920501814742, 51.104973804294623 ] } },
{ "type": "Feature", "properties": { "Tnr": 51886, "mitRand": 0, "AnzHBbeg": 4, "pHaupt": 1.0, "poHaupt": 0.0, "pQuerus": 0.0, "pFagus": 0.94, "pFraxinus": 0.0, "pCarpinus": 0.0, "pAcer": 0.06, "pTilia": 0.0, "pRobinia": 0.0, "pUlmus": 0.0, "pCastanea": 0.0, "pOtherLH": 0.0, "pBetula": 0.0, "pAlnus": 0.0, "pPopulus": 0.0, "pSalix": 0.0, "pSorbus": 0.0, "pPrunus": 0.0, "pMalus": 0.0, "pPyrus": 0.0, "pOtherLN": 0.0, "pPicea": 0.0, "pPinus": 0.0, "pAbies": 0.0, "pDouglas": 0.0, "pLarix": 0.0, "pOtherNb": 0.0, "pNoEurop": 0.0, "pNoEuropD": 0.0, "pEurop": 1.0, "pDecid": 1.0, "pConifer": 0.0, "pAll": 1.0, "Cell_id": "4353_3110", "EPSG": 31467, "Netz": 8, "Dichte": 8, "Bl": ";16;" }, "geometry": { "type": "Point", "coordinates": [ 10.464028369614285, 51.104766612219464 ] } },
{ "type": "Feature", "properties": { "Tnr": 51925, "mitRand": 0, "AnzHBbeg": 2, "pHaupt": 1.0, "poHaupt": 0.0, "pQuerus": 0.34, "pFagus": 0.0, "pFraxinus": 0.097, "pCarpinus": 0.0, "pAcer": 0.063, "pTilia": 0.0, "pRobinia": 0.0, "pUlmus": 0.0, "pCastanea": 0.0, "pOtherLH": 0.0, "pBetula": 0.0, "pAlnus": 0.0, "pPopulus": 0.0, "pSalix": 0.0, "pSorbus": 0.0, "pPrunus": 0.0, "pMalus": 0.0, "pPyrus": 0.0, "pOtherLN": 0.0, "pPicea": 0.5, "pPinus": 0.0, "pAbies": 0.0, "pDouglas": 0.0, "pLarix": 0.0, "pOtherNb": 0.0, "pNoEurop": 0.0, "pNoEuropD": 0.0, "pEurop": 1.0, "pDecid": 0.5, "pConifer": 0.5, "pAll": 1.0, "Cell_id": "4431_3112", "EPSG": 31468, "Netz": 8, "Dichte": 8, "Bl": ";16;" }, "geometry": { "type": "Point", "coordinates": [ 11.578086502920314, 51.112950802501139 ] } },
{ "type": "Feature", "properties": { "Tnr": 52046, "mitRand": 1, "AnzHBbeg": 3, "pHaupt": 1.0, "poHaupt": 0.0, "pQuerus": 0.0, "pFagus": 0.58, "pFraxinus": 0.0, "pCarpinus": 0.0, "pAcer": 0.119, "pTilia": 0.0, "pRobinia": 0.0, "pUlmus": 0.0, "pCastanea": 0.0, "pOtherLH": 0.0, "pBetula": 0.0, "pAlnus": 0.0, "pPopulus": 0.0, "pSalix": 0.0, "pSorbus": 0.0, "pPrunus": 0.0, "pMalus": 0.0, "pPyrus": 0.0, "pOtherLN": 0.0, "pPicea": 0.0, "pPinus": 0.301, "pAbies": 0.0, "pDouglas": 0.0, "pLarix": 0.0, "pOtherNb": 0.0, "pNoEurop": 0.0, "pNoEuropD": 0.0, "pEurop": 1.0, "pDecid": 0.699, "pConifer": 0.301, "pAll": 1.0, "Cell_id": "4335_3108", "EPSG": 31467, "Netz": 16, "Dichte": 8, "Bl": ";16;" }, "geometry": { "type": "Point", "coordinates": [ 10.206953064436268, 51.087524363452992 ] } },
{ "type": "Feature", "properties": { "Tnr": 52052, "mitRand": 1, "AnzHBbeg": 4, "pHaupt": 1.0, "poHaupt": 0.0, "pQuerus": 0.0, "pFagus": 0.151, "pFraxinus": 0.198, "pCarpinus": 0.0, "pAcer": 0.0, "pTilia": 0.0, "pRobinia": 0.0, "pUlmus": 0.0, "pCastanea": 0.0, "pOtherLH": 0.0, "pBetula": 0.0, "pAlnus": 0.0, "pPopulus": 0.0, "pSalix": 0.069, "pSorbus": 0.0, "pPrunus": 0.0, "pMalus": 0.0, "pPyrus": 0.0, "pOtherLN": 0.0, "pPicea": 0.266, "pPinus": 0.316, "pAbies": 0.0, "pDouglas": 0.0, "pLarix": 0.0, "pOtherNb": 0.0, "pNoEurop": 0.0, "pNoEuropD": 0.0, "pEurop": 1.0, "pDecid": 0.417, "pConifer": 0.583, "pAll": 1.0, "Cell_id": "4347_3108", "EPSG": 31467, "Netz": 64, "Dichte": 8, "Bl": ";16;" }, "geometry": { "type": "Point", "coordinates": [ 10.378216900135781, 51.087094676692118 ] } },
{ "type": "Feature", "properties": { "Tnr": 52054, "mitRand": 0, "AnzHBbeg": 4, "pHaupt": 0.75, "poHaupt": 0.25, "pQuerus": 0.121, "pFagus": 0.0, "pFraxinus": 0.25, "pCarpinus": 0.0, "pAcer": 0.129, "pTilia": 0.0, "pRobinia": 0.0, "pUlmus": 0.0, "pCastanea": 0.0, "pOtherLH": 0.0, "pBetula": 0.0, "pAlnus": 0.0, "pPopulus": 0.25, "pSalix": 0.0, "pSorbus": 0.0, "pPrunus": 0.0, "pMalus": 0.0, "pPyrus": 0.0, "pOtherLN": 0.0, "pPicea": 0.0, "pPinus": 0.0, "pAbies": 0.0, "pDouglas": 0.0, "pLarix": 0.0, "pOtherNb": 0.0, "pNoEurop": 0.25, "pNoEuropD": 0.25, "pEurop": 0.5, "pDecid": 0.75, "pConifer": 0.0, "pAll": 0.75, "Cell_id": "4351_3108", "EPSG": 31467, "Netz": 16, "Dichte": 8, "Bl": ";16;" }, "geometry": { "type": "Point", "coordinates": [ 10.435302879622805, 51.086892697479861 ] } },
{ "type": "Feature", "properties": { "Tnr": 52056, "mitRand": 1, "AnzHBbeg": 3, "pHaupt": 1.0, "poHaupt": 0.0, "pQuerus": 0.278, "pFagus": 0.558, "pFraxinus": 0.0, "pCarpinus": 0.0, "pAcer": 0.055, "pTilia": 0.109, "pRobinia": 0.0, "pUlmus": 0.0, "pCastanea": 0.0, "pOtherLH": 0.0, "pBetula": 0.0, "pAlnus": 0.0, "pPopulus": 0.0, "pSalix": 0.0, "pSorbus": 0.0, "pPrunus": 0.0, "pMalus": 0.0, "pPyrus": 0.0, "pOtherLN": 0.0, "pPicea": 0.0, "pPinus": 0.0, "pAbies": 0.0, "pDouglas": 0.0, "pLarix": 0.0, "pOtherNb": 0.0, "pNoEurop": 0.0, "pNoEuropD": 0.0, "pEurop": 1.0, "pDecid": 1.0, "pConifer": 0.0, "pAll": 1.0, "Cell_id": "4355_3108", "EPSG": 31467, "Netz": 256, "Dichte": 8, "Bl": ";16;" }, "geometry": { "type": "Point", "coordinates": [ 10.492388052904008, 51.086671828386862 ] } },
{ "type": "Feature", "properties": { "Tnr": 52057, "mitRand": 1, "AnzHBbeg": 4, "pHaupt": 1.0, "poHaupt": 0.0, "pQuerus": 0.186, "pFagus": 0.142, "pFraxinus": 0.174, "pCarpinus": 0.044, "pAcer": 0.062, "pTilia": 0.191, "pRobinia": 0.0, "pUlmus": 0.021, "pCastanea": 0.0, "pOtherLH": 0.0, "pBetula": 0.0, "pAlnus": 0.0, "pPopulus": 0.118, "pSalix": 0.0, "pSorbus": 0.0, "pPrunus": 0.0, "pMalus": 0.0, "pPyrus": 0.0, "pOtherLN": 0.0, "pPicea": 0.0, "pPinus": 0.062, "pAbies": 0.0, "pDouglas": 0.0, "pLarix": 0.0, "pOtherNb": 0.0, "pNoEurop": 0.0, "pNoEuropD": 0.0, "pEurop": 1.0, "pDecid": 0.938, "pConifer": 0.062, "pAll": 1.0, "Cell_id": "4357_3108", "EPSG": 31468, "Netz": 256, "Dichte": 8, "Bl": ";16;" }, "geometry": { "type": "Point", "coordinates": [ 10.520930061096047, 51.086546447939007 ] } },
{ "type": "Feature", "properties": { "Tnr": 52085, "mitRand": 1, "AnzHBbeg": 1, "pHaupt": 0.0, "poHaupt": 1.0, "pQuerus": 0.0, "pFagus": 0.0, "pFraxinus": 0.0, "pCarpinus": 0.0, "pAcer": 0.0, "pTilia": 0.0, "pRobinia": 0.0, "pUlmus": 0.0, "pCastanea": 0.0, "pOtherLH": 0.0, "pBetula": 0.0, "pAlnus": 0.0, "pPopulus": 0.0, "pSalix": 0.0, "pSorbus": 0.0, "pPrunus": 0.0, "pMalus": 0.0, "pPyrus": 0.0, "pOtherLN": 0.0, "pPicea": 0.0, "pPinus": 0.0, "pAbies": 0.0, "pDouglas": 0.0, "pLarix": 0.0, "pOtherNb": 0.0, "pNoEurop": 0.0, "pNoEuropD": 0.0, "pEurop": 0.0, "pDecid": 0.0, "pConifer": 0.0, "pAll": 0.0, "Cell_id": "4413_3109", "EPSG": 31468, "Netz": 64, "Dichte": 8, "Bl": ";16;" }, "geometry": { "type": "Point", "coordinates": [ 11.320303816201859, 51.089190446614793 ] } },
{ "type": "Feature", "properties": { "Tnr": 52121, "mitRand": 0, "AnzHBbeg": 2, "pHaupt": 1.0, "poHaupt": 0.0, "pQuerus": 0.0, "pFagus": 0.0, "pFraxinus": 0.0, "pCarpinus": 0.0, "pAcer": 0.0, "pTilia": 0.0, "pRobinia": 0.0, "pUlmus": 0.0, "pCastanea": 0.0, "pOtherLH": 0.0, "pBetula": 0.0, "pAlnus": 0.0, "pPopulus": 1.0, "pSalix": 0.0, "pSorbus": 0.0, "pPrunus": 0.0, "pMalus": 0.0, "pPyrus": 0.0, "pOtherLN": 0.0, "pPicea": 0.0, "pPinus": 0.0, "pAbies": 0.0, "pDouglas": 0.0, "pLarix": 0.0, "pOtherNb": 0.0, "pNoEurop": 1.0, "pNoEuropD": 1.0, "pEurop": 0.0, "pDecid": 1.0, "pConifer": 0.0, "pAll": 1.0, "Cell_id": "4485_3111", "EPSG": 31468, "Netz": 256, "Dichte": 8, "Bl": ";16;" }, "geometry": { "type": "Point", "coordinates": [ 12.348410671327084, 51.090933319613811 ] } },
{ "type": "Feature", "properties": { "Tnr": 52214, "mitRand": 1, "AnzHBbeg": 3, "pHaupt": 1.0, "poHaupt": 0.0, "pQuerus": 0.0, "pFagus": 0.0, "pFraxinus": 0.105, "pCarpinus": 0.0, "pAcer": 0.0, "pTilia": 0.0, "pRobinia": 0.0, "pUlmus": 0.0, "pCastanea": 0.0, "pOtherLH": 0.333, "pBetula": 0.0, "pAlnus": 0.0, "pPopulus": 0.0, "pSalix": 0.0, "pSorbus": 0.0, "pPrunus": 0.108, "pMalus": 0.0, "pPyrus": 0.0, "pOtherLN": 0.0, "pPicea": 0.0, "pPinus": 0.397, "pAbies": 0.0, "pDouglas": 0.0, "pLarix": 0.057, "pOtherNb": 0.0, "pNoEurop": 0.333, "pNoEuropD": 0.333, "pEurop": 0.667, "pDecid": 0.546, "pConifer": 0.454, "pAll": 1.0, "Cell_id": "4333_3106", "EPSG": 31467, "Netz": 8, "Dichte": 8, "Bl": ";16;" }, "geometry": { "type": "Point", "coordinates": [ 10.178336694292094, 51.069595529326342 ] } },
{ "type": "Feature", "properties": { "Tnr": 52216, "mitRand": 1, "AnzHBbeg": 4, "pHaupt": 1.0, "poHaupt": 0.0, "pQuerus": 0.0, "pFagus": 0.5, "pFraxinus": 0.0, "pCarpinus": 0.0, "pAcer": 0.0, "pTilia": 0.0, "pRobinia": 0.0, "pUlmus": 0.0, "pCastanea": 0.0, "pOtherLH": 0.0, "pBetula": 0.0, "pAlnus": 0.0, "pPopulus": 0.0, "pSalix": 0.0, "pSorbus": 0.0, "pPrunus": 0.0, "pMalus": 0.0, "pPyrus": 0.0, "pOtherLN": 0.0, "pPicea": 0.135, "pPinus": 0.316, "pAbies": 0.0, "pDouglas": 0.0, "pLarix": 0.048, "pOtherNb": 0.0, "pNoEurop": 0.0, "pNoEuropD": 0.0, "pEurop": 1.0, "pDecid": 0.5, "pConifer": 0.5, "pAll": 1.0, "Cell_id": "4337_3106", "EPSG": 31467, "Netz": 8, "Dichte": 8, "Bl": ";16;" }, "geometry": { "type": "Point", "coordinates": [ 10.235403897857381, 51.069500299156843 ] } },
{ "type": "Feature", "properties": { "Tnr": 52218, "mitRand": 0, "AnzHBbeg": 2, "pHaupt": 1.0, "poHaupt": 0.0, "pQuerus": 0.0, "pFagus": 0.802, "pFraxinus": 0.077, "pCarpinus": 0.0, "pAcer": 0.06, "pTilia": 0.0, "pRobinia": 0.0, "pUlmus": 0.06, "pCastanea": 0.0, "pOtherLH": 0.0, "pBetula": 0.0, "pAlnus": 0.0, "pPopulus": 0.0, "pSalix": 0.0, "pSorbus": 0.0, "pPrunus": 0.0, "pMalus": 0.0, "pPyrus": 0.0, "pOtherLN": 0.0, "pPicea": 0.0, "pPinus": 0.0, "pAbies": 0.0, "pDouglas": 0.0, "pLarix": 0.0, "pOtherNb": 0.0, "pNoEurop": 0.0, "pNoEuropD": 0.0, "pEurop": 1.0, "pDecid": 1.0, "pConifer": 0.0, "pAll": 1.0, "Cell_id": "4341_3106", "EPSG": 31467, "Netz": 8, "Dichte": 8, "Bl": ";16;" }, "geometry": { "type": "Point", "coordinates": [ 10.292470096917784, 51.069368220842549 ] } },
{ "type": "Feature", "properties": { "Tnr": 52222, "mitRand": 1, "AnzHBbeg": 4, "pHaupt": 1.0, "poHaupt": 0.0, "pQuerus": 0.0, "pFagus": 0.977, "pFraxinus": 0.0, "pCarpinus": 0.0, "pAcer": 0.023, "pTilia": 0.0, "pRobinia": 0.0, "pUlmus": 0.0, "pCastanea": 0.0, "pOtherLH": 0.0, "pBetula": 0.0, "pAlnus": 0.0, "pPopulus": 0.0, "pSalix": 0.0, "pSorbus": 0.0, "pPrunus": 0.0, "pMalus": 0.0, "pPyrus": 0.0, "pOtherLN": 0.0, "pPicea": 0.0, "pPinus": 0.0, "pAbies": 0.0, "pDouglas": 0.0, "pLarix": 0.0, "pOtherNb": 0.0, "pNoEurop": 0.0, "pNoEuropD": 0.0, "pEurop": 1.0, "pDecid": 1.0, "pConifer": 0.0, "pAll": 1.0, "Cell_id": "4349_3106", "EPSG": 31467, "Netz": 8, "Dichte": 8, "Bl": ";16;" }, "geometry": { "type": "Point", "coordinates": [ 10.406599802979224, 51.069020483921982 ] } },
{ "type": "Feature", "properties": { "Tnr": 52224, "mitRand": 1, "AnzHBbeg": 3, "pHaupt": 0.667, "poHaupt": 0.333, "pQuerus": 0.1, "pFagus": 0.419, "pFraxinus": 0.037, "pCarpinus": 0.0, "pAcer": 0.031, "pTilia": 0.0, "pRobinia": 0.0, "pUlmus": 0.0, "pCastanea": 0.0, "pOtherLH": 0.0, "pBetula": 0.0, "pAlnus": 0.0, "pPopulus": 0.0, "pSalix": 0.0, "pSorbus": 0.0, "pPrunus": 0.0, "pMalus": 0.0, "pPyrus": 0.0, "pOtherLN": 0.0, "pPicea": 0.079, "pPinus": 0.0, "pAbies": 0.0, "pDouglas": 0.0, "pLarix": 0.0, "pOtherNb": 0.0, "pNoEurop": 0.0, "pNoEuropD": 0.0, "pEurop": 0.667, "pDecid": 0.588, "pConifer": 0.079, "pAll": 0.667, "Cell_id": "4353_3106", "EPSG": 31467, "Netz": 8, "Dichte": 8, "Bl": ";16;" }, "geometry": { "type": "Point", "coordinates": [ 10.463663128148877, 51.068804827376788 ] } },
{ "type": "Feature", "properties": { "Tnr": 52245, "mitRand": 1, "AnzHBbeg": 1, "pHaupt": 1.0, "poHaupt": 0.0, "pQuerus": 0.0, "pFagus": 0.0, "pFraxinus": 0.0, "pCarpinus": 0.0, "pAcer": 0.0, "pTilia": 0.0, "pRobinia": 0.0, "pUlmus": 0.0, "pCastanea": 0.0, "pOtherLH": 0.0, "pBetula": 0.0, "pAlnus": 0.0, "pPopulus": 0.0, "pSalix": 0.0, "pSorbus": 0.0, "pPrunus": 0.0, "pMalus": 0.0, "pPyrus": 0.0, "pOtherLN": 0.0, "pPicea": 1.0, "pPinus": 0.0, "pAbies": 0.0, "pDouglas": 0.0, "pLarix": 0.0, "pOtherNb": 0.0, "pNoEurop": 1.0, "pNoEuropD": 1.0, "pEurop": 0.0, "pDecid": 0.0, "pConifer": 1.0, "pAll": 1.0, "Cell_id": "4395_3107", "EPSG": 31468, "Netz": 8, "Dichte": 8, "Bl": ";16;" }, "geometry": { "type": "Point", "coordinates": [ 11.062999331515801, 51.073853263792344 ] } },
{ "type": "Feature", "properties": { "Tnr": 52251, "mitRand": 1, "AnzHBbeg": 3, "pHaupt": 1.0, "poHaupt": 0.0, "pQuerus": 0.0, "pFagus": 0.0, "pFraxinus": 0.653, "pCarpinus": 0.072, "pAcer": 0.154, "pTilia": 0.104, "pRobinia": 0.0, "pUlmus": 0.0, "pCastanea": 0.0, "pOtherLH": 0.0, "pBetula": 0.0, "pAlnus": 0.0, "pPopulus": 0.0, "pSalix": 0.0, "pSorbus": 0.018, "pPrunus": 0.0, "pMalus": 0.0, "pPyrus": 0.0, "pOtherLN": 0.0, "pPicea": 0.0, "pPinus": 0.0, "pAbies": 0.0, "pDouglas": 0.0, "pLarix": 0.0, "pOtherNb": 0.0, "pNoEurop": 0.0, "pNoEuropD": 0.0, "pEurop": 1.0, "pDecid": 1.0, "pConifer": 0.0, "pAll": 1.0, "Cell_id": "4407_3107", "EPSG": 31468, "Netz": 8, "Dichte": 8, "Bl": ";16;" }, "geometry": { "type": "Point", "coordinates": [ 11.234202812091219, 51.072160393797787 ] } },
{ "type": "Feature", "properties": { "Tnr": 52267, "mitRand": 0, "AnzHBbeg": 1, "pHaupt": 1.0, "poHaupt": 0.0, "pQuerus": 0.737, "pFagus": 0.0, "pFraxinus": 0.0, "pCarpinus": 0.083, "pAcer": 0.0, "pTilia": 0.18, "pRobinia": 0.0, "pUlmus": 0.0, "pCastanea": 0.0, "pOtherLH": 0.0, "pBetula": 0.0, "pAlnus": 0.0, "pPopulus": 0.0, "pSalix": 0.0, "pSorbus": 0.0, "pPrunus": 0.0, "pMalus": 0.0, "pPyrus": 0.0, "pOtherLN": 0.0, "pPicea": 0.0, "pPinus": 0.0, "pAbies": 0.0, "pDouglas": 0.0, "pLarix": 0.0, "pOtherNb": 0.0, "pNoEurop": 0.0, "pNoEuropD": 0.0, "pEurop": 1.0, "pDecid": 1.0, "pConifer": 0.0, "pAll": 1.0, "Cell_id": "4439_3108", "EPSG": 31468, "Netz": 8, "Dichte": 8, "Bl": ";16;" }, "geometry": { "type": "Point", "coordinates": [ 11.690984218355762, 51.075394507101535 ] } },
{ "type": "Feature", "properties": { "Tnr": 52268, "mitRand": 1, "AnzHBbeg": 1, "pHaupt": 1.0, "poHaupt": 0.0, "pQuerus": 0.0, "pFagus": 0.0, "pFraxinus": 0.824, "pCarpinus": 0.0, "pAcer": 0.176, "pTilia": 0.0, "pRobinia": 0.0, "pUlmus": 0.0, "pCastanea": 0.0, "pOtherLH": 0.0, "pBetula": 0.0, "pAlnus": 0.0, "pPopulus": 0.0, "pSalix": 0.0, "pSorbus": 0.0, "pPrunus": 0.0, "pMalus": 0.0, "pPyrus": 0.0, "pOtherLN": 0.0, "pPicea": 0.0, "pPinus": 0.0, "pAbies": 0.0, "pDouglas": 0.0, "pLarix": 0.0, "pOtherNb": 0.0, "pNoEurop": 0.0, "pNoEuropD": 0.0, "pEurop": 1.0, "pDecid": 1.0, "pConifer": 0.0, "pAll": 1.0, "Cell_id": "4441_3108", "EPSG": 31468, "Netz": 4, "Dichte": 4, "Bl": ";15;" }, "geometry": { "type": "Point", "coordinates": [ 11.719503493294438, 51.074976620174986 ] } },
{ "type": "Feature", "properties": { "Tnr": 52287, "mitRand": 1, "AnzHBbeg": 3, "pHaupt": 0.667, "poHaupt": 0.333, "pQuerus": 0.0, "pFagus": 0.0, "pFraxinus": 0.0, "pCarpinus": 0.0, "pAcer": 0.0, "pTilia": 0.0, "pRobinia": 0.0, "pUlmus": 0.0, "pCastanea": 0.0, "pOtherLH": 0.0, "pBetula": 0.333, "pAlnus": 0.0, "pPopulus": 0.0, "pSalix": 0.333, "pSorbus": 0.0, "pPrunus": 0.0, "pMalus": 0.0, "pPyrus": 0.0, "pOtherLN": 0.0, "pPicea": 0.0, "pPinus": 0.0, "pAbies": 0.0, "pDouglas": 0.0, "pLarix": 0.0, "pOtherNb": 0.0, "pNoEurop": 0.0, "pNoEuropD": 0.0, "pEurop": 0.667, "pDecid": 0.667, "pConifer": 0.0, "pAll": 0.667, "Cell_id": "4479_3109", "EPSG": 31468, "Netz": 8, "Dichte": 4, "Bl": ";15;" }, "geometry": { "type": "Point", "coordinates": [ 12.261922853043004, 51.074660601578884 ] } },
{ "type": "Feature", "properties": { "Tnr": 52394, "mitRand": 1, "AnzHBbeg": 4, "pHaupt": 1.0, "poHaupt": 0.0, "pQuerus": 0.0, "pFagus": 0.527, "pFraxinus": 0.0, "pCarpinus": 0.0, "pAcer": 0.0, "pTilia": 0.0, "pRobinia": 0.0, "pUlmus": 0.0, "pCastanea": 0.0, "pOtherLH": 0.0, "pBetula": 0.0, "pAlnus": 0.0, "pPopulus": 0.0, "pSalix": 0.0, "pSorbus": 0.0, "pPrunus": 0.0, "pMalus": 0.0, "pPyrus": 0.0, "pOtherLN": 0.0, "pPicea": 0.441, "pPinus": 0.0, "pAbies": 0.0, "pDouglas": 0.0, "pLarix": 0.032, "pOtherNb": 0.0, "pNoEurop": 0.0, "pNoEuropD": 0.0, "pEurop": 1.0, "pDecid": 0.527, "pConifer": 0.473, "pAll": 1.0, "Cell_id": "4355_3104", "EPSG": 31467, "Netz": 16, "Dichte": 8, "Bl": ";16;" }, "geometry": { "type": "Point", "coordinates": [ 10.492001270775569, 51.050710207295239 ] } },
{ "type": "Feature", "properties": { "Tnr": 52397, "mitRand": 1, "AnzHBbeg": 4, "pHaupt": 1.0, "poHaupt": 0.0, "pQuerus": 0.149, "pFagus": 0.0, "pFraxinus": 0.288, "pCarpinus": 0.0, "pAcer": 0.0, "pTilia": 0.0, "pRobinia": 0.0, "pUlmus": 0.0, "pCastanea": 0.0, "pOtherLH": 0.0, "pBetula": 0.128, "pAlnus": 0.0, "pPopulus": 0.0, "pSalix": 0.047, "pSorbus": 0.0, "pPrunus": 0.144, "pMalus": 0.0, "pPyrus": 0.0, "pOtherLN": 0.0, "pPicea": 0.244, "pPinus": 0.0, "pAbies": 0.0, "pDouglas": 0.0, "pLarix": 0.0, "pOtherNb": 0.0, "pNoEurop": 0.0, "pNoEuropD": 0.0, "pEurop": 1.0, "pDecid": 0.756, "pConifer": 0.244, "pAll": 1.0, "Cell_id": "4361_3104", "EPSG": 31468, "Netz": 16, "Dichte": 8, "Bl": ";16;" }, "geometry": { "type": "Point", "coordinates": [ 10.577560336328313, 51.050323021465658 ] } },
{ "type": "Feature", "properties": { "Tnr": 52403, "mitRand": 0, "AnzHBbeg": 2, "pHaupt": 1.0, "poHaupt": 0.0, "pQuerus": 0.067, "pFagus": 0.0, "pFraxinus": 0.0, "pCarpinus": 0.0, "pAcer": 0.0, "pTilia": 0.0, "pRobinia": 0.0, "pUlmus": 0.0, "pCastanea": 0.0, "pOtherLH": 0.0, "pBetula": 0.554, "pAlnus": 0.0, "pPopulus": 0.0, "pSalix": 0.0, "pSorbus": 0.0, "pPrunus": 0.0, "pMalus": 0.0, "pPyrus": 0.0, "pOtherLN": 0.0, "pPicea": 0.126, "pPinus": 0.254, "pAbies": 0.0, "pDouglas": 0.0, "pLarix": 0.0, "pOtherNb": 0.0, "pNoEurop": 0.0, "pNoEuropD": 0.0, "pEurop": 1.0, "pDecid": 0.621, "pConifer": 0.379, "pAll": 1.0, "Cell_id": "4373_3104", "EPSG": 31468, "Netz": 16, "Dichte": 8, "Bl": ";16;" }, "geometry": { "type": "Point", "coordinates": [ 10.74868292723907, 51.049342572119606 ] } },
{ "type": "Feature", "properties": { "Tnr": 52417, "mitRand": 1, "AnzHBbeg": 1, "pHaupt": 1.0, "poHaupt": 0.0, "pQuerus": 0.0, "pFagus": 0.0, "pFraxinus": 0.0, "pCarpinus": 0.0, "pAcer": 0.0, "pTilia": 0.0, "pRobinia": 0.0, "pUlmus": 0.0, "pCastanea": 0.0, "pOtherLH": 0.0, "pBetula": 0.0, "pAlnus": 0.0, "pPopulus": 1.0, "pSalix": 0.0, "pSorbus": 0.0, "pPrunus": 0.0, "pMalus": 0.0, "pPyrus": 0.0, "pOtherLN": 0.0, "pPicea": 0.0, "pPinus": 0.0, "pAbies": 0.0, "pDouglas": 0.0, "pLarix": 0.0, "pOtherNb": 0.0, "pNoEurop": 1.0, "pNoEuropD": 1.0, "pEurop": 0.0, "pDecid": 1.0, "pConifer": 0.0, "pAll": 1.0, "Cell_id": "4401_3105", "EPSG": 31468, "Netz": 16, "Dichte": 8, "Bl": ";16;" }, "geometry": { "type": "Point", "coordinates": [ 11.148163347165138, 51.055066094844626 ] } },
{ "type": "Feature", "properties": { "Tnr": 52457, "mitRand": 0, "AnzHBbeg": 1, "pHaupt": 1.0, "poHaupt": 0.0, "pQuerus": 0.0, "pFagus": 0.0, "pFraxinus": 0.0, "pCarpinus": 0.0, "pAcer": 0.0, "pTilia": 0.0, "pRobinia": 0.0, "pUlmus": 0.0, "pCastanea": 0.0, "pOtherLH": 0.0, "pBetula": 1.0, "pAlnus": 0.0, "pPopulus": 0.0, "pSalix": 0.0, "pSorbus": 0.0, "pPrunus": 0.0, "pMalus": 0.0, "pPyrus": 0.0, "pOtherLN": 0.0, "pPicea": 0.0, "pPinus": 0.0, "pAbies": 0.0, "pDouglas": 0.0, "pLarix": 0.0, "pOtherNb": 0.0, "pNoEurop": 0.0, "pNoEuropD": 0.0, "pEurop": 1.0, "pDecid": 1.0, "pConifer": 0.0, "pAll": 1.0, "Cell_id": "4481_3107", "EPSG": 31468, "Netz": 16, "Dichte": 8, "Bl": ";16;" }, "geometry": { "type": "Point", "coordinates": [ 12.289553918749558, 51.056135364147345 ] } },
{ "type": "Feature", "properties": { "Tnr": 52459, "mitRand": 0, "AnzHBbeg": 2, "pHaupt": 1.0, "poHaupt": 0.0, "pQuerus": 0.016, "pFagus": 0.0, "pFraxinus": 0.0, "pCarpinus": 0.0, "pAcer": 0.0, "pTilia": 0.236, "pRobinia": 0.748, "pUlmus": 0.0, "pCastanea": 0.0, "pOtherLH": 0.0, "pBetula": 0.0, "pAlnus": 0.0, "pPopulus": 0.0, "pSalix": 0.0, "pSorbus": 0.0, "pPrunus": 0.0, "pMalus": 0.0, "pPyrus": 0.0, "pOtherLN": 0.0, "pPicea": 0.0, "pPinus": 0.0, "pAbies": 0.0, "pDouglas": 0.0, "pLarix": 0.0, "pOtherNb": 0.0, "pNoEurop": 0.748, "pNoEuropD": 0.748, "pEurop": 0.252, "pDecid": 1.0, "pConifer": 0.0, "pAll": 1.0, "Cell_id": "4485_3107", "EPSG": 31468, "Netz": 16, "Dichte": 8, "Bl": ";16;" }, "geometry": { "type": "Point", "coordinates": [ 12.346584719306669, 51.054990798845729 ] } },
{ "type": "Feature", "properties": { "Tnr": 52461, "mitRand": 1, "AnzHBbeg": 4, "pHaupt": 1.0, "poHaupt": 0.0, "pQuerus": 0.434, "pFagus": 0.116, "pFraxinus": 0.0, "pCarpinus": 0.0, "pAcer": 0.0, "pTilia": 0.0, "pRobinia": 0.0, "pUlmus": 0.0, "pCastanea": 0.0, "pOtherLH": 0.0, "pBetula": 0.0, "pAlnus": 0.0, "pPopulus": 0.0, "pSalix": 0.0, "pSorbus": 0.0, "pPrunus": 0.0, "pMalus": 0.0, "pPyrus": 0.0, "pOtherLN": 0.0, "pPicea": 0.0, "pPinus": 0.283, "pAbies": 0.0, "pDouglas": 0.0, "pLarix": 0.167, "pOtherNb": 0.0, "pNoEurop": 0.0, "pNoEuropD": 0.0, "pEurop": 1.0, "pDecid": 0.551, "pConifer": 0.449, "pAll": 1.0, "Cell_id": "4489_3108", "EPSG": 31468, "Netz": 16, "Dichte": 8, "Bl": ";16;" }, "geometry": { "type": "Point", "coordinates": [ 12.404072183538817, 51.06281507099964 ] } },
{ "type": "Feature", "properties": { "Tnr": 52554, "mitRand": 1, "AnzHBbeg": 2, "pHaupt": 1.0, "poHaupt": 0.0, "pQuerus": 0.0, "pFagus": 0.0, "pFraxinus": 0.5, "pCarpinus": 0.0, "pAcer": 0.0, "pTilia": 0.0, "pRobinia": 0.0, "pUlmus": 0.0, "pCastanea": 0.0, "pOtherLH": 0.0, "pBetula": 0.0, "pAlnus": 0.0, "pPopulus": 0.0, "pSalix": 0.0, "pSorbus": 0.0, "pPrunus": 0.0, "pMalus": 0.0, "pPyrus": 0.149, "pOtherLN": 0.0, "pPicea": 0.0, "pPinus": 0.351, "pAbies": 0.0, "pDouglas": 0.0, "pLarix": 0.0, "pOtherNb": 0.0, "pNoEurop": 0.0, "pNoEuropD": 0.0, "pEurop": 1.0, "pDecid": 0.649, "pConifer": 0.351, "pAll": 1.0, "Cell_id": "4341_3102", "EPSG": 31467, "Netz": 8, "Dichte": 8, "Bl": ";16;" }, "geometry": { "type": "Point", "coordinates": [ 10.292238789170998, 51.033413745248154 ] } },
{ "type": "Feature", "properties": { "Tnr": 52560, "mitRand": 1, "AnzHBbeg": 2, "pHaupt": 1.0, "poHaupt": 0.0, "pQuerus": 0.078, "pFagus": 0.364, "pFraxinus": 0.35, "pCarpinus": 0.0, "pAcer": 0.209, "pTilia": 0.0, "pRobinia": 0.0, "pUlmus": 0.0, "pCastanea": 0.0, "pOtherLH": 0.0, "pBetula": 0.0, "pAlnus": 0.0, "pPopulus": 0.0, "pSalix": 0.0, "pSorbus": 0.0, "pPrunus": 0.0, "pMalus": 0.0, "pPyrus": 0.0, "pOtherLN": 0.0, "pPicea": 0.0, "pPinus": 0.0, "pAbies": 0.0, "pDouglas": 0.0, "pLarix": 0.0, "pOtherNb": 0.0, "pNoEurop": 0.0, "pNoEuropD": 0.0, "pEurop": 1.0, "pDecid": 1.0, "pConifer": 0.0, "pAll": 1.0, "Cell_id": "4353_3102", "EPSG": 31467, "Netz": 8, "Dichte": 8, "Bl": ";16;" }, "geometry": { "type": "Point", "coordinates": [ 10.463299310531301, 51.032851807886125 ] } },
{ "type": "Feature", "properties": { "Tnr": 52562, "mitRand": 1, "AnzHBbeg": 4, "pHaupt": 1.0, "poHaupt": 0.0, "pQuerus": 0.11, "pFagus": 0.344, "pFraxinus": 0.018, "pCarpinus": 0.042, "pAcer": 0.13, "pTilia": 0.154, "pRobinia": 0.0, "pUlmus": 0.0, "pCastanea": 0.0, "pOtherLH": 0.0, "pBetula": 0.025, "pAlnus": 0.0, "pPopulus": 0.0, "pSalix": 0.056, "pSorbus": 0.0, "pPrunus": 0.0, "pMalus": 0.0, "pPyrus": 0.0, "pOtherLN": 0.0, "pPicea": 0.122, "pPinus": 0.0, "pAbies": 0.0, "pDouglas": 0.0, "pLarix": 0.0, "pOtherNb": 0.0, "pNoEurop": 0.0, "pNoEuropD": 0.0, "pEurop": 1.0, "pDecid": 0.878, "pConifer": 0.122, "pAll": 1.0, "Cell_id": "4356_3102", "EPSG": 31468, "Netz": 8, "Dichte": 8, "Bl": ";16;" }, "geometry": { "type": "Point", "coordinates": [ 10.506063083094165, 51.032676690932277 ] } },
{ "type": "Feature", "properties": { "Tnr": 52574, "mitRand": 0, "AnzHBbeg": 4, "pHaupt": 1.0, "poHaupt": 0.0, "pQuerus": 0.601, "pFagus": 0.195, "pFraxinus": 0.0, "pCarpinus": 0.0, "pAcer": 0.0, "pTilia": 0.0, "pRobinia": 0.0, "pUlmus": 0.0, "pCastanea": 0.0, "pOtherLH": 0.0, "pBetula": 0.0, "pAlnus": 0.0, "pPopulus": 0.0, "pSalix": 0.0, "pSorbus": 0.0, "pPrunus": 0.0, "pMalus": 0.0, "pPyrus": 0.0, "pOtherLN": 0.0, "pPicea": 0.0, "pPinus": 0.0, "pAbies": 0.0, "pDouglas": 0.0, "pLarix": 0.204, "pOtherNb": 0.0, "pNoEurop": 0.0, "pNoEuropD": 0.0, "pEurop": 1.0, "pDecid": 0.796, "pConifer": 0.204, "pAll": 1.0, "Cell_id": "4379_3103", "EPSG": 31468, "Netz": 8, "Dichte": 8, "Bl": ";16;" }, "geometry": { "type": "Point", "coordinates": [ 10.834076342496886, 51.039771197086566 ] } },
{ "type": "Feature", "properties": { "Tnr": 52612, "mitRand": 1, "AnzHBbeg": 2, "pHaupt": 0.5, "poHaupt": 0.5, "pQuerus": 0.0, "pFagus": 0.0, "pFraxinus": 0.0, "pCarpinus": 0.0, "pAcer": 0.0, "pTilia": 0.0, "pRobinia": 0.0, "pUlmus": 0.0, "pCastanea": 0.0, "pOtherLH": 0.0, "pBetula": 0.0, "pAlnus": 0.5, "pPopulus": 0.0, "pSalix": 0.0, "pSorbus": 0.0, "pPrunus": 0.0, "pMalus": 0.0, "pPyrus": 0.0, "pOtherLN": 0.0, "pPicea": 0.0, "pPinus": 0.0, "pAbies": 0.0, "pDouglas": 0.0, "pLarix": 0.0, "pOtherNb": 0.0, "pNoEurop": 0.0, "pNoEuropD": 0.0, "pEurop": 0.5, "pDecid": 0.5, "pConifer": 0.0, "pAll": 0.5, "Cell_id": "4455_3105", "EPSG": 31468, "Netz": 8, "Dichte": 4, "Bl": ";15;" }, "geometry": { "type": "Point", "coordinates": [ 11.918089092798255, 51.044890715962183 ] } },
{ "type": "Feature", "properties": { "Tnr": 52632, "mitRand": 1, "AnzHBbeg": 4, "pHaupt": 1.0, "poHaupt": 0.0, "pQuerus": 0.088, "pFagus": 0.301, "pFraxinus": 0.117, "pCarpinus": 0.08, "pAcer": 0.179, "pTilia": 0.098, "pRobinia": 0.0, "pUlmus": 0.0, "pCastanea": 0.0, "pOtherLH": 0.0, "pBetula": 0.0, "pAlnus": 0.138, "pPopulus": 0.0, "pSalix": 0.0, "pSorbus": 0.0, "pPrunus": 0.0, "pMalus": 0.0, "pPyrus": 0.0, "pOtherLN": 0.0, "pPicea": 0.0, "pPinus": 0.0, "pAbies": 0.0, "pDouglas": 0.0, "pLarix": 0.0, "pOtherNb": 0.0, "pNoEurop": 0.0, "pNoEuropD": 0.0, "pEurop": 1.0, "pDecid": 1.0, "pConifer": 0.0, "pAll": 1.0, "Cell_id": "4495_3106", "EPSG": 31468, "Netz": 8, "Dichte": 8, "Bl": ";16;" }, "geometry": { "type": "Point", "coordinates": [ 12.488647230437845, 51.043043770065154 ] } },
{ "type": "Feature", "properties": { "Tnr": 52719, "mitRand": 1, "AnzHBbeg": 4, "pHaupt": 1.0, "poHaupt": 0.0, "pQuerus": 0.0, "pFagus": 1.0, "pFraxinus": 0.0, "pCarpinus": 0.0, "pAcer": 0.0, "pTilia": 0.0, "pRobinia": 0.0, "pUlmus": 0.0, "pCastanea": 0.0, "pOtherLH": 0.0, "pBetula": 0.0, "pAlnus": 0.0, "pPopulus": 0.0, "pSalix": 0.0, "pSorbus": 0.0, "pPrunus": 0.0, "pMalus": 0.0, "pPyrus": 0.0, "pOtherLN": 0.0, "pPicea": 0.0, "pPinus": 0.0, "pAbies": 0.0, "pDouglas": 0.0, "pLarix": 0.0, "pOtherNb": 0.0, "pNoEurop": 0.0, "pNoEuropD": 0.0, "pEurop": 1.0, "pDecid": 1.0, "pConifer": 0.0, "pAll": 1.0, "Cell_id": "4335_3100", "EPSG": 31467, "Netz": 16, "Dichte": 8, "Bl": ";16;" }, "geometry": { "type": "Point", "coordinates": [ 10.206622972662506, 51.015614195683042 ] } },
{ "type": "Feature", "properties": { "Tnr": 52757, "mitRand": 1, "AnzHBbeg": 4, "pHaupt": 1.0, "poHaupt": 0.0, "pQuerus": 0.0, "pFagus": 0.0, "pFraxinus": 0.402, "pCarpinus": 0.0, "pAcer": 0.0, "pTilia": 0.0, "pRobinia": 0.0, "pUlmus": 0.0, "pCastanea": 0.0, "pOtherLH": 0.0, "pBetula": 0.173, "pAlnus": 0.0, "pPopulus": 0.0, "pSalix": 0.077, "pSorbus": 0.0, "pPrunus": 0.0, "pMalus": 0.0, "pPyrus": 0.0, "pOtherLN": 0.0, "pPicea": 0.348, "pPinus": 0.0, "pAbies": 0.0, "pDouglas": 0.0, "pLarix": 0.0, "pOtherNb": 0.0, "pNoEurop": 0.0, "pNoEuropD": 0.0, "pEurop": 1.0, "pDecid": 0.652, "pConifer": 0.348, "pAll": 1.0, "Cell_id": "4409_3101", "EPSG": 31468, "Netz": 16, "Dichte": 8, "Bl": ";16;" }, "geometry": { "type": "Point", "coordinates": [ 11.261254377816195, 51.017932030807707 ] } },
{ "type": "Feature", "properties": { "Tnr": 52759, "mitRand": 1, "AnzHBbeg": 4, "pHaupt": 1.0, "poHaupt": 0.0, "pQuerus": 0.096, "pFagus": 0.042, "pFraxinus": 0.1, "pCarpinus": 0.117, "pAcer": 0.13, "pTilia": 0.189, "pRobinia": 0.0, "pUlmus": 0.0, "pCastanea": 0.0, "pOtherLH": 0.0, "pBetula": 0.076, "pAlnus": 0.0, "pPopulus": 0.0, "pSalix": 0.25, "pSorbus": 0.0, "pPrunus": 0.0, "pMalus": 0.0, "pPyrus": 0.0, "pOtherLN": 0.0, "pPicea": 0.0, "pPinus": 0.0, "pAbies": 0.0, "pDouglas": 0.0, "pLarix": 0.0, "pOtherNb": 0.0, "pNoEurop": 0.0, "pNoEuropD": 0.0, "pEurop": 1.0, "pDecid": 1.0, "pConifer": 0.0, "pAll": 1.0, "Cell_id": "4413_3101", "EPSG": 31468, "Netz": 64, "Dichte": 8, "Bl": ";16;" }, "geometry": { "type": "Point", "coordinates": [ 11.318250188885484, 51.017299687678147 ] } },
{ "type": "Feature", "properties": { "Tnr": 52761, "mitRand": 1, "AnzHBbeg": 1, "pHaupt": 0.0, "poHaupt": 1.0, "pQuerus": 0.0, "pFagus": 0.0, "pFraxinus": 0.0, "pCarpinus": 0.0, "pAcer": 0.0, "pTilia": 0.0, "pRobinia": 0.0, "pUlmus": 0.0, "pCastanea": 0.0, "pOtherLH": 0.0, "pBetula": 0.0, "pAlnus": 0.0, "pPopulus": 0.0, "pSalix": 0.0, "pSorbus": 0.0, "pPrunus": 0.0, "pMalus": 0.0, "pPyrus": 0.0, "pOtherLN": 0.0, "pPicea": 0.0, "pPinus": 0.0, "pAbies": 0.0, "pDouglas": 0.0, "pLarix": 0.0, "pOtherNb": 0.0, "pNoEurop": 0.0, "pNoEuropD": 0.0, "pEurop": 0.0, "pDecid": 0.0, "pConifer": 0.0, "pAll": 0.0, "Cell_id": "4417_3102", "EPSG": 31468, "Netz": 16, "Dichte": 8, "Bl": ";16;" }, "geometry": { "type": "Point", "coordinates": [ 11.375517738329069, 51.025624404471301 ] } },
{ "type": "Feature", "properties": { "Tnr": 52779, "mitRand": 1, "AnzHBbeg": 1, "pHaupt": 1.0, "poHaupt": 0.0, "pQuerus": 0.454, "pFagus": 0.0, "pFraxinus": 0.0, "pCarpinus": 0.44, "pAcer": 0.0, "pTilia": 0.106, "pRobinia": 0.0, "pUlmus": 0.0, "pCastanea": 0.0, "pOtherLH": 0.0, "pBetula": 0.0, "pAlnus": 0.0, "pPopulus": 0.0, "pSalix": 0.0, "pSorbus": 0.0, "pPrunus": 0.0, "pMalus": 0.0, "pPyrus": 0.0, "pOtherLN": 0.0, "pPicea": 0.0, "pPinus": 0.0, "pAbies": 0.0, "pDouglas": 0.0, "pLarix": 0.0, "pOtherNb": 0.0, "pNoEurop": 0.0, "pNoEuropD": 0.0, "pEurop": 1.0, "pDecid": 1.0, "pConifer": 0.0, "pAll": 1.0, "Cell_id": "4453_3103", "EPSG": 31468, "Netz": 64, "Dichte": 8, "Bl": ";16;" }, "geometry": { "type": "Point", "coordinates": [ 11.888843917109051, 51.027383908781999 ] } },
{ "type": "Feature", "properties": { "Tnr": 52801, "mitRand": 1, "AnzHBbeg": 2, "pHaupt": 1.0, "poHaupt": 0.0, "pQuerus": 1.0, "pFagus": 0.0, "pFraxinus": 0.0, "pCarpinus": 0.0, "pAcer": 0.0, "pTilia": 0.0, "pRobinia": 0.0, "pUlmus": 0.0, "pCastanea": 0.0, "pOtherLH": 0.0, "pBetula": 0.0, "pAlnus": 0.0, "pPopulus": 0.0, "pSalix": 0.0, "pSorbus": 0.0, "pPrunus": 0.0, "pMalus": 0.0, "pPyrus": 0.0, "pOtherLN": 0.0, "pPicea": 0.0, "pPinus": 0.0, "pAbies": 0.0, "pDouglas": 0.0, "pLarix": 0.0, "pOtherNb": 0.0, "pNoEurop": 0.0, "pNoEuropD": 0.0, "pEurop": 1.0, "pDecid": 1.0, "pConifer": 0.0, "pAll": 1.0, "Cell_id": "4497_3104", "EPSG": 31468, "Netz": 16, "Dichte": 8, "Bl": ";14;16;" }, "geometry": { "type": "Point", "coordinates": [ 12.516180398758108, 51.024457573118219 ] } },
{ "type": "Feature", "properties": { "Tnr": 52886, "mitRand": 0, "AnzHBbeg": 4, "pHaupt": 1.0, "poHaupt": 0.0, "pQuerus": 0.0, "pFagus": 0.04, "pFraxinus": 0.0, "pCarpinus": 0.0, "pAcer": 0.0, "pTilia": 0.0, "pRobinia": 0.0, "pUlmus": 0.0, "pCastanea": 0.0, "pOtherLH": 0.0, "pBetula": 0.0, "pAlnus": 0.0, "pPopulus": 0.0, "pSalix": 0.0, "pSorbus": 0.0, "pPrunus": 0.0, "pMalus": 0.0, "pPyrus": 0.0, "pOtherLN": 0.0, "pPicea": 0.647, "pPinus": 0.29, "pAbies": 0.0, "pDouglas": 0.0, "pLarix": 0.023, "pOtherNb": 0.0, "pNoEurop": 0.0, "pNoEuropD": 0.0, "pEurop": 1.0, "pDecid": 0.04, "pConifer": 0.96, "pAll": 1.0, "Cell_id": "4325_3098", "EPSG": 31467, "Netz": 8, "Dichte": 8, "Bl": ";16;" }, "geometry": { "type": "Point", "coordinates": [ 10.064106341356597, 50.997808187542056 ] } },
{ "type": "Feature", "properties": { "Tnr": 52888, "mitRand": 0, "AnzHBbeg": 2, "pHaupt": 1.0, "poHaupt": 0.0, "pQuerus": 0.0, "pFagus": 0.759, "pFraxinus": 0.0, "pCarpinus": 0.0, "pAcer": 0.0, "pTilia": 0.0, "pRobinia": 0.0, "pUlmus": 0.0, "pCastanea": 0.0, "pOtherLH": 0.0, "pBetula": 0.0, "pAlnus": 0.0, "pPopulus": 0.0, "pSalix": 0.0, "pSorbus": 0.0, "pPrunus": 0.0, "pMalus": 0.0, "pPyrus": 0.0, "pOtherLN": 0.0, "pPicea": 0.076, "pPinus": 0.165, "pAbies": 0.0, "pDouglas": 0.0, "pLarix": 0.0, "pOtherNb": 0.0, "pNoEurop": 0.0, "pNoEuropD": 0.0, "pEurop": 1.0, "pDecid": 0.759, "pConifer": 0.241, "pAll": 1.0, "Cell_id": "4329_3098", "EPSG": 31467, "Netz": 8, "Dichte": 8, "Bl": ";16;" }, "geometry": { "type": "Point", "coordinates": [ 10.121086318881076, 50.997760304131162 ] } },
{ "type": "Feature", "properties": { "Tnr": 52891, "mitRand": 0, "AnzHBbeg": 1, "pHaupt": 1.0, "poHaupt": 0.0, "pQuerus": 0.0, "pFagus": 1.0, "pFraxinus": 0.0, "pCarpinus": 0.0, "pAcer": 0.0, "pTilia": 0.0, "pRobinia": 0.0, "pUlmus": 0.0, "pCastanea": 0.0, "pOtherLH": 0.0, "pBetula": 0.0, "pAlnus": 0.0, "pPopulus": 0.0, "pSalix": 0.0, "pSorbus": 0.0, "pPrunus": 0.0, "pMalus": 0.0, "pPyrus": 0.0, "pOtherLN": 0.0, "pPicea": 0.0, "pPinus": 0.0, "pAbies": 0.0, "pDouglas": 0.0, "pLarix": 0.0, "pOtherNb": 0.0, "pNoEurop": 0.0, "pNoEuropD": 0.0, "pEurop": 1.0, "pDecid": 1.0, "pConifer": 0.0, "pAll": 1.0, "Cell_id": "4337_3098", "EPSG": 31467, "Netz": 8, "Dichte": 8, "Bl": ";16;" }, "geometry": { "type": "Point", "coordinates": [ 10.23504440756672, 50.997581162700101 ] } },
{ "type": "Feature", "properties": { "Tnr": 52937, "mitRand": 0, "AnzHBbeg": 1, "pHaupt": 1.0, "poHaupt": 0.0, "pQuerus": 0.0, "pFagus": 0.0, "pFraxinus": 0.135, "pCarpinus": 0.0, "pAcer": 0.0, "pTilia": 0.0, "pRobinia": 0.0, "pUlmus": 0.0, "pCastanea": 0.0, "pOtherLH": 0.0, "pBetula": 0.0, "pAlnus": 0.0, "pPopulus": 0.0, "pSalix": 0.0, "pSorbus": 0.0, "pPrunus": 0.0, "pMalus": 0.0, "pPyrus": 0.0, "pOtherLN": 0.0, "pPicea": 0.865, "pPinus": 0.0, "pAbies": 0.0, "pDouglas": 0.0, "pLarix": 0.0, "pOtherNb": 0.0, "pNoEurop": 0.0, "pNoEuropD": 0.0, "pEurop": 1.0, "pDecid": 0.135, "pConifer": 0.865, "pAll": 1.0, "Cell_id": "4427_3100", "EPSG": 31468, "Netz": 8, "Dichte": 8, "Bl": ";16;" }, "geometry": { "type": "Point", "coordinates": [ 11.517434567745322, 51.00587402376685 ] } },
{ "type": "Feature", "properties": { "Tnr": 52941, "mitRand": 0, "AnzHBbeg": 1, "pHaupt": 1.0, "poHaupt": 0.0, "pQuerus": 0.315, "pFagus": 0.0, "pFraxinus": 0.0, "pCarpinus": 0.252, "pAcer": 0.16, "pTilia": 0.133, "pRobinia": 0.0, "pUlmus": 0.0, "pCastanea": 0.0, "pOtherLH": 0.0, "pBetula": 0.0, "pAlnus": 0.0, "pPopulus": 0.0, "pSalix": 0.0, "pSorbus": 0.14, "pPrunus": 0.0, "pMalus": 0.0, "pPyrus": 0.0, "pOtherLN": 0.0, "pPicea": 0.0, "pPinus": 0.0, "pAbies": 0.0, "pDouglas": 0.0, "pLarix": 0.0, "pOtherNb": 0.0, "pNoEurop": 0.0, "pNoEuropD": 0.0, "pEurop": 1.0, "pDecid": 1.0, "pConifer": 0.0, "pAll": 1.0, "Cell_id": "4435_3100", "EPSG": 31468, "Netz": 8, "Dichte": 8, "Bl": ";16;" }, "geometry": { "type": "Point", "coordinates": [ 11.631376873120363, 51.00432305466731 ] } },
{ "type": "Feature", "properties": { "Tnr": 52943, "mitRand": 0, "AnzHBbeg": 2, "pHaupt": 1.0, "poHaupt": 0.0, "pQuerus": 0.0, "pFagus": 0.736, "pFraxinus": 0.0, "pCarpinus": 0.0, "pAcer": 0.104, "pTilia": 0.0, "pRobinia": 0.0, "pUlmus": 0.0, "pCastanea": 0.0, "pOtherLH": 0.0, "pBetula": 0.0, "pAlnus": 0.0, "pPopulus": 0.0, "pSalix": 0.0, "pSorbus": 0.0, "pPrunus": 0.0, "pMalus": 0.0, "pPyrus": 0.0, "pOtherLN": 0.0, "pPicea": 0.0, "pPinus": 0.159, "pAbies": 0.0, "pDouglas": 0.0, "pLarix": 0.0, "pOtherNb": 0.0, "pNoEurop": 0.0, "pNoEuropD": 0.0, "pEurop": 1.0, "pDecid": 0.841, "pConifer": 0.159, "pAll": 1.0, "Cell_id": "4439_3100", "EPSG": 31468, "Netz": 8, "Dichte": 8, "Bl": ";16;" }, "geometry": { "type": "Point", "coordinates": [ 11.688358059380175, 51.003510074759092 ] } },
{ "type": "Feature", "properties": { "Tnr": 52945, "mitRand": 1, "AnzHBbeg": 1, "pHaupt": 1.0, "poHaupt": 0.0, "pQuerus": 0.126, "pFagus": 0.329, "pFraxinus": 0.117, "pCarpinus": 0.0, "pAcer": 0.35, "pTilia": 0.0, "pRobinia": 0.0, "pUlmus": 0.0, "pCastanea": 0.0, "pOtherLH": 0.0, "pBetula": 0.0, "pAlnus": 0.0, "pPopulus": 0.0, "pSalix": 0.0, "pSorbus": 0.0, "pPrunus": 0.077, "pMalus": 0.0, "pPyrus": 0.0, "pOtherLN": 0.0, "pPicea": 0.0, "pPinus": 0.0, "pAbies": 0.0, "pDouglas": 0.0, "pLarix": 0.0, "pOtherNb": 0.0, "pNoEurop": 0.0, "pNoEuropD": 0.0, "pEurop": 1.0, "pDecid": 1.0, "pConifer": 0.0, "pAll": 1.0, "Cell_id": "4443_3100", "EPSG": 31468, "Netz": 8, "Dichte": 8, "Bl": ";16;" }, "geometry": { "type": "Point", "coordinates": [ 11.745321402883656, 51.002660669901871 ] } },
{ "type": "Feature", "properties": { "Tnr": 52949, "mitRand": 1, "AnzHBbeg": 4, "pHaupt": 1.0, "poHaupt": 0.0, "pQuerus": 0.049, "pFagus": 0.0, "pFraxinus": 0.0, "pCarpinus": 0.0, "pAcer": 0.0, "pTilia": 0.0, "pRobinia": 0.0, "pUlmus": 0.0, "pCastanea": 0.0, "pOtherLH": 0.0, "pBetula": 0.43, "pAlnus": 0.0, "pPopulus": 0.127, "pSalix": 0.0, "pSorbus": 0.0, "pPrunus": 0.0, "pMalus": 0.0, "pPyrus": 0.0, "pOtherLN": 0.0, "pPicea": 0.164, "pPinus": 0.231, "pAbies": 0.0, "pDouglas": 0.0, "pLarix": 0.0, "pOtherNb": 0.0, "pNoEurop": 0.0, "pNoEuropD": 0.0, "pEurop": 1.0, "pDecid": 0.606, "pConifer": 0.394, "pAll": 1.0, "Cell_id": "4451_3101", "EPSG": 31468, "Netz": 8, "Dichte": 8, "Bl": ";16;" }, "geometry": { "type": "Point", "coordinates": [ 11.859621316899378, 51.009878355415125 ] } },
{ "type": "Feature", "properties": { "Tnr": 52973, "mitRand": 0, "AnzHBbeg": 1, "pHaupt": 1.0, "poHaupt": 0.0, "pQuerus": 0.226, "pFagus": 0.058, "pFraxinus": 0.0, "pCarpinus": 0.0, "pAcer": 0.0, "pTilia": 0.402, "pRobinia": 0.0, "pUlmus": 0.0, "pCastanea": 0.0, "pOtherLH": 0.0, "pBetula": 0.313, "pAlnus": 0.0, "pPopulus": 0.0, "pSalix": 0.0, "pSorbus": 0.0, "pPrunus": 0.0, "pMalus": 0.0, "pPyrus": 0.0, "pOtherLN": 0.0, "pPicea": 0.0, "pPinus": 0.0, "pAbies": 0.0, "pDouglas": 0.0, "pLarix": 0.0, "pOtherNb": 0.0, "pNoEurop": 0.0, "pNoEuropD": 0.0, "pEurop": 1.0, "pDecid": 1.0, "pConifer": 0.0, "pAll": 1.0, "Cell_id": "4499_3102", "EPSG": 31468, "Netz": 8, "Dichte": 8, "Bl": ";14;" }, "geometry": { "type": "Point", "coordinates": [ 12.543678031207284, 51.00587467436015 ] } },
{ "type": "Feature", "properties": { "Tnr": 53049, "mitRand": 0, "AnzHBbeg": 4, "pHaupt": 1.0, "poHaupt": 0.0, "pQuerus": 0.0, "pFagus": 0.109, "pFraxinus": 0.0, "pCarpinus": 0.0, "pAcer": 0.0, "pTilia": 0.0, "pRobinia": 0.0, "pUlmus": 0.0, "pCastanea": 0.0, "pOtherLH": 0.0, "pBetula": 0.0, "pAlnus": 0.0, "pPopulus": 0.0, "pSalix": 0.0, "pSorbus": 0.0, "pPrunus": 0.0, "pMalus": 0.0, "pPyrus": 0.0, "pOtherLN": 0.0, "pPicea": 0.629, "pPinus": 0.226, "pAbies": 0.0, "pDouglas": 0.0, "pLarix": 0.036, "pOtherNb": 0.0, "pNoEurop": 0.0, "pNoEuropD": 0.0, "pEurop": 1.0, "pDecid": 0.109, "pConifer": 0.891, "pAll": 1.0, "Cell_id": "4322_3096", "EPSG": 31467, "Netz": 16, "Dichte": 8, "Bl": ";16;" }, "geometry": { "type": "Point", "coordinates": [ 10.021360565769871, 50.97984311257715 ] } },
{ "type": "Feature", "properties": { "Tnr": 53053, "mitRand": 0, "AnzHBbeg": 2, "pHaupt": 1.0, "poHaupt": 0.0, "pQuerus": 0.0, "pFagus": 1.0, "pFraxinus": 0.0, "pCarpinus": 0.0, "pAcer": 0.0, "pTilia": 0.0, "pRobinia": 0.0, "pUlmus": 0.0, "pCastanea": 0.0, "pOtherLH": 0.0, "pBetula": 0.0, "pAlnus": 0.0, "pPopulus": 0.0, "pSalix": 0.0, "pSorbus": 0.0, "pPrunus": 0.0, "pMalus": 0.0, "pPyrus": 0.0, "pOtherLN": 0.0, "pPicea": 0.0, "pPinus": 0.0, "pAbies": 0.0, "pDouglas": 0.0, "pLarix": 0.0, "pOtherNb": 0.0, "pNoEurop": 0.0, "pNoEuropD": 0.0, "pEurop": 1.0, "pDecid": 1.0, "pConifer": 0.0, "pAll": 1.0, "Cell_id": "4330_3096", "EPSG": 31467, "Netz": 16, "Dichte": 8, "Bl": ";16;" }, "geometry": { "type": "Point", "coordinates": [ 10.135276954401068, 50.979770528074141 ] } },
{ "type": "Feature", "properties": { "Tnr": 53055, "mitRand": 1, "AnzHBbeg": 4, "pHaupt": 1.0, "poHaupt": 0.0, "pQuerus": 0.0, "pFagus": 0.818, "pFraxinus": 0.132, "pCarpinus": 0.0, "pAcer": 0.05, "pTilia": 0.0, "pRobinia": 0.0, "pUlmus": 0.0, "pCastanea": 0.0, "pOtherLH": 0.0, "pBetula": 0.0, "pAlnus": 0.0, "pPopulus": 0.0, "pSalix": 0.0, "pSorbus": 0.0, "pPrunus": 0.0, "pMalus": 0.0, "pPyrus": 0.0, "pOtherLN": 0.0, "pPicea": 0.0, "pPinus": 0.0, "pAbies": 0.0, "pDouglas": 0.0, "pLarix": 0.0, "pOtherNb": 0.0, "pNoEurop": 0.0, "pNoEuropD": 0.0, "pEurop": 1.0, "pDecid": 1.0, "pConifer": 0.0, "pAll": 1.0, "Cell_id": "4334_3096", "EPSG": 31467, "Netz": 16, "Dichte": 8, "Bl": ";16;" }, "geometry": { "type": "Point", "coordinates": [ 10.192234174232127, 50.979688080953451 ] } },
{ "type": "Feature", "properties": { "Tnr": 53057, "mitRand": 1, "AnzHBbeg": 4, "pHaupt": 1.0, "poHaupt": 0.0, "pQuerus": 0.061, "pFagus": 0.939, "pFraxinus": 0.0, "pCarpinus": 0.0, "pAcer": 0.0, "pTilia": 0.0, "pRobinia": 0.0, "pUlmus": 0.0, "pCastanea": 0.0, "pOtherLH": 0.0, "pBetula": 0.0, "pAlnus": 0.0, "pPopulus": 0.0, "pSalix": 0.0, "pSorbus": 0.0, "pPrunus": 0.0, "pMalus": 0.0, "pPyrus": 0.0, "pOtherLN": 0.0, "pPicea": 0.0, "pPinus": 0.0, "pAbies": 0.0, "pDouglas": 0.0, "pLarix": 0.0, "pOtherNb": 0.0, "pNoEurop": 0.0, "pNoEuropD": 0.0, "pEurop": 1.0, "pDecid": 1.0, "pConifer": 0.0, "pAll": 1.0, "Cell_id": "4338_3096", "EPSG": 31467, "Netz": 16, "Dichte": 8, "Bl": ";16;" }, "geometry": { "type": "Point", "coordinates": [ 10.249190689754464, 50.979577860621418 ] } },
{ "type": "Feature", "properties": { "Tnr": 53093, "mitRand": 1, "AnzHBbeg": 2, "pHaupt": 1.0, "poHaupt": 0.0, "pQuerus": 0.776, "pFagus": 0.0, "pFraxinus": 0.0, "pCarpinus": 0.0, "pAcer": 0.224, "pTilia": 0.0, "pRobinia": 0.0, "pUlmus": 0.0, "pCastanea": 0.0, "pOtherLH": 0.0, "pBetula": 0.0, "pAlnus": 0.0, "pPopulus": 0.0, "pSalix": 0.0, "pSorbus": 0.0, "pPrunus": 0.0, "pMalus": 0.0, "pPyrus": 0.0, "pOtherLN": 0.0, "pPicea": 0.0, "pPinus": 0.0, "pAbies": 0.0, "pDouglas": 0.0, "pLarix": 0.0, "pOtherNb": 0.0, "pNoEurop": 0.0, "pNoEuropD": 0.0, "pEurop": 1.0, "pDecid": 1.0, "pConifer": 0.0, "pAll": 1.0, "Cell_id": "4409_3097", "EPSG": 31468, "Netz": 16, "Dichte": 8, "Bl": ";16;" }, "geometry": { "type": "Point", "coordinates": [ 11.26028932593117, 50.981980483034413 ] } },
{ "type": "Feature", "properties": { "Tnr": 53109, "mitRand": 1, "AnzHBbeg": 4, "pHaupt": 1.0, "poHaupt": 0.0, "pQuerus": 0.0, "pFagus": 0.281, "pFraxinus": 0.336, "pCarpinus": 0.0, "pAcer": 0.166, "pTilia": 0.216, "pRobinia": 0.0, "pUlmus": 0.0, "pCastanea": 0.0, "pOtherLH": 0.0, "pBetula": 0.0, "pAlnus": 0.0, "pPopulus": 0.0, "pSalix": 0.0, "pSorbus": 0.0, "pPrunus": 0.0, "pMalus": 0.0, "pPyrus": 0.0, "pOtherLN": 0.0, "pPicea": 0.0, "pPinus": 0.0, "pAbies": 0.0, "pDouglas": 0.0, "pLarix": 0.0, "pOtherNb": 0.0, "pNoEurop": 0.0, "pNoEuropD": 0.0, "pEurop": 1.0, "pDecid": 1.0, "pConifer": 0.0, "pAll": 1.0, "Cell_id": "4441_3098", "EPSG": 31468, "Netz": 16, "Dichte": 8, "Bl": ";16;" }, "geometry": { "type": "Point", "coordinates": [ 11.716181635191541, 50.985117744636895 ] } },
{ "type": "Feature", "properties": { "Tnr": 53115, "mitRand": 1, "AnzHBbeg": 1, "pHaupt": 1.0, "poHaupt": 0.0, "pQuerus": 0.0, "pFagus": 0.0, "pFraxinus": 0.0, "pCarpinus": 0.0, "pAcer": 0.0, "pTilia": 0.0, "pRobinia": 0.0, "pUlmus": 0.0, "pCastanea": 0.0, "pOtherLH": 0.0, "pBetula": 1.0, "pAlnus": 0.0, "pPopulus": 0.0, "pSalix": 0.0, "pSorbus": 0.0, "pPrunus": 0.0, "pMalus": 0.0, "pPyrus": 0.0, "pOtherLN": 0.0, "pPicea": 0.0, "pPinus": 0.0, "pAbies": 0.0, "pDouglas": 0.0, "pLarix": 0.0, "pOtherNb": 0.0, "pNoEurop": 0.0, "pNoEuropD": 0.0, "pEurop": 1.0, "pDecid": 1.0, "pConifer": 0.0, "pAll": 1.0, "Cell_id": "4453_3099", "EPSG": 31468, "Netz": 16, "Dichte": 8, "Bl": ";16;" }, "geometry": { "type": "Point", "coordinates": [ 11.887379155786963, 50.991446278773864 ] } },
{ "type": "Feature", "properties": { "Tnr": 53129, "mitRand": 1, "AnzHBbeg": 1, "pHaupt": 1.0, "poHaupt": 0.0, "pQuerus": 0.0, "pFagus": 0.0, "pFraxinus": 0.0, "pCarpinus": 0.0, "pAcer": 0.0, "pTilia": 0.0, "pRobinia": 0.0, "pUlmus": 0.0, "pCastanea": 0.0, "pOtherLH": 0.0, "pBetula": 0.466, "pAlnus": 0.0, "pPopulus": 0.226, "pSalix": 0.308, "pSorbus": 0.0, "pPrunus": 0.0, "pMalus": 0.0, "pPyrus": 0.0, "pOtherLN": 0.0, "pPicea": 0.0, "pPinus": 0.0, "pAbies": 0.0, "pDouglas": 0.0, "pLarix": 0.0, "pOtherNb": 0.0, "pNoEurop": 0.0, "pNoEuropD": 0.0, "pEurop": 1.0, "pDecid": 1.0, "pConifer": 0.0, "pAll": 1.0, "Cell_id": "4481_3099", "EPSG": 31468, "Netz": 16, "Dichte": 8, "Bl": ";16;" }, "geometry": { "type": "Point", "coordinates": [ 12.286003677863262, 50.984264091435648 ] } },
{ "type": "Feature", "properties": { "Tnr": 53139, "mitRand": 1, "AnzHBbeg": 1, "pHaupt": 1.0, "poHaupt": 0.0, "pQuerus": 0.162, "pFagus": 0.0, "pFraxinus": 0.0, "pCarpinus": 0.0, "pAcer": 0.0, "pTilia": 0.0, "pRobinia": 0.0, "pUlmus": 0.0, "pCastanea": 0.0, "pOtherLH": 0.0, "pBetula": 0.0, "pAlnus": 0.0, "pPopulus": 0.0, "pSalix": 0.0, "pSorbus": 0.0, "pPrunus": 0.0, "pMalus": 0.0, "pPyrus": 0.0, "pOtherLN": 0.0, "pPicea": 0.0, "pPinus": 0.0, "pAbies": 0.0, "pDouglas": 0.0, "pLarix": 0.838, "pOtherNb": 0.0, "pNoEurop": 0.162, "pNoEuropD": 0.162, "pEurop": 0.838, "pDecid": 0.162, "pConifer": 0.838, "pAll": 1.0, "Cell_id": "4501_3100", "EPSG": 31468, "Netz": 16, "Dichte": 8, "Bl": ";16;" }, "geometry": { "type": "Point", "coordinates": [ 12.571167234802903, 50.98727628264178 ] } },
{ "type": "Feature", "properties": { "Tnr": 53220, "mitRand": 0, "AnzHBbeg": 1, "pHaupt": 1.0, "poHaupt": 0.0, "pQuerus": 0.0, "pFagus": 0.284, "pFraxinus": 0.0, "pCarpinus": 0.12, "pAcer": 0.596, "pTilia": 0.0, "pRobinia": 0.0, "pUlmus": 0.0, "pCastanea": 0.0, "pOtherLH": 0.0, "pBetula": 0.0, "pAlnus": 0.0, "pPopulus": 0.0, "pSalix": 0.0, "pSorbus": 0.0, "pPrunus": 0.0, "pMalus": 0.0, "pPyrus": 0.0, "pOtherLN": 0.0, "pPicea": 0.0, "pPinus": 0.0, "pAbies": 0.0, "pDouglas": 0.0, "pLarix": 0.0, "pOtherNb": 0.0, "pNoEurop": 0.0, "pNoEuropD": 0.0, "pEurop": 1.0, "pDecid": 1.0, "pConifer": 0.0, "pAll": 1.0, "Cell_id": "4336_3094", "EPSG": 31467, "Netz": 8, "Dichte": 8, "Bl": ";16;" }, "geometry": { "type": "Point", "coordinates": [ 10.220625320013328, 50.961658701948195 ] } },
{ "type": "Feature", "properties": { "Tnr": 53222, "mitRand": 1, "AnzHBbeg": 3, "pHaupt": 1.0, "poHaupt": 0.0, "pQuerus": 0.0, "pFagus": 0.333, "pFraxinus": 0.0, "pCarpinus": 0.0, "pAcer": 0.0, "pTilia": 0.0, "pRobinia": 0.0, "pUlmus": 0.0, "pCastanea": 0.0, "pOtherLH": 0.0, "pBetula": 0.0, "pAlnus": 0.0, "pPopulus": 0.0, "pSalix": 0.0, "pSorbus": 0.0, "pPrunus": 0.0, "pMalus": 0.0, "pPyrus": 0.0, "pOtherLN": 0.0, "pPicea": 0.0, "pPinus": 0.38, "pAbies": 0.0, "pDouglas": 0.0, "pLarix": 0.287, "pOtherNb": 0.0, "pNoEurop": 0.0, "pNoEuropD": 0.0, "pEurop": 1.0, "pDecid": 0.333, "pConifer": 0.667, "pAll": 1.0, "Cell_id": "4340_3094", "EPSG": 31467, "Netz": 8, "Dichte": 8, "Bl": ";16;" }, "geometry": { "type": "Point", "coordinates": [ 10.277559464122074, 50.961534797778384 ] } },
{ "type": "Feature", "properties": { "Tnr": 53224, "mitRand": 0, "AnzHBbeg": 2, "pHaupt": 1.0, "poHaupt": 0.0, "pQuerus": 0.372, "pFagus": 0.267, "pFraxinus": 0.116, "pCarpinus": 0.0, "pAcer": 0.124, "pTilia": 0.0, "pRobinia": 0.0, "pUlmus": 0.0, "pCastanea": 0.0, "pOtherLH": 0.0, "pBetula": 0.0, "pAlnus": 0.0, "pPopulus": 0.0, "pSalix": 0.0, "pSorbus": 0.0, "pPrunus": 0.122, "pMalus": 0.0, "pPyrus": 0.0, "pOtherLN": 0.0, "pPicea": 0.0, "pPinus": 0.0, "pAbies": 0.0, "pDouglas": 0.0, "pLarix": 0.0, "pOtherNb": 0.0, "pNoEurop": 0.0, "pNoEuropD": 0.0, "pEurop": 1.0, "pDecid": 1.0, "pConifer": 0.0, "pAll": 1.0, "Cell_id": "4344_3094", "EPSG": 31467, "Netz": 8, "Dichte": 8, "Bl": ";16;" }, "geometry": { "type": "Point", "coordinates": [ 10.33449276934893, 50.961383139313767 ] } },
{ "type": "Feature", "properties": { "Tnr": 53226, "mitRand": 1, "AnzHBbeg": 3, "pHaupt": 1.0, "poHaupt": 0.0, "pQuerus": 0.0, "pFagus": 0.06, "pFraxinus": 0.11, "pCarpinus": 0.037, "pAcer": 0.0, "pTilia": 0.0, "pRobinia": 0.0, "pUlmus": 0.0, "pCastanea": 0.0, "pOtherLH": 0.0, "pBetula": 0.0, "pAlnus": 0.0, "pPopulus": 0.0, "pSalix": 0.0, "pSorbus": 0.123, "pPrunus": 0.0, "pMalus": 0.0, "pPyrus": 0.0, "pOtherLN": 0.0, "pPicea": 0.102, "pPinus": 0.567, "pAbies": 0.0, "pDouglas": 0.0, "pLarix": 0.0, "pOtherNb": 0.0, "pNoEurop": 0.0, "pNoEuropD": 0.0, "pEurop": 1.0, "pDecid": 0.331, "pConifer": 0.669, "pAll": 1.0, "Cell_id": "4348_3094", "EPSG": 31467, "Netz": 8, "Dichte": 8, "Bl": ";16;" }, "geometry": { "type": "Point", "coordinates": [ 10.391425145505616, 50.961203727499608 ] } },
{ "type": "Feature", "properties": { "Tnr": 53228, "mitRand": 1, "AnzHBbeg": 4, "pHaupt": 1.0, "poHaupt": 0.0, "pQuerus": 0.041, "pFagus": 0.545, "pFraxinus": 0.039, "pCarpinus": 0.032, "pAcer": 0.171, "pTilia": 0.133, "pRobinia": 0.0, "pUlmus": 0.039, "pCastanea": 0.0, "pOtherLH": 0.0, "pBetula": 0.0, "pAlnus": 0.0, "pPopulus": 0.0, "pSalix": 0.0, "pSorbus": 0.0, "pPrunus": 0.0, "pMalus": 0.0, "pPyrus": 0.0, "pOtherLN": 0.0, "pPicea": 0.0, "pPinus": 0.0, "pAbies": 0.0, "pDouglas": 0.0, "pLarix": 0.0, "pOtherNb": 0.0, "pNoEurop": 0.0, "pNoEuropD": 0.0, "pEurop": 1.0, "pDecid": 1.0, "pConifer": 0.0, "pAll": 1.0, "Cell_id": "4352_3094", "EPSG": 31467, "Netz": 8, "Dichte": 8, "Bl": ";16;" }, "geometry": { "type": "Point", "coordinates": [ 10.448356502411858, 50.960996563384768 ] } },
{ "type": "Feature", "properties": { "Tnr": 53232, "mitRand": 1, "AnzHBbeg": 1, "pHaupt": 1.0, "poHaupt": 0.0, "pQuerus": 0.335, "pFagus": 0.0, "pFraxinus": 0.665, "pCarpinus": 0.0, "pAcer": 0.0, "pTilia": 0.0, "pRobinia": 0.0, "pUlmus": 0.0, "pCastanea": 0.0, "pOtherLH": 0.0, "pBetula": 0.0, "pAlnus": 0.0, "pPopulus": 0.0, "pSalix": 0.0, "pSorbus": 0.0, "pPrunus": 0.0, "pMalus": 0.0, "pPyrus": 0.0, "pOtherLN": 0.0, "pPicea": 0.0, "pPinus": 0.0, "pAbies": 0.0, "pDouglas": 0.0, "pLarix": 0.0, "pOtherNb": 0.0, "pNoEurop": 0.0, "pNoEuropD": 0.0, "pEurop": 1.0, "pDecid": 1.0, "pConifer": 0.0, "pAll": 1.0, "Cell_id": "4359_3094", "EPSG": 31468, "Netz": 8, "Dichte": 8, "Bl": ";16;" }, "geometry": { "type": "Point", "coordinates": [ 10.547983802615519, 50.960571743551576 ] } },
{ "type": "Feature", "properties": { "Tnr": 53234, "mitRand": 1, "AnzHBbeg": 2, "pHaupt": 1.0, "poHaupt": 0.0, "pQuerus": 0.632, "pFagus": 0.222, "pFraxinus": 0.083, "pCarpinus": 0.0, "pAcer": 0.0, "pTilia": 0.0, "pRobinia": 0.0, "pUlmus": 0.0, "pCastanea": 0.0, "pOtherLH": 0.0, "pBetula": 0.0, "pAlnus": 0.0, "pPopulus": 0.0, "pSalix": 0.0, "pSorbus": 0.0, "pPrunus": 0.063, "pMalus": 0.0, "pPyrus": 0.0, "pOtherLN": 0.0, "pPicea": 0.0, "pPinus": 0.0, "pAbies": 0.0, "pDouglas": 0.0, "pLarix": 0.0, "pOtherNb": 0.0, "pNoEurop": 0.0, "pNoEuropD": 0.0, "pEurop": 1.0, "pDecid": 1.0, "pConifer": 0.0, "pAll": 1.0, "Cell_id": "4363_3094", "EPSG": 31468, "Netz": 8, "Dichte": 8, "Bl": ";16;" }, "geometry": { "type": "Point", "coordinates": [ 10.604911897155459, 50.960288266740392 ] } },
{ "type": "Feature", "properties": { "Tnr": 53236, "mitRand": 1, "AnzHBbeg": 4, "pHaupt": 1.0, "poHaupt": 0.0, "pQuerus": 0.037, "pFagus": 0.5, "pFraxinus": 0.0, "pCarpinus": 0.0, "pAcer": 0.055, "pTilia": 0.0, "pRobinia": 0.0, "pUlmus": 0.0, "pCastanea": 0.0, "pOtherLH": 0.0, "pBetula": 0.0, "pAlnus": 0.0, "pPopulus": 0.0, "pSalix": 0.0, "pSorbus": 0.035, "pPrunus": 0.0, "pMalus": 0.0, "pPyrus": 0.0, "pOtherLN": 0.0, "pPicea": 0.164, "pPinus": 0.0, "pAbies": 0.0, "pDouglas": 0.0, "pLarix": 0.209, "pOtherNb": 0.0, "pNoEurop": 0.0, "pNoEuropD": 0.0, "pEurop": 1.0, "pDecid": 0.627, "pConifer": 0.373, "pAll": 1.0, "Cell_id": "4367_3094", "EPSG": 31468, "Netz": 8, "Dichte": 8, "Bl": ";16;" }, "geometry": { "type": "Point", "coordinates": [ 10.661838634354988, 50.959977042479295 ] } },
{ "type": "Feature", "properties": { "Tnr": 53268, "mitRand": 0, "AnzHBbeg": 1, "pHaupt": 1.0, "poHaupt": 0.0, "pQuerus": 0.225, "pFagus": 0.085, "pFraxinus": 0.206, "pCarpinus": 0.179, "pAcer": 0.0, "pTilia": 0.0, "pRobinia": 0.0, "pUlmus": 0.0, "pCastanea": 0.0, "pOtherLH": 0.0, "pBetula": 0.0, "pAlnus": 0.0, "pPopulus": 0.0, "pSalix": 0.0, "pSorbus": 0.305, "pPrunus": 0.0, "pMalus": 0.0, "pPyrus": 0.0, "pOtherLN": 0.0, "pPicea": 0.0, "pPinus": 0.0, "pAbies": 0.0, "pDouglas": 0.0, "pLarix": 0.0, "pOtherNb": 0.0, "pNoEurop": 0.0, "pNoEuropD": 0.0, "pEurop": 1.0, "pDecid": 1.0, "pConifer": 0.0, "pAll": 1.0, "Cell_id": "4431_3096", "EPSG": 31468, "Netz": 8, "Dichte": 8, "Bl": ";16;" }, "geometry": { "type": "Point", "coordinates": [ 11.573186378967264, 50.969162827919448 ] } },
{ "type": "Feature", "properties": { "Tnr": 53274, "mitRand": 1, "AnzHBbeg": 3, "pHaupt": 1.0, "poHaupt": 0.0, "pQuerus": 0.189, "pFagus": 0.504, "pFraxinus": 0.0, "pCarpinus": 0.0, "pAcer": 0.139, "pTilia": 0.0, "pRobinia": 0.0, "pUlmus": 0.0, "pCastanea": 0.0, "pOtherLH": 0.0, "pBetula": 0.0, "pAlnus": 0.0, "pPopulus": 0.0, "pSalix": 0.0, "pSorbus": 0.168, "pPrunus": 0.0, "pMalus": 0.0, "pPyrus": 0.0, "pOtherLN": 0.0, "pPicea": 0.0, "pPinus": 0.0, "pAbies": 0.0, "pDouglas": 0.0, "pLarix": 0.0, "pOtherNb": 0.0, "pNoEurop": 0.0, "pNoEuropD": 0.0, "pEurop": 1.0, "pDecid": 1.0, "pConifer": 0.0, "pAll": 1.0, "Cell_id": "4443_3096", "EPSG": 31468, "Netz": 8, "Dichte": 8, "Bl": ";16;" }, "geometry": { "type": "Point", "coordinates": [ 11.743983232013854, 50.966719071928587 ] } },
{ "type": "Feature", "properties": { "Tnr": 53280, "mitRand": 0, "AnzHBbeg": 2, "pHaupt": 1.0, "poHaupt": 0.0, "pQuerus": 0.695, "pFagus": 0.145, "pFraxinus": 0.0, "pCarpinus": 0.104, "pAcer": 0.056, "pTilia": 0.0, "pRobinia": 0.0, "pUlmus": 0.0, "pCastanea": 0.0, "pOtherLH": 0.0, "pBetula": 0.0, "pAlnus": 0.0, "pPopulus": 0.0, "pSalix": 0.0, "pSorbus": 0.0, "pPrunus": 0.0, "pMalus": 0.0, "pPyrus": 0.0, "pOtherLN": 0.0, "pPicea": 0.0, "pPinus": 0.0, "pAbies": 0.0, "pDouglas": 0.0, "pLarix": 0.0, "pOtherNb": 0.0, "pNoEurop": 0.0, "pNoEuropD": 0.0, "pEurop": 1.0, "pDecid": 1.0, "pConifer": 0.0, "pAll": 1.0, "Cell_id": "4455_3097", "EPSG": 31468, "Netz": 8, "Dichte": 8, "Bl": ";16;" }, "geometry": { "type": "Point", "coordinates": [ 11.915115016946988, 50.973007912006821 ] } },
{ "type": "Feature", "properties": { "Tnr": 53284, "mitRand": 1, "AnzHBbeg": 4, "pHaupt": 1.0, "poHaupt": 0.0, "pQuerus": 0.32, "pFagus": 0.0, "pFraxinus": 0.0, "pCarpinus": 0.0, "pAcer": 0.0, "pTilia": 0.0, "pRobinia": 0.0, "pUlmus": 0.0, "pCastanea": 0.0, "pOtherLH": 0.0, "pBetula": 0.099, "pAlnus": 0.0, "pPopulus": 0.0, "pSalix": 0.0, "pSorbus": 0.0, "pPrunus": 0.0, "pMalus": 0.0, "pPyrus": 0.0, "pOtherLN": 0.0, "pPicea": 0.462, "pPinus": 0.119, "pAbies": 0.0, "pDouglas": 0.0, "pLarix": 0.0, "pOtherNb": 0.0, "pNoEurop": 0.0, "pNoEuropD": 0.0, "pEurop": 1.0, "pDecid": 0.419, "pConifer": 0.581, "pAll": 1.0, "Cell_id": "4463_3097", "EPSG": 31468, "Netz": 8, "Dichte": 8, "Bl": ";16;" }, "geometry": { "type": "Point", "coordinates": [ 12.028974717388467, 50.971069711749408 ] } },
{ "type": "Feature", "properties": { "Tnr": 53291, "mitRand": 0, "AnzHBbeg": 1, "pHaupt": 1.0, "poHaupt": 0.0, "pQuerus": 0.0, "pFagus": 0.0, "pFraxinus": 0.0, "pCarpinus": 0.0, "pAcer": 0.0, "pTilia": 0.0, "pRobinia": 0.0, "pUlmus": 0.0, "pCastanea": 0.0, "pOtherLH": 0.0, "pBetula": 0.0, "pAlnus": 0.0, "pPopulus": 0.0, "pSalix": 0.0, "pSorbus": 0.0, "pPrunus": 0.0, "pMalus": 0.0, "pPyrus": 0.0, "pOtherLN": 0.0, "pPicea": 0.0, "pPinus": 1.0, "pAbies": 0.0, "pDouglas": 0.0, "pLarix": 0.0, "pOtherNb": 0.0, "pNoEurop": 0.0, "pNoEuropD": 0.0, "pEurop": 1.0, "pDecid": 0.0, "pConifer": 1.0, "pAll": 1.0, "Cell_id": "4477_3097", "EPSG": 31468, "Netz": 4, "Dichte": 4, "Bl": ";15;" }, "geometry": { "type": "Point", "coordinates": [ 12.228207905914863, 50.967408329101517 ] } },
{ "type": "Feature", "properties": { "Tnr": 53302, "mitRand": 0, "AnzHBbeg": 4, "pHaupt": 1.0, "poHaupt": 0.0, "pQuerus": 0.555, "pFagus": 0.0, "pFraxinus": 0.0, "pCarpinus": 0.0, "pAcer": 0.0, "pTilia": 0.282, "pRobinia": 0.0, "pUlmus": 0.0, "pCastanea": 0.0, "pOtherLH": 0.0, "pBetula": 0.0, "pAlnus": 0.0, "pPopulus": 0.0, "pSalix": 0.0, "pSorbus": 0.0, "pPrunus": 0.0, "pMalus": 0.0, "pPyrus": 0.0, "pOtherLN": 0.0, "pPicea": 0.0, "pPinus": 0.0, "pAbies": 0.0, "pDouglas": 0.0, "pLarix": 0.163, "pOtherNb": 0.0, "pNoEurop": 0.296, "pNoEuropD": 0.296, "pEurop": 0.704, "pDecid": 0.837, "pConifer": 0.163, "pAll": 1.0, "Cell_id": "4499_3098", "EPSG": 31468, "Netz": 8, "Dichte": 8, "Bl": ";16;" }, "geometry": { "type": "Point", "coordinates": [ 12.541707727261958, 50.969937749229253 ] } },
{ "type": "Feature", "properties": { "Tnr": 53385, "mitRand": 1, "AnzHBbeg": 1, "pHaupt": 1.0, "poHaupt": 0.0, "pQuerus": 0.0, "pFagus": 1.0, "pFraxinus": 0.0, "pCarpinus": 0.0, "pAcer": 0.0, "pTilia": 0.0, "pRobinia": 0.0, "pUlmus": 0.0, "pCastanea": 0.0, "pOtherLH": 0.0, "pBetula": 0.0, "pAlnus": 0.0, "pPopulus": 0.0, "pSalix": 0.0, "pSorbus": 0.0, "pPrunus": 0.0, "pMalus": 0.0, "pPyrus": 0.0, "pOtherLN": 0.0, "pPicea": 0.0, "pPinus": 0.0, "pAbies": 0.0, "pDouglas": 0.0, "pLarix": 0.0, "pOtherNb": 0.0, "pNoEurop": 0.0, "pNoEuropD": 0.0, "pEurop": 1.0, "pDecid": 1.0, "pConifer": 0.0, "pAll": 1.0, "Cell_id": "4338_3092", "EPSG": 31467, "Netz": 256, "Dichte": 8, "Bl": ";16;" }, "geometry": { "type": "Point", "coordinates": [ 10.248994491273598, 50.943622522968745 ] } },
{ "type": "Feature", "properties": { "Tnr": 53387, "mitRand": 1, "AnzHBbeg": 4, "pHaupt": 1.0, "poHaupt": 0.0, "pQuerus": 0.034, "pFagus": 0.508, "pFraxinus": 0.0, "pCarpinus": 0.207, "pAcer": 0.0, "pTilia": 0.0, "pRobinia": 0.0, "pUlmus": 0.0, "pCastanea": 0.0, "pOtherLH": 0.0, "pBetula": 0.0, "pAlnus": 0.0, "pPopulus": 0.0, "pSalix": 0.0, "pSorbus": 0.0, "pPrunus": 0.0, "pMalus": 0.0, "pPyrus": 0.0, "pOtherLN": 0.0, "pPicea": 0.03, "pPinus": 0.174, "pAbies": 0.0, "pDouglas": 0.0, "pLarix": 0.046, "pOtherNb": 0.0, "pNoEurop": 0.0, "pNoEuropD": 0.0, "pEurop": 1.0, "pDecid": 0.75, "pConifer": 0.25, "pAll": 1.0, "Cell_id": "4342_3092", "EPSG": 31467, "Netz": 16, "Dichte": 8, "Bl": ";16;" }, "geometry": { "type": "Point", "coordinates": [ 10.305906264811897, 50.943484952797199 ] } },
{ "type": "Feature", "properties": { "Tnr": 53389, "mitRand": 1, "AnzHBbeg": 2, "pHaupt": 1.0, "poHaupt": 0.0, "pQuerus": 0.0, "pFagus": 0.0, "pFraxinus": 0.0, "pCarpinus": 0.0, "pAcer": 0.0, "pTilia": 0.0, "pRobinia": 0.0, "pUlmus": 0.0, "pCastanea": 0.0, "pOtherLH": 0.0, "pBetula": 0.0, "pAlnus": 0.0, "pPopulus": 0.0, "pSalix": 0.0, "pSorbus": 0.0, "pPrunus": 0.0, "pMalus": 0.0, "pPyrus": 0.0, "pOtherLN": 0.0, "pPicea": 0.5, "pPinus": 0.201, "pAbies": 0.0, "pDouglas": 0.0, "pLarix": 0.299, "pOtherNb": 0.0, "pNoEurop": 0.0, "pNoEuropD": 0.0, "pEurop": 1.0, "pDecid": 0.0, "pConifer": 1.0, "pAll": 1.0, "Cell_id": "4346_3092", "EPSG": 31467, "Netz": 64, "Dichte": 8, "Bl": ";16;" }, "geometry": { "type": "Point", "coordinates": [ 10.362817155337009, 50.9433196464676 ] } },
{ "type": "Feature", "properties": { "Tnr": 53413, "mitRand": 0, "AnzHBbeg": 4, "pHaupt": 1.0, "poHaupt": 0.0, "pQuerus": 0.395, "pFagus": 0.195, "pFraxinus": 0.049, "pCarpinus": 0.135, "pAcer": 0.152, "pTilia": 0.075, "pRobinia": 0.0, "pUlmus": 0.0, "pCastanea": 0.0, "pOtherLH": 0.0, "pBetula": 0.0, "pAlnus": 0.0, "pPopulus": 0.0, "pSalix": 0.0, "pSorbus": 0.0, "pPrunus": 0.0, "pMalus": 0.0, "pPyrus": 0.0, "pOtherLN": 0.0, "pPicea": 0.0, "pPinus": 0.0, "pAbies": 0.0, "pDouglas": 0.0, "pLarix": 0.0, "pOtherNb": 0.0, "pNoEurop": 0.0, "pNoEuropD": 0.0, "pEurop": 1.0, "pDecid": 1.0, "pConifer": 0.0, "pAll": 1.0, "Cell_id": "4393_3093", "EPSG": 31468, "Netz": 16, "Dichte": 8, "Bl": ";16;" }, "geometry": { "type": "Point", "coordinates": [ 11.031672506017715, 50.94828139300563 ] } },
{ "type": "Feature", "properties": { "Tnr": 53441, "mitRand": 0, "AnzHBbeg": 1, "pHaupt": 1.0, "poHaupt": 0.0, "pQuerus": 0.464, "pFagus": 0.0, "pFraxinus": 0.0, "pCarpinus": 0.0, "pAcer": 0.141, "pTilia": 0.081, "pRobinia": 0.0, "pUlmus": 0.0, "pCastanea": 0.0, "pOtherLH": 0.0, "pBetula": 0.0, "pAlnus": 0.0, "pPopulus": 0.172, "pSalix": 0.0, "pSorbus": 0.142, "pPrunus": 0.0, "pMalus": 0.0, "pPyrus": 0.0, "pOtherLN": 0.0, "pPicea": 0.0, "pPinus": 0.0, "pAbies": 0.0, "pDouglas": 0.0, "pLarix": 0.0, "pOtherNb": 0.0, "pNoEurop": 0.0, "pNoEuropD": 0.0, "pEurop": 1.0, "pDecid": 1.0, "pConifer": 0.0, "pAll": 1.0, "Cell_id": "4449_3094", "EPSG": 31468, "Netz": 16, "Dichte": 8, "Bl": ";16;" }, "geometry": { "type": "Point", "coordinates": [ 11.828655543040094, 50.947425065366147 ] } },
{ "type": "Feature", "properties": { "Tnr": 53443, "mitRand": 1, "AnzHBbeg": 3, "pHaupt": 1.0, "poHaupt": 0.0, "pQuerus": 0.625, "pFagus": 0.137, "pFraxinus": 0.0, "pCarpinus": 0.021, "pAcer": 0.022, "pTilia": 0.0, "pRobinia": 0.0, "pUlmus": 0.0, "pCastanea": 0.0, "pOtherLH": 0.0, "pBetula": 0.056, "pAlnus": 0.0, "pPopulus": 0.0, "pSalix": 0.0, "pSorbus": 0.0, "pPrunus": 0.0, "pMalus": 0.0, "pPyrus": 0.0, "pOtherLN": 0.0, "pPicea": 0.14, "pPinus": 0.0, "pAbies": 0.0, "pDouglas": 0.0, "pLarix": 0.0, "pOtherNb": 0.0, "pNoEurop": 0.0, "pNoEuropD": 0.0, "pEurop": 1.0, "pDecid": 0.86, "pConifer": 0.14, "pAll": 1.0, "Cell_id": "4453_3095", "EPSG": 31468, "Netz": 256, "Dichte": 8, "Bl": ";16;" }, "geometry": { "type": "Point", "coordinates": [ 11.885917231680391, 50.955499422529094 ] } },
{ "type": "Feature", "properties": { "Tnr": 53445, "mitRand": 1, "AnzHBbeg": 2, "pHaupt": 1.0, "poHaupt": 0.0, "pQuerus": 0.272, "pFagus": 0.0, "pFraxinus": 0.036, "pCarpinus": 0.0, "pAcer": 0.174, "pTilia": 0.046, "pRobinia": 0.0, "pUlmus": 0.0, "pCastanea": 0.0, "pOtherLH": 0.0, "pBetula": 0.0, "pAlnus": 0.0, "pPopulus": 0.472, "pSalix": 0.0, "pSorbus": 0.0, "pPrunus": 0.0, "pMalus": 0.0, "pPyrus": 0.0, "pOtherLN": 0.0, "pPicea": 0.0, "pPinus": 0.0, "pAbies": 0.0, "pDouglas": 0.0, "pLarix": 0.0, "pOtherNb": 0.0, "pNoEurop": 0.0, "pNoEuropD": 0.0, "pEurop": 1.0, "pDecid": 1.0, "pConifer": 0.0, "pAll": 1.0, "Cell_id": "4457_3095", "EPSG": 31468, "Netz": 16, "Dichte": 8, "Bl": ";16;" }, "geometry": { "type": "Point", "coordinates": [ 11.94282892506903, 50.954563268160285 ] } },
{ "type": "Feature", "properties": { "Tnr": 53447, "mitRand": 0, "AnzHBbeg": 1, "pHaupt": 1.0, "poHaupt": 0.0, "pQuerus": 0.0, "pFagus": 0.0, "pFraxinus": 0.0, "pCarpinus": 0.0, "pAcer": 0.619, "pTilia": 0.0, "pRobinia": 0.0, "pUlmus": 0.0, "pCastanea": 0.0, "pOtherLH": 0.0, "pBetula": 0.0, "pAlnus": 0.0, "pPopulus": 0.0, "pSalix": 0.0, "pSorbus": 0.0, "pPrunus": 0.381, "pMalus": 0.0, "pPyrus": 0.0, "pOtherLN": 0.0, "pPicea": 0.0, "pPinus": 0.0, "pAbies": 0.0, "pDouglas": 0.0, "pLarix": 0.0, "pOtherNb": 0.0, "pNoEurop": 0.0, "pNoEuropD": 0.0, "pEurop": 1.0, "pDecid": 1.0, "pConifer": 0.0, "pAll": 1.0, "Cell_id": "4461_3095", "EPSG": 31468, "Netz": 64, "Dichte": 8, "Bl": ";16;" }, "geometry": { "type": "Point", "coordinates": [ 11.99973656291378, 50.953590416854041 ] } },
{ "type": "Feature", "properties": { "Tnr": 53546, "mitRand": 1, "AnzHBbeg": 2, "pHaupt": 1.0, "poHaupt": 0.0, "pQuerus": 0.343, "pFagus": 0.5, "pFraxinus": 0.0, "pCarpinus": 0.0, "pAcer": 0.0, "pTilia": 0.0, "pRobinia": 0.0, "pUlmus": 0.0, "pCastanea": 0.0, "pOtherLH": 0.0, "pBetula": 0.0, "pAlnus": 0.0, "pPopulus": 0.0, "pSalix": 0.0, "pSorbus": 0.0, "pPrunus": 0.0, "pMalus": 0.0, "pPyrus": 0.0, "pOtherLN": 0.0, "pPicea": 0.0, "pPinus": 0.157, "pAbies": 0.0, "pDouglas": 0.0, "pLarix": 0.0, "pOtherNb": 0.0, "pNoEurop": 0.0, "pNoEuropD": 0.0, "pEurop": 1.0, "pDecid": 0.843, "pConifer": 0.157, "pAll": 1.0, "Cell_id": "4324_3090", "EPSG": 31467, "Netz": 8, "Dichte": 8, "Bl": ";16;" }, "geometry": { "type": "Point", "coordinates": [ 10.049790642186313, 50.925898117843872 ] } },
{ "type": "Feature", "properties": { "Tnr": 53550, "mitRand": 1, "AnzHBbeg": 2, "pHaupt": 1.0, "poHaupt": 0.0, "pQuerus": 0.0, "pFagus": 0.0, "pFraxinus": 0.0, "pCarpinus": 0.0, "pAcer": 0.0, "pTilia": 0.0, "pRobinia": 0.0, "pUlmus": 0.0, "pCastanea": 0.0, "pOtherLH": 0.0, "pBetula": 0.0, "pAlnus": 0.0, "pPopulus": 0.134, "pSalix": 0.0, "pSorbus": 0.0, "pPrunus": 0.0, "pMalus": 0.0, "pPyrus": 0.0, "pOtherLN": 0.0, "pPicea": 0.115, "pPinus": 0.751, "pAbies": 0.0, "pDouglas": 0.0, "pLarix": 0.0, "pOtherNb": 0.0, "pNoEurop": 0.0, "pNoEuropD": 0.0, "pEurop": 1.0, "pDecid": 0.134, "pConifer": 0.866, "pAll": 1.0, "Cell_id": "4332_3090", "EPSG": 31467, "Netz": 8, "Dichte": 8, "Bl": ";16;" }, "geometry": { "type": "Point", "coordinates": [ 10.163560481933017, 50.925798836277217 ] } },
{ "type": "Feature", "properties": { "Tnr": 53554, "mitRand": 1, "AnzHBbeg": 3, "pHaupt": 1.0, "poHaupt": 0.0, "pQuerus": 0.0, "pFagus": 0.667, "pFraxinus": 0.0, "pCarpinus": 0.0, "pAcer": 0.0, "pTilia": 0.0, "pRobinia": 0.0, "pUlmus": 0.0, "pCastanea": 0.0, "pOtherLH": 0.0, "pBetula": 0.0, "pAlnus": 0.0, "pPopulus": 0.0, "pSalix": 0.0, "pSorbus": 0.0, "pPrunus": 0.0, "pMalus": 0.0, "pPyrus": 0.0, "pOtherLN": 0.0, "pPicea": 0.333, "pPinus": 0.0, "pAbies": 0.0, "pDouglas": 0.0, "pLarix": 0.0, "pOtherNb": 0.0, "pNoEurop": 0.0, "pNoEuropD": 0.0, "pEurop": 1.0, "pDecid": 0.667, "pConifer": 0.333, "pAll": 1.0, "Cell_id": "4340_3090", "EPSG": 31467, "Netz": 8, "Dichte": 8, "Bl": ";16;" }, "geometry": { "type": "Point", "coordinates": [ 10.277341710952983, 50.925579557285147 ] } },
{ "type": "Feature", "properties": { "Tnr": 53556, "mitRand": 1, "AnzHBbeg": 4, "pHaupt": 1.0, "poHaupt": 0.0, "pQuerus": 0.0, "pFagus": 0.238, "pFraxinus": 0.0, "pCarpinus": 0.0, "pAcer": 0.0, "pTilia": 0.0, "pRobinia": 0.0, "pUlmus": 0.0, "pCastanea": 0.0, "pOtherLH": 0.0, "pBetula": 0.25, "pAlnus": 0.0, "pPopulus": 0.0, "pSalix": 0.0, "pSorbus": 0.012, "pPrunus": 0.0, "pMalus": 0.0, "pPyrus": 0.0, "pOtherLN": 0.0, "pPicea": 0.338, "pPinus": 0.041, "pAbies": 0.0, "pDouglas": 0.0, "pLarix": 0.122, "pOtherNb": 0.0, "pNoEurop": 0.0, "pNoEuropD": 0.0, "pEurop": 1.0, "pDecid": 0.5, "pConifer": 0.5, "pAll": 1.0, "Cell_id": "4344_3090", "EPSG": 31467, "Netz": 8, "Dichte": 8, "Bl": ";16;" }, "geometry": { "type": "Point", "coordinates": [ 10.334231114822988, 50.925428338939739 ] } },
{ "type": "Feature", "properties": { "Tnr": 53558, "mitRand": 1, "AnzHBbeg": 1, "pHaupt": 1.0, "poHaupt": 0.0, "pQuerus": 0.0, "pFagus": 0.0, "pFraxinus": 0.444, "pCarpinus": 0.0, "pAcer": 0.556, "pTilia": 0.0, "pRobinia": 0.0, "pUlmus": 0.0, "pCastanea": 0.0, "pOtherLH": 0.0, "pBetula": 0.0, "pAlnus": 0.0, "pPopulus": 0.0, "pSalix": 0.0, "pSorbus": 0.0, "pPrunus": 0.0, "pMalus": 0.0, "pPyrus": 0.0, "pOtherLN": 0.0, "pPicea": 0.0, "pPinus": 0.0, "pAbies": 0.0, "pDouglas": 0.0, "pLarix": 0.0, "pOtherNb": 0.0, "pNoEurop": 0.0, "pNoEuropD": 0.0, "pEurop": 1.0, "pDecid": 1.0, "pConifer": 0.0, "pAll": 1.0, "Cell_id": "4348_3090", "EPSG": 31467, "Netz": 8, "Dichte": 8, "Bl": ";16;" }, "geometry": { "type": "Point", "coordinates": [ 10.391119591669858, 50.925249402584271 ] } },
{ "type": "Feature", "properties": { "Tnr": 53560, "mitRand": 1, "AnzHBbeg": 4, "pHaupt": 1.0, "poHaupt": 0.0, "pQuerus": 0.069, "pFagus": 0.073, "pFraxinus": 0.0, "pCarpinus": 0.0, "pAcer": 0.25, "pTilia": 0.0, "pRobinia": 0.0, "pUlmus": 0.0, "pCastanea": 0.0, "pOtherLH": 0.0, "pBetula": 0.25, "pAlnus": 0.0, "pPopulus": 0.0, "pSalix": 0.0, "pSorbus": 0.0, "pPrunus": 0.0, "pMalus": 0.0, "pPyrus": 0.0, "pOtherLN": 0.0, "pPicea": 0.358, "pPinus": 0.0, "pAbies": 0.0, "pDouglas": 0.0, "pLarix": 0.0, "pOtherNb": 0.0, "pNoEurop": 0.0, "pNoEuropD": 0.0, "pEurop": 1.0, "pDecid": 0.642, "pConifer": 0.358, "pAll": 1.0, "Cell_id": "4352_3090", "EPSG": 31467, "Netz": 8, "Dichte": 8, "Bl": ";16;" }, "geometry": { "type": "Point", "coordinates": [ 10.44800705155598, 50.925042749265025 ] } },
{ "type": "Feature", "properties": { "Tnr": 53562, "mitRand": 1, "AnzHBbeg": 4, "pHaupt": 1.0, "poHaupt": 0.0, "pQuerus": 0.025, "pFagus": 0.0, "pFraxinus": 0.0, "pCarpinus": 0.0, "pAcer": 0.0, "pTilia": 0.0, "pRobinia": 0.0, "pUlmus": 0.0, "pCastanea": 0.0, "pOtherLH": 0.0, "pBetula": 0.0, "pAlnus": 0.0, "pPopulus": 0.0, "pSalix": 0.0, "pSorbus": 0.0, "pPrunus": 0.0, "pMalus": 0.0, "pPyrus": 0.0, "pOtherLN": 0.0, "pPicea": 0.845, "pPinus": 0.13, "pAbies": 0.0, "pDouglas": 0.0, "pLarix": 0.0, "pOtherNb": 0.0, "pNoEurop": 0.0, "pNoEuropD": 0.0, "pEurop": 1.0, "pDecid": 0.025, "pConifer": 0.975, "pAll": 1.0, "Cell_id": "4356_3090", "EPSG": 31468, "Netz": 8, "Dichte": 8, "Bl": ";16;" }, "geometry": { "type": "Point", "coordinates": [ 10.504893404552583, 50.924808380131466 ] } },
{ "type": "Feature", "properties": { "Tnr": 53572, "mitRand": 1, "AnzHBbeg": 4, "pHaupt": 0.75, "poHaupt": 0.25, "pQuerus": 0.141, "pFagus": 0.25, "pFraxinus": 0.0, "pCarpinus": 0.0, "pAcer": 0.0, "pTilia": 0.0, "pRobinia": 0.0, "pUlmus": 0.0, "pCastanea": 0.0, "pOtherLH": 0.0, "pBetula": 0.266, "pAlnus": 0.0, "pPopulus": 0.0, "pSalix": 0.0, "pSorbus": 0.08, "pPrunus": 0.0, "pMalus": 0.0, "pPyrus": 0.0, "pOtherLN": 0.0, "pPicea": 0.0, "pPinus": 0.013, "pAbies": 0.0, "pDouglas": 0.0, "pLarix": 0.0, "pOtherNb": 0.0, "pNoEurop": 0.0, "pNoEuropD": 0.0, "pEurop": 0.75, "pDecid": 0.737, "pConifer": 0.013, "pAll": 0.75, "Cell_id": "4375_3090", "EPSG": 31468, "Netz": 8, "Dichte": 8, "Bl": ";16;" }, "geometry": { "type": "Point", "coordinates": [ 10.775099746816979, 50.923311965541942 ] } },
{ "type": "Feature", "properties": { "Tnr": 53584, "mitRand": 1, "AnzHBbeg": 4, "pHaupt": 1.0, "poHaupt": 0.0, "pQuerus": 0.396, "pFagus": 0.429, "pFraxinus": 0.0, "pCarpinus": 0.023, "pAcer": 0.0, "pTilia": 0.152, "pRobinia": 0.0, "pUlmus": 0.0, "pCastanea": 0.0, "pOtherLH": 0.0, "pBetula": 0.0, "pAlnus": 0.0, "pPopulus": 0.0, "pSalix": 0.0, "pSorbus": 0.0, "pPrunus": 0.0, "pMalus": 0.0, "pPyrus": 0.0, "pOtherLN": 0.0, "pPicea": 0.0, "pPinus": 0.0, "pAbies": 0.0, "pDouglas": 0.0, "pLarix": 0.0, "pOtherNb": 0.0, "pNoEurop": 0.0, "pNoEuropD": 0.0, "pEurop": 1.0, "pDecid": 1.0, "pConifer": 0.0, "pAll": 1.0, "Cell_id": "4399_3091", "EPSG": 31468, "Netz": 8, "Dichte": 8, "Bl": ";16;" }, "geometry": { "type": "Point", "coordinates": [ 11.116607060003423, 50.929510567438015 ] } },
{ "type": "Feature", "properties": { "Tnr": 53586, "mitRand": 0, "AnzHBbeg": 4, "pHaupt": 1.0, "poHaupt": 0.0, "pQuerus": 0.125, "pFagus": 0.284, "pFraxinus": 0.044, "pCarpinus": 0.215, "pAcer": 0.0, "pTilia": 0.0, "pRobinia": 0.0, "pUlmus": 0.0, "pCastanea": 0.0, "pOtherLH": 0.0, "pBetula": 0.0, "pAlnus": 0.0, "pPopulus": 0.0, "pSalix": 0.0, "pSorbus": 0.029, "pPrunus": 0.0, "pMalus": 0.0, "pPyrus": 0.0, "pOtherLN": 0.0, "pPicea": 0.111, "pPinus": 0.192, "pAbies": 0.0, "pDouglas": 0.0, "pLarix": 0.0, "pOtherNb": 0.0, "pNoEurop": 0.0, "pNoEuropD": 0.0, "pEurop": 1.0, "pDecid": 0.698, "pConifer": 0.302, "pAll": 1.0, "Cell_id": "4403_3091", "EPSG": 31468, "Netz": 8, "Dichte": 8, "Bl": ";16;" }, "geometry": { "type": "Point", "coordinates": [ 11.173484608650908, 50.928950388240892 ] } },
{ "type": "Feature", "properties": { "Tnr": 53588, "mitRand": 1, "AnzHBbeg": 4, "pHaupt": 1.0, "poHaupt": 0.0, "pQuerus": 0.0, "pFagus": 0.405, "pFraxinus": 0.464, "pCarpinus": 0.02, "pAcer": 0.091, "pTilia": 0.02, "pRobinia": 0.0, "pUlmus": 0.0, "pCastanea": 0.0, "pOtherLH": 0.0, "pBetula": 0.0, "pAlnus": 0.0, "pPopulus": 0.0, "pSalix": 0.0, "pSorbus": 0.0, "pPrunus": 0.0, "pMalus": 0.0, "pPyrus": 0.0, "pOtherLN": 0.0, "pPicea": 0.0, "pPinus": 0.0, "pAbies": 0.0, "pDouglas": 0.0, "pLarix": 0.0, "pOtherNb": 0.0, "pNoEurop": 0.0, "pNoEuropD": 0.0, "pEurop": 1.0, "pDecid": 1.0, "pConifer": 0.0, "pAll": 1.0, "Cell_id": "4407_3091", "EPSG": 31468, "Netz": 8, "Dichte": 8, "Bl": ";16;" }, "geometry": { "type": "Point", "coordinates": [ 11.230374116209072, 50.92836223644268 ] } },
{ "type": "Feature", "properties": { "Tnr": 53592, "mitRand": 0, "AnzHBbeg": 3, "pHaupt": 1.0, "poHaupt": 0.0, "pQuerus": 0.097, "pFagus": 0.0, "pFraxinus": 0.127, "pCarpinus": 0.0, "pAcer": 0.0, "pTilia": 0.0, "pRobinia": 0.0, "pUlmus": 0.0, "pCastanea": 0.0, "pOtherLH": 0.0, "pBetula": 0.0, "pAlnus": 0.0, "pPopulus": 0.0, "pSalix": 0.0, "pSorbus": 0.0, "pPrunus": 0.0, "pMalus": 0.0, "pPyrus": 0.0, "pOtherLN": 0.0, "pPicea": 0.237, "pPinus": 0.539, "pAbies": 0.0, "pDouglas": 0.0, "pLarix": 0.0, "pOtherNb": 0.0, "pNoEurop": 0.0, "pNoEuropD": 0.0, "pEurop": 1.0, "pDecid": 0.225, "pConifer": 0.775, "pAll": 1.0, "Cell_id": "4415_3092", "EPSG": 31468, "Netz": 8, "Dichte": 8, "Bl": ";16;" }, "geometry": { "type": "Point", "coordinates": [ 11.344412686939213, 50.93607895930792 ] } },
{ "type": "Feature", "properties": { "Tnr": 53598, "mitRand": 0, "AnzHBbeg": 1, "pHaupt": 1.0, "poHaupt": 0.0, "pQuerus": 0.0, "pFagus": 0.098, "pFraxinus": 0.15, "pCarpinus": 0.0, "pAcer": 0.0, "pTilia": 0.0, "pRobinia": 0.0, "pUlmus": 0.0, "pCastanea": 0.0, "pOtherLH": 0.0, "pBetula": 0.17, "pAlnus": 0.0, "pPopulus": 0.0, "pSalix": 0.0, "pSorbus": 0.0, "pPrunus": 0.0, "pMalus": 0.0, "pPyrus": 0.0, "pOtherLN": 0.0, "pPicea": 0.0, "pPinus": 0.582, "pAbies": 0.0, "pDouglas": 0.0, "pLarix": 0.0, "pOtherNb": 0.0, "pNoEurop": 0.0, "pNoEuropD": 0.0, "pEurop": 1.0, "pDecid": 0.418, "pConifer": 0.582, "pAll": 1.0, "Cell_id": "4427_3092", "EPSG": 31468, "Netz": 8, "Dichte": 8, "Bl": ";16;" }, "geometry": { "type": "Point", "coordinates": [ 11.5150837051649, 50.933972167457526 ] } },
{ "type": "Feature", "properties": { "Tnr": 53604, "mitRand": 1, "AnzHBbeg": 2, "pHaupt": 1.0, "poHaupt": 0.0, "pQuerus": 0.696, "pFagus": 0.156, "pFraxinus": 0.0, "pCarpinus": 0.028, "pAcer": 0.0, "pTilia": 0.12, "pRobinia": 0.0, "pUlmus": 0.0, "pCastanea": 0.0, "pOtherLH": 0.0, "pBetula": 0.0, "pAlnus": 0.0, "pPopulus": 0.0, "pSalix": 0.0, "pSorbus": 0.0, "pPrunus": 0.0, "pMalus": 0.0, "pPyrus": 0.0, "pOtherLN": 0.0, "pPicea": 0.0, "pPinus": 0.0, "pAbies": 0.0, "pDouglas": 0.0, "pLarix": 0.0, "pOtherNb": 0.0, "pNoEurop": 0.0, "pNoEuropD": 0.0, "pEurop": 1.0, "pDecid": 1.0, "pConifer": 0.0, "pAll": 1.0, "Cell_id": "4439_3092", "EPSG": 31468, "Netz": 8, "Dichte": 8, "Bl": ";16;" }, "geometry": { "type": "Point", "coordinates": [ 11.685743705193103, 50.931615692334667 ] } },
{ "type": "Feature", "properties": { "Tnr": 53608, "mitRand": 0, "AnzHBbeg": 4, "pHaupt": 1.0, "poHaupt": 0.0, "pQuerus": 0.0, "pFagus": 0.0, "pFraxinus": 0.0, "pCarpinus": 0.0, "pAcer": 0.0, "pTilia": 0.0, "pRobinia": 0.0, "pUlmus": 0.0, "pCastanea": 0.0, "pOtherLH": 0.0, "pBetula": 0.0, "pAlnus": 0.0, "pPopulus": 0.0, "pSalix": 0.0, "pSorbus": 0.0, "pPrunus": 0.0, "pMalus": 0.0, "pPyrus": 0.0, "pOtherLN": 0.0, "pPicea": 0.417, "pPinus": 0.583, "pAbies": 0.0, "pDouglas": 0.0, "pLarix": 0.0, "pOtherNb": 0.0, "pNoEurop": 0.0, "pNoEuropD": 0.0, "pEurop": 1.0, "pDecid": 0.0, "pConifer": 1.0, "pAll": 1.0, "Cell_id": "4447_3092", "EPSG": 31468, "Netz": 8, "Dichte": 8, "Bl": ";16;" }, "geometry": { "type": "Point", "coordinates": [ 11.799506379750678, 50.929903091983128 ] } },
{ "type": "Feature", "properties": { "Tnr": 53610, "mitRand": 0, "AnzHBbeg": 4, "pHaupt": 1.0, "poHaupt": 0.0, "pQuerus": 0.0, "pFagus": 0.0, "pFraxinus": 0.0, "pCarpinus": 0.0, "pAcer": 0.0, "pTilia": 0.0, "pRobinia": 0.0, "pUlmus": 0.0, "pCastanea": 0.0, "pOtherLH": 0.0, "pBetula": 0.25, "pAlnus": 0.0, "pPopulus": 0.0, "pSalix": 0.0, "pSorbus": 0.0, "pPrunus": 0.0, "pMalus": 0.0, "pPyrus": 0.0, "pOtherLN": 0.0, "pPicea": 0.374, "pPinus": 0.376, "pAbies": 0.0, "pDouglas": 0.0, "pLarix": 0.0, "pOtherNb": 0.0, "pNoEurop": 0.0, "pNoEuropD": 0.0, "pEurop": 1.0, "pDecid": 0.25, "pConifer": 0.75, "pAll": 1.0, "Cell_id": "4451_3093", "EPSG": 31468, "Netz": 8, "Dichte": 8, "Bl": ";16;" }, "geometry": { "type": "Point", "coordinates": [ 11.85674192986472, 50.937992206487579 ] } },
{ "type": "Feature", "properties": { "Tnr": 53614, "mitRand": 0, "AnzHBbeg": 2, "pHaupt": 1.0, "poHaupt": 0.0, "pQuerus": 0.67, "pFagus": 0.0, "pFraxinus": 0.0, "pCarpinus": 0.0, "pAcer": 0.0, "pTilia": 0.0, "pRobinia": 0.0, "pUlmus": 0.0, "pCastanea": 0.0, "pOtherLH": 0.0, "pBetula": 0.0, "pAlnus": 0.0, "pPopulus": 0.0, "pSalix": 0.0, "pSorbus": 0.0, "pPrunus": 0.0, "pMalus": 0.0, "pPyrus": 0.0, "pOtherLN": 0.0, "pPicea": 0.203, "pPinus": 0.127, "pAbies": 0.0, "pDouglas": 0.0, "pLarix": 0.0, "pOtherNb": 0.0, "pNoEurop": 0.0, "pNoEuropD": 0.0, "pEurop": 1.0, "pDecid": 0.67, "pConifer": 0.33, "pAll": 1.0, "Cell_id": "4459_3093", "EPSG": 31468, "Netz": 8, "Dichte": 8, "Bl": ";16;" }, "geometry": { "type": "Point", "coordinates": [ 11.970520904834364, 50.936112360265788 ] } },
{ "type": "Feature", "properties": { "Tnr": 53714, "mitRand": 0, "AnzHBbeg": 1, "pHaupt": 1.0, "poHaupt": 0.0, "pQuerus": 0.0, "pFagus": 0.0, "pFraxinus": 0.0, "pCarpinus": 0.0, "pAcer": 0.0, "pTilia": 0.0, "pRobinia": 0.0, "pUlmus": 0.0, "pCastanea": 0.0, "pOtherLH": 0.0, "pBetula": 0.0, "pAlnus": 0.0, "pPopulus": 0.0, "pSalix": 0.0, "pSorbus": 0.0, "pPrunus": 0.0, "pMalus": 0.0, "pPyrus": 0.0, "pOtherLN": 0.0, "pPicea": 0.168, "pPinus": 0.11, "pAbies": 0.0, "pDouglas": 0.0, "pLarix": 0.722, "pOtherNb": 0.0, "pNoEurop": 0.0, "pNoEuropD": 0.0, "pEurop": 1.0, "pDecid": 0.0, "pConifer": 1.0, "pAll": 1.0, "Cell_id": "4326_3088", "EPSG": 31467, "Netz": 16, "Dichte": 8, "Bl": ";16;" }, "geometry": { "type": "Point", "coordinates": [ 10.078204955717059, 50.907903077335341 ] } },
{ "type": "Feature", "properties": { "Tnr": 53716, "mitRand": 1, "AnzHBbeg": 4, "pHaupt": 1.0, "poHaupt": 0.0, "pQuerus": 0.0, "pFagus": 0.21, "pFraxinus": 0.0, "pCarpinus": 0.0, "pAcer": 0.0, "pTilia": 0.0, "pRobinia": 0.0, "pUlmus": 0.0, "pCastanea": 0.0, "pOtherLH": 0.0, "pBetula": 0.0, "pAlnus": 0.0, "pPopulus": 0.0, "pSalix": 0.0, "pSorbus": 0.0, "pPrunus": 0.0, "pMalus": 0.0, "pPyrus": 0.0, "pOtherLN": 0.0, "pPicea": 0.134, "pPinus": 0.616, "pAbies": 0.0, "pDouglas": 0.0, "pLarix": 0.04, "pOtherNb": 0.0, "pNoEurop": 0.0, "pNoEuropD": 0.0, "pEurop": 1.0, "pDecid": 0.21, "pConifer": 0.79, "pAll": 1.0, "Cell_id": "4330_3088", "EPSG": 31467, "Netz": 16, "Dichte": 8, "Bl": ";16;" }, "geometry": { "type": "Point", "coordinates": [ 10.135060750533466, 50.90784916849281 ] } },
{ "type": "Feature", "properties": { "Tnr": 53722, "mitRand": 1, "AnzHBbeg": 2, "pHaupt": 1.0, "poHaupt": 0.0, "pQuerus": 0.0, "pFagus": 0.0, "pFraxinus": 0.0, "pCarpinus": 0.0, "pAcer": 0.0, "pTilia": 0.0, "pRobinia": 0.0, "pUlmus": 0.0, "pCastanea": 0.0, "pOtherLH": 0.0, "pBetula": 0.0, "pAlnus": 0.0, "pPopulus": 0.0, "pSalix": 0.0, "pSorbus": 0.0, "pPrunus": 0.0, "pMalus": 0.0, "pPyrus": 0.0, "pOtherLN": 0.0, "pPicea": 0.755, "pPinus": 0.086, "pAbies": 0.0, "pDouglas": 0.0, "pLarix": 0.159, "pOtherNb": 0.0, "pNoEurop": 0.086, "pNoEuropD": 0.086, "pEurop": 0.914, "pDecid": 0.0, "pConifer": 1.0, "pAll": 1.0, "Cell_id": "4342_3088", "EPSG": 31467, "Netz": 16, "Dichte": 8, "Bl": ";16;" }, "geometry": { "type": "Point", "coordinates": [ 10.305667001989894, 50.907529818153364 ] } },
{ "type": "Feature", "properties": { "Tnr": 53724, "mitRand": 1, "AnzHBbeg": 4, "pHaupt": 1.0, "poHaupt": 0.0, "pQuerus": 0.0, "pFagus": 0.275, "pFraxinus": 0.0, "pCarpinus": 0.0, "pAcer": 0.0, "pTilia": 0.0, "pRobinia": 0.0, "pUlmus": 0.0, "pCastanea": 0.0, "pOtherLH": 0.0, "pBetula": 0.045, "pAlnus": 0.0, "pPopulus": 0.0, "pSalix": 0.0, "pSorbus": 0.0, "pPrunus": 0.0, "pMalus": 0.0, "pPyrus": 0.0, "pOtherLN": 0.0, "pPicea": 0.648, "pPinus": 0.0, "pAbies": 0.0, "pDouglas": 0.0, "pLarix": 0.031, "pOtherNb": 0.0, "pNoEurop": 0.0, "pNoEuropD": 0.0, "pEurop": 1.0, "pDecid": 0.32, "pConifer": 0.68, "pAll": 1.0, "Cell_id": "4346_3088", "EPSG": 31467, "Netz": 16, "Dichte": 8, "Bl": ";16;" }, "geometry": { "type": "Point", "coordinates": [ 10.362534037152548, 50.907364969453965 ] } },
{ "type": "Feature", "properties": { "Tnr": 53726, "mitRand": 0, "AnzHBbeg": 1, "pHaupt": 1.0, "poHaupt": 0.0, "pQuerus": 0.0, "pFagus": 1.0, "pFraxinus": 0.0, "pCarpinus": 0.0, "pAcer": 0.0, "pTilia": 0.0, "pRobinia": 0.0, "pUlmus": 0.0, "pCastanea": 0.0, "pOtherLH": 0.0, "pBetula": 0.0, "pAlnus": 0.0, "pPopulus": 0.0, "pSalix": 0.0, "pSorbus": 0.0, "pPrunus": 0.0, "pMalus": 0.0, "pPyrus": 0.0, "pOtherLN": 0.0, "pPicea": 0.0, "pPinus": 0.0, "pAbies": 0.0, "pDouglas": 0.0, "pLarix": 0.0, "pOtherNb": 0.0, "pNoEurop": 0.0, "pNoEuropD": 0.0, "pEurop": 1.0, "pDecid": 1.0, "pConifer": 0.0, "pAll": 1.0, "Cell_id": "4350_3088", "EPSG": 31467, "Netz": 16, "Dichte": 8, "Bl": ";16;" }, "geometry": { "type": "Point", "coordinates": [ 10.419400101403232, 50.907172420903521 ] } },
{ "type": "Feature", "properties": { "Tnr": 53728, "mitRand": 1, "AnzHBbeg": 1, "pHaupt": 1.0, "poHaupt": 0.0, "pQuerus": 0.0, "pFagus": 0.0, "pFraxinus": 0.541, "pCarpinus": 0.0, "pAcer": 0.0, "pTilia": 0.0, "pRobinia": 0.0, "pUlmus": 0.0, "pCastanea": 0.0, "pOtherLH": 0.0, "pBetula": 0.0, "pAlnus": 0.459, "pPopulus": 0.0, "pSalix": 0.0, "pSorbus": 0.0, "pPrunus": 0.0, "pMalus": 0.0, "pPyrus": 0.0, "pOtherLN": 0.0, "pPicea": 0.0, "pPinus": 0.0, "pAbies": 0.0, "pDouglas": 0.0, "pLarix": 0.0, "pOtherNb": 0.0, "pNoEurop": 0.0, "pNoEuropD": 0.0, "pEurop": 1.0, "pDecid": 1.0, "pConifer": 0.0, "pAll": 1.0, "Cell_id": "4354_3088", "EPSG": 31467, "Netz": 16, "Dichte": 8, "Bl": ";16;" }, "geometry": { "type": "Point", "coordinates": [ 10.476265104929634, 50.906952173598526 ] } },
{ "type": "Feature", "properties": { "Tnr": 53748, "mitRand": 1, "AnzHBbeg": 1, "pHaupt": 1.0, "poHaupt": 0.0, "pQuerus": 0.681, "pFagus": 0.0, "pFraxinus": 0.319, "pCarpinus": 0.0, "pAcer": 0.0, "pTilia": 0.0, "pRobinia": 0.0, "pUlmus": 0.0, "pCastanea": 0.0, "pOtherLH": 0.0, "pBetula": 0.0, "pAlnus": 0.0, "pPopulus": 0.0, "pSalix": 0.0, "pSorbus": 0.0, "pPrunus": 0.0, "pMalus": 0.0, "pPyrus": 0.0, "pOtherLN": 0.0, "pPicea": 0.0, "pPinus": 0.0, "pAbies": 0.0, "pDouglas": 0.0, "pLarix": 0.0, "pOtherNb": 0.0, "pNoEurop": 0.0, "pNoEuropD": 0.0, "pEurop": 1.0, "pDecid": 1.0, "pConifer": 0.0, "pAll": 1.0, "Cell_id": "4393_3089", "EPSG": 31468, "Netz": 16, "Dichte": 8, "Bl": ";16;" }, "geometry": { "type": "Point", "coordinates": [ 11.030873378007977, 50.912325811605648 ] } },
{ "type": "Feature", "properties": { "Tnr": 53750, "mitRand": 1, "AnzHBbeg": 4, "pHaupt": 1.0, "poHaupt": 0.0, "pQuerus": 0.419, "pFagus": 0.134, "pFraxinus": 0.0, "pCarpinus": 0.0, "pAcer": 0.0, "pTilia": 0.198, "pRobinia": 0.0, "pUlmus": 0.0, "pCastanea": 0.0, "pOtherLH": 0.0, "pBetula": 0.0, "pAlnus": 0.25, "pPopulus": 0.0, "pSalix": 0.0, "pSorbus": 0.0, "pPrunus": 0.0, "pMalus": 0.0, "pPyrus": 0.0, "pOtherLN": 0.0, "pPicea": 0.0, "pPinus": 0.0, "pAbies": 0.0, "pDouglas": 0.0, "pLarix": 0.0, "pOtherNb": 0.0, "pNoEurop": 0.0, "pNoEuropD": 0.0, "pEurop": 1.0, "pDecid": 1.0, "pConifer": 0.0, "pAll": 1.0, "Cell_id": "4397_3089", "EPSG": 31468, "Netz": 16, "Dichte": 8, "Bl": ";16;" }, "geometry": { "type": "Point", "coordinates": [ 11.08773223487729, 50.911807649088459 ] } },
{ "type": "Feature", "properties": { "Tnr": 53756, "mitRand": 1, "AnzHBbeg": 2, "pHaupt": 1.0, "poHaupt": 0.0, "pQuerus": 0.0, "pFagus": 0.832, "pFraxinus": 0.0, "pCarpinus": 0.0, "pAcer": 0.0, "pTilia": 0.0, "pRobinia": 0.0, "pUlmus": 0.0, "pCastanea": 0.0, "pOtherLH": 0.0, "pBetula": 0.0, "pAlnus": 0.0, "pPopulus": 0.0, "pSalix": 0.0, "pSorbus": 0.0, "pPrunus": 0.0, "pMalus": 0.0, "pPyrus": 0.0, "pOtherLN": 0.0, "pPicea": 0.168, "pPinus": 0.0, "pAbies": 0.0, "pDouglas": 0.0, "pLarix": 0.0, "pOtherNb": 0.0, "pNoEurop": 0.0, "pNoEuropD": 0.0, "pEurop": 1.0, "pDecid": 0.832, "pConifer": 0.168, "pAll": 1.0, "Cell_id": "4409_3089", "EPSG": 31468, "Netz": 16, "Dichte": 8, "Bl": ";16;" }, "geometry": { "type": "Point", "coordinates": [ 11.25833793360621, 50.910077242560483 ] } },
{ "type": "Feature", "properties": { "Tnr": 53764, "mitRand": 1, "AnzHBbeg": 4, "pHaupt": 1.0, "poHaupt": 0.0, "pQuerus": 0.094, "pFagus": 0.744, "pFraxinus": 0.022, "pCarpinus": 0.058, "pAcer": 0.0, "pTilia": 0.04, "pRobinia": 0.0, "pUlmus": 0.0, "pCastanea": 0.0, "pOtherLH": 0.0, "pBetula": 0.0, "pAlnus": 0.0, "pPopulus": 0.0, "pSalix": 0.0, "pSorbus": 0.042, "pPrunus": 0.0, "pMalus": 0.0, "pPyrus": 0.0, "pOtherLN": 0.0, "pPicea": 0.0, "pPinus": 0.0, "pAbies": 0.0, "pDouglas": 0.0, "pLarix": 0.0, "pOtherNb": 0.0, "pNoEurop": 0.0, "pNoEuropD": 0.0, "pEurop": 1.0, "pDecid": 1.0, "pConifer": 0.0, "pAll": 1.0, "Cell_id": "4425_3090", "EPSG": 31468, "Netz": 16, "Dichte": 8, "Bl": ";16;" }, "geometry": { "type": "Point", "coordinates": [ 11.486058385471308, 50.916370099691683 ] } },
{ "type": "Feature", "properties": { "Tnr": 53766, "mitRand": 1, "AnzHBbeg": 2, "pHaupt": 1.0, "poHaupt": 0.0, "pQuerus": 0.099, "pFagus": 0.0, "pFraxinus": 0.0, "pCarpinus": 0.0, "pAcer": 0.0, "pTilia": 0.0, "pRobinia": 0.0, "pUlmus": 0.0, "pCastanea": 0.0, "pOtherLH": 0.0, "pBetula": 0.0, "pAlnus": 0.0, "pPopulus": 0.401, "pSalix": 0.0, "pSorbus": 0.0, "pPrunus": 0.0, "pMalus": 0.0, "pPyrus": 0.0, "pOtherLN": 0.0, "pPicea": 0.0, "pPinus": 0.5, "pAbies": 0.0, "pDouglas": 0.0, "pLarix": 0.0, "pOtherNb": 0.0, "pNoEurop": 0.0, "pNoEuropD": 0.0, "pEurop": 1.0, "pDecid": 0.5, "pConifer": 0.5, "pAll": 1.0, "Cell_id": "4429_3090", "EPSG": 31468, "Netz": 16, "Dichte": 8, "Bl": ";16;" }, "geometry": { "type": "Point", "coordinates": [ 11.542937121863513, 50.915629554103134 ] } },
{ "type": "Feature", "properties": { "Tnr": 53768, "mitRand": 0, "AnzHBbeg": 2, "pHaupt": 1.0, "poHaupt": 0.0, "pQuerus": 0.0, "pFagus": 0.229, "pFraxinus": 0.056, "pCarpinus": 0.0, "pAcer": 0.13, "pTilia": 0.083, "pRobinia": 0.0, "pUlmus": 0.0, "pCastanea": 0.0, "pOtherLH": 0.0, "pBetula": 0.0, "pAlnus": 0.0, "pPopulus": 0.0, "pSalix": 0.0, "pSorbus": 0.141, "pPrunus": 0.0, "pMalus": 0.0, "pPyrus": 0.0, "pOtherLN": 0.0, "pPicea": 0.0, "pPinus": 0.36, "pAbies": 0.0, "pDouglas": 0.0, "pLarix": 0.0, "pOtherNb": 0.0, "pNoEurop": 0.0, "pNoEuropD": 0.0, "pEurop": 1.0, "pDecid": 0.64, "pConifer": 0.36, "pAll": 1.0, "Cell_id": "4433_3090", "EPSG": 31468, "Netz": 16, "Dichte": 8, "Bl": ";16;" }, "geometry": { "type": "Point", "coordinates": [ 11.599798313959289, 50.914852644182645 ] } },
{ "type": "Feature", "properties": { "Tnr": 53770, "mitRand": 1, "AnzHBbeg": 4, "pHaupt": 1.0, "poHaupt": 0.0, "pQuerus": 0.0, "pFagus": 0.695, "pFraxinus": 0.0, "pCarpinus": 0.0, "pAcer": 0.189, "pTilia": 0.0, "pRobinia": 0.0, "pUlmus": 0.0, "pCastanea": 0.0, "pOtherLH": 0.0, "pBetula": 0.0, "pAlnus": 0.0, "pPopulus": 0.0, "pSalix": 0.0, "pSorbus": 0.0, "pPrunus": 0.0, "pMalus": 0.0, "pPyrus": 0.0, "pOtherLN": 0.0, "pPicea": 0.0, "pPinus": 0.0, "pAbies": 0.0, "pDouglas": 0.0, "pLarix": 0.116, "pOtherNb": 0.0, "pNoEurop": 0.0, "pNoEuropD": 0.0, "pEurop": 1.0, "pDecid": 0.884, "pConifer": 0.116, "pAll": 1.0, "Cell_id": "4437_3090", "EPSG": 31468, "Netz": 16, "Dichte": 8, "Bl": ";16;" }, "geometry": { "type": "Point", "coordinates": [ 11.656657069278779, 50.914057030265297 ] } },
{ "type": "Feature", "properties": { "Tnr": 53772, "mitRand": 1, "AnzHBbeg": 1, "pHaupt": 1.0, "poHaupt": 0.0, "pQuerus": 0.0, "pFagus": 0.0, "pFraxinus": 0.0, "pCarpinus": 0.0, "pAcer": 0.0, "pTilia": 0.0, "pRobinia": 0.0, "pUlmus": 0.0, "pCastanea": 0.0, "pOtherLH": 0.0, "pBetula": 0.0, "pAlnus": 0.0, "pPopulus": 0.0, "pSalix": 0.0, "pSorbus": 0.0, "pPrunus": 1.0, "pMalus": 0.0, "pPyrus": 0.0, "pOtherLN": 0.0, "pPicea": 0.0, "pPinus": 0.0, "pAbies": 0.0, "pDouglas": 0.0, "pLarix": 0.0, "pOtherNb": 0.0, "pNoEurop": 0.0, "pNoEuropD": 0.0, "pEurop": 1.0, "pDecid": 1.0, "pConifer": 0.0, "pAll": 1.0, "Cell_id": "4441_3090", "EPSG": 31468, "Netz": 16, "Dichte": 8, "Bl": ";16;" }, "geometry": { "type": "Point", "coordinates": [ 11.713526488635582, 50.913224426255191 ] } },
{ "type": "Feature", "properties": { "Tnr": 53774, "mitRand": 0, "AnzHBbeg": 3, "pHaupt": 1.0, "poHaupt": 0.0, "pQuerus": 0.0, "pFagus": 0.532, "pFraxinus": 0.0, "pCarpinus": 0.0, "pAcer": 0.04, "pTilia": 0.0, "pRobinia": 0.0, "pUlmus": 0.0, "pCastanea": 0.0, "pOtherLH": 0.0, "pBetula": 0.0, "pAlnus": 0.0, "pPopulus": 0.0, "pSalix": 0.0, "pSorbus": 0.0, "pPrunus": 0.0, "pMalus": 0.0, "pPyrus": 0.0, "pOtherLN": 0.0, "pPicea": 0.127, "pPinus": 0.301, "pAbies": 0.0, "pDouglas": 0.0, "pLarix": 0.0, "pOtherNb": 0.0, "pNoEurop": 0.0, "pNoEuropD": 0.0, "pEurop": 1.0, "pDecid": 0.572, "pConifer": 0.428, "pAll": 1.0, "Cell_id": "4445_3090", "EPSG": 31468, "Netz": 16, "Dichte": 8, "Bl": ";16;" }, "geometry": { "type": "Point", "coordinates": [ 11.770379110036167, 50.912373447741444 ] } },
{ "type": "Feature", "properties": { "Tnr": 53776, "mitRand": 1, "AnzHBbeg": 3, "pHaupt": 1.0, "poHaupt": 0.0, "pQuerus": 0.0, "pFagus": 0.0, "pFraxinus": 0.0, "pCarpinus": 0.0, "pAcer": 0.0, "pTilia": 0.0, "pRobinia": 0.0, "pUlmus": 0.0, "pCastanea": 0.0, "pOtherLH": 0.0, "pBetula": 0.333, "pAlnus": 0.0, "pPopulus": 0.0, "pSalix": 0.0, "pSorbus": 0.0, "pPrunus": 0.0, "pMalus": 0.0, "pPyrus": 0.0, "pOtherLN": 0.0, "pPicea": 0.166, "pPinus": 0.5, "pAbies": 0.0, "pDouglas": 0.0, "pLarix": 0.0, "pOtherNb": 0.0, "pNoEurop": 0.0, "pNoEuropD": 0.0, "pEurop": 1.0, "pDecid": 0.333, "pConifer": 0.667, "pAll": 1.0, "Cell_id": "4449_3090", "EPSG": 31468, "Netz": 16, "Dichte": 8, "Bl": ";16;" }, "geometry": { "type": "Point", "coordinates": [ 11.827242192608765, 50.911485473174714 ] } },
{ "type": "Feature", "properties": { "Tnr": 53780, "mitRand": 1, "AnzHBbeg": 3, "pHaupt": 1.0, "poHaupt": 0.0, "pQuerus": 0.071, "pFagus": 0.0, "pFraxinus": 0.0, "pCarpinus": 0.0, "pAcer": 0.0, "pTilia": 0.0, "pRobinia": 0.0, "pUlmus": 0.0, "pCastanea": 0.0, "pOtherLH": 0.0, "pBetula": 0.0, "pAlnus": 0.073, "pPopulus": 0.0, "pSalix": 0.0, "pSorbus": 0.0, "pPrunus": 0.0, "pMalus": 0.0, "pPyrus": 0.0, "pOtherLN": 0.0, "pPicea": 0.542, "pPinus": 0.313, "pAbies": 0.0, "pDouglas": 0.0, "pLarix": 0.0, "pOtherNb": 0.0, "pNoEurop": 0.0, "pNoEuropD": 0.0, "pEurop": 1.0, "pDecid": 0.145, "pConifer": 0.855, "pAll": 1.0, "Cell_id": "4457_3091", "EPSG": 31468, "Netz": 16, "Dichte": 8, "Bl": ";16;" }, "geometry": { "type": "Point", "coordinates": [ 11.941326571882808, 50.918617601957976 ] } },
{ "type": "Feature", "properties": { "Tnr": 53790, "mitRand": 1, "AnzHBbeg": 1, "pHaupt": 1.0, "poHaupt": 0.0, "pQuerus": 0.716, "pFagus": 0.0, "pFraxinus": 0.0, "pCarpinus": 0.0, "pAcer": 0.284, "pTilia": 0.0, "pRobinia": 0.0, "pUlmus": 0.0, "pCastanea": 0.0, "pOtherLH": 0.0, "pBetula": 0.0, "pAlnus": 0.0, "pPopulus": 0.0, "pSalix": 0.0, "pSorbus": 0.0, "pPrunus": 0.0, "pMalus": 0.0, "pPyrus": 0.0, "pOtherLN": 0.0, "pPicea": 0.0, "pPinus": 0.0, "pAbies": 0.0, "pDouglas": 0.0, "pLarix": 0.0, "pOtherNb": 0.0, "pNoEurop": 0.0, "pNoEuropD": 0.0, "pEurop": 1.0, "pDecid": 1.0, "pConifer": 0.0, "pAll": 1.0, "Cell_id": "4477_3091", "EPSG": 31468, "Netz": 16, "Dichte": 8, "Bl": ";16;" }, "geometry": { "type": "Point", "coordinates": [ 12.225624478813115, 50.913501511710592 ] } },
{ "type": "Feature", "properties": { "Tnr": 53877, "mitRand": 0, "AnzHBbeg": 3, "pHaupt": 1.0, "poHaupt": 0.0, "pQuerus": 0.0, "pFagus": 0.071, "pFraxinus": 0.0, "pCarpinus": 0.0, "pAcer": 0.0, "pTilia": 0.0, "pRobinia": 0.0, "pUlmus": 0.0, "pCastanea": 0.0, "pOtherLH": 0.0, "pBetula": 0.446, "pAlnus": 0.0, "pPopulus": 0.287, "pSalix": 0.0, "pSorbus": 0.0, "pPrunus": 0.0, "pMalus": 0.0, "pPyrus": 0.0, "pOtherLN": 0.0, "pPicea": 0.0, "pPinus": 0.196, "pAbies": 0.0, "pDouglas": 0.0, "pLarix": 0.0, "pOtherNb": 0.0, "pNoEurop": 0.0, "pNoEuropD": 0.0, "pEurop": 1.0, "pDecid": 0.804, "pConifer": 0.196, "pAll": 1.0, "Cell_id": "4324_3086", "EPSG": 31467, "Netz": 8, "Dichte": 8, "Bl": ";16;" }, "geometry": { "type": "Point", "coordinates": [ 10.049748976610566, 50.889941251485624 ] } },
{ "type": "Feature", "properties": { "Tnr": 53879, "mitRand": 1, "AnzHBbeg": 4, "pHaupt": 1.0, "poHaupt": 0.0, "pQuerus": 0.0, "pFagus": 0.057, "pFraxinus": 0.0, "pCarpinus": 0.0, "pAcer": 0.0, "pTilia": 0.0, "pRobinia": 0.0, "pUlmus": 0.0, "pCastanea": 0.0, "pOtherLH": 0.0, "pBetula": 0.0, "pAlnus": 0.0, "pPopulus": 0.0, "pSalix": 0.0, "pSorbus": 0.0, "pPrunus": 0.0, "pMalus": 0.0, "pPyrus": 0.0, "pOtherLN": 0.0, "pPicea": 0.698, "pPinus": 0.245, "pAbies": 0.0, "pDouglas": 0.0, "pLarix": 0.0, "pOtherNb": 0.0, "pNoEurop": 0.0, "pNoEuropD": 0.0, "pEurop": 1.0, "pDecid": 0.057, "pConifer": 0.943, "pAll": 1.0, "Cell_id": "4328_3086", "EPSG": 31467, "Netz": 8, "Dichte": 8, "Bl": ";16;" }, "geometry": { "type": "Point", "coordinates": [ 10.106597360684489, 50.889901205492542 ] } },
{ "type": "Feature", "properties": { "Tnr": 53881, "mitRand": 1, "AnzHBbeg": 4, "pHaupt": 1.0, "poHaupt": 0.0, "pQuerus": 0.0, "pFagus": 0.0, "pFraxinus": 0.0, "pCarpinus": 0.0, "pAcer": 0.0, "pTilia": 0.0, "pRobinia": 0.0, "pUlmus": 0.0, "pCastanea": 0.0, "pOtherLH": 0.0, "pBetula": 0.0, "pAlnus": 0.0, "pPopulus": 0.0, "pSalix": 0.0, "pSorbus": 0.0, "pPrunus": 0.0, "pMalus": 0.0, "pPyrus": 0.0, "pOtherLN": 0.0, "pPicea": 0.721, "pPinus": 0.15, "pAbies": 0.0, "pDouglas": 0.0, "pLarix": 0.129, "pOtherNb": 0.0, "pNoEurop": 0.0, "pNoEuropD": 0.0, "pEurop": 1.0, "pDecid": 0.0, "pConifer": 1.0, "pAll": 1.0, "Cell_id": "4332_3086", "EPSG": 31467, "Netz": 8, "Dichte": 8, "Bl": ";16;" }, "geometry": { "type": "Point", "coordinates": [ 10.163430969754886, 50.88983361535918 ] } },
{ "type": "Feature", "properties": { "Tnr": 53885, "mitRand": 1, "AnzHBbeg": 3, "pHaupt": 1.0, "poHaupt": 0.0, "pQuerus": 0.078, "pFagus": 0.829, "pFraxinus": 0.0, "pCarpinus": 0.093, "pAcer": 0.0, "pTilia": 0.0, "pRobinia": 0.0, "pUlmus": 0.0, "pCastanea": 0.0, "pOtherLH": 0.0, "pBetula": 0.0, "pAlnus": 0.0, "pPopulus": 0.0, "pSalix": 0.0, "pSorbus": 0.0, "pPrunus": 0.0, "pMalus": 0.0, "pPyrus": 0.0, "pOtherLN": 0.0, "pPicea": 0.0, "pPinus": 0.0, "pAbies": 0.0, "pDouglas": 0.0, "pLarix": 0.0, "pOtherNb": 0.0, "pNoEurop": 0.0, "pNoEuropD": 0.0, "pEurop": 1.0, "pDecid": 1.0, "pConifer": 0.0, "pAll": 1.0, "Cell_id": "4340_3086", "EPSG": 31467, "Netz": 8, "Dichte": 8, "Bl": ";16;" }, "geometry": { "type": "Point", "coordinates": [ 10.277124794862059, 50.889624097332039 ] } },
{ "type": "Feature", "properties": { "Tnr": 53887, "mitRand": 0, "AnzHBbeg": 2, "pHaupt": 1.0, "poHaupt": 0.0, "pQuerus": 0.0, "pFagus": 0.179, "pFraxinus": 0.0, "pCarpinus": 0.0, "pAcer": 0.0, "pTilia": 0.0, "pRobinia": 0.0, "pUlmus": 0.0, "pCastanea": 0.0, "pOtherLH": 0.0, "pBetula": 0.159, "pAlnus": 0.0, "pPopulus": 0.0, "pSalix": 0.0, "pSorbus": 0.0, "pPrunus": 0.0, "pMalus": 0.0, "pPyrus": 0.0, "pOtherLN": 0.0, "pPicea": 0.663, "pPinus": 0.0, "pAbies": 0.0, "pDouglas": 0.0, "pLarix": 0.0, "pOtherNb": 0.0, "pNoEurop": 0.0, "pNoEuropD": 0.0, "pEurop": 1.0, "pDecid": 0.337, "pConifer": 0.663, "pAll": 1.0, "Cell_id": "4344_3086", "EPSG": 31467, "Netz": 8, "Dichte": 8, "Bl": ";16;" }, "geometry": { "type": "Point", "coordinates": [ 10.333970387320933, 50.889473318815213 ] } },
{ "type": "Feature", "properties": { "Tnr": 53889, "mitRand": 0, "AnzHBbeg": 3, "pHaupt": 1.0, "poHaupt": 0.0, "pQuerus": 0.016, "pFagus": 0.035, "pFraxinus": 0.0, "pCarpinus": 0.0, "pAcer": 0.0, "pTilia": 0.0, "pRobinia": 0.0, "pUlmus": 0.0, "pCastanea": 0.0, "pOtherLH": 0.0, "pBetula": 0.0, "pAlnus": 0.0, "pPopulus": 0.0, "pSalix": 0.0, "pSorbus": 0.16, "pPrunus": 0.0, "pMalus": 0.0, "pPyrus": 0.0, "pOtherLN": 0.0, "pPicea": 0.146, "pPinus": 0.0, "pAbies": 0.0, "pDouglas": 0.403, "pLarix": 0.24, "pOtherNb": 0.0, "pNoEurop": 0.403, "pNoEuropD": 0.0, "pEurop": 0.597, "pDecid": 0.211, "pConifer": 0.789, "pAll": 1.0, "Cell_id": "4348_3086", "EPSG": 31467, "Netz": 8, "Dichte": 8, "Bl": ";16;" }, "geometry": { "type": "Point", "coordinates": [ 10.390815054795761, 50.889294857573582 ] } },
{ "type": "Feature", "properties": { "Tnr": 53895, "mitRand": 1, "AnzHBbeg": 3, "pHaupt": 1.0, "poHaupt": 0.0, "pQuerus": 0.0, "pFagus": 0.0, "pFraxinus": 0.0, "pCarpinus": 0.0, "pAcer": 0.0, "pTilia": 0.0, "pRobinia": 0.0, "pUlmus": 0.0, "pCastanea": 0.0, "pOtherLH": 0.0, "pBetula": 0.157, "pAlnus": 0.0, "pPopulus": 0.0, "pSalix": 0.0, "pSorbus": 0.0, "pPrunus": 0.0, "pMalus": 0.0, "pPyrus": 0.0, "pOtherLN": 0.0, "pPicea": 0.731, "pPinus": 0.112, "pAbies": 0.0, "pDouglas": 0.0, "pLarix": 0.0, "pOtherNb": 0.0, "pNoEurop": 0.0, "pNoEuropD": 0.0, "pEurop": 1.0, "pDecid": 0.157, "pConifer": 0.843, "pAll": 1.0, "Cell_id": "4359_3086", "EPSG": 31468, "Netz": 8, "Dichte": 8, "Bl": ";16;" }, "geometry": { "type": "Point", "coordinates": [ 10.547132239713592, 50.88865686612386 ] } },
{ "type": "Feature", "properties": { "Tnr": 53915, "mitRand": 0, "AnzHBbeg": 2, "pHaupt": 1.0, "poHaupt": 0.0, "pQuerus": 0.0, "pFagus": 0.0, "pFraxinus": 0.396, "pCarpinus": 0.0, "pAcer": 0.0, "pTilia": 0.0, "pRobinia": 0.0, "pUlmus": 0.0, "pCastanea": 0.0, "pOtherLH": 0.0, "pBetula": 0.0, "pAlnus": 0.104, "pPopulus": 0.0, "pSalix": 0.0, "pSorbus": 0.0, "pPrunus": 0.0, "pMalus": 0.0, "pPyrus": 0.0, "pOtherLN": 0.0, "pPicea": 0.0, "pPinus": 0.5, "pAbies": 0.0, "pDouglas": 0.0, "pLarix": 0.0, "pOtherNb": 0.0, "pNoEurop": 0.0, "pNoEuropD": 0.0, "pEurop": 1.0, "pDecid": 0.5, "pConifer": 0.5, "pAll": 1.0, "Cell_id": "4399_3087", "EPSG": 31468, "Netz": 8, "Dichte": 8, "Bl": ";16;" }, "geometry": { "type": "Point", "coordinates": [ 11.115743648179857, 50.89356522994408 ] } },
{ "type": "Feature", "properties": { "Tnr": 53923, "mitRand": 1, "AnzHBbeg": 3, "pHaupt": 1.0, "poHaupt": 0.0, "pQuerus": 0.0, "pFagus": 0.95, "pFraxinus": 0.034, "pCarpinus": 0.0, "pAcer": 0.016, "pTilia": 0.0, "pRobinia": 0.0, "pUlmus": 0.0, "pCastanea": 0.0, "pOtherLH": 0.0, "pBetula": 0.0, "pAlnus": 0.0, "pPopulus": 0.0, "pSalix": 0.0, "pSorbus": 0.0, "pPrunus": 0.0, "pMalus": 0.0, "pPyrus": 0.0, "pOtherLN": 0.0, "pPicea": 0.0, "pPinus": 0.0, "pAbies": 0.0, "pDouglas": 0.0, "pLarix": 0.0, "pOtherNb": 0.0, "pNoEurop": 0.0, "pNoEuropD": 0.0, "pEurop": 1.0, "pDecid": 1.0, "pConifer": 0.0, "pAll": 1.0, "Cell_id": "4415_3088", "EPSG": 31468, "Netz": 8, "Dichte": 8, "Bl": ";16;" }, "geometry": { "type": "Point", "coordinates": [ 11.343373073973149, 50.900128751976411 ] } },
{ "type": "Feature", "properties": { "Tnr": 53925, "mitRand": 1, "AnzHBbeg": 4, "pHaupt": 1.0, "poHaupt": 0.0, "pQuerus": 0.0, "pFagus": 0.129, "pFraxinus": 0.0, "pCarpinus": 0.0, "pAcer": 0.0, "pTilia": 0.0, "pRobinia": 0.0, "pUlmus": 0.0, "pCastanea": 0.0, "pOtherLH": 0.0, "pBetula": 0.027, "pAlnus": 0.0, "pPopulus": 0.073, "pSalix": 0.0, "pSorbus": 0.0, "pPrunus": 0.0, "pMalus": 0.0, "pPyrus": 0.0, "pOtherLN": 0.0, "pPicea": 0.268, "pPinus": 0.314, "pAbies": 0.0, "pDouglas": 0.0, "pLarix": 0.189, "pOtherNb": 0.0, "pNoEurop": 0.0, "pNoEuropD": 0.0, "pEurop": 1.0, "pDecid": 0.229, "pConifer": 0.771, "pAll": 1.0, "Cell_id": "4419_3088", "EPSG": 31468, "Netz": 8, "Dichte": 8, "Bl": ";16;" }, "geometry": { "type": "Point", "coordinates": [ 11.400222421485124, 50.899458295240805 ] } },
{ "type": "Feature", "properties": { "Tnr": 53933, "mitRand": 0, "AnzHBbeg": 4, "pHaupt": 1.0, "poHaupt": 0.0, "pQuerus": 0.0, "pFagus": 0.0, "pFraxinus": 0.038, "pCarpinus": 0.0, "pAcer": 0.0, "pTilia": 0.0, "pRobinia": 0.0, "pUlmus": 0.0, "pCastanea": 0.0, "pOtherLH": 0.0, "pBetula": 0.0, "pAlnus": 0.0, "pPopulus": 0.0, "pSalix": 0.0, "pSorbus": 0.028, "pPrunus": 0.0, "pMalus": 0.0, "pPyrus": 0.0, "pOtherLN": 0.0, "pPicea": 0.0, "pPinus": 0.934, "pAbies": 0.0, "pDouglas": 0.0, "pLarix": 0.0, "pOtherNb": 0.0, "pNoEurop": 0.0, "pNoEuropD": 0.0, "pEurop": 1.0, "pDecid": 0.066, "pConifer": 0.934, "pAll": 1.0, "Cell_id": "4435_3088", "EPSG": 31468, "Netz": 8, "Dichte": 8, "Bl": ";16;" }, "geometry": { "type": "Point", "coordinates": [ 11.627606007598716, 50.896481445557434 ] } },
{ "type": "Feature", "properties": { "Tnr": 53937, "mitRand": 0, "AnzHBbeg": 1, "pHaupt": 1.0, "poHaupt": 0.0, "pQuerus": 0.0, "pFagus": 0.0, "pFraxinus": 0.0, "pCarpinus": 0.0, "pAcer": 0.0, "pTilia": 0.0, "pRobinia": 0.0, "pUlmus": 0.0, "pCastanea": 0.0, "pOtherLH": 0.0, "pBetula": 0.545, "pAlnus": 0.0, "pPopulus": 0.0, "pSalix": 0.0, "pSorbus": 0.0, "pPrunus": 0.0, "pMalus": 0.0, "pPyrus": 0.0, "pOtherLN": 0.0, "pPicea": 0.0, "pPinus": 0.455, "pAbies": 0.0, "pDouglas": 0.0, "pLarix": 0.0, "pOtherNb": 0.0, "pNoEurop": 0.0, "pNoEuropD": 0.0, "pEurop": 1.0, "pDecid": 0.545, "pConifer": 0.455, "pAll": 1.0, "Cell_id": "4443_3088", "EPSG": 31468, "Netz": 8, "Dichte": 8, "Bl": ";16;" }, "geometry": { "type": "Point", "coordinates": [ 11.741287382938477, 50.894826833607155 ] } },
{ "type": "Feature", "properties": { "Tnr": 53939, "mitRand": 1, "AnzHBbeg": 1, "pHaupt": 1.0, "poHaupt": 0.0, "pQuerus": 0.249, "pFagus": 0.0, "pFraxinus": 0.0, "pCarpinus": 0.0, "pAcer": 0.0, "pTilia": 0.0, "pRobinia": 0.0, "pUlmus": 0.0, "pCastanea": 0.0, "pOtherLH": 0.0, "pBetula": 0.51, "pAlnus": 0.0, "pPopulus": 0.0, "pSalix": 0.0, "pSorbus": 0.0, "pPrunus": 0.0, "pMalus": 0.0, "pPyrus": 0.0, "pOtherLN": 0.0, "pPicea": 0.0, "pPinus": 0.242, "pAbies": 0.0, "pDouglas": 0.0, "pLarix": 0.0, "pOtherNb": 0.0, "pNoEurop": 0.0, "pNoEuropD": 0.0, "pEurop": 1.0, "pDecid": 0.758, "pConifer": 0.242, "pAll": 1.0, "Cell_id": "4447_3088", "EPSG": 31468, "Netz": 8, "Dichte": 8, "Bl": ";16;" }, "geometry": { "type": "Point", "coordinates": [ 11.798116548904998, 50.893962688661532 ] } },
{ "type": "Feature", "properties": { "Tnr": 53943, "mitRand": 0, "AnzHBbeg": 1, "pHaupt": 1.0, "poHaupt": 0.0, "pQuerus": 0.0, "pFagus": 0.0, "pFraxinus": 0.0, "pCarpinus": 0.0, "pAcer": 0.0, "pTilia": 0.0, "pRobinia": 0.0, "pUlmus": 0.0, "pCastanea": 0.0, "pOtherLH": 0.0, "pBetula": 0.0, "pAlnus": 0.0, "pPopulus": 1.0, "pSalix": 0.0, "pSorbus": 0.0, "pPrunus": 0.0, "pMalus": 0.0, "pPyrus": 0.0, "pOtherLN": 0.0, "pPicea": 0.0, "pPinus": 0.0, "pAbies": 0.0, "pDouglas": 0.0, "pLarix": 0.0, "pOtherNb": 0.0, "pNoEurop": 0.0, "pNoEuropD": 0.0, "pEurop": 1.0, "pDecid": 1.0, "pConifer": 0.0, "pAll": 1.0, "Cell_id": "4455_3089", "EPSG": 31468, "Netz": 8, "Dichte": 8, "Bl": ";16;" }, "geometry": { "type": "Point", "coordinates": [ 11.912154683081868, 50.901124109329466 ] } },
{ "type": "Feature", "properties": { "Tnr": 53953, "mitRand": 1, "AnzHBbeg": 1, "pHaupt": 1.0, "poHaupt": 0.0, "pQuerus": 0.654, "pFagus": 0.0, "pFraxinus": 0.346, "pCarpinus": 0.0, "pAcer": 0.0, "pTilia": 0.0, "pRobinia": 0.0, "pUlmus": 0.0, "pCastanea": 0.0, "pOtherLH": 0.0, "pBetula": 0.0, "pAlnus": 0.0, "pPopulus": 0.0, "pSalix": 0.0, "pSorbus": 0.0, "pPrunus": 0.0, "pMalus": 0.0, "pPyrus": 0.0, "pOtherLN": 0.0, "pPicea": 0.0, "pPinus": 0.0, "pAbies": 0.0, "pDouglas": 0.0, "pLarix": 0.0, "pOtherNb": 0.0, "pNoEurop": 0.0, "pNoEuropD": 0.0, "pEurop": 1.0, "pDecid": 1.0, "pConifer": 0.0, "pAll": 1.0, "Cell_id": "4475_3089", "EPSG": 31468, "Netz": 8, "Dichte": 8, "Bl": ";16;" }, "geometry": { "type": "Point", "coordinates": [ 12.196351900731296, 50.896072047983502 ] } },
{ "type": "Feature", "properties": { "Tnr": 54040, "mitRand": 1, "AnzHBbeg": 4, "pHaupt": 1.0, "poHaupt": 0.0, "pQuerus": 0.0, "pFagus": 0.035, "pFraxinus": 0.0, "pCarpinus": 0.0, "pAcer": 0.0, "pTilia": 0.0, "pRobinia": 0.0, "pUlmus": 0.0, "pCastanea": 0.0, "pOtherLH": 0.0, "pBetula": 0.0, "pAlnus": 0.0, "pPopulus": 0.0, "pSalix": 0.0, "pSorbus": 0.0, "pPrunus": 0.0, "pMalus": 0.0, "pPyrus": 0.0, "pOtherLN": 0.0, "pPicea": 0.93, "pPinus": 0.035, "pAbies": 0.0, "pDouglas": 0.0, "pLarix": 0.0, "pOtherNb": 0.0, "pNoEurop": 0.0, "pNoEuropD": 0.0, "pEurop": 1.0, "pDecid": 0.035, "pConifer": 0.965, "pAll": 1.0, "Cell_id": "4326_3084", "EPSG": 31467, "Netz": 16, "Dichte": 8, "Bl": ";16;" }, "geometry": { "type": "Point", "coordinates": [ 10.078141642222679, 50.871946246447131 ] } },
{ "type": "Feature", "properties": { "Tnr": 54044, "mitRand": 1, "AnzHBbeg": 4, "pHaupt": 1.0, "poHaupt": 0.0, "pQuerus": 0.03, "pFagus": 0.645, "pFraxinus": 0.0, "pCarpinus": 0.165, "pAcer": 0.0, "pTilia": 0.0, "pRobinia": 0.0, "pUlmus": 0.0, "pCastanea": 0.0, "pOtherLH": 0.0, "pBetula": 0.0, "pAlnus": 0.0, "pPopulus": 0.0, "pSalix": 0.0, "pSorbus": 0.0, "pPrunus": 0.0, "pMalus": 0.0, "pPyrus": 0.0, "pOtherLN": 0.0, "pPicea": 0.089, "pPinus": 0.071, "pAbies": 0.0, "pDouglas": 0.0, "pLarix": 0.0, "pOtherNb": 0.0, "pNoEurop": 0.0, "pNoEuropD": 0.0, "pEurop": 1.0, "pDecid": 0.84, "pConifer": 0.16, "pAll": 1.0, "Cell_id": "4334_3084", "EPSG": 31467, "Netz": 16, "Dichte": 8, "Bl": ";16;" }, "geometry": { "type": "Point", "coordinates": [ 10.191779303706882, 50.871811261905144 ] } },
{ "type": "Feature", "properties": { "Tnr": 54048, "mitRand": 1, "AnzHBbeg": 4, "pHaupt": 1.0, "poHaupt": 0.0, "pQuerus": 0.0, "pFagus": 0.145, "pFraxinus": 0.0, "pCarpinus": 0.0, "pAcer": 0.0, "pTilia": 0.0, "pRobinia": 0.0, "pUlmus": 0.0, "pCastanea": 0.0, "pOtherLH": 0.0, "pBetula": 0.0, "pAlnus": 0.0, "pPopulus": 0.0, "pSalix": 0.0, "pSorbus": 0.0, "pPrunus": 0.0, "pMalus": 0.0, "pPyrus": 0.0, "pOtherLN": 0.0, "pPicea": 0.598, "pPinus": 0.0, "pAbies": 0.0, "pDouglas": 0.0, "pLarix": 0.257, "pOtherNb": 0.0, "pNoEurop": 0.0, "pNoEuropD": 0.0, "pEurop": 1.0, "pDecid": 0.145, "pConifer": 0.855, "pAll": 1.0, "Cell_id": "4342_3084", "EPSG": 31467, "Netz": 16, "Dichte": 8, "Bl": ";16;" }, "geometry": { "type": "Point", "coordinates": [ 10.305428620259823, 50.871574463884762 ] } },
{ "type": "Feature", "properties": { "Tnr": 54050, "mitRand": 1, "AnzHBbeg": 4, "pHaupt": 1.0, "poHaupt": 0.0, "pQuerus": 0.0, "pFagus": 0.083, "pFraxinus": 0.0, "pCarpinus": 0.0, "pAcer": 0.0, "pTilia": 0.0, "pRobinia": 0.0, "pUlmus": 0.0, "pCastanea": 0.0, "pOtherLH": 0.0, "pBetula": 0.0, "pAlnus": 0.0, "pPopulus": 0.0, "pSalix": 0.0, "pSorbus": 0.0, "pPrunus": 0.0, "pMalus": 0.0, "pPyrus": 0.0, "pOtherLN": 0.0, "pPicea": 0.917, "pPinus": 0.0, "pAbies": 0.0, "pDouglas": 0.0, "pLarix": 0.0, "pOtherNb": 0.0, "pNoEurop": 0.0, "pNoEuropD": 0.0, "pEurop": 1.0, "pDecid": 0.083, "pConifer": 0.917, "pAll": 1.0, "Cell_id": "4346_3084", "EPSG": 31467, "Netz": 64, "Dichte": 8, "Bl": ";16;" }, "geometry": { "type": "Point", "coordinates": [ 10.362251889880866, 50.871410072498506 ] } },
{ "type": "Feature", "properties": { "Tnr": 54052, "mitRand": 1, "AnzHBbeg": 4, "pHaupt": 1.0, "poHaupt": 0.0, "pQuerus": 0.0, "pFagus": 0.456, "pFraxinus": 0.0, "pCarpinus": 0.0, "pAcer": 0.171, "pTilia": 0.0, "pRobinia": 0.0, "pUlmus": 0.0, "pCastanea": 0.0, "pOtherLH": 0.0, "pBetula": 0.0, "pAlnus": 0.0, "pPopulus": 0.0, "pSalix": 0.0, "pSorbus": 0.0, "pPrunus": 0.0, "pMalus": 0.0, "pPyrus": 0.0, "pOtherLN": 0.0, "pPicea": 0.373, "pPinus": 0.0, "pAbies": 0.0, "pDouglas": 0.0, "pLarix": 0.0, "pOtherNb": 0.0, "pNoEurop": 0.0, "pNoEuropD": 0.0, "pEurop": 1.0, "pDecid": 0.627, "pConifer": 0.373, "pAll": 1.0, "Cell_id": "4350_3084", "EPSG": 31467, "Netz": 16, "Dichte": 8, "Bl": ";16;" }, "geometry": { "type": "Point", "coordinates": [ 10.419074190745723, 50.871218016518149 ] } },
{ "type": "Feature", "properties": { "Tnr": 54054, "mitRand": 1, "AnzHBbeg": 4, "pHaupt": 1.0, "poHaupt": 0.0, "pQuerus": 0.0, "pFagus": 0.0, "pFraxinus": 0.0, "pCarpinus": 0.0, "pAcer": 0.0, "pTilia": 0.0, "pRobinia": 0.0, "pUlmus": 0.0, "pCastanea": 0.0, "pOtherLH": 0.0, "pBetula": 0.25, "pAlnus": 0.0, "pPopulus": 0.0, "pSalix": 0.0, "pSorbus": 0.0, "pPrunus": 0.0, "pMalus": 0.0, "pPyrus": 0.0, "pOtherLN": 0.0, "pPicea": 0.75, "pPinus": 0.0, "pAbies": 0.0, "pDouglas": 0.0, "pLarix": 0.0, "pOtherNb": 0.0, "pNoEurop": 0.0, "pNoEuropD": 0.0, "pEurop": 1.0, "pDecid": 0.25, "pConifer": 0.75, "pAll": 1.0, "Cell_id": "4354_3084", "EPSG": 31467, "Netz": 64, "Dichte": 8, "Bl": ";16;" }, "geometry": { "type": "Point", "coordinates": [ 10.475895433283346, 50.870998297037552 ] } },
{ "type": "Feature", "properties": { "Tnr": 54058, "mitRand": 1, "AnzHBbeg": 4, "pHaupt": 1.0, "poHaupt": 0.0, "pQuerus": 0.0, "pFagus": 0.0, "pFraxinus": 0.0, "pCarpinus": 0.0, "pAcer": 0.0, "pTilia": 0.0, "pRobinia": 0.0, "pUlmus": 0.0, "pCastanea": 0.0, "pOtherLH": 0.0, "pBetula": 0.0, "pAlnus": 0.08, "pPopulus": 0.048, "pSalix": 0.0, "pSorbus": 0.0, "pPrunus": 0.0, "pMalus": 0.0, "pPyrus": 0.0, "pOtherLN": 0.0, "pPicea": 0.584, "pPinus": 0.288, "pAbies": 0.0, "pDouglas": 0.0, "pLarix": 0.0, "pOtherNb": 0.0, "pNoEurop": 0.0, "pNoEuropD": 0.0, "pEurop": 1.0, "pDecid": 0.128, "pConifer": 0.872, "pAll": 1.0, "Cell_id": "4361_3084", "EPSG": 31468, "Netz": 16, "Dichte": 8, "Bl": ";16;" }, "geometry": { "type": "Point", "coordinates": [ 10.575329640192015, 50.870542733478814 ] } },
{ "type": "Feature", "properties": { "Tnr": 54060, "mitRand": 1, "AnzHBbeg": 1, "pHaupt": 1.0, "poHaupt": 0.0, "pQuerus": 0.0, "pFagus": 0.0, "pFraxinus": 0.0, "pCarpinus": 0.0, "pAcer": 0.0, "pTilia": 0.0, "pRobinia": 0.0, "pUlmus": 0.0, "pCastanea": 0.0, "pOtherLH": 0.0, "pBetula": 0.0, "pAlnus": 0.0, "pPopulus": 0.0, "pSalix": 0.0, "pSorbus": 0.0, "pPrunus": 0.0, "pMalus": 0.0, "pPyrus": 0.0, "pOtherLN": 0.0, "pPicea": 0.0, "pPinus": 1.0, "pAbies": 0.0, "pDouglas": 0.0, "pLarix": 0.0, "pOtherNb": 0.0, "pNoEurop": 0.0, "pNoEuropD": 0.0, "pEurop": 1.0, "pDecid": 0.0, "pConifer": 1.0, "pAll": 1.0, "Cell_id": "4365_3084", "EPSG": 31468, "Netz": 64, "Dichte": 8, "Bl": ";16;" }, "geometry": { "type": "Point", "coordinates": [ 10.632161705153777, 50.870246747269221 ] } },
{ "type": "Feature", "properties": { "Tnr": 54068, "mitRand": 1, "AnzHBbeg": 3, "pHaupt": 1.0, "poHaupt": 0.0, "pQuerus": 0.0, "pFagus": 0.0, "pFraxinus": 0.0, "pCarpinus": 0.0, "pAcer": 0.0, "pTilia": 0.0, "pRobinia": 0.0, "pUlmus": 0.0, "pCastanea": 0.0, "pOtherLH": 0.0, "pBetula": 0.0, "pAlnus": 0.0, "pPopulus": 0.0, "pSalix": 0.0, "pSorbus": 0.0, "pPrunus": 0.333, "pMalus": 0.0, "pPyrus": 0.0, "pOtherLN": 0.0, "pPicea": 0.0, "pPinus": 0.667, "pAbies": 0.0, "pDouglas": 0.0, "pLarix": 0.0, "pOtherNb": 0.0, "pNoEurop": 0.0, "pNoEuropD": 0.0, "pEurop": 1.0, "pDecid": 0.333, "pConifer": 0.667, "pAll": 1.0, "Cell_id": "4381_3085", "EPSG": 31468, "Netz": 64, "Dichte": 8, "Bl": ";16;" }, "geometry": { "type": "Point", "coordinates": [ 10.859591151204349, 50.877765272706277 ] } },
{ "type": "Feature", "properties": { "Tnr": 54080, "mitRand": 1, "AnzHBbeg": 3, "pHaupt": 1.0, "poHaupt": 0.0, "pQuerus": 0.093, "pFagus": 0.0, "pFraxinus": 0.0, "pCarpinus": 0.0, "pAcer": 0.096, "pTilia": 0.0, "pRobinia": 0.0, "pUlmus": 0.0, "pCastanea": 0.0, "pOtherLH": 0.112, "pBetula": 0.0, "pAlnus": 0.0, "pPopulus": 0.0, "pSalix": 0.0, "pSorbus": 0.0, "pPrunus": 0.0, "pMalus": 0.0, "pPyrus": 0.0, "pOtherLN": 0.0, "pPicea": 0.486, "pPinus": 0.141, "pAbies": 0.0, "pDouglas": 0.0, "pLarix": 0.073, "pOtherNb": 0.0, "pNoEurop": 0.112, "pNoEuropD": 0.112, "pEurop": 0.888, "pDecid": 0.301, "pConifer": 0.699, "pAll": 1.0, "Cell_id": "4405_3085", "EPSG": 31468, "Netz": 64, "Dichte": 8, "Bl": ";16;" }, "geometry": { "type": "Point", "coordinates": [ 11.200543559147198, 50.874734747868395 ] } },
{ "type": "Feature", "properties": { "Tnr": 54084, "mitRand": 1, "AnzHBbeg": 3, "pHaupt": 1.0, "poHaupt": 0.0, "pQuerus": 0.0, "pFagus": 0.032, "pFraxinus": 0.0, "pCarpinus": 0.0, "pAcer": 0.0, "pTilia": 0.0, "pRobinia": 0.0, "pUlmus": 0.0, "pCastanea": 0.0, "pOtherLH": 0.0, "pBetula": 0.0, "pAlnus": 0.0, "pPopulus": 0.0, "pSalix": 0.0, "pSorbus": 0.0, "pPrunus": 0.0, "pMalus": 0.0, "pPyrus": 0.0, "pOtherLN": 0.0, "pPicea": 0.671, "pPinus": 0.079, "pAbies": 0.0, "pDouglas": 0.217, "pLarix": 0.0, "pOtherNb": 0.0, "pNoEurop": 0.217, "pNoEuropD": 0.0, "pEurop": 0.783, "pDecid": 0.032, "pConifer": 0.968, "pAll": 1.0, "Cell_id": "4413_3085", "EPSG": 31468, "Netz": 64, "Dichte": 8, "Bl": ";16;" }, "geometry": { "type": "Point", "coordinates": [ 11.314186125089993, 50.873497124638426 ] } },
{ "type": "Feature", "properties": { "Tnr": 54086, "mitRand": 1, "AnzHBbeg": 1, "pHaupt": 0.0, "poHaupt": 1.0, "pQuerus": 0.0, "pFagus": 0.0, "pFraxinus": 0.0, "pCarpinus": 0.0, "pAcer": 0.0, "pTilia": 0.0, "pRobinia": 0.0, "pUlmus": 0.0, "pCastanea": 0.0, "pOtherLH": 0.0, "pBetula": 0.0, "pAlnus": 0.0, "pPopulus": 0.0, "pSalix": 0.0, "pSorbus": 0.0, "pPrunus": 0.0, "pMalus": 0.0, "pPyrus": 0.0, "pOtherLN": 0.0, "pPicea": 0.0, "pPinus": 0.0, "pAbies": 0.0, "pDouglas": 0.0, "pLarix": 0.0, "pOtherNb": 0.0, "pNoEurop": 0.0, "pNoEuropD": 0.0, "pEurop": 0.0, "pDecid": 0.0, "pConifer": 0.0, "pAll": 0.0, "Cell_id": "4417_3086", "EPSG": 31468, "Netz": 16, "Dichte": 8, "Bl": ";16;" }, "geometry": { "type": "Point", "coordinates": [ 11.37126140329349, 50.881826700112029 ] } },
{ "type": "Feature", "properties": { "Tnr": 54096, "mitRand": 1, "AnzHBbeg": 4, "pHaupt": 1.0, "poHaupt": 0.0, "pQuerus": 0.089, "pFagus": 0.038, "pFraxinus": 0.0, "pCarpinus": 0.0, "pAcer": 0.0, "pTilia": 0.0, "pRobinia": 0.0, "pUlmus": 0.0, "pCastanea": 0.0, "pOtherLH": 0.0, "pBetula": 0.076, "pAlnus": 0.0, "pPopulus": 0.0, "pSalix": 0.0, "pSorbus": 0.0, "pPrunus": 0.0, "pMalus": 0.0, "pPyrus": 0.0, "pOtherLN": 0.0, "pPicea": 0.279, "pPinus": 0.518, "pAbies": 0.0, "pDouglas": 0.0, "pLarix": 0.0, "pOtherNb": 0.0, "pNoEurop": 0.0, "pNoEuropD": 0.0, "pEurop": 1.0, "pDecid": 0.203, "pConifer": 0.797, "pAll": 1.0, "Cell_id": "4437_3086", "EPSG": 31468, "Netz": 64, "Dichte": 8, "Bl": ";16;" }, "geometry": { "type": "Point", "coordinates": [ 11.655377635752806, 50.878104220456954 ] } },
{ "type": "Feature", "properties": { "Tnr": 54106, "mitRand": 1, "AnzHBbeg": 1, "pHaupt": 1.0, "poHaupt": 0.0, "pQuerus": 0.879, "pFagus": 0.121, "pFraxinus": 0.0, "pCarpinus": 0.0, "pAcer": 0.0, "pTilia": 0.0, "pRobinia": 0.0, "pUlmus": 0.0, "pCastanea": 0.0, "pOtherLH": 0.0, "pBetula": 0.0, "pAlnus": 0.0, "pPopulus": 0.0, "pSalix": 0.0, "pSorbus": 0.0, "pPrunus": 0.0, "pMalus": 0.0, "pPyrus": 0.0, "pOtherLN": 0.0, "pPicea": 0.0, "pPinus": 0.0, "pAbies": 0.0, "pDouglas": 0.0, "pLarix": 0.0, "pOtherNb": 0.0, "pNoEurop": 0.0, "pNoEuropD": 0.0, "pEurop": 1.0, "pDecid": 1.0, "pConifer": 0.0, "pAll": 1.0, "Cell_id": "4457_3087", "EPSG": 31468, "Netz": 16, "Dichte": 8, "Bl": ";16;" }, "geometry": { "type": "Point", "coordinates": [ 11.939828252376284, 50.882680662352534 ] } },
{ "type": "Feature", "properties": { "Tnr": 54110, "mitRand": 1, "AnzHBbeg": 4, "pHaupt": 1.0, "poHaupt": 0.0, "pQuerus": 0.265, "pFagus": 0.665, "pFraxinus": 0.0, "pCarpinus": 0.0, "pAcer": 0.019, "pTilia": 0.026, "pRobinia": 0.0, "pUlmus": 0.0, "pCastanea": 0.0, "pOtherLH": 0.0, "pBetula": 0.025, "pAlnus": 0.0, "pPopulus": 0.0, "pSalix": 0.0, "pSorbus": 0.0, "pPrunus": 0.0, "pMalus": 0.0, "pPyrus": 0.0, "pOtherLN": 0.0, "pPicea": 0.0, "pPinus": 0.0, "pAbies": 0.0, "pDouglas": 0.0, "pLarix": 0.0, "pOtherNb": 0.0, "pNoEurop": 0.12, "pNoEuropD": 0.12, "pEurop": 0.88, "pDecid": 1.0, "pConifer": 0.0, "pAll": 1.0, "Cell_id": "4465_3087", "EPSG": 31468, "Netz": 16, "Dichte": 8, "Bl": ";16;" }, "geometry": { "type": "Point", "coordinates": [ 12.053464933299495, 50.880713206126238 ] } },
{ "type": "Feature", "properties": { "Tnr": 54124, "mitRand": 1, "AnzHBbeg": 1, "pHaupt": 1.0, "poHaupt": 0.0, "pQuerus": 0.66, "pFagus": 0.0, "pFraxinus": 0.0, "pCarpinus": 0.155, "pAcer": 0.186, "pTilia": 0.0, "pRobinia": 0.0, "pUlmus": 0.0, "pCastanea": 0.0, "pOtherLH": 0.0, "pBetula": 0.0, "pAlnus": 0.0, "pPopulus": 0.0, "pSalix": 0.0, "pSorbus": 0.0, "pPrunus": 0.0, "pMalus": 0.0, "pPyrus": 0.0, "pOtherLN": 0.0, "pPicea": 0.0, "pPinus": 0.0, "pAbies": 0.0, "pDouglas": 0.0, "pLarix": 0.0, "pOtherNb": 0.0, "pNoEurop": 0.0, "pNoEuropD": 0.0, "pEurop": 1.0, "pDecid": 1.0, "pConifer": 0.0, "pAll": 1.0, "Cell_id": "4493_3088", "EPSG": 31468, "Netz": 64, "Dichte": 8, "Bl": ";16;" }, "geometry": { "type": "Point", "coordinates": [ 12.451596593904569, 50.881951511196988 ] } },
{ "type": "Feature", "properties": { "Tnr": 54197, "mitRand": 1, "AnzHBbeg": 4, "pHaupt": 1.0, "poHaupt": 0.0, "pQuerus": 0.0, "pFagus": 0.688, "pFraxinus": 0.0, "pCarpinus": 0.0, "pAcer": 0.0, "pTilia": 0.0, "pRobinia": 0.0, "pUlmus": 0.0, "pCastanea": 0.0, "pOtherLH": 0.0, "pBetula": 0.0, "pAlnus": 0.0, "pPopulus": 0.0, "pSalix": 0.0, "pSorbus": 0.0, "pPrunus": 0.0, "pMalus": 0.0, "pPyrus": 0.0, "pOtherLN": 0.0, "pPicea": 0.134, "pPinus": 0.077, "pAbies": 0.0, "pDouglas": 0.0, "pLarix": 0.101, "pOtherNb": 0.0, "pNoEurop": 0.0, "pNoEuropD": 0.0, "pEurop": 1.0, "pDecid": 0.688, "pConifer": 0.312, "pAll": 1.0, "Cell_id": "4324_3082", "EPSG": 31467, "Netz": 8, "Dichte": 8, "Bl": ";16;" }, "geometry": { "type": "Point", "coordinates": [ 10.049707787460431, 50.853984166231008 ] } },
{ "type": "Feature", "properties": { "Tnr": 54199, "mitRand": 1, "AnzHBbeg": 4, "pHaupt": 1.0, "poHaupt": 0.0, "pQuerus": 0.0, "pFagus": 0.0, "pFraxinus": 0.0, "pCarpinus": 0.0, "pAcer": 0.0, "pTilia": 0.0, "pRobinia": 0.0, "pUlmus": 0.0, "pCastanea": 0.0, "pOtherLH": 0.0, "pBetula": 0.0, "pAlnus": 0.0, "pPopulus": 0.0, "pSalix": 0.0, "pSorbus": 0.0, "pPrunus": 0.0, "pMalus": 0.0, "pPyrus": 0.0, "pOtherLN": 0.0, "pPicea": 0.741, "pPinus": 0.259, "pAbies": 0.0, "pDouglas": 0.0, "pLarix": 0.0, "pOtherNb": 0.0, "pNoEurop": 0.219, "pNoEuropD": 0.219, "pEurop": 0.781, "pDecid": 0.0, "pConifer": 1.0, "pAll": 1.0, "Cell_id": "4328_3082", "EPSG": 31467, "Netz": 8, "Dichte": 8, "Bl": ";16;" }, "geometry": { "type": "Point", "coordinates": [ 10.10651244413482, 50.853944418840349 ] } },
{ "type": "Feature", "properties": { "Tnr": 54201, "mitRand": 1, "AnzHBbeg": 4, "pHaupt": 1.0, "poHaupt": 0.0, "pQuerus": 0.032, "pFagus": 0.0, "pFraxinus": 0.0, "pCarpinus": 0.0, "pAcer": 0.0, "pTilia": 0.0, "pRobinia": 0.0, "pUlmus": 0.0, "pCastanea": 0.0, "pOtherLH": 0.0, "pBetula": 0.051, "pAlnus": 0.0, "pPopulus": 0.0, "pSalix": 0.0, "pSorbus": 0.0, "pPrunus": 0.0, "pMalus": 0.0, "pPyrus": 0.0, "pOtherLN": 0.0, "pPicea": 0.533, "pPinus": 0.384, "pAbies": 0.0, "pDouglas": 0.0, "pLarix": 0.0, "pOtherNb": 0.0, "pNoEurop": 0.25, "pNoEuropD": 0.25, "pEurop": 0.75, "pDecid": 0.083, "pConifer": 0.917, "pAll": 1.0, "Cell_id": "4332_3082", "EPSG": 31467, "Netz": 8, "Dichte": 8, "Bl": ";16;" }, "geometry": { "type": "Point", "coordinates": [ 10.163316535724562, 50.853877020828747 ] } },
{ "type": "Feature", "properties": { "Tnr": 54207, "mitRand": 1, "AnzHBbeg": 4, "pHaupt": 1.0, "poHaupt": 0.0, "pQuerus": 0.0, "pFagus": 0.5, "pFraxinus": 0.0, "pCarpinus": 0.0, "pAcer": 0.0, "pTilia": 0.0, "pRobinia": 0.0, "pUlmus": 0.0, "pCastanea": 0.0, "pOtherLH": 0.0, "pBetula": 0.0, "pAlnus": 0.25, "pPopulus": 0.0, "pSalix": 0.0, "pSorbus": 0.0, "pPrunus": 0.0, "pMalus": 0.0, "pPyrus": 0.0, "pOtherLN": 0.0, "pPicea": 0.25, "pPinus": 0.0, "pAbies": 0.0, "pDouglas": 0.0, "pLarix": 0.0, "pOtherNb": 0.0, "pNoEurop": 0.0, "pNoEuropD": 0.0, "pEurop": 1.0, "pDecid": 0.75, "pConifer": 0.25, "pAll": 1.0, "Cell_id": "4344_3082", "EPSG": 31467, "Netz": 8, "Dichte": 8, "Bl": ";16;" }, "geometry": { "type": "Point", "coordinates": [ 10.333710584803699, 50.853518078888193 ] } },
{ "type": "Feature", "properties": { "Tnr": 54209, "mitRand": 1, "AnzHBbeg": 4, "pHaupt": 1.0, "poHaupt": 0.0, "pQuerus": 0.0, "pFagus": 0.665, "pFraxinus": 0.0, "pCarpinus": 0.0, "pAcer": 0.017, "pTilia": 0.0, "pRobinia": 0.0, "pUlmus": 0.0, "pCastanea": 0.0, "pOtherLH": 0.0, "pBetula": 0.028, "pAlnus": 0.194, "pPopulus": 0.0, "pSalix": 0.0, "pSorbus": 0.0, "pPrunus": 0.0, "pMalus": 0.0, "pPyrus": 0.0, "pOtherLN": 0.0, "pPicea": 0.096, "pPinus": 0.0, "pAbies": 0.0, "pDouglas": 0.0, "pLarix": 0.0, "pOtherNb": 0.0, "pNoEurop": 0.0, "pNoEuropD": 0.0, "pEurop": 1.0, "pDecid": 0.904, "pConifer": 0.096, "pAll": 1.0, "Cell_id": "4348_3082", "EPSG": 31467, "Netz": 8, "Dichte": 8, "Bl": ";16;" }, "geometry": { "type": "Point", "coordinates": [ 10.390511532602469, 50.853340092416964 ] } },
{ "type": "Feature", "properties": { "Tnr": 54211, "mitRand": 1, "AnzHBbeg": 4, "pHaupt": 1.0, "poHaupt": 0.0, "pQuerus": 0.0, "pFagus": 0.917, "pFraxinus": 0.0, "pCarpinus": 0.0, "pAcer": 0.0, "pTilia": 0.0, "pRobinia": 0.0, "pUlmus": 0.0, "pCastanea": 0.0, "pOtherLH": 0.0, "pBetula": 0.0, "pAlnus": 0.0, "pPopulus": 0.0, "pSalix": 0.0, "pSorbus": 0.0, "pPrunus": 0.0, "pMalus": 0.0, "pPyrus": 0.0, "pOtherLN": 0.0, "pPicea": 0.083, "pPinus": 0.0, "pAbies": 0.0, "pDouglas": 0.0, "pLarix": 0.0, "pOtherNb": 0.0, "pNoEurop": 0.0, "pNoEuropD": 0.0, "pEurop": 1.0, "pDecid": 0.917, "pConifer": 0.083, "pAll": 1.0, "Cell_id": "4352_3082", "EPSG": 31467, "Netz": 8, "Dichte": 8, "Bl": ";16;" }, "geometry": { "type": "Point", "coordinates": [ 10.447311467993334, 50.853134459493312 ] } },
{ "type": "Feature", "properties": { "Tnr": 54213, "mitRand": 1, "AnzHBbeg": 4, "pHaupt": 1.0, "poHaupt": 0.0, "pQuerus": 0.0, "pFagus": 0.097, "pFraxinus": 0.035, "pCarpinus": 0.0, "pAcer": 0.049, "pTilia": 0.0, "pRobinia": 0.0, "pUlmus": 0.033, "pCastanea": 0.0, "pOtherLH": 0.0, "pBetula": 0.25, "pAlnus": 0.0, "pPopulus": 0.0, "pSalix": 0.0, "pSorbus": 0.0, "pPrunus": 0.0, "pMalus": 0.0, "pPyrus": 0.0, "pOtherLN": 0.0, "pPicea": 0.536, "pPinus": 0.0, "pAbies": 0.0, "pDouglas": 0.0, "pLarix": 0.0, "pOtherNb": 0.0, "pNoEurop": 0.0, "pNoEuropD": 0.0, "pEurop": 1.0, "pDecid": 0.464, "pConifer": 0.536, "pAll": 1.0, "Cell_id": "4356_3082", "EPSG": 31468, "Netz": 8, "Dichte": 8, "Bl": ";16;" }, "geometry": { "type": "Point", "coordinates": [ 10.504110301530069, 50.852901181261061 ] } },
{ "type": "Feature", "properties": { "Tnr": 54215, "mitRand": 1, "AnzHBbeg": 4, "pHaupt": 0.75, "poHaupt": 0.25, "pQuerus": 0.0, "pFagus": 0.0, "pFraxinus": 0.0, "pCarpinus": 0.0, "pAcer": 0.0, "pTilia": 0.0, "pRobinia": 0.0, "pUlmus": 0.0, "pCastanea": 0.0, "pOtherLH": 0.0, "pBetula": 0.0, "pAlnus": 0.0, "pPopulus": 0.0, "pSalix": 0.0, "pSorbus": 0.0, "pPrunus": 0.0, "pMalus": 0.0, "pPyrus": 0.0, "pOtherLN": 0.0, "pPicea": 0.75, "pPinus": 0.0, "pAbies": 0.0, "pDouglas": 0.0, "pLarix": 0.0, "pOtherNb": 0.0, "pNoEurop": 0.0, "pNoEuropD": 0.0, "pEurop": 0.75, "pDecid": 0.0, "pConifer": 0.75, "pAll": 0.75, "Cell_id": "4360_3082", "EPSG": 31468, "Netz": 8, "Dichte": 8, "Bl": ";16;" }, "geometry": { "type": "Point", "coordinates": [ 10.560907643634536, 50.852631273221704 ] } },
{ "type": "Feature", "properties": { "Tnr": 54217, "mitRand": 1, "AnzHBbeg": 4, "pHaupt": 1.0, "poHaupt": 0.0, "pQuerus": 0.0, "pFagus": 0.25, "pFraxinus": 0.0, "pCarpinus": 0.0, "pAcer": 0.0, "pTilia": 0.0, "pRobinia": 0.0, "pUlmus": 0.0, "pCastanea": 0.0, "pOtherLH": 0.0, "pBetula": 0.14, "pAlnus": 0.0, "pPopulus": 0.0, "pSalix": 0.0, "pSorbus": 0.0, "pPrunus": 0.0, "pMalus": 0.0, "pPyrus": 0.0, "pOtherLN": 0.0, "pPicea": 0.341, "pPinus": 0.269, "pAbies": 0.0, "pDouglas": 0.0, "pLarix": 0.0, "pOtherNb": 0.0, "pNoEurop": 0.0, "pNoEuropD": 0.0, "pEurop": 1.0, "pDecid": 0.39, "pConifer": 0.61, "pAll": 1.0, "Cell_id": "4364_3082", "EPSG": 31468, "Netz": 8, "Dichte": 8, "Bl": ";16;" }, "geometry": { "type": "Point", "coordinates": [ 10.617718188975145, 50.852342511560529 ] } },
{ "type": "Feature", "properties": { "Tnr": 54219, "mitRand": 0, "AnzHBbeg": 4, "pHaupt": 1.0, "poHaupt": 0.0, "pQuerus": 0.986, "pFagus": 0.0, "pFraxinus": 0.0, "pCarpinus": 0.0, "pAcer": 0.0, "pTilia": 0.0, "pRobinia": 0.0, "pUlmus": 0.0, "pCastanea": 0.0, "pOtherLH": 0.0, "pBetula": 0.0, "pAlnus": 0.0, "pPopulus": 0.0, "pSalix": 0.0, "pSorbus": 0.0, "pPrunus": 0.0, "pMalus": 0.0, "pPyrus": 0.0, "pOtherLN": 0.0, "pPicea": 0.014, "pPinus": 0.0, "pAbies": 0.0, "pDouglas": 0.0, "pLarix": 0.0, "pOtherNb": 0.0, "pNoEurop": 0.0, "pNoEuropD": 0.0, "pEurop": 1.0, "pDecid": 0.986, "pConifer": 0.014, "pAll": 1.0, "Cell_id": "4368_3082", "EPSG": 31468, "Netz": 8, "Dichte": 8, "Bl": ";16;" }, "geometry": { "type": "Point", "coordinates": [ 10.674513168963832, 50.852026298642521 ] } },
{ "type": "Feature", "properties": { "Tnr": 54237, "mitRand": 0, "AnzHBbeg": 3, "pHaupt": 1.0, "poHaupt": 0.0, "pQuerus": 0.0, "pFagus": 0.061, "pFraxinus": 0.0, "pCarpinus": 0.0, "pAcer": 0.0, "pTilia": 0.0, "pRobinia": 0.0, "pUlmus": 0.0, "pCastanea": 0.0, "pOtherLH": 0.0, "pBetula": 0.0, "pAlnus": 0.0, "pPopulus": 0.0, "pSalix": 0.0, "pSorbus": 0.0, "pPrunus": 0.0, "pMalus": 0.0, "pPyrus": 0.0, "pOtherLN": 0.0, "pPicea": 0.878, "pPinus": 0.061, "pAbies": 0.0, "pDouglas": 0.0, "pLarix": 0.0, "pOtherNb": 0.0, "pNoEurop": 0.0, "pNoEuropD": 0.0, "pEurop": 1.0, "pDecid": 0.061, "pConifer": 0.939, "pAll": 1.0, "Cell_id": "4403_3083", "EPSG": 31468, "Netz": 8, "Dichte": 8, "Bl": ";16;" }, "geometry": { "type": "Point", "coordinates": [ 11.171686248859757, 50.857052156465734 ] } },
{ "type": "Feature", "properties": { "Tnr": 54241, "mitRand": 1, "AnzHBbeg": 4, "pHaupt": 1.0, "poHaupt": 0.0, "pQuerus": 0.0, "pFagus": 0.0, "pFraxinus": 0.0, "pCarpinus": 0.0, "pAcer": 0.0, "pTilia": 0.0, "pRobinia": 0.0, "pUlmus": 0.0, "pCastanea": 0.0, "pOtherLH": 0.0, "pBetula": 0.0, "pAlnus": 0.0, "pPopulus": 0.0, "pSalix": 0.0, "pSorbus": 0.0, "pPrunus": 0.0, "pMalus": 0.0, "pPyrus": 0.0, "pOtherLN": 0.0, "pPicea": 0.714, "pPinus": 0.286, "pAbies": 0.0, "pDouglas": 0.0, "pLarix": 0.0, "pOtherNb": 0.0, "pNoEurop": 0.0, "pNoEuropD": 0.0, "pEurop": 1.0, "pDecid": 0.0, "pConifer": 1.0, "pAll": 1.0, "Cell_id": "4411_3083", "EPSG": 31468, "Netz": 8, "Dichte": 8, "Bl": ";16;" }, "geometry": { "type": "Point", "coordinates": [ 11.285273318768875, 50.855843474751708 ] } },
{ "type": "Feature", "properties": { "Tnr": 54245, "mitRand": 0, "AnzHBbeg": 3, "pHaupt": 1.0, "poHaupt": 0.0, "pQuerus": 0.636, "pFagus": 0.074, "pFraxinus": 0.0, "pCarpinus": 0.0, "pAcer": 0.112, "pTilia": 0.0, "pRobinia": 0.0, "pUlmus": 0.0, "pCastanea": 0.0, "pOtherLH": 0.0, "pBetula": 0.0, "pAlnus": 0.0, "pPopulus": 0.0, "pSalix": 0.0, "pSorbus": 0.177, "pPrunus": 0.0, "pMalus": 0.0, "pPyrus": 0.0, "pOtherLN": 0.0, "pPicea": 0.0, "pPinus": 0.0, "pAbies": 0.0, "pDouglas": 0.0, "pLarix": 0.0, "pOtherNb": 0.0, "pNoEurop": 0.0, "pNoEuropD": 0.0, "pEurop": 1.0, "pDecid": 1.0, "pConifer": 0.0, "pAll": 1.0, "Cell_id": "4419_3084", "EPSG": 31468, "Netz": 8, "Dichte": 8, "Bl": ";16;" }, "geometry": { "type": "Point", "coordinates": [ 11.399141618498417, 50.863508954687518 ] } },
{ "type": "Feature", "properties": { "Tnr": 54251, "mitRand": 0, "AnzHBbeg": 4, "pHaupt": 1.0, "poHaupt": 0.0, "pQuerus": 0.031, "pFagus": 0.024, "pFraxinus": 0.057, "pCarpinus": 0.0, "pAcer": 0.0, "pTilia": 0.0, "pRobinia": 0.0, "pUlmus": 0.0, "pCastanea": 0.0, "pOtherLH": 0.0, "pBetula": 0.0, "pAlnus": 0.0, "pPopulus": 0.0, "pSalix": 0.0, "pSorbus": 0.198, "pPrunus": 0.0, "pMalus": 0.0, "pPyrus": 0.0, "pOtherLN": 0.0, "pPicea": 0.0, "pPinus": 0.689, "pAbies": 0.0, "pDouglas": 0.0, "pLarix": 0.0, "pOtherNb": 0.0, "pNoEurop": 0.0, "pNoEuropD": 0.0, "pEurop": 1.0, "pDecid": 0.311, "pConifer": 0.689, "pAll": 1.0, "Cell_id": "4431_3084", "EPSG": 31468, "Netz": 8, "Dichte": 8, "Bl": ";16;" }, "geometry": { "type": "Point", "coordinates": [ 11.569542061735625, 50.861326065656478 ] } },
{ "type": "Feature", "properties": { "Tnr": 54257, "mitRand": 1, "AnzHBbeg": 4, "pHaupt": 1.0, "poHaupt": 0.0, "pQuerus": 0.355, "pFagus": 0.044, "pFraxinus": 0.0, "pCarpinus": 0.022, "pAcer": 0.0, "pTilia": 0.0, "pRobinia": 0.0, "pUlmus": 0.0, "pCastanea": 0.0, "pOtherLH": 0.0, "pBetula": 0.0, "pAlnus": 0.0, "pPopulus": 0.028, "pSalix": 0.0, "pSorbus": 0.0, "pPrunus": 0.0, "pMalus": 0.0, "pPyrus": 0.0, "pOtherLN": 0.0, "pPicea": 0.082, "pPinus": 0.371, "pAbies": 0.0, "pDouglas": 0.0, "pLarix": 0.1, "pOtherNb": 0.0, "pNoEurop": 0.176, "pNoEuropD": 0.176, "pEurop": 0.824, "pDecid": 0.447, "pConifer": 0.553, "pAll": 1.0, "Cell_id": "4443_3084", "EPSG": 31468, "Netz": 8, "Dichte": 8, "Bl": ";16;" }, "geometry": { "type": "Point", "coordinates": [ 11.739944447095136, 50.858884837267254 ] } },
{ "type": "Feature", "properties": { "Tnr": 54259, "mitRand": 1, "AnzHBbeg": 4, "pHaupt": 1.0, "poHaupt": 0.0, "pQuerus": 0.105, "pFagus": 0.0, "pFraxinus": 0.0, "pCarpinus": 0.0, "pAcer": 0.0, "pTilia": 0.0, "pRobinia": 0.0, "pUlmus": 0.0, "pCastanea": 0.0, "pOtherLH": 0.0, "pBetula": 0.199, "pAlnus": 0.0, "pPopulus": 0.0, "pSalix": 0.0, "pSorbus": 0.0, "pPrunus": 0.0, "pMalus": 0.0, "pPyrus": 0.0, "pOtherLN": 0.0, "pPicea": 0.082, "pPinus": 0.615, "pAbies": 0.0, "pDouglas": 0.0, "pLarix": 0.0, "pOtherNb": 0.0, "pNoEurop": 0.0, "pNoEuropD": 0.0, "pEurop": 1.0, "pDecid": 0.304, "pConifer": 0.696, "pAll": 1.0, "Cell_id": "4447_3084", "EPSG": 31468, "Netz": 8, "Dichte": 8, "Bl": ";16;" }, "geometry": { "type": "Point", "coordinates": [ 11.796729416463824, 50.858013060999077 ] } },
{ "type": "Feature", "properties": { "Tnr": 54261, "mitRand": 1, "AnzHBbeg": 4, "pHaupt": 1.0, "poHaupt": 0.0, "pQuerus": 0.0, "pFagus": 0.048, "pFraxinus": 0.0, "pCarpinus": 0.0, "pAcer": 0.0, "pTilia": 0.0, "pRobinia": 0.0, "pUlmus": 0.0, "pCastanea": 0.0, "pOtherLH": 0.0, "pBetula": 0.351, "pAlnus": 0.0, "pPopulus": 0.0, "pSalix": 0.0, "pSorbus": 0.0, "pPrunus": 0.0, "pMalus": 0.0, "pPyrus": 0.0, "pOtherLN": 0.0, "pPicea": 0.476, "pPinus": 0.099, "pAbies": 0.0, "pDouglas": 0.0, "pLarix": 0.026, "pOtherNb": 0.0, "pNoEurop": 0.0, "pNoEuropD": 0.0, "pEurop": 1.0, "pDecid": 0.399, "pConifer": 0.601, "pAll": 1.0, "Cell_id": "4451_3085", "EPSG": 31468, "Netz": 8, "Dichte": 8, "Bl": ";16;" }, "geometry": { "type": "Point", "coordinates": [ 11.853875890919923, 50.866105066209201 ] } },
{ "type": "Feature", "properties": { "Tnr": 54263, "mitRand": 0, "AnzHBbeg": 3, "pHaupt": 1.0, "poHaupt": 0.0, "pQuerus": 0.05, "pFagus": 0.0, "pFraxinus": 0.0, "pCarpinus": 0.0, "pAcer": 0.0, "pTilia": 0.0, "pRobinia": 0.0, "pUlmus": 0.0, "pCastanea": 0.0, "pOtherLH": 0.0, "pBetula": 0.21, "pAlnus": 0.0, "pPopulus": 0.0, "pSalix": 0.0, "pSorbus": 0.0, "pPrunus": 0.0, "pMalus": 0.0, "pPyrus": 0.0, "pOtherLN": 0.0, "pPicea": 0.333, "pPinus": 0.408, "pAbies": 0.0, "pDouglas": 0.0, "pLarix": 0.0, "pOtherNb": 0.0, "pNoEurop": 0.0, "pNoEuropD": 0.0, "pEurop": 1.0, "pDecid": 0.259, "pConifer": 0.741, "pAll": 1.0, "Cell_id": "4455_3085", "EPSG": 31468, "Netz": 8, "Dichte": 8, "Bl": ";16;" }, "geometry": { "type": "Point", "coordinates": [ 11.910679367622576, 50.865177344860044 ] } },
{ "type": "Feature", "properties": { "Tnr": 54267, "mitRand": 1, "AnzHBbeg": 2, "pHaupt": 0.5, "poHaupt": 0.5, "pQuerus": 0.0, "pFagus": 0.0, "pFraxinus": 0.0, "pCarpinus": 0.0, "pAcer": 0.242, "pTilia": 0.0, "pRobinia": 0.0, "pUlmus": 0.0, "pCastanea": 0.0, "pOtherLH": 0.0, "pBetula": 0.0, "pAlnus": 0.0, "pPopulus": 0.0, "pSalix": 0.0, "pSorbus": 0.0, "pPrunus": 0.0, "pMalus": 0.0, "pPyrus": 0.0, "pOtherLN": 0.0, "pPicea": 0.258, "pPinus": 0.0, "pAbies": 0.0, "pDouglas": 0.0, "pLarix": 0.0, "pOtherNb": 0.0, "pNoEurop": 0.0, "pNoEuropD": 0.0, "pEurop": 0.5, "pDecid": 0.242, "pConifer": 0.258, "pAll": 0.5, "Cell_id": "4463_3085", "EPSG": 31468, "Netz": 8, "Dichte": 8, "Bl": ";16;" }, "geometry": { "type": "Point", "coordinates": [ 12.024276517278818, 50.863247982413888 ] } },
{ "type": "Feature", "properties": { "Tnr": 54355, "mitRand": 1, "AnzHBbeg": 4, "pHaupt": 1.0, "poHaupt": 0.0, "pQuerus": 0.25, "pFagus": 0.346, "pFraxinus": 0.0, "pCarpinus": 0.0, "pAcer": 0.0, "pTilia": 0.0, "pRobinia": 0.0, "pUlmus": 0.0, "pCastanea": 0.0, "pOtherLH": 0.0, "pBetula": 0.0, "pAlnus": 0.0, "pPopulus": 0.0, "pSalix": 0.0, "pSorbus": 0.0, "pPrunus": 0.0, "pMalus": 0.0, "pPyrus": 0.0, "pOtherLN": 0.0, "pPicea": 0.0, "pPinus": 0.199, "pAbies": 0.0, "pDouglas": 0.0, "pLarix": 0.205, "pOtherNb": 0.0, "pNoEurop": 0.0, "pNoEuropD": 0.0, "pEurop": 1.0, "pDecid": 0.596, "pConifer": 0.404, "pAll": 1.0, "Cell_id": "4330_3080", "EPSG": 31467, "Netz": 16, "Dichte": 8, "Bl": ";16;" }, "geometry": { "type": "Point", "coordinates": [ 10.134861404984695, 50.835935781904823 ] } },
{ "type": "Feature", "properties": { "Tnr": 54357, "mitRand": 1, "AnzHBbeg": 1, "pHaupt": 1.0, "poHaupt": 0.0, "pQuerus": 0.0, "pFagus": 0.0, "pFraxinus": 0.0, "pCarpinus": 0.0, "pAcer": 0.0, "pTilia": 0.0, "pRobinia": 0.0, "pUlmus": 0.0, "pCastanea": 0.0, "pOtherLH": 0.0, "pBetula": 0.0, "pAlnus": 0.0, "pPopulus": 0.0, "pSalix": 0.0, "pSorbus": 0.0, "pPrunus": 0.0, "pMalus": 0.0, "pPyrus": 0.0, "pOtherLN": 0.0, "pPicea": 0.631, "pPinus": 0.369, "pAbies": 0.0, "pDouglas": 0.0, "pLarix": 0.0, "pOtherNb": 0.0, "pNoEurop": 0.0, "pNoEuropD": 0.0, "pEurop": 1.0, "pDecid": 0.0, "pConifer": 1.0, "pAll": 1.0, "Cell_id": "4334_3080", "EPSG": 31467, "Netz": 16, "Dichte": 8, "Bl": ";16;" }, "geometry": { "type": "Point", "coordinates": [ 10.19164335119194, 50.835854734485061 ] } },
{ "type": "Feature", "properties": { "Tnr": 54359, "mitRand": 1, "AnzHBbeg": 4, "pHaupt": 1.0, "poHaupt": 0.0, "pQuerus": 0.004, "pFagus": 0.006, "pFraxinus": 0.0, "pCarpinus": 0.0, "pAcer": 0.0, "pTilia": 0.0, "pRobinia": 0.0, "pUlmus": 0.0, "pCastanea": 0.0, "pOtherLH": 0.0, "pBetula": 0.018, "pAlnus": 0.0, "pPopulus": 0.0, "pSalix": 0.0, "pSorbus": 0.05, "pPrunus": 0.0, "pMalus": 0.0, "pPyrus": 0.0, "pOtherLN": 0.0, "pPicea": 0.674, "pPinus": 0.16, "pAbies": 0.0, "pDouglas": 0.0, "pLarix": 0.09, "pOtherNb": 0.0, "pNoEurop": 0.0, "pNoEuropD": 0.0, "pEurop": 1.0, "pDecid": 0.076, "pConifer": 0.924, "pAll": 1.0, "Cell_id": "4338_3080", "EPSG": 31467, "Netz": 16, "Dichte": 8, "Bl": ";16;" }, "geometry": { "type": "Point", "coordinates": [ 10.248410406829141, 50.835746206972949 ] } },
{ "type": "Feature", "properties": { "Tnr": 54365, "mitRand": 1, "AnzHBbeg": 2, "pHaupt": 1.0, "poHaupt": 0.0, "pQuerus": 0.0, "pFagus": 0.684, "pFraxinus": 0.0, "pCarpinus": 0.0, "pAcer": 0.0, "pTilia": 0.0, "pRobinia": 0.0, "pUlmus": 0.0, "pCastanea": 0.0, "pOtherLH": 0.0, "pBetula": 0.0, "pAlnus": 0.0, "pPopulus": 0.0, "pSalix": 0.0, "pSorbus": 0.0, "pPrunus": 0.0, "pMalus": 0.0, "pPyrus": 0.0, "pOtherLN": 0.0, "pPicea": 0.316, "pPinus": 0.0, "pAbies": 0.0, "pDouglas": 0.0, "pLarix": 0.0, "pOtherNb": 0.0, "pNoEurop": 0.0, "pNoEuropD": 0.0, "pEurop": 1.0, "pDecid": 0.684, "pConifer": 0.316, "pAll": 1.0, "Cell_id": "4350_3080", "EPSG": 31467, "Netz": 16, "Dichte": 8, "Bl": ";16;" }, "geometry": { "type": "Point", "coordinates": [ 10.418749065759039, 50.83525440541743 ] } },
{ "type": "Feature", "properties": { "Tnr": 54367, "mitRand": 1, "AnzHBbeg": 4, "pHaupt": 1.0, "poHaupt": 0.0, "pQuerus": 0.0, "pFagus": 0.25, "pFraxinus": 0.0, "pCarpinus": 0.0, "pAcer": 0.0, "pTilia": 0.0, "pRobinia": 0.0, "pUlmus": 0.0, "pCastanea": 0.0, "pOtherLH": 0.0, "pBetula": 0.0, "pAlnus": 0.0, "pPopulus": 0.0, "pSalix": 0.0, "pSorbus": 0.0, "pPrunus": 0.0, "pMalus": 0.0, "pPyrus": 0.0, "pOtherLN": 0.0, "pPicea": 0.75, "pPinus": 0.0, "pAbies": 0.0, "pDouglas": 0.0, "pLarix": 0.0, "pOtherNb": 0.0, "pNoEurop": 0.0, "pNoEuropD": 0.0, "pEurop": 1.0, "pDecid": 0.25, "pConifer": 0.75, "pAll": 1.0, "Cell_id": "4354_3080", "EPSG": 31467, "Netz": 16, "Dichte": 8, "Bl": ";16;" }, "geometry": { "type": "Point", "coordinates": [ 10.475526625968831, 50.835035213562627 ] } },
{ "type": "Feature", "properties": { "Tnr": 54369, "mitRand": 1, "AnzHBbeg": 3, "pHaupt": 1.0, "poHaupt": 0.0, "pQuerus": 0.0, "pFagus": 0.18, "pFraxinus": 0.0, "pCarpinus": 0.0, "pAcer": 0.0, "pTilia": 0.0, "pRobinia": 0.0, "pUlmus": 0.0, "pCastanea": 0.0, "pOtherLH": 0.0, "pBetula": 0.0, "pAlnus": 0.0, "pPopulus": 0.0, "pSalix": 0.0, "pSorbus": 0.0, "pPrunus": 0.0, "pMalus": 0.0, "pPyrus": 0.0, "pOtherLN": 0.0, "pPicea": 0.82, "pPinus": 0.0, "pAbies": 0.0, "pDouglas": 0.0, "pLarix": 0.0, "pOtherNb": 0.0, "pNoEurop": 0.0, "pNoEuropD": 0.0, "pEurop": 1.0, "pDecid": 0.18, "pConifer": 0.82, "pAll": 1.0, "Cell_id": "4358_3080", "EPSG": 31468, "Netz": 16, "Dichte": 8, "Bl": ";16;" }, "geometry": { "type": "Point", "coordinates": [ 10.532303040918723, 50.834788394610442 ] } },
{ "type": "Feature", "properties": { "Tnr": 54389, "mitRand": 1, "AnzHBbeg": 1, "pHaupt": 1.0, "poHaupt": 0.0, "pQuerus": 1.0, "pFagus": 0.0, "pFraxinus": 0.0, "pCarpinus": 0.0, "pAcer": 0.0, "pTilia": 0.0, "pRobinia": 0.0, "pUlmus": 0.0, "pCastanea": 0.0, "pOtherLH": 0.0, "pBetula": 0.0, "pAlnus": 0.0, "pPopulus": 0.0, "pSalix": 0.0, "pSorbus": 0.0, "pPrunus": 0.0, "pMalus": 0.0, "pPyrus": 0.0, "pOtherLN": 0.0, "pPicea": 0.0, "pPinus": 0.0, "pAbies": 0.0, "pDouglas": 0.0, "pLarix": 0.0, "pOtherNb": 0.0, "pNoEurop": 0.0, "pNoEuropD": 0.0, "pEurop": 1.0, "pDecid": 1.0, "pConifer": 0.0, "pAll": 1.0, "Cell_id": "4398_3081", "EPSG": 31468, "Netz": 16, "Dichte": 8, "Bl": ";16;" }, "geometry": { "type": "Point", "coordinates": [ 11.100259564263306, 50.839768449619399 ] } },
{ "type": "Feature", "properties": { "Tnr": 54391, "mitRand": 1, "AnzHBbeg": 3, "pHaupt": 1.0, "poHaupt": 0.0, "pQuerus": 0.0, "pFagus": 0.0, "pFraxinus": 0.0, "pCarpinus": 0.0, "pAcer": 0.0, "pTilia": 0.0, "pRobinia": 0.0, "pUlmus": 0.0, "pCastanea": 0.0, "pOtherLH": 0.0, "pBetula": 0.0, "pAlnus": 0.0, "pPopulus": 0.0, "pSalix": 0.0, "pSorbus": 0.0, "pPrunus": 0.0, "pMalus": 0.0, "pPyrus": 0.0, "pOtherLN": 0.0, "pPicea": 0.428, "pPinus": 0.044, "pAbies": 0.0, "pDouglas": 0.0, "pLarix": 0.528, "pOtherNb": 0.0, "pNoEurop": 0.0, "pNoEuropD": 0.0, "pEurop": 1.0, "pDecid": 0.0, "pConifer": 1.0, "pAll": 1.0, "Cell_id": "4402_3081", "EPSG": 31468, "Netz": 16, "Dichte": 8, "Bl": ";16;" }, "geometry": { "type": "Point", "coordinates": [ 11.157028362413438, 50.839217573062911 ] } },
{ "type": "Feature", "properties": { "Tnr": 54395, "mitRand": 1, "AnzHBbeg": 1, "pHaupt": 1.0, "poHaupt": 0.0, "pQuerus": 0.0, "pFagus": 0.0, "pFraxinus": 0.0, "pCarpinus": 0.0, "pAcer": 0.0, "pTilia": 0.0, "pRobinia": 0.0, "pUlmus": 0.0, "pCastanea": 0.0, "pOtherLH": 0.0, "pBetula": 0.0, "pAlnus": 0.0, "pPopulus": 0.0, "pSalix": 0.0, "pSorbus": 0.0, "pPrunus": 0.0, "pMalus": 0.0, "pPyrus": 0.0, "pOtherLN": 0.0, "pPicea": 0.0, "pPinus": 1.0, "pAbies": 0.0, "pDouglas": 0.0, "pLarix": 0.0, "pOtherNb": 0.0, "pNoEurop": 0.0, "pNoEuropD": 0.0, "pEurop": 1.0, "pDecid": 0.0, "pConifer": 1.0, "pAll": 1.0, "Cell_id": "4410_3081", "EPSG": 31468, "Netz": 16, "Dichte": 8, "Bl": ";16;" }, "geometry": { "type": "Point", "coordinates": [ 11.270587150407836, 50.838023447369693 ] } },
{ "type": "Feature", "properties": { "Tnr": 54409, "mitRand": 0, "AnzHBbeg": 3, "pHaupt": 1.0, "poHaupt": 0.0, "pQuerus": 0.0, "pFagus": 0.066, "pFraxinus": 0.0, "pCarpinus": 0.0, "pAcer": 0.0, "pTilia": 0.0, "pRobinia": 0.0, "pUlmus": 0.0, "pCastanea": 0.0, "pOtherLH": 0.0, "pBetula": 0.469, "pAlnus": 0.0, "pPopulus": 0.0, "pSalix": 0.0, "pSorbus": 0.0, "pPrunus": 0.0, "pMalus": 0.0, "pPyrus": 0.0, "pOtherLN": 0.0, "pPicea": 0.2, "pPinus": 0.232, "pAbies": 0.0, "pDouglas": 0.0, "pLarix": 0.033, "pOtherNb": 0.0, "pNoEurop": 0.0, "pNoEuropD": 0.0, "pEurop": 1.0, "pDecid": 0.534, "pConifer": 0.466, "pAll": 1.0, "Cell_id": "4438_3082", "EPSG": 31468, "Netz": 16, "Dichte": 8, "Bl": ";16;" }, "geometry": { "type": "Point", "coordinates": [ 11.66830448398694, 50.841952826903267 ] } },
{ "type": "Feature", "properties": { "Tnr": 54411, "mitRand": 0, "AnzHBbeg": 3, "pHaupt": 1.0, "poHaupt": 0.0, "pQuerus": 0.056, "pFagus": 0.206, "pFraxinus": 0.0, "pCarpinus": 0.0, "pAcer": 0.0, "pTilia": 0.0, "pRobinia": 0.0, "pUlmus": 0.0, "pCastanea": 0.0, "pOtherLH": 0.0, "pBetula": 0.0, "pAlnus": 0.0, "pPopulus": 0.0, "pSalix": 0.0, "pSorbus": 0.0, "pPrunus": 0.0, "pMalus": 0.0, "pPyrus": 0.0, "pOtherLN": 0.0, "pPicea": 0.599, "pPinus": 0.139, "pAbies": 0.0, "pDouglas": 0.0, "pLarix": 0.0, "pOtherNb": 0.0, "pNoEurop": 0.0, "pNoEuropD": 0.0, "pEurop": 1.0, "pDecid": 0.262, "pConifer": 0.738, "pAll": 1.0, "Cell_id": "4442_3082", "EPSG": 31468, "Netz": 16, "Dichte": 8, "Bl": ";16;" }, "geometry": { "type": "Point", "coordinates": [ 11.725072099975915, 50.84112521417876 ] } },
{ "type": "Feature", "properties": { "Tnr": 54413, "mitRand": 0, "AnzHBbeg": 4, "pHaupt": 1.0, "poHaupt": 0.0, "pQuerus": 0.0, "pFagus": 0.0, "pFraxinus": 0.0, "pCarpinus": 0.0, "pAcer": 0.0, "pTilia": 0.0, "pRobinia": 0.0, "pUlmus": 0.0, "pCastanea": 0.0, "pOtherLH": 0.0, "pBetula": 0.03, "pAlnus": 0.0, "pPopulus": 0.0, "pSalix": 0.0, "pSorbus": 0.0, "pPrunus": 0.0, "pMalus": 0.0, "pPyrus": 0.0, "pOtherLN": 0.0, "pPicea": 0.092, "pPinus": 0.816, "pAbies": 0.0, "pDouglas": 0.0, "pLarix": 0.062, "pOtherNb": 0.0, "pNoEurop": 0.0, "pNoEuropD": 0.0, "pEurop": 1.0, "pDecid": 0.03, "pConifer": 0.97, "pAll": 1.0, "Cell_id": "4446_3082", "EPSG": 31468, "Netz": 16, "Dichte": 8, "Bl": ";16;" }, "geometry": { "type": "Point", "coordinates": [ 11.781850249174191, 50.840260678430823 ] } },
{ "type": "Feature", "properties": { "Tnr": 54415, "mitRand": 1, "AnzHBbeg": 4, "pHaupt": 1.0, "poHaupt": 0.0, "pQuerus": 0.0, "pFagus": 0.0, "pFraxinus": 0.0, "pCarpinus": 0.0, "pAcer": 0.0, "pTilia": 0.0, "pRobinia": 0.0, "pUlmus": 0.0, "pCastanea": 0.0, "pOtherLH": 0.0, "pBetula": 0.058, "pAlnus": 0.0, "pPopulus": 0.0, "pSalix": 0.0, "pSorbus": 0.0, "pPrunus": 0.0, "pMalus": 0.0, "pPyrus": 0.0, "pOtherLN": 0.0, "pPicea": 0.575, "pPinus": 0.346, "pAbies": 0.0, "pDouglas": 0.0, "pLarix": 0.021, "pOtherNb": 0.0, "pNoEurop": 0.0, "pNoEuropD": 0.0, "pEurop": 1.0, "pDecid": 0.058, "pConifer": 0.942, "pAll": 1.0, "Cell_id": "4450_3082", "EPSG": 31468, "Netz": 16, "Dichte": 8, "Bl": ";16;" }, "geometry": { "type": "Point", "coordinates": [ 11.838610994298238, 50.839368872452482 ] } },
{ "type": "Feature", "properties": { "Tnr": 54417, "mitRand": 1, "AnzHBbeg": 2, "pHaupt": 1.0, "poHaupt": 0.0, "pQuerus": 0.0, "pFagus": 0.0, "pFraxinus": 0.0, "pCarpinus": 0.0, "pAcer": 0.0, "pTilia": 0.0, "pRobinia": 0.0, "pUlmus": 0.0, "pCastanea": 0.0, "pOtherLH": 0.0, "pBetula": 0.0, "pAlnus": 0.0, "pPopulus": 0.0, "pSalix": 0.0, "pSorbus": 0.0, "pPrunus": 0.0, "pMalus": 0.0, "pPyrus": 0.0, "pOtherLN": 0.0, "pPicea": 0.081, "pPinus": 0.919, "pAbies": 0.0, "pDouglas": 0.0, "pLarix": 0.0, "pOtherNb": 0.0, "pNoEurop": 0.0, "pNoEuropD": 0.0, "pEurop": 1.0, "pDecid": 0.0, "pConifer": 1.0, "pAll": 1.0, "Cell_id": "4454_3083", "EPSG": 31468, "Netz": 16, "Dichte": 8, "Bl": ";16;" }, "geometry": { "type": "Point", "coordinates": [ 11.895755119729483, 50.847440279620628 ] } },
{ "type": "Feature", "properties": { "Tnr": 54419, "mitRand": 1, "AnzHBbeg": 2, "pHaupt": 1.0, "poHaupt": 0.0, "pQuerus": 0.913, "pFagus": 0.0, "pFraxinus": 0.0, "pCarpinus": 0.0, "pAcer": 0.0, "pTilia": 0.0, "pRobinia": 0.0, "pUlmus": 0.0, "pCastanea": 0.0, "pOtherLH": 0.0, "pBetula": 0.0, "pAlnus": 0.0, "pPopulus": 0.0, "pSalix": 0.0, "pSorbus": 0.0, "pPrunus": 0.0, "pMalus": 0.0, "pPyrus": 0.0, "pOtherLN": 0.0, "pPicea": 0.0, "pPinus": 0.087, "pAbies": 0.0, "pDouglas": 0.0, "pLarix": 0.0, "pOtherNb": 0.0, "pNoEurop": 0.0, "pNoEuropD": 0.0, "pEurop": 1.0, "pDecid": 0.913, "pConifer": 0.087, "pAll": 1.0, "Cell_id": "4458_3083", "EPSG": 31468, "Netz": 16, "Dichte": 8, "Bl": ";16;" }, "geometry": { "type": "Point", "coordinates": [ 11.952520047336588, 50.846492910188474 ] } },
{ "type": "Feature", "properties": { "Tnr": 54421, "mitRand": 1, "AnzHBbeg": 2, "pHaupt": 1.0, "poHaupt": 0.0, "pQuerus": 0.715, "pFagus": 0.0, "pFraxinus": 0.0, "pCarpinus": 0.0, "pAcer": 0.0, "pTilia": 0.0, "pRobinia": 0.0, "pUlmus": 0.0, "pCastanea": 0.0, "pOtherLH": 0.0, "pBetula": 0.113, "pAlnus": 0.0, "pPopulus": 0.0, "pSalix": 0.0, "pSorbus": 0.0, "pPrunus": 0.0, "pMalus": 0.0, "pPyrus": 0.0, "pOtherLN": 0.0, "pPicea": 0.115, "pPinus": 0.057, "pAbies": 0.0, "pDouglas": 0.0, "pLarix": 0.0, "pOtherNb": 0.0, "pNoEurop": 0.0, "pNoEuropD": 0.0, "pEurop": 1.0, "pDecid": 0.828, "pConifer": 0.172, "pAll": 1.0, "Cell_id": "4462_3083", "EPSG": 31468, "Netz": 16, "Dichte": 8, "Bl": ";16;" }, "geometry": { "type": "Point", "coordinates": [ 12.009295661278006, 50.845517575584218 ] } },
{ "type": "Feature", "properties": { "Tnr": 54507, "mitRand": 1, "AnzHBbeg": 4, "pHaupt": 1.0, "poHaupt": 0.0, "pQuerus": 0.25, "pFagus": 0.0, "pFraxinus": 0.0, "pCarpinus": 0.0, "pAcer": 0.0, "pTilia": 0.0, "pRobinia": 0.0, "pUlmus": 0.0, "pCastanea": 0.0, "pOtherLH": 0.0, "pBetula": 0.119, "pAlnus": 0.0, "pPopulus": 0.0, "pSalix": 0.0, "pSorbus": 0.0, "pPrunus": 0.0, "pMalus": 0.0, "pPyrus": 0.0, "pOtherLN": 0.0, "pPicea": 0.417, "pPinus": 0.213, "pAbies": 0.0, "pDouglas": 0.0, "pLarix": 0.0, "pOtherNb": 0.0, "pNoEurop": 0.167, "pNoEuropD": 0.167, "pEurop": 0.833, "pDecid": 0.369, "pConifer": 0.631, "pAll": 1.0, "Cell_id": "4324_3078", "EPSG": 31467, "Netz": 8, "Dichte": 8, "Bl": ";16;" }, "geometry": { "type": "Point", "coordinates": [ 10.049667073909465, 50.818026862023366 ] } },
{ "type": "Feature", "properties": { "Tnr": 54513, "mitRand": 0, "AnzHBbeg": 1, "pHaupt": 1.0, "poHaupt": 0.0, "pQuerus": 0.661, "pFagus": 0.0, "pFraxinus": 0.0, "pCarpinus": 0.0, "pAcer": 0.0, "pTilia": 0.0, "pRobinia": 0.0, "pUlmus": 0.0, "pCastanea": 0.0, "pOtherLH": 0.0, "pBetula": 0.0, "pAlnus": 0.0, "pPopulus": 0.0, "pSalix": 0.0, "pSorbus": 0.0, "pPrunus": 0.0, "pMalus": 0.0, "pPyrus": 0.0, "pOtherLN": 0.0, "pPicea": 0.0, "pPinus": 0.339, "pAbies": 0.0, "pDouglas": 0.0, "pLarix": 0.0, "pOtherNb": 0.0, "pNoEurop": 0.0, "pNoEuropD": 0.0, "pEurop": 1.0, "pDecid": 0.661, "pConifer": 0.339, "pAll": 1.0, "Cell_id": "4336_3078", "EPSG": 31467, "Netz": 8, "Dichte": 8, "Bl": ";16;" }, "geometry": { "type": "Point", "coordinates": [ 10.219948348885264, 50.81782566976193 ] } },
{ "type": "Feature", "properties": { "Tnr": 54519, "mitRand": 1, "AnzHBbeg": 2, "pHaupt": 1.0, "poHaupt": 0.0, "pQuerus": 0.284, "pFagus": 0.65, "pFraxinus": 0.066, "pCarpinus": 0.0, "pAcer": 0.0, "pTilia": 0.0, "pRobinia": 0.0, "pUlmus": 0.0, "pCastanea": 0.0, "pOtherLH": 0.0, "pBetula": 0.0, "pAlnus": 0.0, "pPopulus": 0.0, "pSalix": 0.0, "pSorbus": 0.0, "pPrunus": 0.0, "pMalus": 0.0, "pPyrus": 0.0, "pOtherLN": 0.0, "pPicea": 0.0, "pPinus": 0.0, "pAbies": 0.0, "pDouglas": 0.0, "pLarix": 0.0, "pOtherNb": 0.0, "pNoEurop": 0.0, "pNoEuropD": 0.0, "pEurop": 1.0, "pDecid": 1.0, "pConifer": 0.0, "pAll": 1.0, "Cell_id": "4348_3078", "EPSG": 31467, "Netz": 8, "Dichte": 8, "Bl": ";16;" }, "geometry": { "type": "Point", "coordinates": [ 10.390208755811338, 50.817376120574004 ] } },
{ "type": "Feature", "properties": { "Tnr": 54521, "mitRand": 1, "AnzHBbeg": 2, "pHaupt": 1.0, "poHaupt": 0.0, "pQuerus": 0.0, "pFagus": 0.0, "pFraxinus": 0.0, "pCarpinus": 0.0, "pAcer": 0.0, "pTilia": 0.0, "pRobinia": 0.0, "pUlmus": 0.0, "pCastanea": 0.0, "pOtherLH": 0.0, "pBetula": 0.0, "pAlnus": 0.0, "pPopulus": 0.0, "pSalix": 0.0, "pSorbus": 0.0, "pPrunus": 0.0, "pMalus": 0.0, "pPyrus": 0.0, "pOtherLN": 0.0, "pPicea": 1.0, "pPinus": 0.0, "pAbies": 0.0, "pDouglas": 0.0, "pLarix": 0.0, "pOtherNb": 0.0, "pNoEurop": 0.0, "pNoEuropD": 0.0, "pEurop": 1.0, "pDecid": 0.0, "pConifer": 1.0, "pAll": 1.0, "Cell_id": "4352_3078", "EPSG": 31467, "Netz": 8, "Dichte": 8, "Bl": ";16;" }, "geometry": { "type": "Point", "coordinates": [ 10.446965052354239, 50.817170997474143 ] } },
{ "type": "Feature", "properties": { "Tnr": 54523, "mitRand": 1, "AnzHBbeg": 4, "pHaupt": 1.0, "poHaupt": 0.0, "pQuerus": 0.0, "pFagus": 0.0, "pFraxinus": 0.0, "pCarpinus": 0.0, "pAcer": 0.0, "pTilia": 0.0, "pRobinia": 0.0, "pUlmus": 0.0, "pCastanea": 0.0, "pOtherLH": 0.0, "pBetula": 0.0, "pAlnus": 0.0, "pPopulus": 0.0, "pSalix": 0.0, "pSorbus": 0.0, "pPrunus": 0.0, "pMalus": 0.0, "pPyrus": 0.0, "pOtherLN": 0.0, "pPicea": 1.0, "pPinus": 0.0, "pAbies": 0.0, "pDouglas": 0.0, "pLarix": 0.0, "pOtherNb": 0.0, "pNoEurop": 0.0, "pNoEuropD": 0.0, "pEurop": 1.0, "pDecid": 0.0, "pConifer": 1.0, "pAll": 1.0, "Cell_id": "4356_3078", "EPSG": 31468, "Netz": 8, "Dichte": 8, "Bl": ";16;" }, "geometry": { "type": "Point", "coordinates": [ 10.503720249547102, 50.81693826424641 ] } },
{ "type": "Feature", "properties": { "Tnr": 54525, "mitRand": 1, "AnzHBbeg": 4, "pHaupt": 0.75, "poHaupt": 0.25, "pQuerus": 0.0, "pFagus": 0.206, "pFraxinus": 0.0, "pCarpinus": 0.0, "pAcer": 0.0, "pTilia": 0.0, "pRobinia": 0.0, "pUlmus": 0.0, "pCastanea": 0.0, "pOtherLH": 0.0, "pBetula": 0.0, "pAlnus": 0.0, "pPopulus": 0.0, "pSalix": 0.0, "pSorbus": 0.0, "pPrunus": 0.0, "pMalus": 0.0, "pPyrus": 0.0, "pOtherLN": 0.0, "pPicea": 0.544, "pPinus": 0.0, "pAbies": 0.0, "pDouglas": 0.0, "pLarix": 0.0, "pOtherNb": 0.0, "pNoEurop": 0.0, "pNoEuropD": 0.0, "pEurop": 0.75, "pDecid": 0.206, "pConifer": 0.544, "pAll": 0.75, "Cell_id": "4360_3078", "EPSG": 31468, "Netz": 8, "Dichte": 8, "Bl": ";16;" }, "geometry": { "type": "Point", "coordinates": [ 10.560488442493815, 50.816677732288682 ] } },
{ "type": "Feature", "properties": { "Tnr": 54527, "mitRand": 0, "AnzHBbeg": 4, "pHaupt": 1.0, "poHaupt": 0.0, "pQuerus": 0.0, "pFagus": 0.0, "pFraxinus": 0.0, "pCarpinus": 0.0, "pAcer": 0.0, "pTilia": 0.0, "pRobinia": 0.0, "pUlmus": 0.0, "pCastanea": 0.0, "pOtherLH": 0.0, "pBetula": 0.0, "pAlnus": 0.0, "pPopulus": 0.0, "pSalix": 0.0, "pSorbus": 0.0, "pPrunus": 0.0, "pMalus": 0.0, "pPyrus": 0.0, "pOtherLN": 0.0, "pPicea": 1.0, "pPinus": 0.0, "pAbies": 0.0, "pDouglas": 0.0, "pLarix": 0.0, "pOtherNb": 0.0, "pNoEurop": 0.0, "pNoEuropD": 0.0, "pEurop": 1.0, "pDecid": 0.0, "pConifer": 1.0, "pAll": 1.0, "Cell_id": "4364_3078", "EPSG": 31468, "Netz": 8, "Dichte": 8, "Bl": ";16;" }, "geometry": { "type": "Point", "coordinates": [ 10.617241172929774, 50.816389775740049 ] } },
{ "type": "Feature", "properties": { "Tnr": 54529, "mitRand": 0, "AnzHBbeg": 4, "pHaupt": 1.0, "poHaupt": 0.0, "pQuerus": 0.0, "pFagus": 0.0, "pFraxinus": 0.0, "pCarpinus": 0.0, "pAcer": 0.0, "pTilia": 0.0, "pRobinia": 0.0, "pUlmus": 0.0, "pCastanea": 0.0, "pOtherLH": 0.0, "pBetula": 0.0, "pAlnus": 0.0, "pPopulus": 0.0, "pSalix": 0.0, "pSorbus": 0.0, "pPrunus": 0.0, "pMalus": 0.0, "pPyrus": 0.0, "pOtherLN": 0.0, "pPicea": 0.75, "pPinus": 0.0, "pAbies": 0.0, "pDouglas": 0.0, "pLarix": 0.25, "pOtherNb": 0.0, "pNoEurop": 0.0, "pNoEuropD": 0.0, "pEurop": 1.0, "pDecid": 0.0, "pConifer": 1.0, "pAll": 1.0, "Cell_id": "4368_3078", "EPSG": 31468, "Netz": 8, "Dichte": 8, "Bl": ";16;" }, "geometry": { "type": "Point", "coordinates": [ 10.673992536436062, 50.816074213102247 ] } },
{ "type": "Feature", "properties": { "Tnr": 54537, "mitRand": 1, "AnzHBbeg": 4, "pHaupt": 1.0, "poHaupt": 0.0, "pQuerus": 0.25, "pFagus": 0.065, "pFraxinus": 0.0, "pCarpinus": 0.0, "pAcer": 0.038, "pTilia": 0.0, "pRobinia": 0.0, "pUlmus": 0.0, "pCastanea": 0.0, "pOtherLH": 0.0, "pBetula": 0.0, "pAlnus": 0.0, "pPopulus": 0.0, "pSalix": 0.0, "pSorbus": 0.0, "pPrunus": 0.05, "pMalus": 0.0, "pPyrus": 0.0, "pOtherLN": 0.0, "pPicea": 0.46, "pPinus": 0.138, "pAbies": 0.0, "pDouglas": 0.0, "pLarix": 0.0, "pOtherNb": 0.0, "pNoEurop": 0.0, "pNoEuropD": 0.0, "pEurop": 1.0, "pDecid": 0.403, "pConifer": 0.597, "pAll": 1.0, "Cell_id": "4384_3079", "EPSG": 31468, "Netz": 8, "Dichte": 8, "Bl": ";16;" }, "geometry": { "type": "Point", "coordinates": [ 10.901177043968982, 50.823513907500711 ] } },
{ "type": "Feature", "properties": { "Tnr": 54541, "mitRand": 1, "AnzHBbeg": 1, "pHaupt": 0.0, "poHaupt": 1.0, "pQuerus": 0.0, "pFagus": 0.0, "pFraxinus": 0.0, "pCarpinus": 0.0, "pAcer": 0.0, "pTilia": 0.0, "pRobinia": 0.0, "pUlmus": 0.0, "pCastanea": 0.0, "pOtherLH": 0.0, "pBetula": 0.0, "pAlnus": 0.0, "pPopulus": 0.0, "pSalix": 0.0, "pSorbus": 0.0, "pPrunus": 0.0, "pMalus": 0.0, "pPyrus": 0.0, "pOtherLN": 0.0, "pPicea": 0.0, "pPinus": 0.0, "pAbies": 0.0, "pDouglas": 0.0, "pLarix": 0.0, "pOtherNb": 0.0, "pNoEurop": 0.0, "pNoEuropD": 0.0, "pEurop": 0.0, "pDecid": 0.0, "pConifer": 0.0, "pAll": 0.0, "Cell_id": "4392_3079", "EPSG": 31468, "Netz": 8, "Dichte": 8, "Bl": ";16;" }, "geometry": { "type": "Point", "coordinates": [ 11.014697078204152, 50.822569506359301 ] } },
{ "type": "Feature", "properties": { "Tnr": 54551, "mitRand": 1, "AnzHBbeg": 1, "pHaupt": 1.0, "poHaupt": 0.0, "pQuerus": 0.0, "pFagus": 0.0, "pFraxinus": 0.0, "pCarpinus": 0.0, "pAcer": 0.0, "pTilia": 0.0, "pRobinia": 0.0, "pUlmus": 0.0, "pCastanea": 0.0, "pOtherLH": 0.0, "pBetula": 0.0, "pAlnus": 0.0, "pPopulus": 0.0, "pSalix": 0.0, "pSorbus": 0.0, "pPrunus": 0.0, "pMalus": 0.0, "pPyrus": 0.0, "pOtherLN": 0.0, "pPicea": 0.0, "pPinus": 1.0, "pAbies": 0.0, "pDouglas": 0.0, "pLarix": 0.0, "pOtherNb": 0.0, "pNoEurop": 0.0, "pNoEuropD": 0.0, "pEurop": 1.0, "pDecid": 0.0, "pConifer": 1.0, "pAll": 1.0, "Cell_id": "4412_3079", "EPSG": 31468, "Netz": 8, "Dichte": 8, "Bl": ";16;" }, "geometry": { "type": "Point", "coordinates": [ 11.298467851953085, 50.819729749006605 ] } },
{ "type": "Feature", "properties": { "Tnr": 54555, "mitRand": 1, "AnzHBbeg": 1, "pHaupt": 1.0, "poHaupt": 0.0, "pQuerus": 0.0, "pFagus": 0.0, "pFraxinus": 0.632, "pCarpinus": 0.0, "pAcer": 0.0, "pTilia": 0.0, "pRobinia": 0.0, "pUlmus": 0.0, "pCastanea": 0.0, "pOtherLH": 0.0, "pBetula": 0.0, "pAlnus": 0.0, "pPopulus": 0.0, "pSalix": 0.0, "pSorbus": 0.0, "pPrunus": 0.0, "pMalus": 0.368, "pPyrus": 0.0, "pOtherLN": 0.0, "pPicea": 0.0, "pPinus": 0.0, "pAbies": 0.0, "pDouglas": 0.0, "pLarix": 0.0, "pOtherNb": 0.0, "pNoEurop": 0.0, "pNoEuropD": 0.0, "pEurop": 1.0, "pDecid": 1.0, "pConifer": 0.0, "pAll": 1.0, "Cell_id": "4420_3080", "EPSG": 31468, "Netz": 8, "Dichte": 8, "Bl": ";16;" }, "geometry": { "type": "Point", "coordinates": [ 11.412249743833568, 50.82738358374953 ] } },
{ "type": "Feature", "properties": { "Tnr": 54557, "mitRand": 0, "AnzHBbeg": 1, "pHaupt": 1.0, "poHaupt": 0.0, "pQuerus": 0.0, "pFagus": 0.0, "pFraxinus": 0.0, "pCarpinus": 0.0, "pAcer": 0.317, "pTilia": 0.0, "pRobinia": 0.0, "pUlmus": 0.0, "pCastanea": 0.0, "pOtherLH": 0.0, "pBetula": 0.0, "pAlnus": 0.0, "pPopulus": 0.0, "pSalix": 0.0, "pSorbus": 0.0, "pPrunus": 0.0, "pMalus": 0.0, "pPyrus": 0.0, "pOtherLN": 0.0, "pPicea": 0.0, "pPinus": 0.683, "pAbies": 0.0, "pDouglas": 0.0, "pLarix": 0.0, "pOtherNb": 0.0, "pNoEurop": 0.0, "pNoEuropD": 0.0, "pEurop": 1.0, "pDecid": 0.317, "pConifer": 0.683, "pAll": 1.0, "Cell_id": "4424_3080", "EPSG": 31468, "Netz": 8, "Dichte": 8, "Bl": ";16;" }, "geometry": { "type": "Point", "coordinates": [ 11.469008495980276, 50.826680820896904 ] } },
{ "type": "Feature", "properties": { "Tnr": 54559, "mitRand": 1, "AnzHBbeg": 4, "pHaupt": 1.0, "poHaupt": 0.0, "pQuerus": 0.0, "pFagus": 0.715, "pFraxinus": 0.0, "pCarpinus": 0.0, "pAcer": 0.035, "pTilia": 0.0, "pRobinia": 0.0, "pUlmus": 0.0, "pCastanea": 0.0, "pOtherLH": 0.0, "pBetula": 0.0, "pAlnus": 0.0, "pPopulus": 0.0, "pSalix": 0.0, "pSorbus": 0.0, "pPrunus": 0.0, "pMalus": 0.0, "pPyrus": 0.0, "pOtherLN": 0.0, "pPicea": 0.0, "pPinus": 0.0, "pAbies": 0.0, "pDouglas": 0.0, "pLarix": 0.25, "pOtherNb": 0.0, "pNoEurop": 0.0, "pNoEuropD": 0.0, "pEurop": 1.0, "pDecid": 0.75, "pConifer": 0.25, "pAll": 1.0, "Cell_id": "4428_3080", "EPSG": 31468, "Netz": 8, "Dichte": 8, "Bl": ";16;" }, "geometry": { "type": "Point", "coordinates": [ 11.525764055285777, 50.825941474317339 ] } },
{ "type": "Feature", "properties": { "Tnr": 54561, "mitRand": 1, "AnzHBbeg": 2, "pHaupt": 1.0, "poHaupt": 0.0, "pQuerus": 0.22, "pFagus": 0.371, "pFraxinus": 0.184, "pCarpinus": 0.0, "pAcer": 0.0, "pTilia": 0.055, "pRobinia": 0.0, "pUlmus": 0.0, "pCastanea": 0.0, "pOtherLH": 0.0, "pBetula": 0.0, "pAlnus": 0.0, "pPopulus": 0.0, "pSalix": 0.0, "pSorbus": 0.0, "pPrunus": 0.0, "pMalus": 0.0, "pPyrus": 0.0, "pOtherLN": 0.0, "pPicea": 0.0, "pPinus": 0.17, "pAbies": 0.0, "pDouglas": 0.0, "pLarix": 0.0, "pOtherNb": 0.0, "pNoEurop": 0.0, "pNoEuropD": 0.0, "pEurop": 1.0, "pDecid": 0.83, "pConifer": 0.17, "pAll": 1.0, "Cell_id": "4432_3080", "EPSG": 31468, "Netz": 8, "Dichte": 8, "Bl": ";16;" }, "geometry": { "type": "Point", "coordinates": [ 11.582531469569338, 50.825183194166982 ] } },
{ "type": "Feature", "properties": { "Tnr": 54563, "mitRand": 0, "AnzHBbeg": 4, "pHaupt": 1.0, "poHaupt": 0.0, "pQuerus": 0.0, "pFagus": 0.0, "pFraxinus": 0.0, "pCarpinus": 0.0, "pAcer": 0.0, "pTilia": 0.0, "pRobinia": 0.0, "pUlmus": 0.0, "pCastanea": 0.0, "pOtherLH": 0.0, "pBetula": 0.0, "pAlnus": 0.0, "pPopulus": 0.0, "pSalix": 0.0, "pSorbus": 0.0, "pPrunus": 0.0, "pMalus": 0.0, "pPyrus": 0.0, "pOtherLN": 0.0, "pPicea": 0.0, "pPinus": 1.0, "pAbies": 0.0, "pDouglas": 0.0, "pLarix": 0.0, "pOtherNb": 0.0, "pNoEurop": 0.0, "pNoEuropD": 0.0, "pEurop": 1.0, "pDecid": 0.0, "pConifer": 1.0, "pAll": 1.0, "Cell_id": "4436_3080", "EPSG": 31468, "Netz": 8, "Dichte": 8, "Bl": ";16;" }, "geometry": { "type": "Point", "coordinates": [ 11.639281312583515, 50.824388644586733 ] } },
{ "type": "Feature", "properties": { "Tnr": 54565, "mitRand": 1, "AnzHBbeg": 4, "pHaupt": 1.0, "poHaupt": 0.0, "pQuerus": 0.0, "pFagus": 0.0, "pFraxinus": 0.0, "pCarpinus": 0.0, "pAcer": 0.0, "pTilia": 0.0, "pRobinia": 0.0, "pUlmus": 0.0, "pCastanea": 0.0, "pOtherLH": 0.0, "pBetula": 0.062, "pAlnus": 0.0, "pPopulus": 0.173, "pSalix": 0.0, "pSorbus": 0.0, "pPrunus": 0.0, "pMalus": 0.0, "pPyrus": 0.0, "pOtherLN": 0.0, "pPicea": 0.474, "pPinus": 0.291, "pAbies": 0.0, "pDouglas": 0.0, "pLarix": 0.0, "pOtherNb": 0.0, "pNoEurop": 0.0, "pNoEuropD": 0.0, "pEurop": 1.0, "pDecid": 0.235, "pConifer": 0.765, "pAll": 1.0, "Cell_id": "4440_3080", "EPSG": 31468, "Netz": 8, "Dichte": 8, "Bl": ";16;" }, "geometry": { "type": "Point", "coordinates": [ 11.696028158922564, 50.823566502078826 ] } },
{ "type": "Feature", "properties": { "Tnr": 54567, "mitRand": 1, "AnzHBbeg": 4, "pHaupt": 1.0, "poHaupt": 0.0, "pQuerus": 0.0, "pFagus": 0.0, "pFraxinus": 0.0, "pCarpinus": 0.0, "pAcer": 0.0, "pTilia": 0.0, "pRobinia": 0.0, "pUlmus": 0.0, "pCastanea": 0.0, "pOtherLH": 0.0, "pBetula": 0.221, "pAlnus": 0.0, "pPopulus": 0.0, "pSalix": 0.0, "pSorbus": 0.0, "pPrunus": 0.0, "pMalus": 0.0, "pPyrus": 0.0, "pOtherLN": 0.0, "pPicea": 0.529, "pPinus": 0.25, "pAbies": 0.0, "pDouglas": 0.0, "pLarix": 0.0, "pOtherNb": 0.0, "pNoEurop": 0.0, "pNoEuropD": 0.0, "pEurop": 1.0, "pDecid": 0.221, "pConifer": 0.779, "pAll": 1.0, "Cell_id": "4444_3080", "EPSG": 31468, "Netz": 8, "Dichte": 8, "Bl": ";16;" }, "geometry": { "type": "Point", "coordinates": [ 11.75278662312544, 50.822725414044157 ] } },
{ "type": "Feature", "properties": { "Tnr": 54577, "mitRand": 1, "AnzHBbeg": 4, "pHaupt": 1.0, "poHaupt": 0.0, "pQuerus": 0.0, "pFagus": 0.0, "pFraxinus": 0.0, "pCarpinus": 0.0, "pAcer": 0.092, "pTilia": 0.0, "pRobinia": 0.0, "pUlmus": 0.0, "pCastanea": 0.0, "pOtherLH": 0.0, "pBetula": 0.0, "pAlnus": 0.0, "pPopulus": 0.0, "pSalix": 0.0, "pSorbus": 0.092, "pPrunus": 0.0, "pMalus": 0.0, "pPyrus": 0.0, "pOtherLN": 0.0, "pPicea": 0.601, "pPinus": 0.0, "pAbies": 0.0, "pDouglas": 0.215, "pLarix": 0.0, "pOtherNb": 0.0, "pNoEurop": 0.215, "pNoEuropD": 0.0, "pEurop": 0.785, "pDecid": 0.184, "pConifer": 0.816, "pAll": 1.0, "Cell_id": "4464_3081", "EPSG": 31468, "Netz": 8, "Dichte": 8, "Bl": ";16;" }, "geometry": { "type": "Point", "coordinates": [ 12.036897892788563, 50.827052162028238 ] } },
{ "type": "Feature", "properties": { "Tnr": 54657, "mitRand": 1, "AnzHBbeg": 2, "pHaupt": 1.0, "poHaupt": 0.0, "pQuerus": 0.0, "pFagus": 0.35, "pFraxinus": 0.124, "pCarpinus": 0.0, "pAcer": 0.076, "pTilia": 0.0, "pRobinia": 0.0, "pUlmus": 0.45, "pCastanea": 0.0, "pOtherLH": 0.0, "pBetula": 0.0, "pAlnus": 0.0, "pPopulus": 0.0, "pSalix": 0.0, "pSorbus": 0.0, "pPrunus": 0.0, "pMalus": 0.0, "pPyrus": 0.0, "pOtherLN": 0.0, "pPicea": 0.0, "pPinus": 0.0, "pAbies": 0.0, "pDouglas": 0.0, "pLarix": 0.0, "pOtherNb": 0.0, "pNoEurop": 0.0, "pNoEuropD": 0.0, "pEurop": 1.0, "pDecid": 1.0, "pConifer": 0.0, "pAll": 1.0, "Cell_id": "4322_3076", "EPSG": 31467, "Netz": 256, "Dichte": 8, "Bl": ";16;" }, "geometry": { "type": "Point", "coordinates": [ 10.021277095125804, 50.800057428238844 ] } },
{ "type": "Feature", "properties": { "Tnr": 54659, "mitRand": 1, "AnzHBbeg": 4, "pHaupt": 1.0, "poHaupt": 0.0, "pQuerus": 0.076, "pFagus": 0.201, "pFraxinus": 0.0, "pCarpinus": 0.0, "pAcer": 0.0, "pTilia": 0.0, "pRobinia": 0.0, "pUlmus": 0.0, "pCastanea": 0.0, "pOtherLH": 0.0, "pBetula": 0.0, "pAlnus": 0.0, "pPopulus": 0.0, "pSalix": 0.0, "pSorbus": 0.0, "pPrunus": 0.0, "pMalus": 0.0, "pPyrus": 0.0, "pOtherLN": 0.0, "pPicea": 0.289, "pPinus": 0.274, "pAbies": 0.0, "pDouglas": 0.0, "pLarix": 0.161, "pOtherNb": 0.0, "pNoEurop": 0.0, "pNoEuropD": 0.0, "pEurop": 1.0, "pDecid": 0.276, "pConifer": 0.724, "pAll": 1.0, "Cell_id": "4326_3076", "EPSG": 31467, "Netz": 16, "Dichte": 8, "Bl": ";16;" }, "geometry": { "type": "Point", "coordinates": [ 10.07801657673537, 50.800031927751405 ] } },
{ "type": "Feature", "properties": { "Tnr": 54661, "mitRand": 1, "AnzHBbeg": 4, "pHaupt": 1.0, "poHaupt": 0.0, "pQuerus": 0.0, "pFagus": 0.477, "pFraxinus": 0.0, "pCarpinus": 0.0, "pAcer": 0.0, "pTilia": 0.0, "pRobinia": 0.0, "pUlmus": 0.0, "pCastanea": 0.0, "pOtherLH": 0.0, "pBetula": 0.0, "pAlnus": 0.0, "pPopulus": 0.0, "pSalix": 0.0, "pSorbus": 0.0, "pPrunus": 0.0, "pMalus": 0.0, "pPyrus": 0.0, "pOtherLN": 0.0, "pPicea": 0.354, "pPinus": 0.111, "pAbies": 0.0, "pDouglas": 0.0, "pLarix": 0.058, "pOtherNb": 0.0, "pNoEurop": 0.0, "pNoEuropD": 0.0, "pEurop": 1.0, "pDecid": 0.477, "pConifer": 0.523, "pAll": 1.0, "Cell_id": "4330_3076", "EPSG": 31467, "Netz": 64, "Dichte": 8, "Bl": ";16;" }, "geometry": { "type": "Point", "coordinates": [ 10.134755539415659, 50.799978829124967 ] } },
{ "type": "Feature", "properties": { "Tnr": 54669, "mitRand": 1, "AnzHBbeg": 1, "pHaupt": 0.0, "poHaupt": 1.0, "pQuerus": 0.0, "pFagus": 0.0, "pFraxinus": 0.0, "pCarpinus": 0.0, "pAcer": 0.0, "pTilia": 0.0, "pRobinia": 0.0, "pUlmus": 0.0, "pCastanea": 0.0, "pOtherLH": 0.0, "pBetula": 0.0, "pAlnus": 0.0, "pPopulus": 0.0, "pSalix": 0.0, "pSorbus": 0.0, "pPrunus": 0.0, "pMalus": 0.0, "pPyrus": 0.0, "pOtherLN": 0.0, "pPicea": 0.0, "pPinus": 0.0, "pAbies": 0.0, "pDouglas": 0.0, "pLarix": 0.0, "pOtherNb": 0.0, "pNoEurop": 0.0, "pNoEuropD": 0.0, "pEurop": 0.0, "pDecid": 0.0, "pConifer": 0.0, "pAll": 0.0, "Cell_id": "4346_3076", "EPSG": 31467, "Netz": 64, "Dichte": 8, "Bl": ";16;" }, "geometry": { "type": "Point", "coordinates": [ 10.361690238094109, 50.799490631932493 ] } },
{ "type": "Feature", "properties": { "Tnr": 54671, "mitRand": 0, "AnzHBbeg": 1, "pHaupt": 1.0, "poHaupt": 0.0, "pQuerus": 0.0, "pFagus": 0.655, "pFraxinus": 0.0, "pCarpinus": 0.0, "pAcer": 0.0, "pTilia": 0.0, "pRobinia": 0.0, "pUlmus": 0.0, "pCastanea": 0.0, "pOtherLH": 0.0, "pBetula": 0.0, "pAlnus": 0.0, "pPopulus": 0.0, "pSalix": 0.0, "pSorbus": 0.0, "pPrunus": 0.0, "pMalus": 0.0, "pPyrus": 0.0, "pOtherLN": 0.0, "pPicea": 0.345, "pPinus": 0.0, "pAbies": 0.0, "pDouglas": 0.0, "pLarix": 0.0, "pOtherNb": 0.0, "pNoEurop": 0.0, "pNoEuropD": 0.0, "pEurop": 1.0, "pDecid": 0.655, "pConifer": 0.345, "pAll": 1.0, "Cell_id": "4350_3076", "EPSG": 31467, "Netz": 16, "Dichte": 8, "Bl": ";16;" }, "geometry": { "type": "Point", "coordinates": [ 10.41842526978081, 50.79929956020105 ] } },
{ "type": "Feature", "properties": { "Tnr": 54675, "mitRand": 1, "AnzHBbeg": 4, "pHaupt": 1.0, "poHaupt": 0.0, "pQuerus": 0.0, "pFagus": 0.0, "pFraxinus": 0.0, "pCarpinus": 0.0, "pAcer": 0.0, "pTilia": 0.0, "pRobinia": 0.0, "pUlmus": 0.0, "pCastanea": 0.0, "pOtherLH": 0.0, "pBetula": 0.0, "pAlnus": 0.0, "pPopulus": 0.0, "pSalix": 0.0, "pSorbus": 0.0, "pPrunus": 0.0, "pMalus": 0.0, "pPyrus": 0.0, "pOtherLN": 0.0, "pPicea": 1.0, "pPinus": 0.0, "pAbies": 0.0, "pDouglas": 0.0, "pLarix": 0.0, "pOtherNb": 0.0, "pNoEurop": 0.0, "pNoEuropD": 0.0, "pEurop": 1.0, "pDecid": 0.0, "pConifer": 1.0, "pAll": 1.0, "Cell_id": "4358_3076", "EPSG": 31468, "Netz": 256, "Dichte": 8, "Bl": ";16;" }, "geometry": { "type": "Point", "coordinates": [ 10.531906262482044, 50.798834452170667 ] } },
{ "type": "Feature", "properties": { "Tnr": 54677, "mitRand": 1, "AnzHBbeg": 4, "pHaupt": 1.0, "poHaupt": 0.0, "pQuerus": 0.0, "pFagus": 0.0, "pFraxinus": 0.0, "pCarpinus": 0.0, "pAcer": 0.0, "pTilia": 0.0, "pRobinia": 0.0, "pUlmus": 0.0, "pCastanea": 0.0, "pOtherLH": 0.0, "pBetula": 0.0, "pAlnus": 0.0, "pPopulus": 0.0, "pSalix": 0.0, "pSorbus": 0.0, "pPrunus": 0.0, "pMalus": 0.0, "pPyrus": 0.0, "pOtherLN": 0.0, "pPicea": 1.0, "pPinus": 0.0, "pAbies": 0.0, "pDouglas": 0.0, "pLarix": 0.0, "pOtherNb": 0.0, "pNoEurop": 0.0, "pNoEuropD": 0.0, "pEurop": 1.0, "pDecid": 0.0, "pConifer": 1.0, "pAll": 1.0, "Cell_id": "4362_3076", "EPSG": 31468, "Netz": 16, "Dichte": 8, "Bl": ";16;" }, "geometry": { "type": "Point", "coordinates": [ 10.588637865787442, 50.798560597785901 ] } },
{ "type": "Feature", "properties": { "Tnr": 54679, "mitRand": 1, "AnzHBbeg": 3, "pHaupt": 1.0, "poHaupt": 0.0, "pQuerus": 0.0, "pFagus": 0.0, "pFraxinus": 0.0, "pCarpinus": 0.0, "pAcer": 0.0, "pTilia": 0.0, "pRobinia": 0.0, "pUlmus": 0.0, "pCastanea": 0.0, "pOtherLH": 0.0, "pBetula": 0.0, "pAlnus": 0.0, "pPopulus": 0.0, "pSalix": 0.0, "pSorbus": 0.0, "pPrunus": 0.0, "pMalus": 0.0, "pPyrus": 0.0, "pOtherLN": 0.0, "pPicea": 0.47, "pPinus": 0.53, "pAbies": 0.0, "pDouglas": 0.0, "pLarix": 0.0, "pOtherNb": 0.0, "pNoEurop": 0.0, "pNoEuropD": 0.0, "pEurop": 1.0, "pDecid": 0.0, "pConifer": 1.0, "pAll": 1.0, "Cell_id": "4366_3076", "EPSG": 31468, "Netz": 64, "Dichte": 8, "Bl": ";16;" }, "geometry": { "type": "Point", "coordinates": [ 10.645368148296026, 50.798259154136609 ] } },
{ "type": "Feature", "properties": { "Tnr": 54681, "mitRand": 1, "AnzHBbeg": 4, "pHaupt": 1.0, "poHaupt": 0.0, "pQuerus": 0.0, "pFagus": 0.0, "pFraxinus": 0.0, "pCarpinus": 0.0, "pAcer": 0.0, "pTilia": 0.0, "pRobinia": 0.0, "pUlmus": 0.0, "pCastanea": 0.0, "pOtherLH": 0.0, "pBetula": 0.0, "pAlnus": 0.0, "pPopulus": 0.0, "pSalix": 0.0, "pSorbus": 0.0, "pPrunus": 0.0, "pMalus": 0.0, "pPyrus": 0.0, "pOtherLN": 0.0, "pPicea": 1.0, "pPinus": 0.0, "pAbies": 0.0, "pDouglas": 0.0, "pLarix": 0.0, "pOtherNb": 0.0, "pNoEurop": 0.0, "pNoEuropD": 0.0, "pEurop": 1.0, "pDecid": 0.0, "pConifer": 1.0, "pAll": 1.0, "Cell_id": "4370_3076", "EPSG": 31468, "Netz": 16, "Dichte": 8, "Bl": ";16;" }, "geometry": { "type": "Point", "coordinates": [ 10.702096694326157, 50.7979211375227 ] } },
{ "type": "Feature", "properties": { "Tnr": 54683, "mitRand": 1, "AnzHBbeg": 4, "pHaupt": 0.75, "poHaupt": 0.25, "pQuerus": 0.099, "pFagus": 0.462, "pFraxinus": 0.0, "pCarpinus": 0.0, "pAcer": 0.085, "pTilia": 0.0, "pRobinia": 0.0, "pUlmus": 0.0, "pCastanea": 0.0, "pOtherLH": 0.0, "pBetula": 0.0, "pAlnus": 0.0, "pPopulus": 0.0, "pSalix": 0.0, "pSorbus": 0.0, "pPrunus": 0.0, "pMalus": 0.0, "pPyrus": 0.0, "pOtherLN": 0.0, "pPicea": 0.031, "pPinus": 0.0, "pAbies": 0.0, "pDouglas": 0.073, "pLarix": 0.0, "pOtherNb": 0.0, "pNoEurop": 0.073, "pNoEuropD": 0.0, "pEurop": 0.677, "pDecid": 0.646, "pConifer": 0.104, "pAll": 0.75, "Cell_id": "4374_3076", "EPSG": 31468, "Netz": 256, "Dichte": 8, "Bl": ";16;" }, "geometry": { "type": "Point", "coordinates": [ 10.758824057233163, 50.79756452020905 ] } },
{ "type": "Feature", "properties": { "Tnr": 54687, "mitRand": 1, "AnzHBbeg": 1, "pHaupt": 1.0, "poHaupt": 0.0, "pQuerus": 0.0, "pFagus": 0.0, "pFraxinus": 0.0, "pCarpinus": 0.0, "pAcer": 0.0, "pTilia": 0.0, "pRobinia": 0.0, "pUlmus": 0.0, "pCastanea": 0.0, "pOtherLH": 0.0, "pBetula": 0.0, "pAlnus": 0.0, "pPopulus": 0.0, "pSalix": 0.0, "pSorbus": 0.0, "pPrunus": 0.0, "pMalus": 0.0, "pPyrus": 0.0, "pOtherLN": 0.0, "pPicea": 0.0, "pPinus": 1.0, "pAbies": 0.0, "pDouglas": 0.0, "pLarix": 0.0, "pOtherNb": 0.0, "pNoEurop": 0.0, "pNoEuropD": 0.0, "pEurop": 1.0, "pDecid": 0.0, "pConifer": 1.0, "pAll": 1.0, "Cell_id": "4382_3077", "EPSG": 31468, "Netz": 64, "Dichte": 8, "Bl": ";16;" }, "geometry": { "type": "Point", "coordinates": [ 10.872463126675465, 50.805755624901145 ] } },
{ "type": "Feature", "properties": { "Tnr": 54695, "mitRand": 1, "AnzHBbeg": 4, "pHaupt": 1.0, "poHaupt": 0.0, "pQuerus": 0.21, "pFagus": 0.25, "pFraxinus": 0.173, "pCarpinus": 0.0, "pAcer": 0.0, "pTilia": 0.092, "pRobinia": 0.0, "pUlmus": 0.0, "pCastanea": 0.0, "pOtherLH": 0.0, "pBetula": 0.0, "pAlnus": 0.0, "pPopulus": 0.0, "pSalix": 0.0, "pSorbus": 0.0, "pPrunus": 0.0, "pMalus": 0.0, "pPyrus": 0.0, "pOtherLN": 0.25, "pPicea": 0.025, "pPinus": 0.0, "pAbies": 0.0, "pDouglas": 0.0, "pLarix": 0.0, "pOtherNb": 0.0, "pNoEurop": 0.25, "pNoEuropD": 0.25, "pEurop": 0.75, "pDecid": 0.975, "pConifer": 0.025, "pAll": 1.0, "Cell_id": "4398_3077", "EPSG": 31468, "Netz": 64, "Dichte": 8, "Bl": ";16;" }, "geometry": { "type": "Point", "coordinates": [ 11.099412026984412, 50.803813321855436 ] } },
{ "type": "Feature", "properties": { "Tnr": 54699, "mitRand": 1, "AnzHBbeg": 4, "pHaupt": 1.0, "poHaupt": 0.0, "pQuerus": 0.0, "pFagus": 0.0, "pFraxinus": 0.0, "pCarpinus": 0.0, "pAcer": 0.0, "pTilia": 0.0, "pRobinia": 0.0, "pUlmus": 0.0, "pCastanea": 0.0, "pOtherLH": 0.0, "pBetula": 0.0, "pAlnus": 0.0, "pPopulus": 0.0, "pSalix": 0.0, "pSorbus": 0.0, "pPrunus": 0.0, "pMalus": 0.0, "pPyrus": 0.0, "pOtherLN": 0.0, "pPicea": 0.927, "pPinus": 0.073, "pAbies": 0.0, "pDouglas": 0.0, "pLarix": 0.0, "pOtherNb": 0.0, "pNoEurop": 0.0, "pNoEuropD": 0.0, "pEurop": 1.0, "pDecid": 0.0, "pConifer": 1.0, "pAll": 1.0, "Cell_id": "4406_3077", "EPSG": 31468, "Netz": 256, "Dichte": 8, "Bl": ";16;" }, "geometry": { "type": "Point", "coordinates": [ 11.212874025421133, 50.802676636923294 ] } },
{ "type": "Feature", "properties": { "Tnr": 54705, "mitRand": 1, "AnzHBbeg": 3, "pHaupt": 1.0, "poHaupt": 0.0, "pQuerus": 0.187, "pFagus": 0.0, "pFraxinus": 0.0, "pCarpinus": 0.0, "pAcer": 0.411, "pTilia": 0.0, "pRobinia": 0.0, "pUlmus": 0.0, "pCastanea": 0.0, "pOtherLH": 0.0, "pBetula": 0.1, "pAlnus": 0.0, "pPopulus": 0.0, "pSalix": 0.0, "pSorbus": 0.0, "pPrunus": 0.0, "pMalus": 0.0, "pPyrus": 0.0, "pOtherLN": 0.0, "pPicea": 0.227, "pPinus": 0.05, "pAbies": 0.0, "pDouglas": 0.0, "pLarix": 0.026, "pOtherNb": 0.0, "pNoEurop": 0.0, "pNoEuropD": 0.0, "pEurop": 1.0, "pDecid": 0.698, "pConifer": 0.302, "pAll": 1.0, "Cell_id": "4418_3078", "EPSG": 31468, "Netz": 16, "Dichte": 8, "Bl": ";16;" }, "geometry": { "type": "Point", "coordinates": [ 11.383329840859558, 50.809754233357125 ] } },
{ "type": "Feature", "properties": { "Tnr": 54707, "mitRand": 1, "AnzHBbeg": 4, "pHaupt": 1.0, "poHaupt": 0.0, "pQuerus": 0.0, "pFagus": 0.526, "pFraxinus": 0.03, "pCarpinus": 0.0, "pAcer": 0.04, "pTilia": 0.073, "pRobinia": 0.0, "pUlmus": 0.0, "pCastanea": 0.0, "pOtherLH": 0.0, "pBetula": 0.0, "pAlnus": 0.0, "pPopulus": 0.0, "pSalix": 0.0, "pSorbus": 0.0, "pPrunus": 0.0, "pMalus": 0.0, "pPyrus": 0.0, "pOtherLN": 0.0, "pPicea": 0.057, "pPinus": 0.274, "pAbies": 0.0, "pDouglas": 0.0, "pLarix": 0.0, "pOtherNb": 0.0, "pNoEurop": 0.0, "pNoEuropD": 0.0, "pEurop": 1.0, "pDecid": 0.669, "pConifer": 0.331, "pAll": 1.0, "Cell_id": "4422_3078", "EPSG": 31468, "Netz": 256, "Dichte": 8, "Bl": ";16;" }, "geometry": { "type": "Point", "coordinates": [ 11.440068144899364, 50.809065839000901 ] } },
{ "type": "Feature", "properties": { "Tnr": 54713, "mitRand": 1, "AnzHBbeg": 2, "pHaupt": 1.0, "poHaupt": 0.0, "pQuerus": 0.0, "pFagus": 0.5, "pFraxinus": 0.0, "pCarpinus": 0.0, "pAcer": 0.0, "pTilia": 0.0, "pRobinia": 0.0, "pUlmus": 0.0, "pCastanea": 0.0, "pOtherLH": 0.0, "pBetula": 0.0, "pAlnus": 0.0, "pPopulus": 0.0, "pSalix": 0.0, "pSorbus": 0.0, "pPrunus": 0.0, "pMalus": 0.0, "pPyrus": 0.0, "pOtherLN": 0.0, "pPicea": 0.5, "pPinus": 0.0, "pAbies": 0.0, "pDouglas": 0.0, "pLarix": 0.0, "pOtherNb": 0.0, "pNoEurop": 0.0, "pNoEuropD": 0.0, "pEurop": 1.0, "pDecid": 0.5, "pConifer": 0.5, "pAll": 1.0, "Cell_id": "4434_3078", "EPSG": 31468, "Netz": 16, "Dichte": 8, "Bl": ";16;" }, "geometry": { "type": "Point", "coordinates": [ 11.610279911737095, 50.806816867299958 ] } },
{ "type": "Feature", "properties": { "Tnr": 54717, "mitRand": 0, "AnzHBbeg": 4, "pHaupt": 1.0, "poHaupt": 0.0, "pQuerus": 0.0, "pFagus": 0.0, "pFraxinus": 0.0, "pCarpinus": 0.0, "pAcer": 0.0, "pTilia": 0.0, "pRobinia": 0.0, "pUlmus": 0.0, "pCastanea": 0.0, "pOtherLH": 0.0, "pBetula": 0.191, "pAlnus": 0.0, "pPopulus": 0.0, "pSalix": 0.0, "pSorbus": 0.0, "pPrunus": 0.0, "pMalus": 0.0, "pPyrus": 0.0, "pOtherLN": 0.0, "pPicea": 0.0, "pPinus": 0.809, "pAbies": 0.0, "pDouglas": 0.0, "pLarix": 0.0, "pOtherNb": 0.0, "pNoEurop": 0.0, "pNoEuropD": 0.0, "pEurop": 1.0, "pDecid": 0.191, "pConifer": 0.809, "pAll": 1.0, "Cell_id": "4442_3078", "EPSG": 31468, "Netz": 16, "Dichte": 8, "Bl": ";16;" }, "geometry": { "type": "Point", "coordinates": [ 11.723744237194415, 50.805173541549678 ] } },
{ "type": "Feature", "properties": { "Tnr": 54719, "mitRand": 0, "AnzHBbeg": 2, "pHaupt": 1.0, "poHaupt": 0.0, "pQuerus": 0.0, "pFagus": 0.0, "pFraxinus": 0.0, "pCarpinus": 0.0, "pAcer": 0.0, "pTilia": 0.0, "pRobinia": 0.0, "pUlmus": 0.0, "pCastanea": 0.0, "pOtherLH": 0.0, "pBetula": 0.0, "pAlnus": 0.0, "pPopulus": 0.0, "pSalix": 0.0, "pSorbus": 0.0, "pPrunus": 0.0, "pMalus": 0.0, "pPyrus": 0.0, "pOtherLN": 0.0, "pPicea": 0.0, "pPinus": 1.0, "pAbies": 0.0, "pDouglas": 0.0, "pLarix": 0.0, "pOtherNb": 0.0, "pNoEurop": 0.0, "pNoEuropD": 0.0, "pEurop": 1.0, "pDecid": 0.0, "pConifer": 1.0, "pAll": 1.0, "Cell_id": "4446_3078", "EPSG": 31468, "Netz": 64, "Dichte": 8, "Bl": ";16;" }, "geometry": { "type": "Point", "coordinates": [ 11.780479371740311, 50.804319320810841 ] } },
{ "type": "Feature", "properties": { "Tnr": 54721, "mitRand": 1, "AnzHBbeg": 4, "pHaupt": 1.0, "poHaupt": 0.0, "pQuerus": 0.137, "pFagus": 0.0, "pFraxinus": 0.0, "pCarpinus": 0.0, "pAcer": 0.0, "pTilia": 0.0, "pRobinia": 0.0, "pUlmus": 0.0, "pCastanea": 0.0, "pOtherLH": 0.0, "pBetula": 0.042, "pAlnus": 0.0, "pPopulus": 0.0, "pSalix": 0.0, "pSorbus": 0.0, "pPrunus": 0.0, "pMalus": 0.0, "pPyrus": 0.0, "pOtherLN": 0.0, "pPicea": 0.537, "pPinus": 0.284, "pAbies": 0.0, "pDouglas": 0.0, "pLarix": 0.0, "pOtherNb": 0.0, "pNoEurop": 0.0, "pNoEuropD": 0.0, "pEurop": 1.0, "pDecid": 0.179, "pConifer": 0.821, "pAll": 1.0, "Cell_id": "4450_3078", "EPSG": 31468, "Netz": 16, "Dichte": 8, "Bl": ";16;" }, "geometry": { "type": "Point", "coordinates": [ 11.837196598641079, 50.803428885581937 ] } },
{ "type": "Feature", "properties": { "Tnr": 54723, "mitRand": 1, "AnzHBbeg": 4, "pHaupt": 1.0, "poHaupt": 0.0, "pQuerus": 0.154, "pFagus": 0.0, "pFraxinus": 0.0, "pCarpinus": 0.0, "pAcer": 0.0, "pTilia": 0.0, "pRobinia": 0.0, "pUlmus": 0.0, "pCastanea": 0.0, "pOtherLH": 0.0, "pBetula": 0.053, "pAlnus": 0.0, "pPopulus": 0.0, "pSalix": 0.0, "pSorbus": 0.0, "pPrunus": 0.0, "pMalus": 0.0, "pPyrus": 0.0, "pOtherLN": 0.0, "pPicea": 0.378, "pPinus": 0.415, "pAbies": 0.0, "pDouglas": 0.0, "pLarix": 0.0, "pOtherNb": 0.0, "pNoEurop": 0.0, "pNoEuropD": 0.0, "pEurop": 1.0, "pDecid": 0.207, "pConifer": 0.793, "pAll": 1.0, "Cell_id": "4454_3079", "EPSG": 31468, "Netz": 256, "Dichte": 8, "Bl": ";16;" }, "geometry": { "type": "Point", "coordinates": [ 11.894295797745176, 50.811492783708339 ] } },
{ "type": "Feature", "properties": { "Tnr": 54725, "mitRand": 1, "AnzHBbeg": 4, "pHaupt": 1.0, "poHaupt": 0.0, "pQuerus": 0.122, "pFagus": 0.023, "pFraxinus": 0.0, "pCarpinus": 0.0, "pAcer": 0.0, "pTilia": 0.0, "pRobinia": 0.0, "pUlmus": 0.0, "pCastanea": 0.0, "pOtherLH": 0.0, "pBetula": 0.043, "pAlnus": 0.0, "pPopulus": 0.0, "pSalix": 0.0, "pSorbus": 0.0, "pPrunus": 0.0, "pMalus": 0.0, "pPyrus": 0.0, "pOtherLN": 0.0, "pPicea": 0.556, "pPinus": 0.256, "pAbies": 0.0, "pDouglas": 0.0, "pLarix": 0.0, "pOtherNb": 0.0, "pNoEurop": 0.0, "pNoEuropD": 0.0, "pEurop": 1.0, "pDecid": 0.188, "pConifer": 0.812, "pAll": 1.0, "Cell_id": "4458_3079", "EPSG": 31468, "Netz": 16, "Dichte": 8, "Bl": ";16;" }, "geometry": { "type": "Point", "coordinates": [ 11.951017757383115, 50.810555833246681 ] } },
{ "type": "Feature", "properties": { "Tnr": 54727, "mitRand": 1, "AnzHBbeg": 4, "pHaupt": 0.75, "poHaupt": 0.25, "pQuerus": 0.0, "pFagus": 0.0, "pFraxinus": 0.0, "pCarpinus": 0.0, "pAcer": 0.0, "pTilia": 0.0, "pRobinia": 0.0, "pUlmus": 0.0, "pCastanea": 0.0, "pOtherLH": 0.0, "pBetula": 0.064, "pAlnus": 0.0, "pPopulus": 0.0, "pSalix": 0.0, "pSorbus": 0.0, "pPrunus": 0.0, "pMalus": 0.0, "pPyrus": 0.0, "pOtherLN": 0.0, "pPicea": 0.065, "pPinus": 0.621, "pAbies": 0.0, "pDouglas": 0.0, "pLarix": 0.0, "pOtherNb": 0.0, "pNoEurop": 0.0, "pNoEuropD": 0.0, "pEurop": 0.75, "pDecid": 0.064, "pConifer": 0.686, "pAll": 0.75, "Cell_id": "4462_3079", "EPSG": 31468, "Netz": 64, "Dichte": 8, "Bl": ";16;" }, "geometry": { "type": "Point", "coordinates": [ 12.007749845964867, 50.809581975362654 ] } },
{ "type": "Feature", "properties": { "Tnr": 54737, "mitRand": 0, "AnzHBbeg": 1, "pHaupt": 1.0, "poHaupt": 0.0, "pQuerus": 0.0, "pFagus": 0.0, "pFraxinus": 0.0, "pCarpinus": 0.0, "pAcer": 0.0, "pTilia": 0.0, "pRobinia": 0.0, "pUlmus": 0.0, "pCastanea": 0.0, "pOtherLH": 0.0, "pBetula": 0.661, "pAlnus": 0.0, "pPopulus": 0.0, "pSalix": 0.0, "pSorbus": 0.0, "pPrunus": 0.0, "pMalus": 0.0, "pPyrus": 0.0, "pOtherLN": 0.0, "pPicea": 0.0, "pPinus": 0.339, "pAbies": 0.0, "pDouglas": 0.0, "pLarix": 0.0, "pOtherNb": 0.0, "pNoEurop": 0.0, "pNoEuropD": 0.0, "pEurop": 1.0, "pDecid": 0.661, "pConifer": 0.339, "pAll": 1.0, "Cell_id": "4482_3079", "EPSG": 31468, "Netz": 16, "Dichte": 8, "Bl": ";14;" }, "geometry": { "type": "Point", "coordinates": [ 12.291383224065921, 50.804298361042548 ] } },
{ "type": "Feature", "properties": { "Tnr": 54803, "mitRand": 1, "AnzHBbeg": 3, "pHaupt": 1.0, "poHaupt": 0.0, "pQuerus": 0.0, "pFagus": 0.0, "pFraxinus": 0.0, "pCarpinus": 0.0, "pAcer": 0.0, "pTilia": 0.0, "pRobinia": 0.0, "pUlmus": 0.0, "pCastanea": 0.0, "pOtherLH": 0.0, "pBetula": 0.0, "pAlnus": 0.0, "pPopulus": 0.0, "pSalix": 0.0, "pSorbus": 0.0, "pPrunus": 0.0, "pMalus": 0.0, "pPyrus": 0.0, "pOtherLN": 0.0, "pPicea": 1.0, "pPinus": 0.0, "pAbies": 0.0, "pDouglas": 0.0, "pLarix": 0.0, "pOtherNb": 0.0, "pNoEurop": 0.0, "pNoEuropD": 0.0, "pEurop": 1.0, "pDecid": 0.0, "pConifer": 1.0, "pAll": 1.0, "Cell_id": "4328_3074", "EPSG": 31467, "Netz": 8, "Dichte": 8, "Bl": ";16;" }, "geometry": { "type": "Point", "coordinates": [ 10.106344305226905, 50.782030188403965 ] } },
{ "type": "Feature", "properties": { "Tnr": 54805, "mitRand": 0, "AnzHBbeg": 4, "pHaupt": 1.0, "poHaupt": 0.0, "pQuerus": 0.177, "pFagus": 0.062, "pFraxinus": 0.0, "pCarpinus": 0.0, "pAcer": 0.0, "pTilia": 0.0, "pRobinia": 0.0, "pUlmus": 0.0, "pCastanea": 0.0, "pOtherLH": 0.0, "pBetula": 0.0, "pAlnus": 0.0, "pPopulus": 0.0, "pSalix": 0.0, "pSorbus": 0.0, "pPrunus": 0.0, "pMalus": 0.0, "pPyrus": 0.0, "pOtherLN": 0.0, "pPicea": 0.28, "pPinus": 0.416, "pAbies": 0.0, "pDouglas": 0.0, "pLarix": 0.065, "pOtherNb": 0.0, "pNoEurop": 0.0, "pNoEuropD": 0.0, "pEurop": 1.0, "pDecid": 0.239, "pConifer": 0.761, "pAll": 1.0, "Cell_id": "4332_3074", "EPSG": 31467, "Netz": 8, "Dichte": 8, "Bl": ";16;" }, "geometry": { "type": "Point", "coordinates": [ 10.163061212356315, 50.781963457696918 ] } },
{ "type": "Feature", "properties": { "Tnr": 54809, "mitRand": 1, "AnzHBbeg": 3, "pHaupt": 1.0, "poHaupt": 0.0, "pQuerus": 0.19, "pFagus": 0.178, "pFraxinus": 0.0, "pCarpinus": 0.0, "pAcer": 0.0, "pTilia": 0.0, "pRobinia": 0.0, "pUlmus": 0.0, "pCastanea": 0.0, "pOtherLH": 0.0, "pBetula": 0.0, "pAlnus": 0.0, "pPopulus": 0.269, "pSalix": 0.0, "pSorbus": 0.0, "pPrunus": 0.0, "pMalus": 0.0, "pPyrus": 0.0, "pOtherLN": 0.0, "pPicea": 0.0, "pPinus": 0.363, "pAbies": 0.0, "pDouglas": 0.0, "pLarix": 0.0, "pOtherNb": 0.0, "pNoEurop": 0.0, "pNoEuropD": 0.0, "pEurop": 1.0, "pDecid": 0.637, "pConifer": 0.363, "pAll": 1.0, "Cell_id": "4340_3074", "EPSG": 31467, "Netz": 8, "Dichte": 8, "Bl": ";16;" }, "geometry": { "type": "Point", "coordinates": [ 10.276492981724415, 50.781747257978431 ] } },
{ "type": "Feature", "properties": { "Tnr": 54815, "mitRand": 0, "AnzHBbeg": 3, "pHaupt": 1.0, "poHaupt": 0.0, "pQuerus": 0.0, "pFagus": 0.0, "pFraxinus": 0.0, "pCarpinus": 0.0, "pAcer": 0.0, "pTilia": 0.0, "pRobinia": 0.0, "pUlmus": 0.0, "pCastanea": 0.0, "pOtherLH": 0.0, "pBetula": 0.0, "pAlnus": 0.0, "pPopulus": 0.0, "pSalix": 0.0, "pSorbus": 0.0, "pPrunus": 0.0, "pMalus": 0.0, "pPyrus": 0.0, "pOtherLN": 0.0, "pPicea": 1.0, "pPinus": 0.0, "pAbies": 0.0, "pDouglas": 0.0, "pLarix": 0.0, "pOtherNb": 0.0, "pNoEurop": 0.0, "pNoEuropD": 0.0, "pEurop": 1.0, "pDecid": 0.0, "pConifer": 1.0, "pAll": 1.0, "Cell_id": "4352_3074", "EPSG": 31467, "Netz": 8, "Dichte": 8, "Bl": ";16;" }, "geometry": { "type": "Point", "coordinates": [ 10.446634188695505, 50.781216125111264 ] } },
{ "type": "Feature", "properties": { "Tnr": 54817, "mitRand": 0, "AnzHBbeg": 4, "pHaupt": 1.0, "poHaupt": 0.0, "pQuerus": 0.0, "pFagus": 0.0, "pFraxinus": 0.0, "pCarpinus": 0.0, "pAcer": 0.0, "pTilia": 0.0, "pRobinia": 0.0, "pUlmus": 0.0, "pCastanea": 0.0, "pOtherLH": 0.0, "pBetula": 0.065, "pAlnus": 0.0, "pPopulus": 0.0, "pSalix": 0.0, "pSorbus": 0.0, "pPrunus": 0.0, "pMalus": 0.0, "pPyrus": 0.0, "pOtherLN": 0.0, "pPicea": 0.935, "pPinus": 0.0, "pAbies": 0.0, "pDouglas": 0.0, "pLarix": 0.0, "pOtherNb": 0.0, "pNoEurop": 0.0, "pNoEuropD": 0.0, "pEurop": 1.0, "pDecid": 0.065, "pConifer": 0.935, "pAll": 1.0, "Cell_id": "4356_3074", "EPSG": 31468, "Netz": 8, "Dichte": 8, "Bl": ";16;" }, "geometry": { "type": "Point", "coordinates": [ 10.503345849220855, 50.780983929320172 ] } },
{ "type": "Feature", "properties": { "Tnr": 54819, "mitRand": 1, "AnzHBbeg": 3, "pHaupt": 1.0, "poHaupt": 0.0, "pQuerus": 0.0, "pFagus": 0.0, "pFraxinus": 0.0, "pCarpinus": 0.0, "pAcer": 0.0, "pTilia": 0.0, "pRobinia": 0.0, "pUlmus": 0.0, "pCastanea": 0.0, "pOtherLH": 0.0, "pBetula": 0.0, "pAlnus": 0.0, "pPopulus": 0.0, "pSalix": 0.0, "pSorbus": 0.0, "pPrunus": 0.0, "pMalus": 0.0, "pPyrus": 0.0, "pOtherLN": 0.0, "pPicea": 1.0, "pPinus": 0.0, "pAbies": 0.0, "pDouglas": 0.0, "pLarix": 0.0, "pOtherNb": 0.0, "pNoEurop": 0.0, "pNoEuropD": 0.0, "pEurop": 1.0, "pDecid": 0.0, "pConifer": 1.0, "pAll": 1.0, "Cell_id": "4360_3074", "EPSG": 31468, "Netz": 8, "Dichte": 8, "Bl": ";16;" }, "geometry": { "type": "Point", "coordinates": [ 10.56005632390989, 50.780724159760375 ] } },
{ "type": "Feature", "properties": { "Tnr": 54823, "mitRand": 1, "AnzHBbeg": 4, "pHaupt": 1.0, "poHaupt": 0.0, "pQuerus": 0.0, "pFagus": 0.0, "pFraxinus": 0.0, "pCarpinus": 0.0, "pAcer": 0.0, "pTilia": 0.0, "pRobinia": 0.0, "pUlmus": 0.0, "pCastanea": 0.0, "pOtherLH": 0.0, "pBetula": 0.0, "pAlnus": 0.0, "pPopulus": 0.0, "pSalix": 0.0, "pSorbus": 0.0, "pPrunus": 0.0, "pMalus": 0.0, "pPyrus": 0.0, "pOtherLN": 0.0, "pPicea": 1.0, "pPinus": 0.0, "pAbies": 0.0, "pDouglas": 0.0, "pLarix": 0.0, "pOtherNb": 0.0, "pNoEurop": 0.0, "pNoEuropD": 0.0, "pEurop": 1.0, "pDecid": 0.0, "pConifer": 1.0, "pAll": 1.0, "Cell_id": "4368_3074", "EPSG": 31468, "Netz": 8, "Dichte": 8, "Bl": ";16;" }, "geometry": { "type": "Point", "coordinates": [ 10.673473039061568, 50.780112919449998 ] } },
{ "type": "Feature", "properties": { "Tnr": 54825, "mitRand": 1, "AnzHBbeg": 3, "pHaupt": 1.0, "poHaupt": 0.0, "pQuerus": 0.0, "pFagus": 0.0, "pFraxinus": 0.0, "pCarpinus": 0.0, "pAcer": 0.112, "pTilia": 0.0, "pRobinia": 0.0, "pUlmus": 0.0, "pCastanea": 0.0, "pOtherLH": 0.0, "pBetula": 0.0, "pAlnus": 0.0, "pPopulus": 0.0, "pSalix": 0.0, "pSorbus": 0.083, "pPrunus": 0.0, "pMalus": 0.0, "pPyrus": 0.0, "pOtherLN": 0.0, "pPicea": 0.805, "pPinus": 0.0, "pAbies": 0.0, "pDouglas": 0.0, "pLarix": 0.0, "pOtherNb": 0.0, "pNoEurop": 0.0, "pNoEuropD": 0.0, "pEurop": 1.0, "pDecid": 0.195, "pConifer": 0.805, "pAll": 1.0, "Cell_id": "4372_3074", "EPSG": 31468, "Netz": 8, "Dichte": 8, "Bl": ";16;" }, "geometry": { "type": "Point", "coordinates": [ 10.730179411742432, 50.779770437313687 ] } },
{ "type": "Feature", "properties": { "Tnr": 54831, "mitRand": 1, "AnzHBbeg": 4, "pHaupt": 1.0, "poHaupt": 0.0, "pQuerus": 0.0, "pFagus": 0.0, "pFraxinus": 0.0, "pCarpinus": 0.0, "pAcer": 0.0, "pTilia": 0.0, "pRobinia": 0.0, "pUlmus": 0.0, "pCastanea": 0.0, "pOtherLH": 0.0, "pBetula": 0.0, "pAlnus": 0.0, "pPopulus": 0.0, "pSalix": 0.0, "pSorbus": 0.0, "pPrunus": 0.0, "pMalus": 0.0, "pPyrus": 0.0, "pOtherLN": 0.0, "pPicea": 0.0, "pPinus": 1.0, "pAbies": 0.0, "pDouglas": 0.0, "pLarix": 0.0, "pOtherNb": 0.0, "pNoEurop": 0.0, "pNoEuropD": 0.0, "pEurop": 1.0, "pDecid": 0.0, "pConifer": 1.0, "pAll": 1.0, "Cell_id": "4384_3075", "EPSG": 31468, "Netz": 8, "Dichte": 8, "Bl": ";16;" }, "geometry": { "type": "Point", "coordinates": [ 10.90048296214875, 50.787555621336367 ] } },
{ "type": "Feature", "properties": { "Tnr": 54833, "mitRand": 0, "AnzHBbeg": 4, "pHaupt": 1.0, "poHaupt": 0.0, "pQuerus": 0.0, "pFagus": 0.29, "pFraxinus": 0.278, "pCarpinus": 0.009, "pAcer": 0.423, "pTilia": 0.0, "pRobinia": 0.0, "pUlmus": 0.0, "pCastanea": 0.0, "pOtherLH": 0.0, "pBetula": 0.0, "pAlnus": 0.0, "pPopulus": 0.0, "pSalix": 0.0, "pSorbus": 0.0, "pPrunus": 0.0, "pMalus": 0.0, "pPyrus": 0.0, "pOtherLN": 0.0, "pPicea": 0.0, "pPinus": 0.0, "pAbies": 0.0, "pDouglas": 0.0, "pLarix": 0.0, "pOtherNb": 0.0, "pNoEurop": 0.0, "pNoEuropD": 0.0, "pEurop": 1.0, "pDecid": 1.0, "pConifer": 0.0, "pAll": 1.0, "Cell_id": "4388_3075", "EPSG": 31468, "Netz": 8, "Dichte": 8, "Bl": ";16;" }, "geometry": { "type": "Point", "coordinates": [ 10.957193492102318, 50.787102662776462 ] } },
{ "type": "Feature", "properties": { "Tnr": 54841, "mitRand": 0, "AnzHBbeg": 2, "pHaupt": 1.0, "poHaupt": 0.0, "pQuerus": 0.0, "pFagus": 0.0, "pFraxinus": 0.0, "pCarpinus": 0.0, "pAcer": 0.0, "pTilia": 0.0, "pRobinia": 0.0, "pUlmus": 0.0, "pCastanea": 0.0, "pOtherLH": 0.0, "pBetula": 0.0, "pAlnus": 0.0, "pPopulus": 0.0, "pSalix": 0.0, "pSorbus": 0.0, "pPrunus": 0.0, "pMalus": 0.0, "pPyrus": 0.0, "pOtherLN": 0.0, "pPicea": 0.5, "pPinus": 0.5, "pAbies": 0.0, "pDouglas": 0.0, "pLarix": 0.0, "pOtherNb": 0.0, "pNoEurop": 0.0, "pNoEuropD": 0.0, "pEurop": 1.0, "pDecid": 0.0, "pConifer": 1.0, "pAll": 1.0, "Cell_id": "4404_3075", "EPSG": 31468, "Netz": 8, "Dichte": 8, "Bl": ";16;" }, "geometry": { "type": "Point", "coordinates": [ 11.184057412052839, 50.78499639968031 ] } },
{ "type": "Feature", "properties": { "Tnr": 54843, "mitRand": 1, "AnzHBbeg": 4, "pHaupt": 1.0, "poHaupt": 0.0, "pQuerus": 0.0, "pFagus": 0.027, "pFraxinus": 0.0, "pCarpinus": 0.0, "pAcer": 0.0, "pTilia": 0.181, "pRobinia": 0.0, "pUlmus": 0.0, "pCastanea": 0.0, "pOtherLH": 0.0, "pBetula": 0.0, "pAlnus": 0.0, "pPopulus": 0.0, "pSalix": 0.0, "pSorbus": 0.0, "pPrunus": 0.0, "pMalus": 0.0, "pPyrus": 0.0, "pOtherLN": 0.0, "pPicea": 0.662, "pPinus": 0.066, "pAbies": 0.0, "pDouglas": 0.0, "pLarix": 0.064, "pOtherNb": 0.0, "pNoEurop": 0.0, "pNoEuropD": 0.0, "pEurop": 1.0, "pDecid": 0.208, "pConifer": 0.792, "pAll": 1.0, "Cell_id": "4408_3075", "EPSG": 31468, "Netz": 8, "Dichte": 8, "Bl": ";16;" }, "geometry": { "type": "Point", "coordinates": [ 11.240771707171604, 50.784405326816682 ] } },
{ "type": "Feature", "properties": { "Tnr": 54845, "mitRand": 1, "AnzHBbeg": 4, "pHaupt": 1.0, "poHaupt": 0.0, "pQuerus": 0.0, "pFagus": 0.0, "pFraxinus": 0.0, "pCarpinus": 0.0, "pAcer": 0.0, "pTilia": 0.0, "pRobinia": 0.0, "pUlmus": 0.0, "pCastanea": 0.0, "pOtherLH": 0.0, "pBetula": 0.0, "pAlnus": 0.0, "pPopulus": 0.0, "pSalix": 0.0, "pSorbus": 0.0, "pPrunus": 0.0, "pMalus": 0.0, "pPyrus": 0.0, "pOtherLN": 0.0, "pPicea": 0.436, "pPinus": 0.564, "pAbies": 0.0, "pDouglas": 0.0, "pLarix": 0.0, "pOtherNb": 0.0, "pNoEurop": 0.0, "pNoEuropD": 0.0, "pEurop": 1.0, "pDecid": 0.0, "pConifer": 1.0, "pAll": 1.0, "Cell_id": "4412_3075", "EPSG": 31468, "Netz": 8, "Dichte": 8, "Bl": ";16;" }, "geometry": { "type": "Point", "coordinates": [ 11.297469049486859, 50.78377798045512 ] } },
{ "type": "Feature", "properties": { "Tnr": 54847, "mitRand": 1, "AnzHBbeg": 4, "pHaupt": 1.0, "poHaupt": 0.0, "pQuerus": 0.0, "pFagus": 0.0, "pFraxinus": 0.0, "pCarpinus": 0.0, "pAcer": 0.0, "pTilia": 0.0, "pRobinia": 0.0, "pUlmus": 0.0, "pCastanea": 0.0, "pOtherLH": 0.0, "pBetula": 0.0, "pAlnus": 0.0, "pPopulus": 0.0, "pSalix": 0.0, "pSorbus": 0.0, "pPrunus": 0.0, "pMalus": 0.0, "pPyrus": 0.0, "pOtherLN": 0.0, "pPicea": 0.25, "pPinus": 0.0, "pAbies": 0.0, "pDouglas": 0.5, "pLarix": 0.25, "pOtherNb": 0.0, "pNoEurop": 0.599, "pNoEuropD": 0.099, "pEurop": 0.401, "pDecid": 0.0, "pConifer": 1.0, "pAll": 1.0, "Cell_id": "4416_3076", "EPSG": 31468, "Netz": 8, "Dichte": 8, "Bl": ";16;" }, "geometry": { "type": "Point", "coordinates": [ 11.354445872195178, 50.792117083535707 ] } },
{ "type": "Feature", "properties": { "Tnr": 54851, "mitRand": 1, "AnzHBbeg": 3, "pHaupt": 1.0, "poHaupt": 0.0, "pQuerus": 0.115, "pFagus": 0.203, "pFraxinus": 0.0, "pCarpinus": 0.0, "pAcer": 0.0, "pTilia": 0.0, "pRobinia": 0.0, "pUlmus": 0.0, "pCastanea": 0.0, "pOtherLH": 0.0, "pBetula": 0.0, "pAlnus": 0.0, "pPopulus": 0.0, "pSalix": 0.0, "pSorbus": 0.049, "pPrunus": 0.0, "pMalus": 0.0, "pPyrus": 0.0, "pOtherLN": 0.0, "pPicea": 0.0, "pPinus": 0.633, "pAbies": 0.0, "pDouglas": 0.0, "pLarix": 0.0, "pOtherNb": 0.0, "pNoEurop": 0.0, "pNoEuropD": 0.0, "pEurop": 1.0, "pDecid": 0.367, "pConifer": 0.633, "pAll": 1.0, "Cell_id": "4424_3076", "EPSG": 31468, "Netz": 8, "Dichte": 8, "Bl": ";16;" }, "geometry": { "type": "Point", "coordinates": [ 11.467878490378899, 50.790732431669298 ] } },
{ "type": "Feature", "properties": { "Tnr": 54857, "mitRand": 1, "AnzHBbeg": 4, "pHaupt": 1.0, "poHaupt": 0.0, "pQuerus": 0.0, "pFagus": 0.0, "pFraxinus": 0.0, "pCarpinus": 0.0, "pAcer": 0.0, "pTilia": 0.0, "pRobinia": 0.0, "pUlmus": 0.0, "pCastanea": 0.0, "pOtherLH": 0.0, "pBetula": 0.0, "pAlnus": 0.0, "pPopulus": 0.0, "pSalix": 0.0, "pSorbus": 0.0, "pPrunus": 0.0, "pMalus": 0.0, "pPyrus": 0.0, "pOtherLN": 0.0, "pPicea": 0.39, "pPinus": 0.61, "pAbies": 0.0, "pDouglas": 0.0, "pLarix": 0.0, "pOtherNb": 0.0, "pNoEurop": 0.0, "pNoEuropD": 0.0, "pEurop": 1.0, "pDecid": 0.0, "pConifer": 1.0, "pAll": 1.0, "Cell_id": "4436_3076", "EPSG": 31468, "Netz": 8, "Dichte": 8, "Bl": ";16;" }, "geometry": { "type": "Point", "coordinates": [ 11.638020769667046, 50.788443892228052 ] } },
{ "type": "Feature", "properties": { "Tnr": 54861, "mitRand": 1, "AnzHBbeg": 4, "pHaupt": 1.0, "poHaupt": 0.0, "pQuerus": 0.0, "pFagus": 0.0, "pFraxinus": 0.0, "pCarpinus": 0.0, "pAcer": 0.0, "pTilia": 0.0, "pRobinia": 0.0, "pUlmus": 0.0, "pCastanea": 0.0, "pOtherLH": 0.0, "pBetula": 0.0, "pAlnus": 0.0, "pPopulus": 0.0, "pSalix": 0.0, "pSorbus": 0.0, "pPrunus": 0.0, "pMalus": 0.0, "pPyrus": 0.0, "pOtherLN": 0.0, "pPicea": 0.27, "pPinus": 0.73, "pAbies": 0.0, "pDouglas": 0.0, "pLarix": 0.0, "pOtherNb": 0.0, "pNoEurop": 0.0, "pNoEuropD": 0.0, "pEurop": 1.0, "pDecid": 0.0, "pConifer": 1.0, "pAll": 1.0, "Cell_id": "4444_3076", "EPSG": 31468, "Netz": 8, "Dichte": 8, "Bl": ";16;" }, "geometry": { "type": "Point", "coordinates": [ 11.751438561180901, 50.786774282894513 ] } },
{ "type": "Feature", "properties": { "Tnr": 54863, "mitRand": 0, "AnzHBbeg": 2, "pHaupt": 1.0, "poHaupt": 0.0, "pQuerus": 0.0, "pFagus": 0.0, "pFraxinus": 0.0, "pCarpinus": 0.0, "pAcer": 0.0, "pTilia": 0.0, "pRobinia": 0.0, "pUlmus": 0.0, "pCastanea": 0.0, "pOtherLH": 0.0, "pBetula": 0.0, "pAlnus": 0.0, "pPopulus": 0.0, "pSalix": 0.0, "pSorbus": 0.0, "pPrunus": 0.0, "pMalus": 0.0, "pPyrus": 0.0, "pOtherLN": 0.0, "pPicea": 0.612, "pPinus": 0.388, "pAbies": 0.0, "pDouglas": 0.0, "pLarix": 0.0, "pOtherNb": 0.0, "pNoEurop": 0.0, "pNoEuropD": 0.0, "pEurop": 1.0, "pDecid": 0.0, "pConifer": 1.0, "pAll": 1.0, "Cell_id": "4448_3076", "EPSG": 31468, "Netz": 8, "Dichte": 8, "Bl": ";16;" }, "geometry": { "type": "Point", "coordinates": [ 11.808135668452094, 50.785898310393705 ] } },
{ "type": "Feature", "properties": { "Tnr": 54867, "mitRand": 0, "AnzHBbeg": 4, "pHaupt": 1.0, "poHaupt": 0.0, "pQuerus": 0.029, "pFagus": 0.045, "pFraxinus": 0.0, "pCarpinus": 0.0, "pAcer": 0.0, "pTilia": 0.0, "pRobinia": 0.0, "pUlmus": 0.0, "pCastanea": 0.0, "pOtherLH": 0.0, "pBetula": 0.038, "pAlnus": 0.0, "pPopulus": 0.0, "pSalix": 0.0, "pSorbus": 0.0, "pPrunus": 0.0, "pMalus": 0.0, "pPyrus": 0.0, "pOtherLN": 0.0, "pPicea": 0.069, "pPinus": 0.697, "pAbies": 0.0, "pDouglas": 0.0, "pLarix": 0.123, "pOtherNb": 0.0, "pNoEurop": 0.0, "pNoEuropD": 0.0, "pEurop": 1.0, "pDecid": 0.111, "pConifer": 0.889, "pAll": 1.0, "Cell_id": "4456_3077", "EPSG": 31468, "Netz": 8, "Dichte": 8, "Bl": ";16;" }, "geometry": { "type": "Point", "coordinates": [ 11.921910860228083, 50.793054448487119 ] } },
{ "type": "Feature", "properties": { "Tnr": 54869, "mitRand": 1, "AnzHBbeg": 4, "pHaupt": 1.0, "poHaupt": 0.0, "pQuerus": 0.0, "pFagus": 0.0, "pFraxinus": 0.0, "pCarpinus": 0.0, "pAcer": 0.0, "pTilia": 0.0, "pRobinia": 0.0, "pUlmus": 0.0, "pCastanea": 0.0, "pOtherLH": 0.0, "pBetula": 0.213, "pAlnus": 0.0, "pPopulus": 0.0, "pSalix": 0.0, "pSorbus": 0.0, "pPrunus": 0.0, "pMalus": 0.0, "pPyrus": 0.0, "pOtherLN": 0.0, "pPicea": 0.325, "pPinus": 0.243, "pAbies": 0.0, "pDouglas": 0.0, "pLarix": 0.219, "pOtherNb": 0.0, "pNoEurop": 0.0, "pNoEuropD": 0.0, "pEurop": 1.0, "pDecid": 0.213, "pConifer": 0.787, "pAll": 1.0, "Cell_id": "4460_3077", "EPSG": 31468, "Netz": 8, "Dichte": 8, "Bl": ";16;" }, "geometry": { "type": "Point", "coordinates": [ 11.978622960211826, 50.792095108400261 ] } },
{ "type": "Feature", "properties": { "Tnr": 54873, "mitRand": 0, "AnzHBbeg": 1, "pHaupt": 1.0, "poHaupt": 0.0, "pQuerus": 0.491, "pFagus": 0.0, "pFraxinus": 0.0, "pCarpinus": 0.509, "pAcer": 0.0, "pTilia": 0.0, "pRobinia": 0.0, "pUlmus": 0.0, "pCastanea": 0.0, "pOtherLH": 0.0, "pBetula": 0.0, "pAlnus": 0.0, "pPopulus": 0.0, "pSalix": 0.0, "pSorbus": 0.0, "pPrunus": 0.0, "pMalus": 0.0, "pPyrus": 0.0, "pOtherLN": 0.0, "pPicea": 0.0, "pPinus": 0.0, "pAbies": 0.0, "pDouglas": 0.0, "pLarix": 0.0, "pOtherNb": 0.0, "pNoEurop": 0.0, "pNoEuropD": 0.0, "pEurop": 1.0, "pDecid": 1.0, "pConifer": 0.0, "pAll": 1.0, "Cell_id": "4468_3077", "EPSG": 31468, "Netz": 8, "Dichte": 8, "Bl": ";16;" }, "geometry": { "type": "Point", "coordinates": [ 12.092036495260485, 50.790093757183243 ] } },
{ "type": "Feature", "properties": { "Tnr": 54877, "mitRand": 0, "AnzHBbeg": 1, "pHaupt": 1.0, "poHaupt": 0.0, "pQuerus": 0.0, "pFagus": 0.0, "pFraxinus": 0.0, "pCarpinus": 0.0, "pAcer": 0.0, "pTilia": 0.0, "pRobinia": 0.0, "pUlmus": 0.0, "pCastanea": 0.0, "pOtherLH": 0.0, "pBetula": 0.0, "pAlnus": 0.0, "pPopulus": 1.0, "pSalix": 0.0, "pSorbus": 0.0, "pPrunus": 0.0, "pMalus": 0.0, "pPyrus": 0.0, "pOtherLN": 0.0, "pPicea": 0.0, "pPinus": 0.0, "pAbies": 0.0, "pDouglas": 0.0, "pLarix": 0.0, "pOtherNb": 0.0, "pNoEurop": 1.0, "pNoEuropD": 1.0, "pEurop": 0.0, "pDecid": 1.0, "pConifer": 0.0, "pAll": 1.0, "Cell_id": "4476_3077", "EPSG": 31468, "Netz": 8, "Dichte": 8, "Bl": ";16;" }, "geometry": { "type": "Point", "coordinates": [ 12.205449378129062, 50.78798181574242 ] } },
{ "type": "Feature", "properties": { "Tnr": 54879, "mitRand": 1, "AnzHBbeg": 4, "pHaupt": 1.0, "poHaupt": 0.0, "pQuerus": 0.026, "pFagus": 0.0, "pFraxinus": 0.0, "pCarpinus": 0.0, "pAcer": 0.0, "pTilia": 0.0, "pRobinia": 0.0, "pUlmus": 0.0, "pCastanea": 0.0, "pOtherLH": 0.0, "pBetula": 0.368, "pAlnus": 0.0, "pPopulus": 0.0, "pSalix": 0.0, "pSorbus": 0.0, "pPrunus": 0.0, "pMalus": 0.0, "pPyrus": 0.0, "pOtherLN": 0.0, "pPicea": 0.5, "pPinus": 0.105, "pAbies": 0.0, "pDouglas": 0.0, "pLarix": 0.0, "pOtherNb": 0.0, "pNoEurop": 0.226, "pNoEuropD": 0.226, "pEurop": 0.774, "pDecid": 0.395, "pConifer": 0.605, "pAll": 1.0, "Cell_id": "4480_3077", "EPSG": 31468, "Netz": 8, "Dichte": 8, "Bl": ";14;" }, "geometry": { "type": "Point", "coordinates": [ 12.262142963567342, 50.786884718327634 ] } },
{ "type": "Feature", "properties": { "Tnr": 54941, "mitRand": 0, "AnzHBbeg": 1, "pHaupt": 1.0, "poHaupt": 0.0, "pQuerus": 0.0, "pFagus": 1.0, "pFraxinus": 0.0, "pCarpinus": 0.0, "pAcer": 0.0, "pTilia": 0.0, "pRobinia": 0.0, "pUlmus": 0.0, "pCastanea": 0.0, "pOtherLH": 0.0, "pBetula": 0.0, "pAlnus": 0.0, "pPopulus": 0.0, "pSalix": 0.0, "pSorbus": 0.0, "pPrunus": 0.0, "pMalus": 0.0, "pPyrus": 0.0, "pOtherLN": 0.0, "pPicea": 0.0, "pPinus": 0.0, "pAbies": 0.0, "pDouglas": 0.0, "pLarix": 0.0, "pOtherNb": 0.0, "pNoEurop": 0.0, "pNoEuropD": 0.0, "pEurop": 1.0, "pDecid": 1.0, "pConifer": 0.0, "pAll": 1.0, "Cell_id": "4322_3072", "EPSG": 31467, "Netz": 16, "Dichte": 8, "Bl": ";16;" }, "geometry": { "type": "Point", "coordinates": [ 10.021258845820869, 50.764099659449293 ] } },
{ "type": "Feature", "properties": { "Tnr": 54947, "mitRand": 1, "AnzHBbeg": 4, "pHaupt": 1.0, "poHaupt": 0.0, "pQuerus": 0.118, "pFagus": 0.021, "pFraxinus": 0.0, "pCarpinus": 0.0, "pAcer": 0.0, "pTilia": 0.0, "pRobinia": 0.0, "pUlmus": 0.0, "pCastanea": 0.0, "pOtherLH": 0.0, "pBetula": 0.229, "pAlnus": 0.0, "pPopulus": 0.0, "pSalix": 0.0, "pSorbus": 0.0, "pPrunus": 0.0, "pMalus": 0.0, "pPyrus": 0.0, "pOtherLN": 0.0, "pPicea": 0.172, "pPinus": 0.25, "pAbies": 0.0, "pDouglas": 0.0, "pLarix": 0.21, "pOtherNb": 0.0, "pNoEurop": 0.0, "pNoEuropD": 0.0, "pEurop": 1.0, "pDecid": 0.368, "pConifer": 0.632, "pAll": 1.0, "Cell_id": "4334_3072", "EPSG": 31467, "Netz": 16, "Dichte": 8, "Bl": ";16;" }, "geometry": { "type": "Point", "coordinates": [ 10.19134513406631, 50.763941312070301 ] } },
{ "type": "Feature", "properties": { "Tnr": 54949, "mitRand": 0, "AnzHBbeg": 4, "pHaupt": 1.0, "poHaupt": 0.0, "pQuerus": 0.0, "pFagus": 0.0, "pFraxinus": 0.0, "pCarpinus": 0.0, "pAcer": 0.0, "pTilia": 0.0, "pRobinia": 0.0, "pUlmus": 0.0, "pCastanea": 0.0, "pOtherLH": 0.0, "pBetula": 0.167, "pAlnus": 0.0, "pPopulus": 0.0, "pSalix": 0.0, "pSorbus": 0.0, "pPrunus": 0.0, "pMalus": 0.0, "pPyrus": 0.0, "pOtherLN": 0.0, "pPicea": 0.25, "pPinus": 0.374, "pAbies": 0.0, "pDouglas": 0.0, "pLarix": 0.209, "pOtherNb": 0.0, "pNoEurop": 0.0, "pNoEuropD": 0.0, "pEurop": 1.0, "pDecid": 0.167, "pConifer": 0.833, "pAll": 1.0, "Cell_id": "4338_3072", "EPSG": 31467, "Netz": 16, "Dichte": 8, "Bl": ";16;" }, "geometry": { "type": "Point", "coordinates": [ 10.248039290475777, 50.76383340517831 ] } },
{ "type": "Feature", "properties": { "Tnr": 54955, "mitRand": 1, "AnzHBbeg": 3, "pHaupt": 1.0, "poHaupt": 0.0, "pQuerus": 0.0, "pFagus": 0.0, "pFraxinus": 0.0, "pCarpinus": 0.0, "pAcer": 0.0, "pTilia": 0.0, "pRobinia": 0.0, "pUlmus": 0.0, "pCastanea": 0.0, "pOtherLH": 0.0, "pBetula": 0.0, "pAlnus": 0.0, "pPopulus": 0.0, "pSalix": 0.0, "pSorbus": 0.0, "pPrunus": 0.0, "pMalus": 0.0, "pPyrus": 0.0, "pOtherLN": 0.0, "pPicea": 0.922, "pPinus": 0.078, "pAbies": 0.0, "pDouglas": 0.0, "pLarix": 0.0, "pOtherNb": 0.0, "pNoEurop": 0.0, "pNoEuropD": 0.0, "pEurop": 1.0, "pDecid": 0.0, "pConifer": 1.0, "pAll": 1.0, "Cell_id": "4350_3072", "EPSG": 31467, "Netz": 16, "Dichte": 8, "Bl": ";16;" }, "geometry": { "type": "Point", "coordinates": [ 10.418116696449962, 50.763344322116026 ] } },
{ "type": "Feature", "properties": { "Tnr": 54959, "mitRand": 1, "AnzHBbeg": 1, "pHaupt": 1.0, "poHaupt": 0.0, "pQuerus": 0.0, "pFagus": 1.0, "pFraxinus": 0.0, "pCarpinus": 0.0, "pAcer": 0.0, "pTilia": 0.0, "pRobinia": 0.0, "pUlmus": 0.0, "pCastanea": 0.0, "pOtherLH": 0.0, "pBetula": 0.0, "pAlnus": 0.0, "pPopulus": 0.0, "pSalix": 0.0, "pSorbus": 0.0, "pPrunus": 0.0, "pMalus": 0.0, "pPyrus": 0.0, "pOtherLN": 0.0, "pPicea": 0.0, "pPinus": 0.0, "pAbies": 0.0, "pDouglas": 0.0, "pLarix": 0.0, "pOtherNb": 0.0, "pNoEurop": 0.0, "pNoEuropD": 0.0, "pEurop": 1.0, "pDecid": 1.0, "pConifer": 0.0, "pAll": 1.0, "Cell_id": "4358_3072", "EPSG": 31468, "Netz": 16, "Dichte": 8, "Bl": ";16;" }, "geometry": { "type": "Point", "coordinates": [ 10.531496525804625, 50.762880474844664 ] } },
{ "type": "Feature", "properties": { "Tnr": 54961, "mitRand": 1, "AnzHBbeg": 3, "pHaupt": 1.0, "poHaupt": 0.0, "pQuerus": 0.0, "pFagus": 0.227, "pFraxinus": 0.0, "pCarpinus": 0.0, "pAcer": 0.0, "pTilia": 0.0, "pRobinia": 0.0, "pUlmus": 0.0, "pCastanea": 0.0, "pOtherLH": 0.0, "pBetula": 0.0, "pAlnus": 0.0, "pPopulus": 0.0, "pSalix": 0.0, "pSorbus": 0.0, "pPrunus": 0.0, "pMalus": 0.0, "pPyrus": 0.0, "pOtherLN": 0.0, "pPicea": 0.773, "pPinus": 0.0, "pAbies": 0.0, "pDouglas": 0.0, "pLarix": 0.0, "pOtherNb": 0.0, "pNoEurop": 0.0, "pNoEuropD": 0.0, "pEurop": 1.0, "pDecid": 0.227, "pConifer": 0.773, "pAll": 1.0, "Cell_id": "4362_3072", "EPSG": 31468, "Netz": 16, "Dichte": 8, "Bl": ";16;" }, "geometry": { "type": "Point", "coordinates": [ 10.588184337158811, 50.76259823143733 ] } },
{ "type": "Feature", "properties": { "Tnr": 54963, "mitRand": 0, "AnzHBbeg": 2, "pHaupt": 1.0, "poHaupt": 0.0, "pQuerus": 0.0, "pFagus": 0.0, "pFraxinus": 0.0, "pCarpinus": 0.0, "pAcer": 0.0, "pTilia": 0.0, "pRobinia": 0.0, "pUlmus": 0.0, "pCastanea": 0.0, "pOtherLH": 0.0, "pBetula": 0.0, "pAlnus": 0.0, "pPopulus": 0.0, "pSalix": 0.0, "pSorbus": 0.0, "pPrunus": 0.0, "pMalus": 0.0, "pPyrus": 0.0, "pOtherLN": 0.0, "pPicea": 1.0, "pPinus": 0.0, "pAbies": 0.0, "pDouglas": 0.0, "pLarix": 0.0, "pOtherNb": 0.0, "pNoEurop": 0.0, "pNoEuropD": 0.0, "pEurop": 1.0, "pDecid": 0.0, "pConifer": 1.0, "pAll": 1.0, "Cell_id": "4366_3072", "EPSG": 31468, "Netz": 16, "Dichte": 8, "Bl": ";16;" }, "geometry": { "type": "Point", "coordinates": [ 10.644871124353752, 50.762297419866051 ] } },
{ "type": "Feature", "properties": { "Tnr": 54965, "mitRand": 1, "AnzHBbeg": 4, "pHaupt": 1.0, "poHaupt": 0.0, "pQuerus": 0.0, "pFagus": 0.0, "pFraxinus": 0.0, "pCarpinus": 0.0, "pAcer": 0.0, "pTilia": 0.0, "pRobinia": 0.0, "pUlmus": 0.0, "pCastanea": 0.0, "pOtherLH": 0.0, "pBetula": 0.0, "pAlnus": 0.0, "pPopulus": 0.0, "pSalix": 0.0, "pSorbus": 0.0, "pPrunus": 0.0, "pMalus": 0.0, "pPyrus": 0.0, "pOtherLN": 0.0, "pPicea": 1.0, "pPinus": 0.0, "pAbies": 0.0, "pDouglas": 0.0, "pLarix": 0.0, "pOtherNb": 0.0, "pNoEurop": 0.0, "pNoEuropD": 0.0, "pEurop": 1.0, "pDecid": 0.0, "pConifer": 1.0, "pAll": 1.0, "Cell_id": "4370_3072", "EPSG": 31468, "Netz": 16, "Dichte": 8, "Bl": ";16;" }, "geometry": { "type": "Point", "coordinates": [ 10.70155650502749, 50.761969055616547 ] } },
{ "type": "Feature", "properties": { "Tnr": 54967, "mitRand": 1, "AnzHBbeg": 4, "pHaupt": 1.0, "poHaupt": 0.0, "pQuerus": 0.0, "pFagus": 0.0, "pFraxinus": 0.0, "pCarpinus": 0.0, "pAcer": 0.0, "pTilia": 0.0, "pRobinia": 0.0, "pUlmus": 0.0, "pCastanea": 0.0, "pOtherLH": 0.0, "pBetula": 0.0, "pAlnus": 0.0, "pPopulus": 0.0, "pSalix": 0.0, "pSorbus": 0.0, "pPrunus": 0.0, "pMalus": 0.0, "pPyrus": 0.0, "pOtherLN": 0.0, "pPicea": 1.0, "pPinus": 0.0, "pAbies": 0.0, "pDouglas": 0.0, "pLarix": 0.0, "pOtherNb": 0.0, "pNoEurop": 0.0, "pNoEuropD": 0.0, "pEurop": 1.0, "pDecid": 0.0, "pConifer": 1.0, "pAll": 1.0, "Cell_id": "4374_3072", "EPSG": 31468, "Netz": 16, "Dichte": 8, "Bl": ";16;" }, "geometry": { "type": "Point", "coordinates": [ 10.75824039038203, 50.761613140285093 ] } },
{ "type": "Feature", "properties": { "Tnr": 54969, "mitRand": 1, "AnzHBbeg": 4, "pHaupt": 1.0, "poHaupt": 0.0, "pQuerus": 0.0, "pFagus": 0.0, "pFraxinus": 0.0, "pCarpinus": 0.0, "pAcer": 0.305, "pTilia": 0.0, "pRobinia": 0.0, "pUlmus": 0.0, "pCastanea": 0.0, "pOtherLH": 0.0, "pBetula": 0.0, "pAlnus": 0.0, "pPopulus": 0.0, "pSalix": 0.0, "pSorbus": 0.0, "pPrunus": 0.0, "pMalus": 0.0, "pPyrus": 0.0, "pOtherLN": 0.0, "pPicea": 0.149, "pPinus": 0.25, "pAbies": 0.0, "pDouglas": 0.0, "pLarix": 0.296, "pOtherNb": 0.0, "pNoEurop": 0.0, "pNoEuropD": 0.0, "pEurop": 1.0, "pDecid": 0.305, "pConifer": 0.695, "pAll": 1.0, "Cell_id": "4378_3073", "EPSG": 31468, "Netz": 16, "Dichte": 8, "Bl": ";16;" }, "geometry": { "type": "Point", "coordinates": [ 10.815086403987873, 50.770217247013633 ] } },
{ "type": "Feature", "properties": { "Tnr": 54971, "mitRand": 1, "AnzHBbeg": 1, "pHaupt": 1.0, "poHaupt": 0.0, "pQuerus": 0.0, "pFagus": 0.0, "pFraxinus": 0.0, "pCarpinus": 0.0, "pAcer": 0.0, "pTilia": 0.0, "pRobinia": 0.0, "pUlmus": 0.0, "pCastanea": 0.0, "pOtherLH": 0.0, "pBetula": 0.0, "pAlnus": 0.0, "pPopulus": 0.0, "pSalix": 0.0, "pSorbus": 0.0, "pPrunus": 0.0, "pMalus": 0.0, "pPyrus": 0.0, "pOtherLN": 0.0, "pPicea": 0.22, "pPinus": 0.78, "pAbies": 0.0, "pDouglas": 0.0, "pLarix": 0.0, "pOtherNb": 0.0, "pNoEurop": 0.0, "pNoEuropD": 0.0, "pEurop": 1.0, "pDecid": 0.0, "pConifer": 1.0, "pAll": 1.0, "Cell_id": "4382_3073", "EPSG": 31468, "Netz": 16, "Dichte": 8, "Bl": ";16;" }, "geometry": { "type": "Point", "coordinates": [ 10.87179170017474, 50.769796826370218 ] } },
{ "type": "Feature", "properties": { "Tnr": 54973, "mitRand": 0, "AnzHBbeg": 1, "pHaupt": 1.0, "poHaupt": 0.0, "pQuerus": 0.0, "pFagus": 0.0, "pFraxinus": 0.431, "pCarpinus": 0.0, "pAcer": 0.0, "pTilia": 0.0, "pRobinia": 0.0, "pUlmus": 0.0, "pCastanea": 0.0, "pOtherLH": 0.0, "pBetula": 0.0, "pAlnus": 0.0, "pPopulus": 0.0, "pSalix": 0.0, "pSorbus": 0.0, "pPrunus": 0.0, "pMalus": 0.0, "pPyrus": 0.0, "pOtherLN": 0.0, "pPicea": 0.081, "pPinus": 0.488, "pAbies": 0.0, "pDouglas": 0.0, "pLarix": 0.0, "pOtherNb": 0.0, "pNoEurop": 0.0, "pNoEuropD": 0.0, "pEurop": 1.0, "pDecid": 0.431, "pConifer": 0.569, "pAll": 1.0, "Cell_id": "4386_3073", "EPSG": 31468, "Netz": 16, "Dichte": 8, "Bl": ";16;" }, "geometry": { "type": "Point", "coordinates": [ 10.928481413203952, 50.769358056642936 ] } },
{ "type": "Feature", "properties": { "Tnr": 54975, "mitRand": 1, "AnzHBbeg": 1, "pHaupt": 1.0, "poHaupt": 0.0, "pQuerus": 0.25, "pFagus": 0.75, "pFraxinus": 0.0, "pCarpinus": 0.0, "pAcer": 0.0, "pTilia": 0.0, "pRobinia": 0.0, "pUlmus": 0.0, "pCastanea": 0.0, "pOtherLH": 0.0, "pBetula": 0.0, "pAlnus": 0.0, "pPopulus": 0.0, "pSalix": 0.0, "pSorbus": 0.0, "pPrunus": 0.0, "pMalus": 0.0, "pPyrus": 0.0, "pOtherLN": 0.0, "pPicea": 0.0, "pPinus": 0.0, "pAbies": 0.0, "pDouglas": 0.0, "pLarix": 0.0, "pOtherNb": 0.0, "pNoEurop": 0.0, "pNoEuropD": 0.0, "pEurop": 1.0, "pDecid": 1.0, "pConifer": 0.0, "pAll": 1.0, "Cell_id": "4390_3073", "EPSG": 31468, "Netz": 16, "Dichte": 8, "Bl": ";16;" }, "geometry": { "type": "Point", "coordinates": [ 10.985168894191427, 50.768882750677676 ] } },
{ "type": "Feature", "properties": { "Tnr": 54977, "mitRand": 1, "AnzHBbeg": 1, "pHaupt": 1.0, "poHaupt": 0.0, "pQuerus": 0.0, "pFagus": 0.0, "pFraxinus": 0.0, "pCarpinus": 0.0, "pAcer": 0.0, "pTilia": 0.0, "pRobinia": 0.0, "pUlmus": 0.0, "pCastanea": 0.0, "pOtherLH": 0.0, "pBetula": 0.0, "pAlnus": 0.0, "pPopulus": 0.0, "pSalix": 0.0, "pSorbus": 0.0, "pPrunus": 0.0, "pMalus": 0.0, "pPyrus": 0.0, "pOtherLN": 0.0, "pPicea": 0.0, "pPinus": 1.0, "pAbies": 0.0, "pDouglas": 0.0, "pLarix": 0.0, "pOtherNb": 0.0, "pNoEurop": 0.0, "pNoEuropD": 0.0, "pEurop": 1.0, "pDecid": 0.0, "pConifer": 1.0, "pAll": 1.0, "Cell_id": "4394_3073", "EPSG": 31468, "Netz": 16, "Dichte": 8, "Bl": ";16;" }, "geometry": { "type": "Point", "coordinates": [ 11.041868970481662, 50.768388630328218 ] } },
{ "type": "Feature", "properties": { "Tnr": 54979, "mitRand": 1, "AnzHBbeg": 4, "pHaupt": 1.0, "poHaupt": 0.0, "pQuerus": 0.0, "pFagus": 0.0, "pFraxinus": 0.0, "pCarpinus": 0.0, "pAcer": 0.0, "pTilia": 0.0, "pRobinia": 0.0, "pUlmus": 0.0, "pCastanea": 0.0, "pOtherLH": 0.0, "pBetula": 0.051, "pAlnus": 0.0, "pPopulus": 0.0, "pSalix": 0.0, "pSorbus": 0.0, "pPrunus": 0.0, "pMalus": 0.0, "pPyrus": 0.0, "pOtherLN": 0.0, "pPicea": 0.0, "pPinus": 0.869, "pAbies": 0.0, "pDouglas": 0.0, "pLarix": 0.081, "pOtherNb": 0.0, "pNoEurop": 0.0, "pNoEuropD": 0.0, "pEurop": 1.0, "pDecid": 0.051, "pConifer": 0.949, "pAll": 1.0, "Cell_id": "4398_3073", "EPSG": 31468, "Netz": 16, "Dichte": 8, "Bl": ";16;" }, "geometry": { "type": "Point", "coordinates": [ 11.098567016373353, 50.767866948112186 ] } },
{ "type": "Feature", "properties": { "Tnr": 54981, "mitRand": 1, "AnzHBbeg": 1, "pHaupt": 1.0, "poHaupt": 0.0, "pQuerus": 0.0, "pFagus": 0.0, "pFraxinus": 0.928, "pCarpinus": 0.0, "pAcer": 0.0, "pTilia": 0.0, "pRobinia": 0.0, "pUlmus": 0.0, "pCastanea": 0.0, "pOtherLH": 0.0, "pBetula": 0.0, "pAlnus": 0.0, "pPopulus": 0.0, "pSalix": 0.0, "pSorbus": 0.0, "pPrunus": 0.0, "pMalus": 0.0, "pPyrus": 0.0, "pOtherLN": 0.0, "pPicea": 0.0, "pPinus": 0.072, "pAbies": 0.0, "pDouglas": 0.0, "pLarix": 0.0, "pOtherNb": 0.0, "pNoEurop": 0.0, "pNoEuropD": 0.0, "pEurop": 1.0, "pDecid": 0.928, "pConifer": 0.072, "pAll": 1.0, "Cell_id": "4402_3073", "EPSG": 31468, "Netz": 16, "Dichte": 8, "Bl": ";16;" }, "geometry": { "type": "Point", "coordinates": [ 11.155248365398311, 50.767308985451649 ] } },
{ "type": "Feature", "properties": { "Tnr": 54983, "mitRand": 0, "AnzHBbeg": 1, "pHaupt": 1.0, "poHaupt": 0.0, "pQuerus": 0.0, "pFagus": 0.0, "pFraxinus": 0.0, "pCarpinus": 0.0, "pAcer": 0.0, "pTilia": 0.0, "pRobinia": 0.0, "pUlmus": 0.0, "pCastanea": 0.0, "pOtherLH": 0.0, "pBetula": 0.0, "pAlnus": 0.0, "pPopulus": 0.0, "pSalix": 0.0, "pSorbus": 0.0, "pPrunus": 0.0, "pMalus": 0.0, "pPyrus": 0.0, "pOtherLN": 0.0, "pPicea": 0.0, "pPinus": 1.0, "pAbies": 0.0, "pDouglas": 0.0, "pLarix": 0.0, "pOtherNb": 0.0, "pNoEurop": 0.0, "pNoEuropD": 0.0, "pEurop": 1.0, "pDecid": 0.0, "pConifer": 1.0, "pAll": 1.0, "Cell_id": "4406_3073", "EPSG": 31468, "Netz": 16, "Dichte": 8, "Bl": ";16;" }, "geometry": { "type": "Point", "coordinates": [ 11.211942073941975, 50.76673219376675 ] } },
{ "type": "Feature", "properties": { "Tnr": 54985, "mitRand": 1, "AnzHBbeg": 1, "pHaupt": 1.0, "poHaupt": 0.0, "pQuerus": 0.0, "pFagus": 0.0, "pFraxinus": 0.0, "pCarpinus": 0.0, "pAcer": 0.0, "pTilia": 0.0, "pRobinia": 0.0, "pUlmus": 0.0, "pCastanea": 0.0, "pOtherLH": 0.0, "pBetula": 0.0, "pAlnus": 0.0, "pPopulus": 0.0, "pSalix": 0.0, "pSorbus": 0.0, "pPrunus": 0.0, "pMalus": 0.0, "pPyrus": 0.0, "pOtherLN": 0.0, "pPicea": 0.0, "pPinus": 1.0, "pAbies": 0.0, "pDouglas": 0.0, "pLarix": 0.0, "pOtherNb": 0.0, "pNoEurop": 0.0, "pNoEuropD": 0.0, "pEurop": 1.0, "pDecid": 0.0, "pConifer": 1.0, "pAll": 1.0, "Cell_id": "4410_3073", "EPSG": 31468, "Netz": 16, "Dichte": 8, "Bl": ";16;" }, "geometry": { "type": "Point", "coordinates": [ 11.26863305097964, 50.766118865307369 ] } },
{ "type": "Feature", "properties": { "Tnr": 54987, "mitRand": 1, "AnzHBbeg": 2, "pHaupt": 1.0, "poHaupt": 0.0, "pQuerus": 0.009, "pFagus": 0.0, "pFraxinus": 0.0, "pCarpinus": 0.0, "pAcer": 0.47, "pTilia": 0.0, "pRobinia": 0.0, "pUlmus": 0.0, "pCastanea": 0.0, "pOtherLH": 0.0, "pBetula": 0.021, "pAlnus": 0.0, "pPopulus": 0.0, "pSalix": 0.0, "pSorbus": 0.0, "pPrunus": 0.0, "pMalus": 0.0, "pPyrus": 0.0, "pOtherLN": 0.0, "pPicea": 0.0, "pPinus": 0.434, "pAbies": 0.0, "pDouglas": 0.0, "pLarix": 0.066, "pOtherNb": 0.0, "pNoEurop": 0.0, "pNoEuropD": 0.0, "pEurop": 1.0, "pDecid": 0.5, "pConifer": 0.5, "pAll": 1.0, "Cell_id": "4414_3073", "EPSG": 31468, "Netz": 16, "Dichte": 8, "Bl": ";16;" }, "geometry": { "type": "Point", "coordinates": [ 11.325321620833103, 50.765477985568324 ] } },
{ "type": "Feature", "properties": { "Tnr": 54991, "mitRand": 1, "AnzHBbeg": 4, "pHaupt": 1.0, "poHaupt": 0.0, "pQuerus": 0.0, "pFagus": 0.053, "pFraxinus": 0.0, "pCarpinus": 0.0, "pAcer": 0.0, "pTilia": 0.0, "pRobinia": 0.0, "pUlmus": 0.0, "pCastanea": 0.0, "pOtherLH": 0.0, "pBetula": 0.0, "pAlnus": 0.0, "pPopulus": 0.0, "pSalix": 0.0, "pSorbus": 0.0, "pPrunus": 0.0, "pMalus": 0.0, "pPyrus": 0.0, "pOtherLN": 0.0, "pPicea": 0.329, "pPinus": 0.618, "pAbies": 0.0, "pDouglas": 0.0, "pLarix": 0.0, "pOtherNb": 0.0, "pNoEurop": 0.0, "pNoEuropD": 0.0, "pEurop": 1.0, "pDecid": 0.053, "pConifer": 0.947, "pAll": 1.0, "Cell_id": "4422_3074", "EPSG": 31468, "Netz": 16, "Dichte": 8, "Bl": ";16;" }, "geometry": { "type": "Point", "coordinates": [ 11.43896076680249, 50.773107775007148 ] } },
{ "type": "Feature", "properties": { "Tnr": 54993, "mitRand": 0, "AnzHBbeg": 2, "pHaupt": 1.0, "poHaupt": 0.0, "pQuerus": 0.156, "pFagus": 0.0, "pFraxinus": 0.0, "pCarpinus": 0.0, "pAcer": 0.0, "pTilia": 0.0, "pRobinia": 0.0, "pUlmus": 0.0, "pCastanea": 0.0, "pOtherLH": 0.0, "pBetula": 0.0, "pAlnus": 0.0, "pPopulus": 0.0, "pSalix": 0.0, "pSorbus": 0.0, "pPrunus": 0.066, "pMalus": 0.0, "pPyrus": 0.0, "pOtherLN": 0.0, "pPicea": 0.0, "pPinus": 0.778, "pAbies": 0.0, "pDouglas": 0.0, "pLarix": 0.0, "pOtherNb": 0.0, "pNoEurop": 0.0, "pNoEuropD": 0.0, "pEurop": 1.0, "pDecid": 0.222, "pConifer": 0.778, "pAll": 1.0, "Cell_id": "4426_3074", "EPSG": 31468, "Netz": 16, "Dichte": 8, "Bl": ";16;" }, "geometry": { "type": "Point", "coordinates": [ 11.495667087241655, 50.77239264933467 ] } },
{ "type": "Feature", "properties": { "Tnr": 54995, "mitRand": 1, "AnzHBbeg": 2, "pHaupt": 1.0, "poHaupt": 0.0, "pQuerus": 0.365, "pFagus": 0.0, "pFraxinus": 0.09, "pCarpinus": 0.118, "pAcer": 0.18, "pTilia": 0.149, "pRobinia": 0.0, "pUlmus": 0.0, "pCastanea": 0.0, "pOtherLH": 0.0, "pBetula": 0.1, "pAlnus": 0.0, "pPopulus": 0.0, "pSalix": 0.0, "pSorbus": 0.0, "pPrunus": 0.0, "pMalus": 0.0, "pPyrus": 0.0, "pOtherLN": 0.0, "pPicea": 0.0, "pPinus": 0.0, "pAbies": 0.0, "pDouglas": 0.0, "pLarix": 0.0, "pOtherNb": 0.0, "pNoEurop": 0.0, "pNoEuropD": 0.0, "pEurop": 1.0, "pDecid": 1.0, "pConifer": 0.0, "pAll": 1.0, "Cell_id": "4430_3074", "EPSG": 31468, "Netz": 16, "Dichte": 8, "Bl": ";16;" }, "geometry": { "type": "Point", "coordinates": [ 11.552356012994791, 50.771641290596932 ] } },
{ "type": "Feature", "properties": { "Tnr": 54999, "mitRand": 1, "AnzHBbeg": 4, "pHaupt": 1.0, "poHaupt": 0.0, "pQuerus": 0.25, "pFagus": 0.0, "pFraxinus": 0.0, "pCarpinus": 0.0, "pAcer": 0.0, "pTilia": 0.0, "pRobinia": 0.0, "pUlmus": 0.0, "pCastanea": 0.0, "pOtherLH": 0.0, "pBetula": 0.0, "pAlnus": 0.0, "pPopulus": 0.0, "pSalix": 0.0, "pSorbus": 0.0, "pPrunus": 0.0, "pMalus": 0.0, "pPyrus": 0.0, "pOtherLN": 0.0, "pPicea": 0.527, "pPinus": 0.223, "pAbies": 0.0, "pDouglas": 0.0, "pLarix": 0.0, "pOtherNb": 0.0, "pNoEurop": 0.0, "pNoEuropD": 0.0, "pEurop": 1.0, "pDecid": 0.25, "pConifer": 0.75, "pAll": 1.0, "Cell_id": "4438_3074", "EPSG": 31468, "Netz": 16, "Dichte": 8, "Bl": ";16;" }, "geometry": { "type": "Point", "coordinates": [ 11.665725729630342, 50.770064919989167 ] } },
{ "type": "Feature", "properties": { "Tnr": 55001, "mitRand": 0, "AnzHBbeg": 3, "pHaupt": 1.0, "poHaupt": 0.0, "pQuerus": 0.0, "pFagus": 0.0, "pFraxinus": 0.0, "pCarpinus": 0.0, "pAcer": 0.0, "pTilia": 0.0, "pRobinia": 0.0, "pUlmus": 0.0, "pCastanea": 0.0, "pOtherLH": 0.0, "pBetula": 0.388, "pAlnus": 0.0, "pPopulus": 0.0, "pSalix": 0.0, "pSorbus": 0.0, "pPrunus": 0.0, "pMalus": 0.0, "pPyrus": 0.0, "pOtherLN": 0.0, "pPicea": 0.237, "pPinus": 0.375, "pAbies": 0.0, "pDouglas": 0.0, "pLarix": 0.0, "pOtherNb": 0.0, "pNoEurop": 0.0, "pNoEuropD": 0.0, "pEurop": 1.0, "pDecid": 0.388, "pConifer": 0.612, "pAll": 1.0, "Cell_id": "4442_3074", "EPSG": 31468, "Netz": 16, "Dichte": 8, "Bl": ";16;" }, "geometry": { "type": "Point", "coordinates": [ 11.722420002404551, 50.769230604021459 ] } },
{ "type": "Feature", "properties": { "Tnr": 55003, "mitRand": 0, "AnzHBbeg": 4, "pHaupt": 1.0, "poHaupt": 0.0, "pQuerus": 0.0, "pFagus": 0.0, "pFraxinus": 0.0, "pCarpinus": 0.0, "pAcer": 0.0, "pTilia": 0.0, "pRobinia": 0.0, "pUlmus": 0.0, "pCastanea": 0.0, "pOtherLH": 0.0, "pBetula": 0.0, "pAlnus": 0.0, "pPopulus": 0.0, "pSalix": 0.0, "pSorbus": 0.0, "pPrunus": 0.0, "pMalus": 0.0, "pPyrus": 0.0, "pOtherLN": 0.0, "pPicea": 0.092, "pPinus": 0.908, "pAbies": 0.0, "pDouglas": 0.0, "pLarix": 0.0, "pOtherNb": 0.0, "pNoEurop": 0.0, "pNoEuropD": 0.0, "pEurop": 1.0, "pDecid": 0.0, "pConifer": 1.0, "pAll": 1.0, "Cell_id": "4446_3074", "EPSG": 31468, "Netz": 16, "Dichte": 8, "Bl": ";16;" }, "geometry": { "type": "Point", "coordinates": [ 11.779096996816687, 50.768369076792879 ] } },
{ "type": "Feature", "properties": { "Tnr": 55005, "mitRand": 1, "AnzHBbeg": 4, "pHaupt": 0.75, "poHaupt": 0.25, "pQuerus": 0.0, "pFagus": 0.0, "pFraxinus": 0.0, "pCarpinus": 0.0, "pAcer": 0.0, "pTilia": 0.0, "pRobinia": 0.0, "pUlmus": 0.0, "pCastanea": 0.0, "pOtherLH": 0.0, "pBetula": 0.345, "pAlnus": 0.103, "pPopulus": 0.0, "pSalix": 0.0, "pSorbus": 0.0, "pPrunus": 0.0, "pMalus": 0.0, "pPyrus": 0.0, "pOtherLN": 0.0, "pPicea": 0.052, "pPinus": 0.25, "pAbies": 0.0, "pDouglas": 0.0, "pLarix": 0.0, "pOtherNb": 0.0, "pNoEurop": 0.0, "pNoEuropD": 0.0, "pEurop": 0.75, "pDecid": 0.448, "pConifer": 0.302, "pAll": 0.75, "Cell_id": "4450_3074", "EPSG": 31468, "Netz": 16, "Dichte": 8, "Bl": ";16;" }, "geometry": { "type": "Point", "coordinates": [ 11.835784941699611, 50.76747967333408 ] } },
{ "type": "Feature", "properties": { "Tnr": 55009, "mitRand": 1, "AnzHBbeg": 4, "pHaupt": 1.0, "poHaupt": 0.0, "pQuerus": 0.028, "pFagus": 0.0, "pFraxinus": 0.0, "pCarpinus": 0.0, "pAcer": 0.0, "pTilia": 0.0, "pRobinia": 0.0, "pUlmus": 0.0, "pCastanea": 0.0, "pOtherLH": 0.0, "pBetula": 0.127, "pAlnus": 0.0, "pPopulus": 0.142, "pSalix": 0.0, "pSorbus": 0.0, "pPrunus": 0.0, "pMalus": 0.0, "pPyrus": 0.0, "pOtherLN": 0.0, "pPicea": 0.0, "pPinus": 0.702, "pAbies": 0.0, "pDouglas": 0.0, "pLarix": 0.0, "pOtherNb": 0.0, "pNoEurop": 0.0, "pNoEuropD": 0.0, "pEurop": 1.0, "pDecid": 0.298, "pConifer": 0.702, "pAll": 1.0, "Cell_id": "4458_3075", "EPSG": 31468, "Netz": 16, "Dichte": 8, "Bl": ";16;" }, "geometry": { "type": "Point", "coordinates": [ 11.949518363942991, 50.77460952825227 ] } },
{ "type": "Feature", "properties": { "Tnr": 55081, "mitRand": 1, "AnzHBbeg": 2, "pHaupt": 1.0, "poHaupt": 0.0, "pQuerus": 0.741, "pFagus": 0.259, "pFraxinus": 0.0, "pCarpinus": 0.0, "pAcer": 0.0, "pTilia": 0.0, "pRobinia": 0.0, "pUlmus": 0.0, "pCastanea": 0.0, "pOtherLH": 0.0, "pBetula": 0.0, "pAlnus": 0.0, "pPopulus": 0.0, "pSalix": 0.0, "pSorbus": 0.0, "pPrunus": 0.0, "pMalus": 0.0, "pPyrus": 0.0, "pOtherLN": 0.0, "pPicea": 0.0, "pPinus": 0.0, "pAbies": 0.0, "pDouglas": 0.0, "pLarix": 0.0, "pOtherNb": 0.0, "pNoEurop": 0.0, "pNoEuropD": 0.0, "pEurop": 1.0, "pDecid": 1.0, "pConifer": 0.0, "pAll": 1.0, "Cell_id": "4320_3070", "EPSG": 31467, "Netz": 8, "Dichte": 8, "Bl": ";16;" }, "geometry": { "type": "Point", "coordinates": [ 9.992926752849836, 50.746122782067808 ] } },
{ "type": "Feature", "properties": { "Tnr": 55085, "mitRand": 1, "AnzHBbeg": 2, "pHaupt": 1.0, "poHaupt": 0.0, "pQuerus": 0.0, "pFagus": 0.879, "pFraxinus": 0.121, "pCarpinus": 0.0, "pAcer": 0.0, "pTilia": 0.0, "pRobinia": 0.0, "pUlmus": 0.0, "pCastanea": 0.0, "pOtherLH": 0.0, "pBetula": 0.0, "pAlnus": 0.0, "pPopulus": 0.0, "pSalix": 0.0, "pSorbus": 0.0, "pPrunus": 0.0, "pMalus": 0.0, "pPyrus": 0.0, "pOtherLN": 0.0, "pPicea": 0.0, "pPinus": 0.0, "pAbies": 0.0, "pDouglas": 0.0, "pLarix": 0.0, "pOtherNb": 0.0, "pNoEurop": 0.0, "pNoEuropD": 0.0, "pEurop": 1.0, "pDecid": 1.0, "pConifer": 0.0, "pAll": 1.0, "Cell_id": "4328_3070", "EPSG": 31467, "Netz": 8, "Dichte": 8, "Bl": ";16;" }, "geometry": { "type": "Point", "coordinates": [ 10.106261080746808, 50.746072744508865 ] } },
{ "type": "Feature", "properties": { "Tnr": 55087, "mitRand": 1, "AnzHBbeg": 3, "pHaupt": 1.0, "poHaupt": 0.0, "pQuerus": 0.28, "pFagus": 0.053, "pFraxinus": 0.0, "pCarpinus": 0.0, "pAcer": 0.0, "pTilia": 0.0, "pRobinia": 0.0, "pUlmus": 0.0, "pCastanea": 0.0, "pOtherLH": 0.0, "pBetula": 0.0, "pAlnus": 0.0, "pPopulus": 0.0, "pSalix": 0.0, "pSorbus": 0.0, "pPrunus": 0.0, "pMalus": 0.0, "pPyrus": 0.0, "pOtherLN": 0.0, "pPicea": 0.667, "pPinus": 0.0, "pAbies": 0.0, "pDouglas": 0.0, "pLarix": 0.0, "pOtherNb": 0.0, "pNoEurop": 0.0, "pNoEuropD": 0.0, "pEurop": 1.0, "pDecid": 0.333, "pConifer": 0.667, "pAll": 1.0, "Cell_id": "4332_3070", "EPSG": 31467, "Netz": 8, "Dichte": 8, "Bl": ";16;" }, "geometry": { "type": "Point", "coordinates": [ 10.162934529268689, 50.746006347266785 ] } },
{ "type": "Feature", "properties": { "Tnr": 55089, "mitRand": 1, "AnzHBbeg": 3, "pHaupt": 1.0, "poHaupt": 0.0, "pQuerus": 0.255, "pFagus": 0.078, "pFraxinus": 0.0, "pCarpinus": 0.0, "pAcer": 0.0, "pTilia": 0.0, "pRobinia": 0.0, "pUlmus": 0.0, "pCastanea": 0.0, "pOtherLH": 0.0, "pBetula": 0.0, "pAlnus": 0.0, "pPopulus": 0.0, "pSalix": 0.0, "pSorbus": 0.0, "pPrunus": 0.0, "pMalus": 0.0, "pPyrus": 0.0, "pOtherLN": 0.0, "pPicea": 0.0, "pPinus": 0.333, "pAbies": 0.0, "pDouglas": 0.0, "pLarix": 0.333, "pOtherNb": 0.0, "pNoEurop": 0.0, "pNoEuropD": 0.0, "pEurop": 1.0, "pDecid": 0.333, "pConifer": 0.667, "pAll": 1.0, "Cell_id": "4336_3070", "EPSG": 31467, "Netz": 8, "Dichte": 8, "Bl": ";16;" }, "geometry": { "type": "Point", "coordinates": [ 10.219607327118677, 50.745912405422949 ] } },
{ "type": "Feature", "properties": { "Tnr": 55091, "mitRand": 1, "AnzHBbeg": 4, "pHaupt": 1.0, "poHaupt": 0.0, "pQuerus": 0.052, "pFagus": 0.25, "pFraxinus": 0.0, "pCarpinus": 0.0, "pAcer": 0.0, "pTilia": 0.0, "pRobinia": 0.0, "pUlmus": 0.0, "pCastanea": 0.0, "pOtherLH": 0.0, "pBetula": 0.0, "pAlnus": 0.0, "pPopulus": 0.0, "pSalix": 0.0, "pSorbus": 0.0, "pPrunus": 0.0, "pMalus": 0.0, "pPyrus": 0.0, "pOtherLN": 0.0, "pPicea": 0.27, "pPinus": 0.35, "pAbies": 0.0, "pDouglas": 0.0, "pLarix": 0.078, "pOtherNb": 0.0, "pNoEurop": 0.0, "pNoEuropD": 0.0, "pEurop": 1.0, "pDecid": 0.302, "pConifer": 0.698, "pAll": 1.0, "Cell_id": "4340_3070", "EPSG": 31467, "Netz": 8, "Dichte": 8, "Bl": ";16;" }, "geometry": { "type": "Point", "coordinates": [ 10.276279385538396, 50.745790919704731 ] } },
{ "type": "Feature", "properties": { "Tnr": 55095, "mitRand": 1, "AnzHBbeg": 2, "pHaupt": 1.0, "poHaupt": 0.0, "pQuerus": 0.042, "pFagus": 0.0, "pFraxinus": 0.0, "pCarpinus": 0.056, "pAcer": 0.0, "pTilia": 0.0, "pRobinia": 0.0, "pUlmus": 0.0, "pCastanea": 0.0, "pOtherLH": 0.0, "pBetula": 0.278, "pAlnus": 0.0, "pPopulus": 0.624, "pSalix": 0.0, "pSorbus": 0.0, "pPrunus": 0.0, "pMalus": 0.0, "pPyrus": 0.0, "pOtherLN": 0.0, "pPicea": 0.0, "pPinus": 0.0, "pAbies": 0.0, "pDouglas": 0.0, "pLarix": 0.0, "pOtherNb": 0.0, "pNoEurop": 0.0, "pNoEuropD": 0.0, "pEurop": 1.0, "pDecid": 1.0, "pConifer": 0.0, "pAll": 1.0, "Cell_id": "4348_3070", "EPSG": 31467, "Netz": 8, "Dichte": 8, "Bl": ";16;" }, "geometry": { "type": "Point", "coordinates": [ 10.389620929084485, 50.745465320064831 ] } },
{ "type": "Feature", "properties": { "Tnr": 55097, "mitRand": 1, "AnzHBbeg": 4, "pHaupt": 1.0, "poHaupt": 0.0, "pQuerus": 0.1, "pFagus": 0.037, "pFraxinus": 0.0, "pCarpinus": 0.0, "pAcer": 0.0, "pTilia": 0.0, "pRobinia": 0.0, "pUlmus": 0.0, "pCastanea": 0.0, "pOtherLH": 0.0, "pBetula": 0.215, "pAlnus": 0.0, "pPopulus": 0.0, "pSalix": 0.0, "pSorbus": 0.0, "pPrunus": 0.0, "pMalus": 0.0, "pPyrus": 0.0, "pOtherLN": 0.0, "pPicea": 0.555, "pPinus": 0.093, "pAbies": 0.0, "pDouglas": 0.0, "pLarix": 0.0, "pOtherNb": 0.0, "pNoEurop": 0.0, "pNoEuropD": 0.0, "pEurop": 1.0, "pDecid": 0.352, "pConifer": 0.648, "pAll": 1.0, "Cell_id": "4352_3070", "EPSG": 31467, "Netz": 8, "Dichte": 8, "Bl": ";16;" }, "geometry": { "type": "Point", "coordinates": [ 10.446290236727751, 50.745261208108055 ] } },
{ "type": "Feature", "properties": { "Tnr": 55101, "mitRand": 1, "AnzHBbeg": 4, "pHaupt": 1.0, "poHaupt": 0.0, "pQuerus": 0.0, "pFagus": 0.0, "pFraxinus": 0.0, "pCarpinus": 0.0, "pAcer": 0.0, "pTilia": 0.0, "pRobinia": 0.0, "pUlmus": 0.0, "pCastanea": 0.0, "pOtherLH": 0.0, "pBetula": 0.0, "pAlnus": 0.0, "pPopulus": 0.0, "pSalix": 0.0, "pSorbus": 0.0, "pPrunus": 0.0, "pMalus": 0.0, "pPyrus": 0.0, "pOtherLN": 0.0, "pPicea": 1.0, "pPinus": 0.0, "pAbies": 0.0, "pDouglas": 0.0, "pLarix": 0.0, "pOtherNb": 0.0, "pNoEurop": 0.0, "pNoEuropD": 0.0, "pEurop": 1.0, "pDecid": 0.0, "pConifer": 1.0, "pAll": 1.0, "Cell_id": "4360_3070", "EPSG": 31468, "Netz": 8, "Dichte": 8, "Bl": ";16;" }, "geometry": { "type": "Point", "coordinates": [ 10.559625181364227, 50.744761379680959 ] } },
{ "type": "Feature", "properties": { "Tnr": 55103, "mitRand": 1, "AnzHBbeg": 4, "pHaupt": 1.0, "poHaupt": 0.0, "pQuerus": 0.0, "pFagus": 0.0, "pFraxinus": 0.0, "pCarpinus": 0.0, "pAcer": 0.0, "pTilia": 0.0, "pRobinia": 0.0, "pUlmus": 0.0, "pCastanea": 0.0, "pOtherLH": 0.0, "pBetula": 0.0, "pAlnus": 0.0, "pPopulus": 0.0, "pSalix": 0.0, "pSorbus": 0.0, "pPrunus": 0.0, "pMalus": 0.0, "pPyrus": 0.0, "pOtherLN": 0.0, "pPicea": 1.0, "pPinus": 0.0, "pAbies": 0.0, "pDouglas": 0.0, "pLarix": 0.0, "pOtherNb": 0.0, "pNoEurop": 0.0, "pNoEuropD": 0.0, "pEurop": 1.0, "pDecid": 0.0, "pConifer": 1.0, "pAll": 1.0, "Cell_id": "4364_3070", "EPSG": 31468, "Netz": 8, "Dichte": 8, "Bl": ";16;" }, "geometry": { "type": "Point", "coordinates": [ 10.61629092883252, 50.744474651951201 ] } },
{ "type": "Feature", "properties": { "Tnr": 55105, "mitRand": 1, "AnzHBbeg": 4, "pHaupt": 1.0, "poHaupt": 0.0, "pQuerus": 0.0, "pFagus": 0.0, "pFraxinus": 0.0, "pCarpinus": 0.0, "pAcer": 0.0, "pTilia": 0.0, "pRobinia": 0.0, "pUlmus": 0.0, "pCastanea": 0.0, "pOtherLH": 0.0, "pBetula": 0.0, "pAlnus": 0.0, "pPopulus": 0.0, "pSalix": 0.0, "pSorbus": 0.0, "pPrunus": 0.0, "pMalus": 0.0, "pPyrus": 0.0, "pOtherLN": 0.0, "pPicea": 1.0, "pPinus": 0.0, "pAbies": 0.0, "pDouglas": 0.0, "pLarix": 0.0, "pOtherNb": 0.0, "pNoEurop": 0.0, "pNoEuropD": 0.0, "pEurop": 1.0, "pDecid": 0.0, "pConifer": 1.0, "pAll": 1.0, "Cell_id": "4368_3070", "EPSG": 31468, "Netz": 8, "Dichte": 8, "Bl": ";16;" }, "geometry": { "type": "Point", "coordinates": [ 10.67295531578098, 50.744160388304003 ] } },
{ "type": "Feature", "properties": { "Tnr": 55107, "mitRand": 1, "AnzHBbeg": 4, "pHaupt": 1.0, "poHaupt": 0.0, "pQuerus": 0.0, "pFagus": 0.0, "pFraxinus": 0.0, "pCarpinus": 0.0, "pAcer": 0.0, "pTilia": 0.0, "pRobinia": 0.0, "pUlmus": 0.0, "pCastanea": 0.0, "pOtherLH": 0.0, "pBetula": 0.0, "pAlnus": 0.0, "pPopulus": 0.0, "pSalix": 0.0, "pSorbus": 0.0, "pPrunus": 0.0, "pMalus": 0.0, "pPyrus": 0.0, "pOtherLN": 0.0, "pPicea": 1.0, "pPinus": 0.0, "pAbies": 0.0, "pDouglas": 0.0, "pLarix": 0.0, "pOtherNb": 0.0, "pNoEurop": 0.0, "pNoEuropD": 0.0, "pEurop": 1.0, "pDecid": 0.0, "pConifer": 1.0, "pAll": 1.0, "Cell_id": "4372_3070", "EPSG": 31468, "Netz": 8, "Dichte": 8, "Bl": ";16;" }, "geometry": { "type": "Point", "coordinates": [ 10.729618253524075, 50.743818590282707 ] } },
{ "type": "Feature", "properties": { "Tnr": 55109, "mitRand": 1, "AnzHBbeg": 3, "pHaupt": 1.0, "poHaupt": 0.0, "pQuerus": 0.0, "pFagus": 0.167, "pFraxinus": 0.0, "pCarpinus": 0.0, "pAcer": 0.0, "pTilia": 0.0, "pRobinia": 0.0, "pUlmus": 0.0, "pCastanea": 0.0, "pOtherLH": 0.0, "pBetula": 0.0, "pAlnus": 0.0, "pPopulus": 0.0, "pSalix": 0.0, "pSorbus": 0.0, "pPrunus": 0.0, "pMalus": 0.0, "pPyrus": 0.0, "pOtherLN": 0.0, "pPicea": 0.48, "pPinus": 0.354, "pAbies": 0.0, "pDouglas": 0.0, "pLarix": 0.0, "pOtherNb": 0.0, "pNoEurop": 0.0, "pNoEuropD": 0.0, "pEurop": 1.0, "pDecid": 0.167, "pConifer": 0.833, "pAll": 1.0, "Cell_id": "4376_3070", "EPSG": 31468, "Netz": 8, "Dichte": 8, "Bl": ";16;" }, "geometry": { "type": "Point", "coordinates": [ 10.786279311278374, 50.743440274653061 ] } },
{ "type": "Feature", "properties": { "Tnr": 55111, "mitRand": 1, "AnzHBbeg": 4, "pHaupt": 0.75, "poHaupt": 0.25, "pQuerus": 0.0, "pFagus": 0.139, "pFraxinus": 0.0, "pCarpinus": 0.0, "pAcer": 0.073, "pTilia": 0.0, "pRobinia": 0.0, "pUlmus": 0.0, "pCastanea": 0.0, "pOtherLH": 0.0, "pBetula": 0.0, "pAlnus": 0.0, "pPopulus": 0.0, "pSalix": 0.0, "pSorbus": 0.017, "pPrunus": 0.0, "pMalus": 0.0, "pPyrus": 0.0, "pOtherLN": 0.0, "pPicea": 0.107, "pPinus": 0.328, "pAbies": 0.019, "pDouglas": 0.067, "pLarix": 0.0, "pOtherNb": 0.0, "pNoEurop": 0.067, "pNoEuropD": 0.0, "pEurop": 0.683, "pDecid": 0.229, "pConifer": 0.521, "pAll": 0.75, "Cell_id": "4380_3071", "EPSG": 31468, "Netz": 8, "Dichte": 8, "Bl": ";16;" }, "geometry": { "type": "Point", "coordinates": [ 10.843107998211131, 50.752030915724511 ] } },
{ "type": "Feature", "properties": { "Tnr": 55115, "mitRand": 1, "AnzHBbeg": 2, "pHaupt": 1.0, "poHaupt": 0.0, "pQuerus": 0.297, "pFagus": 0.0, "pFraxinus": 0.0, "pCarpinus": 0.0, "pAcer": 0.259, "pTilia": 0.0, "pRobinia": 0.0, "pUlmus": 0.0, "pCastanea": 0.0, "pOtherLH": 0.0, "pBetula": 0.0, "pAlnus": 0.032, "pPopulus": 0.0, "pSalix": 0.0, "pSorbus": 0.195, "pPrunus": 0.0, "pMalus": 0.0, "pPyrus": 0.0, "pOtherLN": 0.0, "pPicea": 0.217, "pPinus": 0.0, "pAbies": 0.0, "pDouglas": 0.0, "pLarix": 0.0, "pOtherNb": 0.0, "pNoEurop": 0.0, "pNoEuropD": 0.0, "pEurop": 1.0, "pDecid": 0.783, "pConifer": 0.217, "pAll": 1.0, "Cell_id": "4388_3071", "EPSG": 31468, "Netz": 8, "Dichte": 8, "Bl": ";16;" }, "geometry": { "type": "Point", "coordinates": [ 10.956457768988553, 50.751144975550091 ] } },
{ "type": "Feature", "properties": { "Tnr": 55125, "mitRand": 1, "AnzHBbeg": 1, "pHaupt": 1.0, "poHaupt": 0.0, "pQuerus": 1.0, "pFagus": 0.0, "pFraxinus": 0.0, "pCarpinus": 0.0, "pAcer": 0.0, "pTilia": 0.0, "pRobinia": 0.0, "pUlmus": 0.0, "pCastanea": 0.0, "pOtherLH": 0.0, "pBetula": 0.0, "pAlnus": 0.0, "pPopulus": 0.0, "pSalix": 0.0, "pSorbus": 0.0, "pPrunus": 0.0, "pMalus": 0.0, "pPyrus": 0.0, "pOtherLN": 0.0, "pPicea": 0.0, "pPinus": 0.0, "pAbies": 0.0, "pDouglas": 0.0, "pLarix": 0.0, "pOtherNb": 0.0, "pNoEurop": 0.0, "pNoEuropD": 0.0, "pEurop": 1.0, "pDecid": 1.0, "pConifer": 0.0, "pAll": 1.0, "Cell_id": "4408_3071", "EPSG": 31468, "Netz": 8, "Dichte": 8, "Bl": ";16;" }, "geometry": { "type": "Point", "coordinates": [ 11.239804599158294, 50.748452562303214 ] } },
{ "type": "Feature", "properties": { "Tnr": 55131, "mitRand": 0, "AnzHBbeg": 1, "pHaupt": 1.0, "poHaupt": 0.0, "pQuerus": 0.0, "pFagus": 0.203, "pFraxinus": 0.0, "pCarpinus": 0.0, "pAcer": 0.552, "pTilia": 0.0, "pRobinia": 0.0, "pUlmus": 0.245, "pCastanea": 0.0, "pOtherLH": 0.0, "pBetula": 0.0, "pAlnus": 0.0, "pPopulus": 0.0, "pSalix": 0.0, "pSorbus": 0.0, "pPrunus": 0.0, "pMalus": 0.0, "pPyrus": 0.0, "pOtherLN": 0.0, "pPicea": 0.0, "pPinus": 0.0, "pAbies": 0.0, "pDouglas": 0.0, "pLarix": 0.0, "pOtherNb": 0.0, "pNoEurop": 0.0, "pNoEuropD": 0.0, "pEurop": 1.0, "pDecid": 1.0, "pConifer": 0.0, "pAll": 1.0, "Cell_id": "4420_3072", "EPSG": 31468, "Netz": 8, "Dichte": 8, "Bl": ";16;" }, "geometry": { "type": "Point", "coordinates": [ 11.410079391482011, 50.755484285450216 ] } },
{ "type": "Feature", "properties": { "Tnr": 55133, "mitRand": 0, "AnzHBbeg": 4, "pHaupt": 1.0, "poHaupt": 0.0, "pQuerus": 0.0, "pFagus": 0.0, "pFraxinus": 0.0, "pCarpinus": 0.0, "pAcer": 0.0, "pTilia": 0.0, "pRobinia": 0.0, "pUlmus": 0.0, "pCastanea": 0.0, "pOtherLH": 0.0, "pBetula": 0.0, "pAlnus": 0.0, "pPopulus": 0.0, "pSalix": 0.0, "pSorbus": 0.0, "pPrunus": 0.0, "pMalus": 0.0, "pPyrus": 0.0, "pOtherLN": 0.0, "pPicea": 0.378, "pPinus": 0.622, "pAbies": 0.0, "pDouglas": 0.0, "pLarix": 0.0, "pOtherNb": 0.0, "pNoEurop": 0.0, "pNoEuropD": 0.0, "pEurop": 1.0, "pDecid": 0.0, "pConifer": 1.0, "pAll": 1.0, "Cell_id": "4424_3072", "EPSG": 31468, "Netz": 8, "Dichte": 8, "Bl": ";16;" }, "geometry": { "type": "Point", "coordinates": [ 11.466751185798497, 50.754783805406639 ] } },
{ "type": "Feature", "properties": { "Tnr": 55135, "mitRand": 1, "AnzHBbeg": 2, "pHaupt": 1.0, "poHaupt": 0.0, "pQuerus": 0.218, "pFagus": 0.09, "pFraxinus": 0.0, "pCarpinus": 0.0, "pAcer": 0.0, "pTilia": 0.0, "pRobinia": 0.0, "pUlmus": 0.0, "pCastanea": 0.0, "pOtherLH": 0.0, "pBetula": 0.0, "pAlnus": 0.0, "pPopulus": 0.488, "pSalix": 0.0, "pSorbus": 0.0, "pPrunus": 0.0, "pMalus": 0.0, "pPyrus": 0.0, "pOtherLN": 0.0, "pPicea": 0.0, "pPinus": 0.204, "pAbies": 0.0, "pDouglas": 0.0, "pLarix": 0.0, "pOtherNb": 0.0, "pNoEurop": 0.0, "pNoEuropD": 0.0, "pEurop": 1.0, "pDecid": 0.796, "pConifer": 0.204, "pAll": 1.0, "Cell_id": "4428_3072", "EPSG": 31468, "Netz": 8, "Dichte": 8, "Bl": ";16;" }, "geometry": { "type": "Point", "coordinates": [ 11.523419802544836, 50.754046811609747 ] } },
{ "type": "Feature", "properties": { "Tnr": 55137, "mitRand": 1, "AnzHBbeg": 3, "pHaupt": 1.0, "poHaupt": 0.0, "pQuerus": 0.004, "pFagus": 0.011, "pFraxinus": 0.0, "pCarpinus": 0.0, "pAcer": 0.184, "pTilia": 0.0, "pRobinia": 0.0, "pUlmus": 0.0, "pCastanea": 0.0, "pOtherLH": 0.0, "pBetula": 0.0, "pAlnus": 0.0, "pPopulus": 0.0, "pSalix": 0.0, "pSorbus": 0.149, "pPrunus": 0.0, "pMalus": 0.0, "pPyrus": 0.0, "pOtherLN": 0.0, "pPicea": 0.652, "pPinus": 0.0, "pAbies": 0.0, "pDouglas": 0.0, "pLarix": 0.0, "pOtherNb": 0.0, "pNoEurop": 0.0, "pNoEuropD": 0.0, "pEurop": 1.0, "pDecid": 0.348, "pConifer": 0.652, "pAll": 1.0, "Cell_id": "4432_3072", "EPSG": 31468, "Netz": 8, "Dichte": 8, "Bl": ";16;" }, "geometry": { "type": "Point", "coordinates": [ 11.580085614810873, 50.753282288434448 ] } },
{ "type": "Feature", "properties": { "Tnr": 55139, "mitRand": 1, "AnzHBbeg": 3, "pHaupt": 1.0, "poHaupt": 0.0, "pQuerus": 0.333, "pFagus": 0.055, "pFraxinus": 0.0, "pCarpinus": 0.0, "pAcer": 0.0, "pTilia": 0.0, "pRobinia": 0.0, "pUlmus": 0.0, "pCastanea": 0.0, "pOtherLH": 0.0, "pBetula": 0.0, "pAlnus": 0.0, "pPopulus": 0.0, "pSalix": 0.0, "pSorbus": 0.0, "pPrunus": 0.0, "pMalus": 0.0, "pPyrus": 0.0, "pOtherLN": 0.0, "pPicea": 0.562, "pPinus": 0.05, "pAbies": 0.0, "pDouglas": 0.0, "pLarix": 0.0, "pOtherNb": 0.0, "pNoEurop": 0.0, "pNoEuropD": 0.0, "pEurop": 1.0, "pDecid": 0.388, "pConifer": 0.612, "pAll": 1.0, "Cell_id": "4436_3072", "EPSG": 31468, "Netz": 8, "Dichte": 8, "Bl": ";16;" }, "geometry": { "type": "Point", "coordinates": [ 11.636762689177553, 50.752489918730092 ] } },
{ "type": "Feature", "properties": { "Tnr": 55147, "mitRand": 1, "AnzHBbeg": 1, "pHaupt": 1.0, "poHaupt": 0.0, "pQuerus": 0.0, "pFagus": 0.0, "pFraxinus": 0.0, "pCarpinus": 0.0, "pAcer": 0.0, "pTilia": 0.0, "pRobinia": 0.0, "pUlmus": 0.0, "pCastanea": 0.0, "pOtherLH": 0.0, "pBetula": 0.0, "pAlnus": 0.0, "pPopulus": 0.0, "pSalix": 0.0, "pSorbus": 0.0, "pPrunus": 0.0, "pMalus": 0.0, "pPyrus": 0.0, "pOtherLN": 0.0, "pPicea": 0.0, "pPinus": 1.0, "pAbies": 0.0, "pDouglas": 0.0, "pLarix": 0.0, "pOtherNb": 0.0, "pNoEurop": 0.0, "pNoEuropD": 0.0, "pEurop": 1.0, "pDecid": 0.0, "pConifer": 1.0, "pAll": 1.0, "Cell_id": "4452_3073", "EPSG": 31468, "Netz": 8, "Dichte": 8, "Bl": ";16;" }, "geometry": { "type": "Point", "coordinates": [ 11.863762780358424, 50.758037649861151 ] } },
{ "type": "Feature", "properties": { "Tnr": 55153, "mitRand": 1, "AnzHBbeg": 4, "pHaupt": 1.0, "poHaupt": 0.0, "pQuerus": 0.409, "pFagus": 0.0, "pFraxinus": 0.0, "pCarpinus": 0.0, "pAcer": 0.0, "pTilia": 0.0, "pRobinia": 0.0, "pUlmus": 0.0, "pCastanea": 0.0, "pOtherLH": 0.0, "pBetula": 0.091, "pAlnus": 0.0, "pPopulus": 0.0, "pSalix": 0.0, "pSorbus": 0.0, "pPrunus": 0.0, "pMalus": 0.0, "pPyrus": 0.0, "pOtherLN": 0.0, "pPicea": 0.362, "pPinus": 0.104, "pAbies": 0.0, "pDouglas": 0.0, "pLarix": 0.034, "pOtherNb": 0.0, "pNoEurop": 0.0, "pNoEuropD": 0.0, "pEurop": 1.0, "pDecid": 0.5, "pConifer": 0.5, "pAll": 1.0, "Cell_id": "4464_3073", "EPSG": 31468, "Netz": 8, "Dichte": 8, "Bl": ";16;" }, "geometry": { "type": "Point", "coordinates": [ 12.033769350171337, 50.755172980797362 ] } },
{ "type": "Feature", "properties": { "Tnr": 55155, "mitRand": 1, "AnzHBbeg": 3, "pHaupt": 0.333, "poHaupt": 0.667, "pQuerus": 0.0, "pFagus": 0.0, "pFraxinus": 0.0, "pCarpinus": 0.0, "pAcer": 0.057, "pTilia": 0.0, "pRobinia": 0.0, "pUlmus": 0.0, "pCastanea": 0.0, "pOtherLH": 0.0, "pBetula": 0.0, "pAlnus": 0.0, "pPopulus": 0.0, "pSalix": 0.0, "pSorbus": 0.0, "pPrunus": 0.0, "pMalus": 0.0, "pPyrus": 0.0, "pOtherLN": 0.0, "pPicea": 0.276, "pPinus": 0.0, "pAbies": 0.0, "pDouglas": 0.0, "pLarix": 0.0, "pOtherNb": 0.0, "pNoEurop": 0.0, "pNoEuropD": 0.0, "pEurop": 0.333, "pDecid": 0.057, "pConifer": 0.276, "pAll": 0.333, "Cell_id": "4468_3073", "EPSG": 31468, "Netz": 8, "Dichte": 8, "Bl": ";16;" }, "geometry": { "type": "Point", "coordinates": [ 12.090430932092794, 50.754160054395818 ] } },
{ "type": "Feature", "properties": { "Tnr": 55157, "mitRand": 1, "AnzHBbeg": 1, "pHaupt": 1.0, "poHaupt": 0.0, "pQuerus": 0.768, "pFagus": 0.07, "pFraxinus": 0.0, "pCarpinus": 0.0, "pAcer": 0.067, "pTilia": 0.095, "pRobinia": 0.0, "pUlmus": 0.0, "pCastanea": 0.0, "pOtherLH": 0.0, "pBetula": 0.0, "pAlnus": 0.0, "pPopulus": 0.0, "pSalix": 0.0, "pSorbus": 0.0, "pPrunus": 0.0, "pMalus": 0.0, "pPyrus": 0.0, "pOtherLN": 0.0, "pPicea": 0.0, "pPinus": 0.0, "pAbies": 0.0, "pDouglas": 0.0, "pLarix": 0.0, "pOtherNb": 0.0, "pNoEurop": 0.0, "pNoEuropD": 0.0, "pEurop": 1.0, "pDecid": 1.0, "pConifer": 0.0, "pAll": 1.0, "Cell_id": "4472_3073", "EPSG": 31468, "Netz": 8, "Dichte": 8, "Bl": ";16;" }, "geometry": { "type": "Point", "coordinates": [ 12.147088820735734, 50.753119612757459 ] } },
{ "type": "Feature", "properties": { "Tnr": 55223, "mitRand": 0, "AnzHBbeg": 2, "pHaupt": 1.0, "poHaupt": 0.0, "pQuerus": 0.0, "pFagus": 0.0, "pFraxinus": 0.5, "pCarpinus": 0.0, "pAcer": 0.14, "pTilia": 0.0, "pRobinia": 0.0, "pUlmus": 0.0, "pCastanea": 0.0, "pOtherLH": 0.0, "pBetula": 0.0, "pAlnus": 0.0, "pPopulus": 0.0, "pSalix": 0.0, "pSorbus": 0.0, "pPrunus": 0.0, "pMalus": 0.0, "pPyrus": 0.0, "pOtherLN": 0.0, "pPicea": 0.0, "pPinus": 0.36, "pAbies": 0.0, "pDouglas": 0.0, "pLarix": 0.0, "pOtherNb": 0.0, "pNoEurop": 0.0, "pNoEuropD": 0.0, "pEurop": 1.0, "pDecid": 0.64, "pConifer": 0.36, "pAll": 1.0, "Cell_id": "4322_3068", "EPSG": 31467, "Netz": 64, "Dichte": 8, "Bl": ";16;" }, "geometry": { "type": "Point", "coordinates": [ 10.021255186176603, 50.728141547451258 ] } },
{ "type": "Feature", "properties": { "Tnr": 55225, "mitRand": 1, "AnzHBbeg": 3, "pHaupt": 1.0, "poHaupt": 0.0, "pQuerus": 0.0, "pFagus": 0.662, "pFraxinus": 0.0, "pCarpinus": 0.0, "pAcer": 0.053, "pTilia": 0.0, "pRobinia": 0.0, "pUlmus": 0.0, "pCastanea": 0.0, "pOtherLH": 0.0, "pBetula": 0.0, "pAlnus": 0.0, "pPopulus": 0.0, "pSalix": 0.0, "pSorbus": 0.0, "pPrunus": 0.0, "pMalus": 0.0, "pPyrus": 0.0, "pOtherLN": 0.0, "pPicea": 0.285, "pPinus": 0.0, "pAbies": 0.0, "pDouglas": 0.0, "pLarix": 0.0, "pOtherNb": 0.0, "pNoEurop": 0.0, "pNoEuropD": 0.0, "pEurop": 1.0, "pDecid": 0.715, "pConifer": 0.285, "pAll": 1.0, "Cell_id": "4326_3068", "EPSG": 31467, "Netz": 16, "Dichte": 8, "Bl": ";16;" }, "geometry": { "type": "Point", "coordinates": [ 10.077893586969527, 50.728116732790461 ] } },
{ "type": "Feature", "properties": { "Tnr": 55231, "mitRand": 1, "AnzHBbeg": 4, "pHaupt": 1.0, "poHaupt": 0.0, "pQuerus": 0.0, "pFagus": 0.025, "pFraxinus": 0.0, "pCarpinus": 0.0, "pAcer": 0.0, "pTilia": 0.0, "pRobinia": 0.0, "pUlmus": 0.0, "pCastanea": 0.0, "pOtherLH": 0.0, "pBetula": 0.142, "pAlnus": 0.0, "pPopulus": 0.0, "pSalix": 0.0, "pSorbus": 0.0, "pPrunus": 0.0, "pMalus": 0.0, "pPyrus": 0.0, "pOtherLN": 0.0, "pPicea": 0.215, "pPinus": 0.235, "pAbies": 0.0, "pDouglas": 0.0, "pLarix": 0.384, "pOtherNb": 0.0, "pNoEurop": 0.0, "pNoEuropD": 0.0, "pEurop": 1.0, "pDecid": 0.167, "pConifer": 0.833, "pAll": 1.0, "Cell_id": "4338_3068", "EPSG": 31467, "Netz": 64, "Dichte": 8, "Bl": ";16;" }, "geometry": { "type": "Point", "coordinates": [ 10.24784781408507, 50.727876750918846 ] } },
{ "type": "Feature", "properties": { "Tnr": 55233, "mitRand": 1, "AnzHBbeg": 3, "pHaupt": 1.0, "poHaupt": 0.0, "pQuerus": 0.0, "pFagus": 0.111, "pFraxinus": 0.0, "pCarpinus": 0.0, "pAcer": 0.0, "pTilia": 0.0, "pRobinia": 0.0, "pUlmus": 0.0, "pCastanea": 0.0, "pOtherLH": 0.0, "pBetula": 0.0, "pAlnus": 0.0, "pPopulus": 0.0, "pSalix": 0.0, "pSorbus": 0.0, "pPrunus": 0.0, "pMalus": 0.0, "pPyrus": 0.0, "pOtherLN": 0.0, "pPicea": 0.222, "pPinus": 0.667, "pAbies": 0.0, "pDouglas": 0.0, "pLarix": 0.0, "pOtherNb": 0.0, "pNoEurop": 0.0, "pNoEuropD": 0.0, "pEurop": 1.0, "pDecid": 0.111, "pConifer": 0.889, "pAll": 1.0, "Cell_id": "4342_3068", "EPSG": 31467, "Netz": 16, "Dichte": 8, "Bl": ";16;" }, "geometry": { "type": "Point", "coordinates": [ 10.30449777533852, 50.727741704047389 ] } },
{ "type": "Feature", "properties": { "Tnr": 55237, "mitRand": 1, "AnzHBbeg": 3, "pHaupt": 1.0, "poHaupt": 0.0, "pQuerus": 0.125, "pFagus": 0.231, "pFraxinus": 0.0, "pCarpinus": 0.115, "pAcer": 0.0, "pTilia": 0.0, "pRobinia": 0.0, "pUlmus": 0.0, "pCastanea": 0.0, "pOtherLH": 0.0, "pBetula": 0.0, "pAlnus": 0.0, "pPopulus": 0.0, "pSalix": 0.0, "pSorbus": 0.0, "pPrunus": 0.0, "pMalus": 0.0, "pPyrus": 0.0, "pOtherLN": 0.0, "pPicea": 0.245, "pPinus": 0.285, "pAbies": 0.0, "pDouglas": 0.0, "pLarix": 0.0, "pOtherNb": 0.0, "pNoEurop": 0.0, "pNoEuropD": 0.0, "pEurop": 1.0, "pDecid": 0.47, "pConifer": 0.53, "pAll": 1.0, "Cell_id": "4350_3068", "EPSG": 31467, "Netz": 16, "Dichte": 8, "Bl": ";16;" }, "geometry": { "type": "Point", "coordinates": [ 10.417794994378196, 50.727389036056373 ] } },
{ "type": "Feature", "properties": { "Tnr": 55241, "mitRand": 0, "AnzHBbeg": 1, "pHaupt": 1.0, "poHaupt": 0.0, "pQuerus": 0.0, "pFagus": 0.0, "pFraxinus": 0.0, "pCarpinus": 0.0, "pAcer": 0.0, "pTilia": 0.0, "pRobinia": 0.0, "pUlmus": 0.0, "pCastanea": 0.0, "pOtherLH": 0.0, "pBetula": 0.299, "pAlnus": 0.0, "pPopulus": 0.0, "pSalix": 0.0, "pSorbus": 0.0, "pPrunus": 0.0, "pMalus": 0.0, "pPyrus": 0.0, "pOtherLN": 0.0, "pPicea": 0.701, "pPinus": 0.0, "pAbies": 0.0, "pDouglas": 0.0, "pLarix": 0.0, "pOtherNb": 0.0, "pNoEurop": 0.0, "pNoEuropD": 0.0, "pEurop": 1.0, "pDecid": 0.299, "pConifer": 0.701, "pAll": 1.0, "Cell_id": "4358_3068", "EPSG": 31468, "Netz": 64, "Dichte": 8, "Bl": ";16;" }, "geometry": { "type": "Point", "coordinates": [ 10.531087724919569, 50.72691729005308 ] } },
{ "type": "Feature", "properties": { "Tnr": 55243, "mitRand": 1, "AnzHBbeg": 4, "pHaupt": 1.0, "poHaupt": 0.0, "pQuerus": 0.0, "pFagus": 0.0, "pFraxinus": 0.0, "pCarpinus": 0.0, "pAcer": 0.0, "pTilia": 0.0, "pRobinia": 0.0, "pUlmus": 0.0, "pCastanea": 0.0, "pOtherLH": 0.0, "pBetula": 0.0, "pAlnus": 0.0, "pPopulus": 0.0, "pSalix": 0.0, "pSorbus": 0.0, "pPrunus": 0.0, "pMalus": 0.0, "pPyrus": 0.0, "pOtherLN": 0.0, "pPicea": 1.0, "pPinus": 0.0, "pAbies": 0.0, "pDouglas": 0.0, "pLarix": 0.0, "pOtherNb": 0.0, "pNoEurop": 0.0, "pNoEuropD": 0.0, "pEurop": 1.0, "pDecid": 0.0, "pConifer": 1.0, "pAll": 1.0, "Cell_id": "4362_3068", "EPSG": 31468, "Netz": 16, "Dichte": 8, "Bl": ";16;" }, "geometry": { "type": "Point", "coordinates": [ 10.587732431124504, 50.726644628872521 ] } },
{ "type": "Feature", "properties": { "Tnr": 55245, "mitRand": 1, "AnzHBbeg": 4, "pHaupt": 1.0, "poHaupt": 0.0, "pQuerus": 0.0, "pFagus": 0.0, "pFraxinus": 0.0, "pCarpinus": 0.0, "pAcer": 0.0, "pTilia": 0.0, "pRobinia": 0.0, "pUlmus": 0.0, "pCastanea": 0.0, "pOtherLH": 0.0, "pBetula": 0.0, "pAlnus": 0.0, "pPopulus": 0.0, "pSalix": 0.0, "pSorbus": 0.106, "pPrunus": 0.0, "pMalus": 0.0, "pPyrus": 0.0, "pOtherLN": 0.0, "pPicea": 0.894, "pPinus": 0.0, "pAbies": 0.0, "pDouglas": 0.0, "pLarix": 0.0, "pOtherNb": 0.0, "pNoEurop": 0.0, "pNoEuropD": 0.0, "pEurop": 1.0, "pDecid": 0.106, "pConifer": 0.894, "pAll": 1.0, "Cell_id": "4366_3068", "EPSG": 31468, "Netz": 64, "Dichte": 8, "Bl": ";16;" }, "geometry": { "type": "Point", "coordinates": [ 10.644375822692201, 50.726344448549241 ] } },
{ "type": "Feature", "properties": { "Tnr": 55247, "mitRand": 0, "AnzHBbeg": 4, "pHaupt": 1.0, "poHaupt": 0.0, "pQuerus": 0.0, "pFagus": 0.0, "pFraxinus": 0.0, "pCarpinus": 0.0, "pAcer": 0.0, "pTilia": 0.0, "pRobinia": 0.0, "pUlmus": 0.0, "pCastanea": 0.0, "pOtherLH": 0.0, "pBetula": 0.064, "pAlnus": 0.0, "pPopulus": 0.0, "pSalix": 0.0, "pSorbus": 0.0, "pPrunus": 0.0, "pMalus": 0.0, "pPyrus": 0.0, "pOtherLN": 0.0, "pPicea": 0.936, "pPinus": 0.0, "pAbies": 0.0, "pDouglas": 0.0, "pLarix": 0.0, "pOtherNb": 0.0, "pNoEurop": 0.0, "pNoEuropD": 0.0, "pEurop": 1.0, "pDecid": 0.064, "pConifer": 0.936, "pAll": 1.0, "Cell_id": "4370_3068", "EPSG": 31468, "Netz": 16, "Dichte": 8, "Bl": ";16;" }, "geometry": { "type": "Point", "coordinates": [ 10.701017811049612, 50.726016750573876 ] } },
{ "type": "Feature", "properties": { "Tnr": 55249, "mitRand": 1, "AnzHBbeg": 3, "pHaupt": 1.0, "poHaupt": 0.0, "pQuerus": 0.0, "pFagus": 0.0, "pFraxinus": 0.0, "pCarpinus": 0.0, "pAcer": 0.0, "pTilia": 0.0, "pRobinia": 0.0, "pUlmus": 0.0, "pCastanea": 0.0, "pOtherLH": 0.0, "pBetula": 0.0, "pAlnus": 0.0, "pPopulus": 0.0, "pSalix": 0.0, "pSorbus": 0.0, "pPrunus": 0.0, "pMalus": 0.0, "pPyrus": 0.0, "pOtherLN": 0.0, "pPicea": 0.854, "pPinus": 0.0, "pAbies": 0.0, "pDouglas": 0.0, "pLarix": 0.146, "pOtherNb": 0.0, "pNoEurop": 0.0, "pNoEuropD": 0.0, "pEurop": 1.0, "pDecid": 0.0, "pConifer": 1.0, "pAll": 1.0, "Cell_id": "4374_3068", "EPSG": 31468, "Netz": 64, "Dichte": 8, "Bl": ";16;" }, "geometry": { "type": "Point", "coordinates": [ 10.757657971215645, 50.725652551492594 ] } },
{ "type": "Feature", "properties": { "Tnr": 55251, "mitRand": 1, "AnzHBbeg": 3, "pHaupt": 1.0, "poHaupt": 0.0, "pQuerus": 0.0, "pFagus": 0.0, "pFraxinus": 0.0, "pCarpinus": 0.0, "pAcer": 0.0, "pTilia": 0.0, "pRobinia": 0.0, "pUlmus": 0.0, "pCastanea": 0.0, "pOtherLH": 0.0, "pBetula": 0.0, "pAlnus": 0.0, "pPopulus": 0.0, "pSalix": 0.0, "pSorbus": 0.0, "pPrunus": 0.0, "pMalus": 0.0, "pPyrus": 0.0, "pOtherLN": 0.0, "pPicea": 0.015, "pPinus": 0.935, "pAbies": 0.0, "pDouglas": 0.0, "pLarix": 0.05, "pOtherNb": 0.0, "pNoEurop": 0.0, "pNoEuropD": 0.0, "pEurop": 1.0, "pDecid": 0.0, "pConifer": 1.0, "pAll": 1.0, "Cell_id": "4378_3069", "EPSG": 31468, "Netz": 16, "Dichte": 8, "Bl": ";16;" }, "geometry": { "type": "Point", "coordinates": [ 10.814460165606613, 50.73425745106438 ] } },
{ "type": "Feature", "properties": { "Tnr": 55253, "mitRand": 1, "AnzHBbeg": 4, "pHaupt": 1.0, "poHaupt": 0.0, "pQuerus": 0.0, "pFagus": 0.098, "pFraxinus": 0.0, "pCarpinus": 0.0, "pAcer": 0.0, "pTilia": 0.0, "pRobinia": 0.0, "pUlmus": 0.0, "pCastanea": 0.0, "pOtherLH": 0.0, "pBetula": 0.0, "pAlnus": 0.0, "pPopulus": 0.0, "pSalix": 0.0, "pSorbus": 0.0, "pPrunus": 0.0, "pMalus": 0.0, "pPyrus": 0.0, "pOtherLN": 0.0, "pPicea": 0.468, "pPinus": 0.312, "pAbies": 0.0, "pDouglas": 0.0, "pLarix": 0.122, "pOtherNb": 0.0, "pNoEurop": 0.0, "pNoEuropD": 0.0, "pEurop": 1.0, "pDecid": 0.098, "pConifer": 0.902, "pAll": 1.0, "Cell_id": "4382_3069", "EPSG": 31468, "Netz": 64, "Dichte": 8, "Bl": ";16;" }, "geometry": { "type": "Point", "coordinates": [ 10.871108238837699, 50.733847014183688 ] } },
{ "type": "Feature", "properties": { "Tnr": 55257, "mitRand": 1, "AnzHBbeg": 2, "pHaupt": 1.0, "poHaupt": 0.0, "pQuerus": 0.0, "pFagus": 0.0, "pFraxinus": 0.0, "pCarpinus": 0.0, "pAcer": 0.0, "pTilia": 0.0, "pRobinia": 0.0, "pUlmus": 0.0, "pCastanea": 0.0, "pOtherLH": 0.0, "pBetula": 0.0, "pAlnus": 0.0, "pPopulus": 0.0, "pSalix": 0.0, "pSorbus": 0.0, "pPrunus": 0.0, "pMalus": 0.0, "pPyrus": 0.0, "pOtherLN": 0.0, "pPicea": 0.272, "pPinus": 0.728, "pAbies": 0.0, "pDouglas": 0.0, "pLarix": 0.0, "pOtherNb": 0.0, "pNoEurop": 0.0, "pNoEuropD": 0.0, "pEurop": 1.0, "pDecid": 0.0, "pConifer": 1.0, "pAll": 1.0, "Cell_id": "4390_3069", "EPSG": 31468, "Netz": 64, "Dichte": 8, "Bl": ";16;" }, "geometry": { "type": "Point", "coordinates": [ 10.984412797280942, 50.732934359229951 ] } },
{ "type": "Feature", "properties": { "Tnr": 55261, "mitRand": 1, "AnzHBbeg": 4, "pHaupt": 1.0, "poHaupt": 0.0, "pQuerus": 0.0, "pFagus": 0.0, "pFraxinus": 0.0, "pCarpinus": 0.0, "pAcer": 0.0, "pTilia": 0.0, "pRobinia": 0.0, "pUlmus": 0.0, "pCastanea": 0.0, "pOtherLH": 0.0, "pBetula": 0.0, "pAlnus": 0.0, "pPopulus": 0.0, "pSalix": 0.0, "pSorbus": 0.0, "pPrunus": 0.0, "pMalus": 0.0, "pPyrus": 0.0, "pOtherLN": 0.0, "pPicea": 0.575, "pPinus": 0.396, "pAbies": 0.0, "pDouglas": 0.0, "pLarix": 0.028, "pOtherNb": 0.0, "pNoEurop": 0.0, "pNoEuropD": 0.0, "pEurop": 1.0, "pDecid": 0.0, "pConifer": 1.0, "pAll": 1.0, "Cell_id": "4398_3069", "EPSG": 31468, "Netz": 64, "Dichte": 8, "Bl": ";16;" }, "geometry": { "type": "Point", "coordinates": [ 11.097723722078406, 50.73191136207457 ] } },
{ "type": "Feature", "properties": { "Tnr": 55265, "mitRand": 0, "AnzHBbeg": 1, "pHaupt": 1.0, "poHaupt": 0.0, "pQuerus": 0.0, "pFagus": 0.0, "pFraxinus": 0.0, "pCarpinus": 0.0, "pAcer": 0.0, "pTilia": 0.0, "pRobinia": 0.0, "pUlmus": 0.0, "pCastanea": 0.0, "pOtherLH": 0.0, "pBetula": 0.0, "pAlnus": 0.0, "pPopulus": 0.0, "pSalix": 0.0, "pSorbus": 0.0, "pPrunus": 0.0, "pMalus": 0.0, "pPyrus": 0.0, "pOtherLN": 0.0, "pPicea": 0.0, "pPinus": 1.0, "pAbies": 0.0, "pDouglas": 0.0, "pLarix": 0.0, "pOtherNb": 0.0, "pNoEurop": 0.0, "pNoEuropD": 0.0, "pEurop": 1.0, "pDecid": 0.0, "pConifer": 1.0, "pAll": 1.0, "Cell_id": "4406_3069", "EPSG": 31468, "Netz": 64, "Dichte": 8, "Bl": ";16;" }, "geometry": { "type": "Point", "coordinates": [ 11.211011994578396, 50.730778536808707 ] } },
{ "type": "Feature", "properties": { "Tnr": 55271, "mitRand": 0, "AnzHBbeg": 1, "pHaupt": 1.0, "poHaupt": 0.0, "pQuerus": 1.0, "pFagus": 0.0, "pFraxinus": 0.0, "pCarpinus": 0.0, "pAcer": 0.0, "pTilia": 0.0, "pRobinia": 0.0, "pUlmus": 0.0, "pCastanea": 0.0, "pOtherLH": 0.0, "pBetula": 0.0, "pAlnus": 0.0, "pPopulus": 0.0, "pSalix": 0.0, "pSorbus": 0.0, "pPrunus": 0.0, "pMalus": 0.0, "pPyrus": 0.0, "pOtherLN": 0.0, "pPicea": 0.0, "pPinus": 0.0, "pAbies": 0.0, "pDouglas": 0.0, "pLarix": 0.0, "pOtherNb": 0.0, "pNoEurop": 0.0, "pNoEuropD": 0.0, "pEurop": 1.0, "pDecid": 1.0, "pConifer": 0.0, "pAll": 1.0, "Cell_id": "4418_3070", "EPSG": 31468, "Netz": 16, "Dichte": 8, "Bl": ";16;" }, "geometry": { "type": "Point", "coordinates": [ 11.381205548565893, 50.737853584715083 ] } },
{ "type": "Feature", "properties": { "Tnr": 55275, "mitRand": 1, "AnzHBbeg": 4, "pHaupt": 1.0, "poHaupt": 0.0, "pQuerus": 0.0, "pFagus": 0.263, "pFraxinus": 0.0, "pCarpinus": 0.0, "pAcer": 0.0, "pTilia": 0.0, "pRobinia": 0.0, "pUlmus": 0.0, "pCastanea": 0.0, "pOtherLH": 0.0, "pBetula": 0.059, "pAlnus": 0.0, "pPopulus": 0.0, "pSalix": 0.0, "pSorbus": 0.0, "pPrunus": 0.0, "pMalus": 0.0, "pPyrus": 0.0, "pOtherLN": 0.0, "pPicea": 0.323, "pPinus": 0.356, "pAbies": 0.0, "pDouglas": 0.0, "pLarix": 0.0, "pOtherNb": 0.0, "pNoEurop": 0.0, "pNoEuropD": 0.0, "pEurop": 1.0, "pDecid": 0.322, "pConifer": 0.678, "pAll": 1.0, "Cell_id": "4426_3070", "EPSG": 31468, "Netz": 16, "Dichte": 8, "Bl": ";16;" }, "geometry": { "type": "Point", "coordinates": [ 11.494505281200286, 50.736444790840842 ] } },
{ "type": "Feature", "properties": { "Tnr": 55277, "mitRand": 1, "AnzHBbeg": 4, "pHaupt": 1.0, "poHaupt": 0.0, "pQuerus": 0.0, "pFagus": 0.039, "pFraxinus": 0.0, "pCarpinus": 0.0, "pAcer": 0.0, "pTilia": 0.0, "pRobinia": 0.0, "pUlmus": 0.0, "pCastanea": 0.0, "pOtherLH": 0.0, "pBetula": 0.016, "pAlnus": 0.0, "pPopulus": 0.0, "pSalix": 0.0, "pSorbus": 0.0, "pPrunus": 0.0, "pMalus": 0.0, "pPyrus": 0.0, "pOtherLN": 0.0, "pPicea": 0.778, "pPinus": 0.164, "pAbies": 0.0, "pDouglas": 0.003, "pLarix": 0.0, "pOtherNb": 0.0, "pNoEurop": 0.003, "pNoEuropD": 0.0, "pEurop": 0.997, "pDecid": 0.055, "pConifer": 0.945, "pAll": 1.0, "Cell_id": "4430_3070", "EPSG": 31468, "Netz": 64, "Dichte": 8, "Bl": ";16;" }, "geometry": { "type": "Point", "coordinates": [ 11.55116497976795, 50.735694321563543 ] } },
{ "type": "Feature", "properties": { "Tnr": 55281, "mitRand": 0, "AnzHBbeg": 4, "pHaupt": 1.0, "poHaupt": 0.0, "pQuerus": 0.0, "pFagus": 0.0, "pFraxinus": 0.0, "pCarpinus": 0.0, "pAcer": 0.0, "pTilia": 0.0, "pRobinia": 0.0, "pUlmus": 0.0, "pCastanea": 0.0, "pOtherLH": 0.0, "pBetula": 0.0, "pAlnus": 0.0, "pPopulus": 0.0, "pSalix": 0.0, "pSorbus": 0.0, "pPrunus": 0.0, "pMalus": 0.0, "pPyrus": 0.0, "pOtherLN": 0.0, "pPicea": 0.169, "pPinus": 0.831, "pAbies": 0.0, "pDouglas": 0.0, "pLarix": 0.0, "pOtherNb": 0.0, "pNoEurop": 0.0, "pNoEuropD": 0.0, "pEurop": 1.0, "pDecid": 0.0, "pConifer": 1.0, "pAll": 1.0, "Cell_id": "4438_3070", "EPSG": 31468, "Netz": 64, "Dichte": 8, "Bl": ";16;" }, "geometry": { "type": "Point", "coordinates": [ 11.664447449174755, 50.73411146139231 ] } },
{ "type": "Feature", "properties": { "Tnr": 55293, "mitRand": 1, "AnzHBbeg": 4, "pHaupt": 1.0, "poHaupt": 0.0, "pQuerus": 0.0, "pFagus": 0.0, "pFraxinus": 0.0, "pCarpinus": 0.0, "pAcer": 0.0, "pTilia": 0.0, "pRobinia": 0.0, "pUlmus": 0.0, "pCastanea": 0.0, "pOtherLH": 0.0, "pBetula": 0.0, "pAlnus": 0.0, "pPopulus": 0.0, "pSalix": 0.0, "pSorbus": 0.0, "pPrunus": 0.0, "pMalus": 0.0, "pPyrus": 0.0, "pOtherLN": 0.0, "pPicea": 0.5, "pPinus": 0.5, "pAbies": 0.0, "pDouglas": 0.0, "pLarix": 0.0, "pOtherNb": 0.0, "pNoEurop": 0.0, "pNoEuropD": 0.0, "pEurop": 1.0, "pDecid": 0.0, "pConifer": 1.0, "pAll": 1.0, "Cell_id": "4462_3071", "EPSG": 31468, "Netz": 64, "Dichte": 8, "Bl": ";16;" }, "geometry": { "type": "Point", "coordinates": [ 12.004667707784362, 50.737692063276164 ] } },
{ "type": "Feature", "properties": { "Tnr": 55295, "mitRand": 1, "AnzHBbeg": 2, "pHaupt": 1.0, "poHaupt": 0.0, "pQuerus": 0.0, "pFagus": 0.0, "pFraxinus": 0.0, "pCarpinus": 0.0, "pAcer": 0.0, "pTilia": 0.0, "pRobinia": 0.0, "pUlmus": 0.0, "pCastanea": 0.0, "pOtherLH": 0.0, "pBetula": 0.0, "pAlnus": 0.0, "pPopulus": 0.0, "pSalix": 0.0, "pSorbus": 0.0, "pPrunus": 0.0, "pMalus": 0.0, "pPyrus": 0.0, "pOtherLN": 0.0, "pPicea": 0.5, "pPinus": 0.5, "pAbies": 0.0, "pDouglas": 0.0, "pLarix": 0.0, "pOtherNb": 0.0, "pNoEurop": 0.0, "pNoEuropD": 0.0, "pEurop": 1.0, "pDecid": 0.0, "pConifer": 1.0, "pAll": 1.0, "Cell_id": "4466_3071", "EPSG": 31468, "Netz": 16, "Dichte": 8, "Bl": ";16;" }, "geometry": { "type": "Point", "coordinates": [ 12.061309433950942, 50.736693650241513 ] } },
{ "type": "Feature", "properties": { "Tnr": 55299, "mitRand": 1, "AnzHBbeg": 1, "pHaupt": 1.0, "poHaupt": 0.0, "pQuerus": 0.722, "pFagus": 0.0, "pFraxinus": 0.0, "pCarpinus": 0.278, "pAcer": 0.0, "pTilia": 0.0, "pRobinia": 0.0, "pUlmus": 0.0, "pCastanea": 0.0, "pOtherLH": 0.0, "pBetula": 0.0, "pAlnus": 0.0, "pPopulus": 0.0, "pSalix": 0.0, "pSorbus": 0.0, "pPrunus": 0.0, "pMalus": 0.0, "pPyrus": 0.0, "pOtherLN": 0.0, "pPicea": 0.0, "pPinus": 0.0, "pAbies": 0.0, "pDouglas": 0.0, "pLarix": 0.0, "pOtherNb": 0.0, "pNoEurop": 0.0, "pNoEuropD": 0.0, "pEurop": 1.0, "pDecid": 1.0, "pConifer": 0.0, "pAll": 1.0, "Cell_id": "4474_3071", "EPSG": 31468, "Netz": 16, "Dichte": 8, "Bl": ";16;" }, "geometry": { "type": "Point", "coordinates": [ 12.174581864723129, 50.734614328814494 ] } },
{ "type": "Feature", "properties": { "Tnr": 55361, "mitRand": 1, "AnzHBbeg": 1, "pHaupt": 1.0, "poHaupt": 0.0, "pQuerus": 0.0, "pFagus": 0.369, "pFraxinus": 0.0, "pCarpinus": 0.0, "pAcer": 0.0, "pTilia": 0.0, "pRobinia": 0.0, "pUlmus": 0.0, "pCastanea": 0.0, "pOtherLH": 0.0, "pBetula": 0.0, "pAlnus": 0.0, "pPopulus": 0.0, "pSalix": 0.0, "pSorbus": 0.0, "pPrunus": 0.0, "pMalus": 0.0, "pPyrus": 0.0, "pOtherLN": 0.0, "pPicea": 0.124, "pPinus": 0.507, "pAbies": 0.0, "pDouglas": 0.0, "pLarix": 0.0, "pOtherNb": 0.0, "pNoEurop": 0.0, "pNoEuropD": 0.0, "pEurop": 1.0, "pDecid": 0.369, "pConifer": 0.631, "pAll": 1.0, "Cell_id": "4320_3066", "EPSG": 31467, "Netz": 8, "Dichte": 8, "Bl": ";16;" }, "geometry": { "type": "Point", "coordinates": [ 9.992930822039277, 50.710164557433465 ] } },
{ "type": "Feature", "properties": { "Tnr": 55363, "mitRand": 1, "AnzHBbeg": 4, "pHaupt": 1.0, "poHaupt": 0.0, "pQuerus": 0.0, "pFagus": 0.432, "pFraxinus": 0.0, "pCarpinus": 0.0, "pAcer": 0.068, "pTilia": 0.0, "pRobinia": 0.0, "pUlmus": 0.0, "pCastanea": 0.0, "pOtherLH": 0.0, "pBetula": 0.0, "pAlnus": 0.0, "pPopulus": 0.0, "pSalix": 0.0, "pSorbus": 0.0, "pPrunus": 0.0, "pMalus": 0.0, "pPyrus": 0.0, "pOtherLN": 0.0, "pPicea": 0.5, "pPinus": 0.0, "pAbies": 0.0, "pDouglas": 0.0, "pLarix": 0.0, "pOtherNb": 0.0, "pNoEurop": 0.0, "pNoEuropD": 0.0, "pEurop": 1.0, "pDecid": 0.5, "pConifer": 0.5, "pAll": 1.0, "Cell_id": "4324_3066", "EPSG": 31467, "Netz": 8, "Dichte": 8, "Bl": ";16;" }, "geometry": { "type": "Point", "coordinates": [ 10.049547778639045, 50.710153635120427 ] } },
{ "type": "Feature", "properties": { "Tnr": 55371, "mitRand": 0, "AnzHBbeg": 2, "pHaupt": 1.0, "poHaupt": 0.0, "pQuerus": 0.0, "pFagus": 0.0, "pFraxinus": 0.0, "pCarpinus": 0.0, "pAcer": 0.0, "pTilia": 0.0, "pRobinia": 0.0, "pUlmus": 0.0, "pCastanea": 0.0, "pOtherLH": 0.0, "pBetula": 0.0, "pAlnus": 0.0, "pPopulus": 0.0, "pSalix": 0.0, "pSorbus": 0.0, "pPrunus": 0.0, "pMalus": 0.0, "pPyrus": 0.0, "pOtherLN": 0.0, "pPicea": 0.577, "pPinus": 0.423, "pAbies": 0.0, "pDouglas": 0.0, "pLarix": 0.0, "pOtherNb": 0.0, "pNoEurop": 0.0, "pNoEuropD": 0.0, "pEurop": 1.0, "pDecid": 0.0, "pConifer": 1.0, "pAll": 1.0, "Cell_id": "4340_3066", "EPSG": 31467, "Netz": 8, "Dichte": 8, "Bl": ";16;" }, "geometry": { "type": "Point", "coordinates": [ 10.276066617535609, 50.709834361708126 ] } },
{ "type": "Feature", "properties": { "Tnr": 55373, "mitRand": 1, "AnzHBbeg": 4, "pHaupt": 1.0, "poHaupt": 0.0, "pQuerus": 0.0, "pFagus": 0.0, "pFraxinus": 0.0, "pCarpinus": 0.0, "pAcer": 0.0, "pTilia": 0.0, "pRobinia": 0.0, "pUlmus": 0.0, "pCastanea": 0.0, "pOtherLH": 0.0, "pBetula": 0.0, "pAlnus": 0.0, "pPopulus": 0.0, "pSalix": 0.0, "pSorbus": 0.0, "pPrunus": 0.0, "pMalus": 0.0, "pPyrus": 0.0, "pOtherLN": 0.0, "pPicea": 0.713, "pPinus": 0.287, "pAbies": 0.0, "pDouglas": 0.0, "pLarix": 0.0, "pOtherNb": 0.0, "pNoEurop": 0.0, "pNoEuropD": 0.0, "pEurop": 1.0, "pDecid": 0.0, "pConifer": 1.0, "pAll": 1.0, "Cell_id": "4344_3066", "EPSG": 31467, "Netz": 8, "Dichte": 8, "Bl": ";16;" }, "geometry": { "type": "Point", "coordinates": [ 10.332694482503994, 50.709685771348525 ] } },
{ "type": "Feature", "properties": { "Tnr": 55377, "mitRand": 0, "AnzHBbeg": 1, "pHaupt": 1.0, "poHaupt": 0.0, "pQuerus": 0.598, "pFagus": 0.0, "pFraxinus": 0.0, "pCarpinus": 0.0, "pAcer": 0.0, "pTilia": 0.0, "pRobinia": 0.0, "pUlmus": 0.0, "pCastanea": 0.0, "pOtherLH": 0.0, "pBetula": 0.402, "pAlnus": 0.0, "pPopulus": 0.0, "pSalix": 0.0, "pSorbus": 0.0, "pPrunus": 0.0, "pMalus": 0.0, "pPyrus": 0.0, "pOtherLN": 0.0, "pPicea": 0.0, "pPinus": 0.0, "pAbies": 0.0, "pDouglas": 0.0, "pLarix": 0.0, "pOtherNb": 0.0, "pNoEurop": 0.0, "pNoEuropD": 0.0, "pEurop": 1.0, "pDecid": 1.0, "pConifer": 0.0, "pAll": 1.0, "Cell_id": "4352_3066", "EPSG": 31467, "Netz": 8, "Dichte": 8, "Bl": ";16;" }, "geometry": { "type": "Point", "coordinates": [ 10.445947102517639, 50.709297083928689 ] } },
{ "type": "Feature", "properties": { "Tnr": 55379, "mitRand": 1, "AnzHBbeg": 4, "pHaupt": 1.0, "poHaupt": 0.0, "pQuerus": 0.0, "pFagus": 0.397, "pFraxinus": 0.0, "pCarpinus": 0.0, "pAcer": 0.0, "pTilia": 0.0, "pRobinia": 0.0, "pUlmus": 0.0, "pCastanea": 0.0, "pOtherLH": 0.0, "pBetula": 0.0, "pAlnus": 0.0, "pPopulus": 0.0, "pSalix": 0.0, "pSorbus": 0.0, "pPrunus": 0.0, "pMalus": 0.0, "pPyrus": 0.0, "pOtherLN": 0.0, "pPicea": 0.603, "pPinus": 0.0, "pAbies": 0.0, "pDouglas": 0.0, "pLarix": 0.0, "pOtherNb": 0.0, "pNoEurop": 0.0, "pNoEuropD": 0.0, "pEurop": 1.0, "pDecid": 0.397, "pConifer": 0.603, "pAll": 1.0, "Cell_id": "4356_3066", "EPSG": 31468, "Netz": 8, "Dichte": 8, "Bl": ";16;" }, "geometry": { "type": "Point", "coordinates": [ 10.502571946386212, 50.70906597570135 ] } },
{ "type": "Feature", "properties": { "Tnr": 55381, "mitRand": 1, "AnzHBbeg": 2, "pHaupt": 1.0, "poHaupt": 0.0, "pQuerus": 0.0, "pFagus": 0.0, "pFraxinus": 0.0, "pCarpinus": 0.0, "pAcer": 0.167, "pTilia": 0.0, "pRobinia": 0.0, "pUlmus": 0.0, "pCastanea": 0.0, "pOtherLH": 0.0, "pBetula": 0.398, "pAlnus": 0.0, "pPopulus": 0.32, "pSalix": 0.0, "pSorbus": 0.0, "pPrunus": 0.074, "pMalus": 0.0, "pPyrus": 0.0, "pOtherLN": 0.0, "pPicea": 0.041, "pPinus": 0.0, "pAbies": 0.0, "pDouglas": 0.0, "pLarix": 0.0, "pOtherNb": 0.0, "pNoEurop": 0.0, "pNoEuropD": 0.0, "pEurop": 1.0, "pDecid": 0.959, "pConifer": 0.041, "pAll": 1.0, "Cell_id": "4360_3066", "EPSG": 31468, "Netz": 8, "Dichte": 8, "Bl": ";16;" }, "geometry": { "type": "Point", "coordinates": [ 10.559195609853312, 50.708807363783826 ] } },
{ "type": "Feature", "properties": { "Tnr": 55385, "mitRand": 1, "AnzHBbeg": 4, "pHaupt": 0.75, "poHaupt": 0.25, "pQuerus": 0.0, "pFagus": 0.0, "pFraxinus": 0.0, "pCarpinus": 0.0, "pAcer": 0.0, "pTilia": 0.0, "pRobinia": 0.0, "pUlmus": 0.0, "pCastanea": 0.0, "pOtherLH": 0.0, "pBetula": 0.0, "pAlnus": 0.0, "pPopulus": 0.0, "pSalix": 0.0, "pSorbus": 0.0, "pPrunus": 0.0, "pMalus": 0.0, "pPyrus": 0.0, "pOtherLN": 0.0, "pPicea": 0.75, "pPinus": 0.0, "pAbies": 0.0, "pDouglas": 0.0, "pLarix": 0.0, "pOtherNb": 0.0, "pNoEurop": 0.0, "pNoEuropD": 0.0, "pEurop": 0.75, "pDecid": 0.0, "pConifer": 0.75, "pAll": 0.75, "Cell_id": "4368_3066", "EPSG": 31468, "Netz": 8, "Dichte": 8, "Bl": ";16;" }, "geometry": { "type": "Point", "coordinates": [ 10.672438721784406, 50.708198648850697 ] } },
{ "type": "Feature", "properties": { "Tnr": 55387, "mitRand": 1, "AnzHBbeg": 3, "pHaupt": 1.0, "poHaupt": 0.0, "pQuerus": 0.0, "pFagus": 0.0, "pFraxinus": 0.0, "pCarpinus": 0.0, "pAcer": 0.0, "pTilia": 0.0, "pRobinia": 0.0, "pUlmus": 0.0, "pCastanea": 0.0, "pOtherLH": 0.0, "pBetula": 0.0, "pAlnus": 0.0, "pPopulus": 0.0, "pSalix": 0.0, "pSorbus": 0.0, "pPrunus": 0.0, "pMalus": 0.0, "pPyrus": 0.0, "pOtherLN": 0.0, "pPicea": 1.0, "pPinus": 0.0, "pAbies": 0.0, "pDouglas": 0.0, "pLarix": 0.0, "pOtherNb": 0.0, "pNoEurop": 0.0, "pNoEuropD": 0.0, "pEurop": 1.0, "pDecid": 0.0, "pConifer": 1.0, "pAll": 1.0, "Cell_id": "4372_3066", "EPSG": 31468, "Netz": 8, "Dichte": 8, "Bl": ";16;" }, "geometry": { "type": "Point", "coordinates": [ 10.729058302443852, 50.70785753454998 ] } },
{ "type": "Feature", "properties": { "Tnr": 55389, "mitRand": 0, "AnzHBbeg": 2, "pHaupt": 1.0, "poHaupt": 0.0, "pQuerus": 0.0, "pFagus": 0.5, "pFraxinus": 0.0, "pCarpinus": 0.0, "pAcer": 0.0, "pTilia": 0.0, "pRobinia": 0.0, "pUlmus": 0.0, "pCastanea": 0.0, "pOtherLH": 0.0, "pBetula": 0.057, "pAlnus": 0.0, "pPopulus": 0.0, "pSalix": 0.0, "pSorbus": 0.0, "pPrunus": 0.0, "pMalus": 0.0, "pPyrus": 0.0, "pOtherLN": 0.0, "pPicea": 0.443, "pPinus": 0.0, "pAbies": 0.0, "pDouglas": 0.0, "pLarix": 0.0, "pOtherNb": 0.0, "pNoEurop": 0.0, "pNoEuropD": 0.0, "pEurop": 1.0, "pDecid": 0.557, "pConifer": 0.443, "pAll": 1.0, "Cell_id": "4376_3066", "EPSG": 31468, "Netz": 8, "Dichte": 8, "Bl": ";16;" }, "geometry": { "type": "Point", "coordinates": [ 10.785676348886915, 50.707488922522714 ] } },
{ "type": "Feature", "properties": { "Tnr": 55393, "mitRand": 0, "AnzHBbeg": 4, "pHaupt": 1.0, "poHaupt": 0.0, "pQuerus": 0.0, "pFagus": 0.0, "pFraxinus": 0.0, "pCarpinus": 0.0, "pAcer": 0.0, "pTilia": 0.0, "pRobinia": 0.0, "pUlmus": 0.0, "pCastanea": 0.0, "pOtherLH": 0.0, "pBetula": 0.0, "pAlnus": 0.0, "pPopulus": 0.0, "pSalix": 0.0, "pSorbus": 0.0, "pPrunus": 0.0, "pMalus": 0.0, "pPyrus": 0.0, "pOtherLN": 0.0, "pPicea": 0.071, "pPinus": 0.774, "pAbies": 0.0, "pDouglas": 0.0, "pLarix": 0.155, "pOtherNb": 0.0, "pNoEurop": 0.0, "pNoEuropD": 0.0, "pEurop": 1.0, "pDecid": 0.0, "pConifer": 1.0, "pAll": 1.0, "Cell_id": "4384_3067", "EPSG": 31468, "Netz": 8, "Dichte": 8, "Bl": ";16;" }, "geometry": { "type": "Point", "coordinates": [ 10.899100589036614, 50.715647355728578 ] } },
{ "type": "Feature", "properties": { "Tnr": 55395, "mitRand": 0, "AnzHBbeg": 4, "pHaupt": 1.0, "poHaupt": 0.0, "pQuerus": 0.0, "pFagus": 0.0, "pFraxinus": 0.0, "pCarpinus": 0.0, "pAcer": 0.0, "pTilia": 0.0, "pRobinia": 0.0, "pUlmus": 0.0, "pCastanea": 0.0, "pOtherLH": 0.0, "pBetula": 0.0, "pAlnus": 0.0, "pPopulus": 0.0, "pSalix": 0.0, "pSorbus": 0.0, "pPrunus": 0.0, "pMalus": 0.0, "pPyrus": 0.0, "pOtherLN": 0.0, "pPicea": 0.063, "pPinus": 0.937, "pAbies": 0.0, "pDouglas": 0.0, "pLarix": 0.0, "pOtherNb": 0.0, "pNoEurop": 0.0, "pNoEuropD": 0.0, "pEurop": 1.0, "pDecid": 0.0, "pConifer": 1.0, "pAll": 1.0, "Cell_id": "4388_3067", "EPSG": 31468, "Netz": 8, "Dichte": 8, "Bl": ";16;" }, "geometry": { "type": "Point", "coordinates": [ 10.95572431488231, 50.715196045608181 ] } },
{ "type": "Feature", "properties": { "Tnr": 55399, "mitRand": 0, "AnzHBbeg": 4, "pHaupt": 1.0, "poHaupt": 0.0, "pQuerus": 0.0, "pFagus": 0.0, "pFraxinus": 0.0, "pCarpinus": 0.0, "pAcer": 0.0, "pTilia": 0.0, "pRobinia": 0.0, "pUlmus": 0.0, "pCastanea": 0.0, "pOtherLH": 0.0, "pBetula": 0.147, "pAlnus": 0.0, "pPopulus": 0.0, "pSalix": 0.0, "pSorbus": 0.0, "pPrunus": 0.0, "pMalus": 0.0, "pPyrus": 0.0, "pOtherLN": 0.0, "pPicea": 0.164, "pPinus": 0.599, "pAbies": 0.0, "pDouglas": 0.0, "pLarix": 0.09, "pOtherNb": 0.0, "pNoEurop": 0.0, "pNoEuropD": 0.0, "pEurop": 1.0, "pDecid": 0.147, "pConifer": 0.853, "pAll": 1.0, "Cell_id": "4396_3067", "EPSG": 31468, "Netz": 8, "Dichte": 8, "Bl": ";16;" }, "geometry": { "type": "Point", "coordinates": [ 11.068979764749736, 50.7142016961742 ] } },
{ "type": "Feature", "properties": { "Tnr": 55401, "mitRand": 1, "AnzHBbeg": 4, "pHaupt": 1.0, "poHaupt": 0.0, "pQuerus": 0.0, "pFagus": 0.0, "pFraxinus": 0.0, "pCarpinus": 0.0, "pAcer": 0.0, "pTilia": 0.0, "pRobinia": 0.0, "pUlmus": 0.0, "pCastanea": 0.0, "pOtherLH": 0.0, "pBetula": 0.083, "pAlnus": 0.0, "pPopulus": 0.0, "pSalix": 0.0, "pSorbus": 0.0, "pPrunus": 0.0, "pMalus": 0.0, "pPyrus": 0.0, "pOtherLN": 0.0, "pPicea": 0.242, "pPinus": 0.674, "pAbies": 0.0, "pDouglas": 0.0, "pLarix": 0.0, "pOtherNb": 0.0, "pNoEurop": 0.0, "pNoEuropD": 0.0, "pEurop": 1.0, "pDecid": 0.083, "pConifer": 0.917, "pAll": 1.0, "Cell_id": "4400_3067", "EPSG": 31468, "Netz": 8, "Dichte": 8, "Bl": ";16;" }, "geometry": { "type": "Point", "coordinates": [ 11.125611288975895, 50.713658648173585 ] } },
{ "type": "Feature", "properties": { "Tnr": 55403, "mitRand": 1, "AnzHBbeg": 1, "pHaupt": 1.0, "poHaupt": 0.0, "pQuerus": 0.421, "pFagus": 0.0, "pFraxinus": 0.0, "pCarpinus": 0.0, "pAcer": 0.0, "pTilia": 0.0, "pRobinia": 0.0, "pUlmus": 0.0, "pCastanea": 0.0, "pOtherLH": 0.0, "pBetula": 0.0, "pAlnus": 0.0, "pPopulus": 0.0, "pSalix": 0.0, "pSorbus": 0.0, "pPrunus": 0.0, "pMalus": 0.0, "pPyrus": 0.0, "pOtherLN": 0.0, "pPicea": 0.0, "pPinus": 0.579, "pAbies": 0.0, "pDouglas": 0.0, "pLarix": 0.0, "pOtherNb": 0.0, "pNoEurop": 0.0, "pNoEuropD": 0.0, "pEurop": 1.0, "pDecid": 0.421, "pConifer": 0.579, "pAll": 1.0, "Cell_id": "4404_3067", "EPSG": 31468, "Netz": 8, "Dichte": 8, "Bl": ";16;" }, "geometry": { "type": "Point", "coordinates": [ 11.182241053402143, 50.713097077765987 ] } },
{ "type": "Feature", "properties": { "Tnr": 55405, "mitRand": 0, "AnzHBbeg": 4, "pHaupt": 1.0, "poHaupt": 0.0, "pQuerus": 0.0, "pFagus": 0.0, "pFraxinus": 0.0, "pCarpinus": 0.0, "pAcer": 0.086, "pTilia": 0.0, "pRobinia": 0.0, "pUlmus": 0.0, "pCastanea": 0.0, "pOtherLH": 0.0, "pBetula": 0.0, "pAlnus": 0.0, "pPopulus": 0.0, "pSalix": 0.0, "pSorbus": 0.0, "pPrunus": 0.0, "pMalus": 0.0, "pPyrus": 0.0, "pOtherLN": 0.0, "pPicea": 0.656, "pPinus": 0.258, "pAbies": 0.0, "pDouglas": 0.0, "pLarix": 0.0, "pOtherNb": 0.0, "pNoEurop": 0.0, "pNoEuropD": 0.0, "pEurop": 1.0, "pDecid": 0.086, "pConifer": 0.914, "pAll": 1.0, "Cell_id": "4408_3067", "EPSG": 31468, "Netz": 8, "Dichte": 8, "Bl": ";16;" }, "geometry": { "type": "Point", "coordinates": [ 11.238853998292772, 50.712499293448666 ] } },
{ "type": "Feature", "properties": { "Tnr": 55413, "mitRand": 1, "AnzHBbeg": 4, "pHaupt": 1.0, "poHaupt": 0.0, "pQuerus": 0.0, "pFagus": 0.0, "pFraxinus": 0.0, "pCarpinus": 0.0, "pAcer": 0.0, "pTilia": 0.0, "pRobinia": 0.0, "pUlmus": 0.0, "pCastanea": 0.0, "pOtherLH": 0.0, "pBetula": 0.0, "pAlnus": 0.0, "pPopulus": 0.0, "pSalix": 0.0, "pSorbus": 0.0, "pPrunus": 0.0, "pMalus": 0.0, "pPyrus": 0.0, "pOtherLN": 0.0, "pPicea": 0.053, "pPinus": 0.947, "pAbies": 0.0, "pDouglas": 0.0, "pLarix": 0.0, "pOtherNb": 0.0, "pNoEurop": 0.0, "pNoEuropD": 0.0, "pEurop": 1.0, "pDecid": 0.0, "pConifer": 1.0, "pAll": 1.0, "Cell_id": "4424_3068", "EPSG": 31468, "Netz": 8, "Dichte": 8, "Bl": ";16;" }, "geometry": { "type": "Point", "coordinates": [ 11.465626103778858, 50.718825961158295 ] } },
{ "type": "Feature", "properties": { "Tnr": 55415, "mitRand": 0, "AnzHBbeg": 4, "pHaupt": 1.0, "poHaupt": 0.0, "pQuerus": 0.0, "pFagus": 0.0, "pFraxinus": 0.0, "pCarpinus": 0.0, "pAcer": 0.0, "pTilia": 0.0, "pRobinia": 0.0, "pUlmus": 0.0, "pCastanea": 0.0, "pOtherLH": 0.0, "pBetula": 0.0, "pAlnus": 0.0, "pPopulus": 0.0, "pSalix": 0.0, "pSorbus": 0.0, "pPrunus": 0.0, "pMalus": 0.0, "pPyrus": 0.0, "pOtherLN": 0.0, "pPicea": 0.014, "pPinus": 0.986, "pAbies": 0.0, "pDouglas": 0.0, "pLarix": 0.0, "pOtherNb": 0.0, "pNoEurop": 0.0, "pNoEuropD": 0.0, "pEurop": 1.0, "pDecid": 0.0, "pConifer": 1.0, "pAll": 1.0, "Cell_id": "4428_3068", "EPSG": 31468, "Netz": 8, "Dichte": 8, "Bl": ";16;" }, "geometry": { "type": "Point", "coordinates": [ 11.522251853916126, 50.718099122597629 ] } },
{ "type": "Feature", "properties": { "Tnr": 55417, "mitRand": 1, "AnzHBbeg": 4, "pHaupt": 1.0, "poHaupt": 0.0, "pQuerus": 0.0, "pFagus": 0.0, "pFraxinus": 0.0, "pCarpinus": 0.0, "pAcer": 0.0, "pTilia": 0.0, "pRobinia": 0.0, "pUlmus": 0.0, "pCastanea": 0.0, "pOtherLH": 0.0, "pBetula": 0.183, "pAlnus": 0.0, "pPopulus": 0.0, "pSalix": 0.0, "pSorbus": 0.0, "pPrunus": 0.0, "pMalus": 0.0, "pPyrus": 0.0, "pOtherLN": 0.0, "pPicea": 0.019, "pPinus": 0.798, "pAbies": 0.0, "pDouglas": 0.0, "pLarix": 0.0, "pOtherNb": 0.0, "pNoEurop": 0.0, "pNoEuropD": 0.0, "pEurop": 1.0, "pDecid": 0.183, "pConifer": 0.817, "pAll": 1.0, "Cell_id": "4432_3068", "EPSG": 31468, "Netz": 8, "Dichte": 8, "Bl": ";16;" }, "geometry": { "type": "Point", "coordinates": [ 11.578874334926262, 50.717335808662654 ] } },
{ "type": "Feature", "properties": { "Tnr": 55425, "mitRand": 1, "AnzHBbeg": 1, "pHaupt": 1.0, "poHaupt": 0.0, "pQuerus": 0.0, "pFagus": 0.0, "pFraxinus": 0.0, "pCarpinus": 0.0, "pAcer": 1.0, "pTilia": 0.0, "pRobinia": 0.0, "pUlmus": 0.0, "pCastanea": 0.0, "pOtherLH": 0.0, "pBetula": 0.0, "pAlnus": 0.0, "pPopulus": 0.0, "pSalix": 0.0, "pSorbus": 0.0, "pPrunus": 0.0, "pMalus": 0.0, "pPyrus": 0.0, "pOtherLN": 0.0, "pPicea": 0.0, "pPinus": 0.0, "pAbies": 0.0, "pDouglas": 0.0, "pLarix": 0.0, "pOtherNb": 0.0, "pNoEurop": 0.0, "pNoEuropD": 0.0, "pEurop": 1.0, "pDecid": 1.0, "pConifer": 0.0, "pAll": 1.0, "Cell_id": "4448_3068", "EPSG": 31468, "Netz": 8, "Dichte": 8, "Bl": ";16;" }, "geometry": { "type": "Point", "coordinates": [ 11.805362801763366, 50.714006992942039 ] } },
{ "type": "Feature", "properties": { "Tnr": 55429, "mitRand": 1, "AnzHBbeg": 1, "pHaupt": 1.0, "poHaupt": 0.0, "pQuerus": 0.0, "pFagus": 0.0, "pFraxinus": 0.0, "pCarpinus": 0.0, "pAcer": 0.0, "pTilia": 0.0, "pRobinia": 0.0, "pUlmus": 0.0, "pCastanea": 0.0, "pOtherLH": 0.0, "pBetula": 0.0, "pAlnus": 0.0, "pPopulus": 0.0, "pSalix": 0.0, "pSorbus": 0.0, "pPrunus": 0.0, "pMalus": 0.0, "pPyrus": 0.0, "pOtherLN": 0.0, "pPicea": 0.329, "pPinus": 0.671, "pAbies": 0.0, "pDouglas": 0.0, "pLarix": 0.0, "pOtherNb": 0.0, "pNoEurop": 0.0, "pNoEuropD": 0.0, "pEurop": 1.0, "pDecid": 0.0, "pConifer": 1.0, "pAll": 1.0, "Cell_id": "4456_3069", "EPSG": 31468, "Netz": 8, "Dichte": 8, "Bl": ";16;" }, "geometry": { "type": "Point", "coordinates": [ 11.918962906000658, 50.721168867109668 ] } },
{ "type": "Feature", "properties": { "Tnr": 55441, "mitRand": 1, "AnzHBbeg": 3, "pHaupt": 1.0, "poHaupt": 0.0, "pQuerus": 0.23, "pFagus": 0.0, "pFraxinus": 0.0, "pCarpinus": 0.025, "pAcer": 0.333, "pTilia": 0.0, "pRobinia": 0.0, "pUlmus": 0.0, "pCastanea": 0.0, "pOtherLH": 0.0, "pBetula": 0.201, "pAlnus": 0.0, "pPopulus": 0.0, "pSalix": 0.0, "pSorbus": 0.09, "pPrunus": 0.0, "pMalus": 0.0, "pPyrus": 0.0, "pOtherLN": 0.0, "pPicea": 0.034, "pPinus": 0.088, "pAbies": 0.0, "pDouglas": 0.0, "pLarix": 0.0, "pOtherNb": 0.0, "pNoEurop": 0.0, "pNoEuropD": 0.0, "pEurop": 1.0, "pDecid": 0.878, "pConifer": 0.122, "pAll": 1.0, "Cell_id": "4480_3069", "EPSG": 31468, "Netz": 8, "Dichte": 8, "Bl": ";14;16;" }, "geometry": { "type": "Point", "coordinates": [ 12.258674347599049, 50.715008680106024 ] } },
{ "type": "Feature", "properties": { "Tnr": 55490, "mitRand": 1, "AnzHBbeg": 1, "pHaupt": 1.0, "poHaupt": 0.0, "pQuerus": 0.0, "pFagus": 0.428, "pFraxinus": 0.0, "pCarpinus": 0.0, "pAcer": 0.159, "pTilia": 0.0, "pRobinia": 0.0, "pUlmus": 0.0, "pCastanea": 0.0, "pOtherLH": 0.0, "pBetula": 0.0, "pAlnus": 0.0, "pPopulus": 0.0, "pSalix": 0.0, "pSorbus": 0.0, "pPrunus": 0.0, "pMalus": 0.0, "pPyrus": 0.0, "pOtherLN": 0.0, "pPicea": 0.413, "pPinus": 0.0, "pAbies": 0.0, "pDouglas": 0.0, "pLarix": 0.0, "pOtherNb": 0.0, "pNoEurop": 0.0, "pNoEuropD": 0.0, "pEurop": 1.0, "pDecid": 0.587, "pConifer": 0.413, "pAll": 1.0, "Cell_id": "4322_3064", "EPSG": 31467, "Netz": 16, "Dichte": 8, "Bl": ";16;" }, "geometry": { "type": "Point", "coordinates": [ 10.021237783554422, 50.692183340515001 ] } },
{ "type": "Feature", "properties": { "Tnr": 55494, "mitRand": 0, "AnzHBbeg": 4, "pHaupt": 1.0, "poHaupt": 0.0, "pQuerus": 0.0, "pFagus": 0.525, "pFraxinus": 0.237, "pCarpinus": 0.0, "pAcer": 0.061, "pTilia": 0.0, "pRobinia": 0.0, "pUlmus": 0.0, "pCastanea": 0.0, "pOtherLH": 0.0, "pBetula": 0.0, "pAlnus": 0.074, "pPopulus": 0.0, "pSalix": 0.0, "pSorbus": 0.034, "pPrunus": 0.0, "pMalus": 0.0, "pPyrus": 0.0, "pOtherLN": 0.0, "pPicea": 0.069, "pPinus": 0.0, "pAbies": 0.0, "pDouglas": 0.0, "pLarix": 0.0, "pOtherNb": 0.0, "pNoEurop": 0.0, "pNoEuropD": 0.0, "pEurop": 1.0, "pDecid": 0.931, "pConifer": 0.069, "pAll": 1.0, "Cell_id": "4330_3064", "EPSG": 31467, "Netz": 16, "Dichte": 8, "Bl": ";16;" }, "geometry": { "type": "Point", "coordinates": [ 10.134441586328339, 50.692106655579472 ] } },
{ "type": "Feature", "properties": { "Tnr": 55500, "mitRand": 1, "AnzHBbeg": 4, "pHaupt": 1.0, "poHaupt": 0.0, "pQuerus": 0.25, "pFagus": 0.161, "pFraxinus": 0.0, "pCarpinus": 0.0, "pAcer": 0.0, "pTilia": 0.0, "pRobinia": 0.0, "pUlmus": 0.0, "pCastanea": 0.0, "pOtherLH": 0.0, "pBetula": 0.0, "pAlnus": 0.0, "pPopulus": 0.0, "pSalix": 0.0, "pSorbus": 0.0, "pPrunus": 0.0, "pMalus": 0.0, "pPyrus": 0.0, "pOtherLN": 0.0, "pPicea": 0.0, "pPinus": 0.071, "pAbies": 0.0, "pDouglas": 0.0, "pLarix": 0.518, "pOtherNb": 0.0, "pNoEurop": 0.0, "pNoEuropD": 0.0, "pEurop": 1.0, "pDecid": 0.411, "pConifer": 0.589, "pAll": 1.0, "Cell_id": "4342_3064", "EPSG": 31467, "Netz": 16, "Dichte": 8, "Bl": ";16;" }, "geometry": { "type": "Point", "coordinates": [ 10.304263760038813, 50.691785250927097 ] } },
{ "type": "Feature", "properties": { "Tnr": 55504, "mitRand": 1, "AnzHBbeg": 4, "pHaupt": 1.0, "poHaupt": 0.0, "pQuerus": 0.207, "pFagus": 0.043, "pFraxinus": 0.0, "pCarpinus": 0.0, "pAcer": 0.0, "pTilia": 0.0, "pRobinia": 0.0, "pUlmus": 0.0, "pCastanea": 0.0, "pOtherLH": 0.0, "pBetula": 0.087, "pAlnus": 0.0, "pPopulus": 0.0, "pSalix": 0.0, "pSorbus": 0.0, "pPrunus": 0.0, "pMalus": 0.0, "pPyrus": 0.0, "pOtherLN": 0.0, "pPicea": 0.25, "pPinus": 0.25, "pAbies": 0.0, "pDouglas": 0.0, "pLarix": 0.163, "pOtherNb": 0.0, "pNoEurop": 0.0, "pNoEuropD": 0.0, "pEurop": 1.0, "pDecid": 0.337, "pConifer": 0.663, "pAll": 1.0, "Cell_id": "4350_3064", "EPSG": 31467, "Netz": 16, "Dichte": 8, "Bl": ";16;" }, "geometry": { "type": "Point", "coordinates": [ 10.417474070137231, 50.691424542859195 ] } },
{ "type": "Feature", "properties": { "Tnr": 55506, "mitRand": 1, "AnzHBbeg": 4, "pHaupt": 1.0, "poHaupt": 0.0, "pQuerus": 0.0, "pFagus": 0.407, "pFraxinus": 0.0, "pCarpinus": 0.0, "pAcer": 0.0, "pTilia": 0.0, "pRobinia": 0.0, "pUlmus": 0.0, "pCastanea": 0.0, "pOtherLH": 0.0, "pBetula": 0.0, "pAlnus": 0.0, "pPopulus": 0.0, "pSalix": 0.0, "pSorbus": 0.0, "pPrunus": 0.0, "pMalus": 0.0, "pPyrus": 0.0, "pOtherLN": 0.0, "pPicea": 0.493, "pPinus": 0.101, "pAbies": 0.0, "pDouglas": 0.0, "pLarix": 0.0, "pOtherNb": 0.0, "pNoEurop": 0.0, "pNoEuropD": 0.0, "pEurop": 1.0, "pDecid": 0.407, "pConifer": 0.593, "pAll": 1.0, "Cell_id": "4354_3064", "EPSG": 31467, "Netz": 16, "Dichte": 8, "Bl": ";16;" }, "geometry": { "type": "Point", "coordinates": [ 10.474077824322833, 50.69120744976005 ] } },
{ "type": "Feature", "properties": { "Tnr": 55508, "mitRand": 1, "AnzHBbeg": 1, "pHaupt": 1.0, "poHaupt": 0.0, "pQuerus": 0.481, "pFagus": 0.0, "pFraxinus": 0.0, "pCarpinus": 0.0, "pAcer": 0.0, "pTilia": 0.0, "pRobinia": 0.0, "pUlmus": 0.0, "pCastanea": 0.0, "pOtherLH": 0.0, "pBetula": 0.0, "pAlnus": 0.0, "pPopulus": 0.0, "pSalix": 0.0, "pSorbus": 0.0, "pPrunus": 0.0, "pMalus": 0.0, "pPyrus": 0.0, "pOtherLN": 0.0, "pPicea": 0.061, "pPinus": 0.458, "pAbies": 0.0, "pDouglas": 0.0, "pLarix": 0.0, "pOtherNb": 0.0, "pNoEurop": 0.0, "pNoEuropD": 0.0, "pEurop": 1.0, "pDecid": 0.481, "pConifer": 0.519, "pAll": 1.0, "Cell_id": "4358_3064", "EPSG": 31468, "Netz": 16, "Dichte": 8, "Bl": ";16;" }, "geometry": { "type": "Point", "coordinates": [ 10.530680443639607, 50.690962869825682 ] } },
{ "type": "Feature", "properties": { "Tnr": 55510, "mitRand": 1, "AnzHBbeg": 2, "pHaupt": 1.0, "poHaupt": 0.0, "pQuerus": 0.0, "pFagus": 0.0, "pFraxinus": 0.0, "pCarpinus": 0.0, "pAcer": 0.262, "pTilia": 0.0, "pRobinia": 0.0, "pUlmus": 0.0, "pCastanea": 0.0, "pOtherLH": 0.0, "pBetula": 0.0, "pAlnus": 0.0, "pPopulus": 0.0, "pSalix": 0.238, "pSorbus": 0.5, "pPrunus": 0.0, "pMalus": 0.0, "pPyrus": 0.0, "pOtherLN": 0.0, "pPicea": 0.0, "pPinus": 0.0, "pAbies": 0.0, "pDouglas": 0.0, "pLarix": 0.0, "pOtherNb": 0.0, "pNoEurop": 0.0, "pNoEuropD": 0.0, "pEurop": 1.0, "pDecid": 1.0, "pConifer": 0.0, "pAll": 1.0, "Cell_id": "4362_3064", "EPSG": 31468, "Netz": 16, "Dichte": 8, "Bl": ";16;" }, "geometry": { "type": "Point", "coordinates": [ 10.587281839728796, 50.690690804339816 ] } },
{ "type": "Feature", "properties": { "Tnr": 55512, "mitRand": 1, "AnzHBbeg": 2, "pHaupt": 1.0, "poHaupt": 0.0, "pQuerus": 0.0, "pFagus": 0.0, "pFraxinus": 0.0, "pCarpinus": 0.0, "pAcer": 0.0, "pTilia": 0.0, "pRobinia": 0.0, "pUlmus": 0.0, "pCastanea": 0.0, "pOtherLH": 0.0, "pBetula": 0.0, "pAlnus": 0.0, "pPopulus": 0.0, "pSalix": 0.0, "pSorbus": 0.0, "pPrunus": 0.0, "pMalus": 0.0, "pPyrus": 0.0, "pOtherLN": 0.0, "pPicea": 1.0, "pPinus": 0.0, "pAbies": 0.0, "pDouglas": 0.0, "pLarix": 0.0, "pOtherNb": 0.0, "pNoEurop": 0.0, "pNoEuropD": 0.0, "pEurop": 1.0, "pDecid": 0.0, "pConifer": 1.0, "pAll": 1.0, "Cell_id": "4366_3064", "EPSG": 31468, "Netz": 16, "Dichte": 8, "Bl": ";16;" }, "geometry": { "type": "Point", "coordinates": [ 10.64388160997729, 50.690382269056435 ] } },
{ "type": "Feature", "properties": { "Tnr": 55514, "mitRand": 0, "AnzHBbeg": 4, "pHaupt": 1.0, "poHaupt": 0.0, "pQuerus": 0.0, "pFagus": 0.0, "pFraxinus": 0.0, "pCarpinus": 0.0, "pAcer": 0.0, "pTilia": 0.0, "pRobinia": 0.0, "pUlmus": 0.0, "pCastanea": 0.0, "pOtherLH": 0.0, "pBetula": 0.0, "pAlnus": 0.0, "pPopulus": 0.0, "pSalix": 0.0, "pSorbus": 0.0, "pPrunus": 0.0, "pMalus": 0.0, "pPyrus": 0.0, "pOtherLN": 0.0, "pPicea": 1.0, "pPinus": 0.0, "pAbies": 0.0, "pDouglas": 0.0, "pLarix": 0.0, "pOtherNb": 0.0, "pNoEurop": 0.0, "pNoEuropD": 0.0, "pEurop": 1.0, "pDecid": 0.0, "pConifer": 1.0, "pAll": 1.0, "Cell_id": "4370_3064", "EPSG": 31468, "Netz": 16, "Dichte": 8, "Bl": ";16;" }, "geometry": { "type": "Point", "coordinates": [ 10.700480283770929, 50.690055236984094 ] } },
{ "type": "Feature", "properties": { "Tnr": 55516, "mitRand": 1, "AnzHBbeg": 4, "pHaupt": 1.0, "poHaupt": 0.0, "pQuerus": 0.0, "pFagus": 0.0, "pFraxinus": 0.0, "pCarpinus": 0.0, "pAcer": 0.0, "pTilia": 0.0, "pRobinia": 0.0, "pUlmus": 0.0, "pCastanea": 0.0, "pOtherLH": 0.0, "pBetula": 0.0, "pAlnus": 0.0, "pPopulus": 0.0, "pSalix": 0.0, "pSorbus": 0.0, "pPrunus": 0.0, "pMalus": 0.0, "pPyrus": 0.0, "pOtherLN": 0.0, "pPicea": 1.0, "pPinus": 0.0, "pAbies": 0.0, "pDouglas": 0.0, "pLarix": 0.0, "pOtherNb": 0.0, "pNoEurop": 0.0, "pNoEuropD": 0.0, "pEurop": 1.0, "pDecid": 0.0, "pConifer": 1.0, "pAll": 1.0, "Cell_id": "4374_3064", "EPSG": 31468, "Netz": 16, "Dichte": 8, "Bl": ";16;" }, "geometry": { "type": "Point", "coordinates": [ 10.757077469330021, 50.689700723829638 ] } },
{ "type": "Feature", "properties": { "Tnr": 55520, "mitRand": 0, "AnzHBbeg": 4, "pHaupt": 1.0, "poHaupt": 0.0, "pQuerus": 0.0, "pFagus": 0.0, "pFraxinus": 0.0, "pCarpinus": 0.0, "pAcer": 0.0, "pTilia": 0.0, "pRobinia": 0.0, "pUlmus": 0.0, "pCastanea": 0.0, "pOtherLH": 0.0, "pBetula": 0.138, "pAlnus": 0.0, "pPopulus": 0.0, "pSalix": 0.0, "pSorbus": 0.0, "pPrunus": 0.0, "pMalus": 0.0, "pPyrus": 0.0, "pOtherLN": 0.0, "pPicea": 0.773, "pPinus": 0.038, "pAbies": 0.0, "pDouglas": 0.0, "pLarix": 0.051, "pOtherNb": 0.0, "pNoEurop": 0.0, "pNoEuropD": 0.0, "pEurop": 1.0, "pDecid": 0.138, "pConifer": 0.862, "pAll": 1.0, "Cell_id": "4382_3065", "EPSG": 31468, "Netz": 16, "Dichte": 8, "Bl": ";16;" }, "geometry": { "type": "Point", "coordinates": [ 10.870440346115148, 50.697887764554849 ] } },
{ "type": "Feature", "properties": { "Tnr": 55526, "mitRand": 0, "AnzHBbeg": 4, "pHaupt": 1.0, "poHaupt": 0.0, "pQuerus": 0.0, "pFagus": 0.0, "pFraxinus": 0.0, "pCarpinus": 0.0, "pAcer": 0.0, "pTilia": 0.0, "pRobinia": 0.0, "pUlmus": 0.0, "pCastanea": 0.0, "pOtherLH": 0.0, "pBetula": 0.0, "pAlnus": 0.0, "pPopulus": 0.0, "pSalix": 0.0, "pSorbus": 0.0, "pPrunus": 0.0, "pMalus": 0.0, "pPyrus": 0.0, "pOtherLN": 0.0, "pPicea": 0.0, "pPinus": 0.963, "pAbies": 0.0, "pDouglas": 0.0, "pLarix": 0.037, "pOtherNb": 0.0, "pNoEurop": 0.0, "pNoEuropD": 0.0, "pEurop": 1.0, "pDecid": 0.0, "pConifer": 1.0, "pAll": 1.0, "Cell_id": "4394_3065", "EPSG": 31468, "Netz": 16, "Dichte": 8, "Bl": ";16;" }, "geometry": { "type": "Point", "coordinates": [ 11.040271609892852, 50.696484389368635 ] } },
{ "type": "Feature", "properties": { "Tnr": 55528, "mitRand": 0, "AnzHBbeg": 4, "pHaupt": 1.0, "poHaupt": 0.0, "pQuerus": 0.0, "pFagus": 0.0, "pFraxinus": 0.0, "pCarpinus": 0.0, "pAcer": 0.0, "pTilia": 0.0, "pRobinia": 0.0, "pUlmus": 0.0, "pCastanea": 0.0, "pOtherLH": 0.0, "pBetula": 0.161, "pAlnus": 0.0, "pPopulus": 0.0, "pSalix": 0.0, "pSorbus": 0.0, "pPrunus": 0.0, "pMalus": 0.0, "pPyrus": 0.0, "pOtherLN": 0.0, "pPicea": 0.185, "pPinus": 0.364, "pAbies": 0.0, "pDouglas": 0.0, "pLarix": 0.29, "pOtherNb": 0.0, "pNoEurop": 0.0, "pNoEuropD": 0.0, "pEurop": 1.0, "pDecid": 0.161, "pConifer": 0.839, "pAll": 1.0, "Cell_id": "4398_3065", "EPSG": 31468, "Netz": 16, "Dichte": 8, "Bl": ";16;" }, "geometry": { "type": "Point", "coordinates": [ 11.096868398153308, 50.695955801453678 ] } },
{ "type": "Feature", "properties": { "Tnr": 55530, "mitRand": 1, "AnzHBbeg": 3, "pHaupt": 1.0, "poHaupt": 0.0, "pQuerus": 0.0, "pFagus": 0.0, "pFraxinus": 0.0, "pCarpinus": 0.0, "pAcer": 0.0, "pTilia": 0.0, "pRobinia": 0.0, "pUlmus": 0.0, "pCastanea": 0.0, "pOtherLH": 0.0, "pBetula": 0.0, "pAlnus": 0.0, "pPopulus": 0.0, "pSalix": 0.0, "pSorbus": 0.0, "pPrunus": 0.0, "pMalus": 0.0, "pPyrus": 0.0, "pOtherLN": 0.0, "pPicea": 0.0, "pPinus": 1.0, "pAbies": 0.0, "pDouglas": 0.0, "pLarix": 0.0, "pOtherNb": 0.0, "pNoEurop": 0.0, "pNoEuropD": 0.0, "pEurop": 1.0, "pDecid": 0.0, "pConifer": 1.0, "pAll": 1.0, "Cell_id": "4402_3065", "EPSG": 31468, "Netz": 16, "Dichte": 8, "Bl": ";16;" }, "geometry": { "type": "Point", "coordinates": [ 11.153477200320841, 50.695399476890834 ] } },
{ "type": "Feature", "properties": { "Tnr": 55534, "mitRand": 0, "AnzHBbeg": 4, "pHaupt": 1.0, "poHaupt": 0.0, "pQuerus": 0.0, "pFagus": 0.0, "pFraxinus": 0.0, "pCarpinus": 0.0, "pAcer": 0.0, "pTilia": 0.0, "pRobinia": 0.0, "pUlmus": 0.0, "pCastanea": 0.0, "pOtherLH": 0.0, "pBetula": 0.0, "pAlnus": 0.0, "pPopulus": 0.0, "pSalix": 0.0, "pSorbus": 0.0, "pPrunus": 0.0, "pMalus": 0.0, "pPyrus": 0.0, "pOtherLN": 0.0, "pPicea": 0.474, "pPinus": 0.526, "pAbies": 0.0, "pDouglas": 0.0, "pLarix": 0.0, "pOtherNb": 0.0, "pNoEurop": 0.0, "pNoEuropD": 0.0, "pEurop": 1.0, "pDecid": 0.0, "pConifer": 1.0, "pAll": 1.0, "Cell_id": "4410_3065", "EPSG": 31468, "Netz": 16, "Dichte": 8, "Bl": ";16;" }, "geometry": { "type": "Point", "coordinates": [ 11.26668849356285, 50.69421335316278 ] } },
{ "type": "Feature", "properties": { "Tnr": 55540, "mitRand": 0, "AnzHBbeg": 4, "pHaupt": 1.0, "poHaupt": 0.0, "pQuerus": 0.0, "pFagus": 0.0, "pFraxinus": 0.0, "pCarpinus": 0.0, "pAcer": 0.0, "pTilia": 0.0, "pRobinia": 0.0, "pUlmus": 0.0, "pCastanea": 0.0, "pOtherLH": 0.0, "pBetula": 0.053, "pAlnus": 0.0, "pPopulus": 0.0, "pSalix": 0.0, "pSorbus": 0.0, "pPrunus": 0.0, "pMalus": 0.0, "pPyrus": 0.0, "pOtherLN": 0.0, "pPicea": 0.697, "pPinus": 0.25, "pAbies": 0.0, "pDouglas": 0.0, "pLarix": 0.0, "pOtherNb": 0.0, "pNoEurop": 0.0, "pNoEuropD": 0.0, "pEurop": 1.0, "pDecid": 0.053, "pConifer": 0.947, "pAll": 1.0, "Cell_id": "4422_3066", "EPSG": 31468, "Netz": 16, "Dichte": 8, "Bl": ";16;" }, "geometry": { "type": "Point", "coordinates": [ 11.43675490032286, 50.701208899965422 ] } },
{ "type": "Feature", "properties": { "Tnr": 55542, "mitRand": 1, "AnzHBbeg": 4, "pHaupt": 1.0, "poHaupt": 0.0, "pQuerus": 0.0, "pFagus": 0.0, "pFraxinus": 0.0, "pCarpinus": 0.0, "pAcer": 0.0, "pTilia": 0.0, "pRobinia": 0.0, "pUlmus": 0.0, "pCastanea": 0.0, "pOtherLH": 0.0, "pBetula": 0.0, "pAlnus": 0.0, "pPopulus": 0.0, "pSalix": 0.0, "pSorbus": 0.0, "pPrunus": 0.0, "pMalus": 0.0, "pPyrus": 0.0, "pOtherLN": 0.0, "pPicea": 0.434, "pPinus": 0.566, "pAbies": 0.0, "pDouglas": 0.0, "pLarix": 0.0, "pOtherNb": 0.0, "pNoEurop": 0.0, "pNoEuropD": 0.0, "pEurop": 1.0, "pDecid": 0.0, "pConifer": 1.0, "pAll": 1.0, "Cell_id": "4426_3066", "EPSG": 31468, "Netz": 16, "Dichte": 8, "Bl": ";16;" }, "geometry": { "type": "Point", "coordinates": [ 11.493359896275399, 50.700487410516146 ] } },
{ "type": "Feature", "properties": { "Tnr": 55552, "mitRand": 1, "AnzHBbeg": 4, "pHaupt": 1.0, "poHaupt": 0.0, "pQuerus": 0.0, "pFagus": 0.0, "pFraxinus": 0.0, "pCarpinus": 0.0, "pAcer": 0.0, "pTilia": 0.0, "pRobinia": 0.0, "pUlmus": 0.0, "pCastanea": 0.0, "pOtherLH": 0.0, "pBetula": 0.0, "pAlnus": 0.0, "pPopulus": 0.0, "pSalix": 0.0, "pSorbus": 0.0, "pPrunus": 0.0, "pMalus": 0.0, "pPyrus": 0.0, "pOtherLN": 0.0, "pPicea": 0.81, "pPinus": 0.0, "pAbies": 0.0, "pDouglas": 0.0, "pLarix": 0.19, "pOtherNb": 0.0, "pNoEurop": 0.04, "pNoEuropD": 0.04, "pEurop": 0.96, "pDecid": 0.0, "pConifer": 1.0, "pAll": 1.0, "Cell_id": "4446_3066", "EPSG": 31468, "Netz": 16, "Dichte": 8, "Bl": ";16;" }, "geometry": { "type": "Point", "coordinates": [ 11.77637066890283, 50.696476154739514 ] } },
{ "type": "Feature", "properties": { "Tnr": 55554, "mitRand": 1, "AnzHBbeg": 4, "pHaupt": 1.0, "poHaupt": 0.0, "pQuerus": 0.25, "pFagus": 0.0, "pFraxinus": 0.0, "pCarpinus": 0.0, "pAcer": 0.0, "pTilia": 0.0, "pRobinia": 0.0, "pUlmus": 0.0, "pCastanea": 0.0, "pOtherLH": 0.0, "pBetula": 0.114, "pAlnus": 0.0, "pPopulus": 0.0, "pSalix": 0.0, "pSorbus": 0.0, "pPrunus": 0.0, "pMalus": 0.0, "pPyrus": 0.0, "pOtherLN": 0.0, "pPicea": 0.503, "pPinus": 0.097, "pAbies": 0.0, "pDouglas": 0.0, "pLarix": 0.036, "pOtherNb": 0.0, "pNoEurop": 0.447, "pNoEuropD": 0.447, "pEurop": 0.553, "pDecid": 0.364, "pConifer": 0.636, "pAll": 1.0, "Cell_id": "4450_3066", "EPSG": 31468, "Netz": 16, "Dichte": 8, "Bl": ";16;" }, "geometry": { "type": "Point", "coordinates": [ 11.832971987927982, 50.695589485368743 ] } },
{ "type": "Feature", "properties": { "Tnr": 55556, "mitRand": 1, "AnzHBbeg": 4, "pHaupt": 1.0, "poHaupt": 0.0, "pQuerus": 0.029, "pFagus": 0.241, "pFraxinus": 0.0, "pCarpinus": 0.035, "pAcer": 0.0, "pTilia": 0.037, "pRobinia": 0.0, "pUlmus": 0.0, "pCastanea": 0.0, "pOtherLH": 0.0, "pBetula": 0.158, "pAlnus": 0.0, "pPopulus": 0.0, "pSalix": 0.0, "pSorbus": 0.0, "pPrunus": 0.0, "pMalus": 0.0, "pPyrus": 0.0, "pOtherLN": 0.0, "pPicea": 0.205, "pPinus": 0.102, "pAbies": 0.135, "pDouglas": 0.0, "pLarix": 0.057, "pOtherNb": 0.0, "pNoEurop": 0.135, "pNoEuropD": 0.135, "pEurop": 0.865, "pDecid": 0.5, "pConifer": 0.5, "pAll": 1.0, "Cell_id": "4454_3067", "EPSG": 31468, "Netz": 16, "Dichte": 8, "Bl": ";16;" }, "geometry": { "type": "Point", "coordinates": [ 11.889925014885687, 50.703667108176163 ] } },
{ "type": "Feature", "properties": { "Tnr": 55566, "mitRand": 0, "AnzHBbeg": 4, "pHaupt": 1.0, "poHaupt": 0.0, "pQuerus": 0.109, "pFagus": 0.082, "pFraxinus": 0.0, "pCarpinus": 0.0, "pAcer": 0.0, "pTilia": 0.0, "pRobinia": 0.0, "pUlmus": 0.0, "pCastanea": 0.0, "pOtherLH": 0.0, "pBetula": 0.0, "pAlnus": 0.0, "pPopulus": 0.0, "pSalix": 0.0, "pSorbus": 0.0, "pPrunus": 0.0, "pMalus": 0.0, "pPyrus": 0.0, "pOtherLN": 0.0, "pPicea": 0.135, "pPinus": 0.674, "pAbies": 0.0, "pDouglas": 0.0, "pLarix": 0.0, "pOtherNb": 0.0, "pNoEurop": 0.0, "pNoEuropD": 0.0, "pEurop": 1.0, "pDecid": 0.191, "pConifer": 0.809, "pAll": 1.0, "Cell_id": "4474_3067", "EPSG": 31468, "Netz": 16, "Dichte": 8, "Bl": ";16;" }, "geometry": { "type": "Point", "coordinates": [ 12.172916345552018, 50.698673617868927 ] } },
{ "type": "Feature", "properties": { "Tnr": 55568, "mitRand": 1, "AnzHBbeg": 4, "pHaupt": 1.0, "poHaupt": 0.0, "pQuerus": 0.0, "pFagus": 0.025, "pFraxinus": 0.0, "pCarpinus": 0.0, "pAcer": 0.0, "pTilia": 0.0, "pRobinia": 0.0, "pUlmus": 0.0, "pCastanea": 0.0, "pOtherLH": 0.0, "pBetula": 0.0, "pAlnus": 0.0, "pPopulus": 0.0, "pSalix": 0.0, "pSorbus": 0.0, "pPrunus": 0.0, "pMalus": 0.0, "pPyrus": 0.0, "pOtherLN": 0.0, "pPicea": 0.394, "pPinus": 0.203, "pAbies": 0.0, "pDouglas": 0.0, "pLarix": 0.378, "pOtherNb": 0.0, "pNoEurop": 0.0, "pNoEuropD": 0.0, "pEurop": 1.0, "pDecid": 0.025, "pConifer": 0.975, "pAll": 1.0, "Cell_id": "4478_3067", "EPSG": 31468, "Netz": 16, "Dichte": 8, "Bl": ";16;" }, "geometry": { "type": "Point", "coordinates": [ 12.229503640715256, 50.697594329043383 ] } },
{ "type": "Feature", "properties": { "Tnr": 55616, "mitRand": 1, "AnzHBbeg": 2, "pHaupt": 1.0, "poHaupt": 0.0, "pQuerus": 0.0, "pFagus": 0.0, "pFraxinus": 0.0, "pCarpinus": 0.0, "pAcer": 0.0, "pTilia": 0.0, "pRobinia": 0.0, "pUlmus": 0.0, "pCastanea": 0.0, "pOtherLH": 0.0, "pBetula": 0.0, "pAlnus": 0.0, "pPopulus": 0.0, "pSalix": 0.0, "pSorbus": 0.0, "pPrunus": 0.0, "pMalus": 0.0, "pPyrus": 0.0, "pOtherLN": 0.0, "pPicea": 0.06, "pPinus": 0.782, "pAbies": 0.0, "pDouglas": 0.0, "pLarix": 0.158, "pOtherNb": 0.0, "pNoEurop": 0.0, "pNoEuropD": 0.0, "pEurop": 1.0, "pDecid": 0.0, "pConifer": 1.0, "pAll": 1.0, "Cell_id": "4316_3062", "EPSG": 31467, "Netz": 8, "Dichte": 8, "Bl": ";16;" }, "geometry": { "type": "Point", "coordinates": [ 9.936347063363005, 50.674189424032193 ] } },
{ "type": "Feature", "properties": { "Tnr": 55618, "mitRand": 1, "AnzHBbeg": 1, "pHaupt": 1.0, "poHaupt": 0.0, "pQuerus": 0.0, "pFagus": 1.0, "pFraxinus": 0.0, "pCarpinus": 0.0, "pAcer": 0.0, "pTilia": 0.0, "pRobinia": 0.0, "pUlmus": 0.0, "pCastanea": 0.0, "pOtherLH": 0.0, "pBetula": 0.0, "pAlnus": 0.0, "pPopulus": 0.0, "pSalix": 0.0, "pSorbus": 0.0, "pPrunus": 0.0, "pMalus": 0.0, "pPyrus": 0.0, "pOtherLN": 0.0, "pPicea": 0.0, "pPinus": 0.0, "pAbies": 0.0, "pDouglas": 0.0, "pLarix": 0.0, "pOtherNb": 0.0, "pNoEurop": 0.0, "pNoEuropD": 0.0, "pEurop": 1.0, "pDecid": 1.0, "pConifer": 0.0, "pAll": 1.0, "Cell_id": "4320_3062", "EPSG": 31467, "Netz": 8, "Dichte": 8, "Bl": ";16;" }, "geometry": { "type": "Point", "coordinates": [ 9.992935275044788, 50.67420611363908 ] } },
{ "type": "Feature", "properties": { "Tnr": 55624, "mitRand": 1, "AnzHBbeg": 3, "pHaupt": 1.0, "poHaupt": 0.0, "pQuerus": 0.0, "pFagus": 0.729, "pFraxinus": 0.0, "pCarpinus": 0.0, "pAcer": 0.0, "pTilia": 0.0, "pRobinia": 0.0, "pUlmus": 0.0, "pCastanea": 0.0, "pOtherLH": 0.0, "pBetula": 0.0, "pAlnus": 0.0, "pPopulus": 0.0, "pSalix": 0.0, "pSorbus": 0.0, "pPrunus": 0.0, "pMalus": 0.0, "pPyrus": 0.0, "pOtherLN": 0.0, "pPicea": 0.271, "pPinus": 0.0, "pAbies": 0.0, "pDouglas": 0.0, "pLarix": 0.0, "pOtherNb": 0.0, "pNoEurop": 0.0, "pNoEuropD": 0.0, "pEurop": 1.0, "pDecid": 0.729, "pConifer": 0.271, "pAll": 1.0, "Cell_id": "4332_3062", "EPSG": 31467, "Netz": 8, "Dichte": 8, "Bl": ";16;" }, "geometry": { "type": "Point", "coordinates": [ 10.162683113822409, 50.674091468407518 ] } },
{ "type": "Feature", "properties": { "Tnr": 55626, "mitRand": 0, "AnzHBbeg": 4, "pHaupt": 1.0, "poHaupt": 0.0, "pQuerus": 0.0, "pFagus": 0.692, "pFraxinus": 0.132, "pCarpinus": 0.0, "pAcer": 0.0, "pTilia": 0.0, "pRobinia": 0.0, "pUlmus": 0.0, "pCastanea": 0.0, "pOtherLH": 0.0, "pBetula": 0.0, "pAlnus": 0.0, "pPopulus": 0.0, "pSalix": 0.0, "pSorbus": 0.0, "pPrunus": 0.0, "pMalus": 0.0, "pPyrus": 0.0, "pOtherLN": 0.0, "pPicea": 0.021, "pPinus": 0.154, "pAbies": 0.0, "pDouglas": 0.0, "pLarix": 0.0, "pOtherNb": 0.0, "pNoEurop": 0.0, "pNoEuropD": 0.0, "pEurop": 1.0, "pDecid": 0.824, "pConifer": 0.176, "pAll": 1.0, "Cell_id": "4336_3062", "EPSG": 31467, "Netz": 8, "Dichte": 8, "Bl": ";16;" }, "geometry": { "type": "Point", "coordinates": [ 10.219269263081076, 50.67399826311523 ] } },
{ "type": "Feature", "properties": { "Tnr": 55628, "mitRand": 1, "AnzHBbeg": 4, "pHaupt": 1.0, "poHaupt": 0.0, "pQuerus": 0.0, "pFagus": 0.0, "pFraxinus": 0.0, "pCarpinus": 0.0, "pAcer": 0.0, "pTilia": 0.0, "pRobinia": 0.0, "pUlmus": 0.0, "pCastanea": 0.0, "pOtherLH": 0.0, "pBetula": 0.0, "pAlnus": 0.0, "pPopulus": 0.0, "pSalix": 0.0, "pSorbus": 0.0, "pPrunus": 0.0, "pMalus": 0.0, "pPyrus": 0.0, "pOtherLN": 0.0, "pPicea": 0.95, "pPinus": 0.05, "pAbies": 0.0, "pDouglas": 0.0, "pLarix": 0.0, "pOtherNb": 0.0, "pNoEurop": 0.0, "pNoEuropD": 0.0, "pEurop": 1.0, "pDecid": 0.0, "pConifer": 1.0, "pAll": 1.0, "Cell_id": "4340_3062", "EPSG": 31467, "Netz": 8, "Dichte": 8, "Bl": ";16;" }, "geometry": { "type": "Point", "coordinates": [ 10.275854675953578, 50.673877583937028 ] } },
{ "type": "Feature", "properties": { "Tnr": 55630, "mitRand": 1, "AnzHBbeg": 2, "pHaupt": 1.0, "poHaupt": 0.0, "pQuerus": 0.0, "pFagus": 0.0, "pFraxinus": 0.0, "pCarpinus": 0.0, "pAcer": 0.0, "pTilia": 0.0, "pRobinia": 0.0, "pUlmus": 0.0, "pCastanea": 0.0, "pOtherLH": 0.0, "pBetula": 0.0, "pAlnus": 0.0, "pPopulus": 0.0, "pSalix": 0.0, "pSorbus": 0.0, "pPrunus": 0.0, "pMalus": 0.0, "pPyrus": 0.0, "pOtherLN": 0.0, "pPicea": 0.887, "pPinus": 0.113, "pAbies": 0.0, "pDouglas": 0.0, "pLarix": 0.0, "pOtherNb": 0.0, "pNoEurop": 0.0, "pNoEuropD": 0.0, "pEurop": 1.0, "pDecid": 0.0, "pConifer": 1.0, "pAll": 1.0, "Cell_id": "4344_3062", "EPSG": 31467, "Netz": 8, "Dichte": 8, "Bl": ";16;" }, "geometry": { "type": "Point", "coordinates": [ 10.332439264161488, 50.673729431698227 ] } },
{ "type": "Feature", "properties": { "Tnr": 55632, "mitRand": 1, "AnzHBbeg": 4, "pHaupt": 1.0, "poHaupt": 0.0, "pQuerus": 0.0, "pFagus": 0.0, "pFraxinus": 0.0, "pCarpinus": 0.0, "pAcer": 0.0, "pTilia": 0.0, "pRobinia": 0.0, "pUlmus": 0.0, "pCastanea": 0.0, "pOtherLH": 0.0, "pBetula": 0.0, "pAlnus": 0.0, "pPopulus": 0.0, "pSalix": 0.0, "pSorbus": 0.0, "pPrunus": 0.0, "pMalus": 0.0, "pPyrus": 0.0, "pOtherLN": 0.0, "pPicea": 0.509, "pPinus": 0.28, "pAbies": 0.0, "pDouglas": 0.0, "pLarix": 0.21, "pOtherNb": 0.0, "pNoEurop": 0.0, "pNoEuropD": 0.0, "pEurop": 1.0, "pDecid": 0.0, "pConifer": 1.0, "pAll": 1.0, "Cell_id": "4348_3062", "EPSG": 31467, "Netz": 8, "Dichte": 8, "Bl": ";16;" }, "geometry": { "type": "Point", "coordinates": [ 10.389022674015369, 50.67354482060847 ] } },
{ "type": "Feature", "properties": { "Tnr": 55634, "mitRand": 1, "AnzHBbeg": 4, "pHaupt": 1.0, "poHaupt": 0.0, "pQuerus": 0.0, "pFagus": 0.0, "pFraxinus": 0.0, "pCarpinus": 0.0, "pAcer": 0.0, "pTilia": 0.0, "pRobinia": 0.0, "pUlmus": 0.0, "pCastanea": 0.0, "pOtherLH": 0.0, "pBetula": 0.0, "pAlnus": 0.0, "pPopulus": 0.0, "pSalix": 0.0, "pSorbus": 0.0, "pPrunus": 0.0, "pMalus": 0.0, "pPyrus": 0.0, "pOtherLN": 0.0, "pPicea": 0.677, "pPinus": 0.0, "pAbies": 0.0, "pDouglas": 0.0, "pLarix": 0.323, "pOtherNb": 0.0, "pNoEurop": 0.0, "pNoEuropD": 0.0, "pEurop": 1.0, "pDecid": 0.0, "pConifer": 1.0, "pAll": 1.0, "Cell_id": "4352_3062", "EPSG": 31467, "Netz": 8, "Dichte": 8, "Bl": ";16;" }, "geometry": { "type": "Point", "coordinates": [ 10.445605337285503, 50.673341725350319 ] } },
{ "type": "Feature", "properties": { "Tnr": 55636, "mitRand": 1, "AnzHBbeg": 4, "pHaupt": 1.0, "poHaupt": 0.0, "pQuerus": 0.0, "pFagus": 0.444, "pFraxinus": 0.125, "pCarpinus": 0.0, "pAcer": 0.122, "pTilia": 0.0, "pRobinia": 0.0, "pUlmus": 0.0, "pCastanea": 0.0, "pOtherLH": 0.0, "pBetula": 0.0, "pAlnus": 0.0, "pPopulus": 0.0, "pSalix": 0.0, "pSorbus": 0.059, "pPrunus": 0.0, "pMalus": 0.0, "pPyrus": 0.0, "pOtherLN": 0.0, "pPicea": 0.075, "pPinus": 0.0, "pAbies": 0.0, "pDouglas": 0.0, "pLarix": 0.175, "pOtherNb": 0.0, "pNoEurop": 0.0, "pNoEuropD": 0.0, "pEurop": 1.0, "pDecid": 0.75, "pConifer": 0.25, "pAll": 1.0, "Cell_id": "4356_3062", "EPSG": 31468, "Netz": 8, "Dichte": 8, "Bl": ";16;" }, "geometry": { "type": "Point", "coordinates": [ 10.502186911101258, 50.673111160125515 ] } },
{ "type": "Feature", "properties": { "Tnr": 55640, "mitRand": 1, "AnzHBbeg": 4, "pHaupt": 1.0, "poHaupt": 0.0, "pQuerus": 0.0, "pFagus": 0.0, "pFraxinus": 0.0, "pCarpinus": 0.0, "pAcer": 0.0, "pTilia": 0.0, "pRobinia": 0.0, "pUlmus": 0.0, "pCastanea": 0.0, "pOtherLH": 0.0, "pBetula": 0.174, "pAlnus": 0.0, "pPopulus": 0.0, "pSalix": 0.074, "pSorbus": 0.078, "pPrunus": 0.0, "pMalus": 0.0, "pPyrus": 0.0, "pOtherLN": 0.0, "pPicea": 0.674, "pPinus": 0.0, "pAbies": 0.0, "pDouglas": 0.0, "pLarix": 0.0, "pOtherNb": 0.0, "pNoEurop": 0.0, "pNoEuropD": 0.0, "pEurop": 1.0, "pDecid": 0.326, "pConifer": 0.674, "pAll": 1.0, "Cell_id": "4364_3062", "EPSG": 31468, "Netz": 8, "Dichte": 8, "Bl": ";16;" }, "geometry": { "type": "Point", "coordinates": [ 10.615346128778627, 50.6725586390166 ] } },
{ "type": "Feature", "properties": { "Tnr": 55642, "mitRand": 1, "AnzHBbeg": 4, "pHaupt": 1.0, "poHaupt": 0.0, "pQuerus": 0.0, "pFagus": 0.549, "pFraxinus": 0.0, "pCarpinus": 0.0, "pAcer": 0.0, "pTilia": 0.0, "pRobinia": 0.0, "pUlmus": 0.0, "pCastanea": 0.0, "pOtherLH": 0.0, "pBetula": 0.0, "pAlnus": 0.0, "pPopulus": 0.0, "pSalix": 0.0, "pSorbus": 0.25, "pPrunus": 0.0, "pMalus": 0.0, "pPyrus": 0.0, "pOtherLN": 0.0, "pPicea": 0.201, "pPinus": 0.0, "pAbies": 0.0, "pDouglas": 0.0, "pLarix": 0.0, "pOtherNb": 0.0, "pNoEurop": 0.0, "pNoEuropD": 0.0, "pEurop": 1.0, "pDecid": 0.799, "pConifer": 0.201, "pAll": 1.0, "Cell_id": "4368_3062", "EPSG": 31468, "Netz": 8, "Dichte": 8, "Bl": ";16;" }, "geometry": { "type": "Point", "coordinates": [ 10.671923894001345, 50.67224567194063 ] } },
{ "type": "Feature", "properties": { "Tnr": 55644, "mitRand": 1, "AnzHBbeg": 4, "pHaupt": 1.0, "poHaupt": 0.0, "pQuerus": 0.0, "pFagus": 0.0, "pFraxinus": 0.0, "pCarpinus": 0.0, "pAcer": 0.0, "pTilia": 0.0, "pRobinia": 0.0, "pUlmus": 0.0, "pCastanea": 0.0, "pOtherLH": 0.0, "pBetula": 0.028, "pAlnus": 0.0, "pPopulus": 0.0, "pSalix": 0.0, "pSorbus": 0.0, "pPrunus": 0.0, "pMalus": 0.0, "pPyrus": 0.0, "pOtherLN": 0.0, "pPicea": 0.972, "pPinus": 0.0, "pAbies": 0.0, "pDouglas": 0.0, "pLarix": 0.0, "pOtherNb": 0.0, "pNoEurop": 0.0, "pNoEuropD": 0.0, "pEurop": 1.0, "pDecid": 0.028, "pConifer": 0.972, "pAll": 1.0, "Cell_id": "4372_3062", "EPSG": 31468, "Netz": 8, "Dichte": 8, "Bl": ";16;" }, "geometry": { "type": "Point", "coordinates": [ 10.728500216853252, 50.67190524044112 ] } },
{ "type": "Feature", "properties": { "Tnr": 55648, "mitRand": 1, "AnzHBbeg": 4, "pHaupt": 1.0, "poHaupt": 0.0, "pQuerus": 0.0, "pFagus": 0.0, "pFraxinus": 0.0, "pCarpinus": 0.0, "pAcer": 0.0, "pTilia": 0.0, "pRobinia": 0.0, "pUlmus": 0.0, "pCastanea": 0.0, "pOtherLH": 0.0, "pBetula": 0.0, "pAlnus": 0.0, "pPopulus": 0.0, "pSalix": 0.0, "pSorbus": 0.0, "pPrunus": 0.0, "pMalus": 0.0, "pPyrus": 0.0, "pOtherLN": 0.0, "pPicea": 1.0, "pPinus": 0.0, "pAbies": 0.0, "pDouglas": 0.0, "pLarix": 0.0, "pOtherNb": 0.0, "pNoEurop": 0.0, "pNoEuropD": 0.0, "pEurop": 1.0, "pDecid": 0.0, "pConifer": 1.0, "pAll": 1.0, "Cell_id": "4380_3063", "EPSG": 31468, "Netz": 8, "Dichte": 8, "Bl": ";16;" }, "geometry": { "type": "Point", "coordinates": [ 10.841815888554912, 50.680120621331724 ] } },
{ "type": "Feature", "properties": { "Tnr": 55650, "mitRand": 1, "AnzHBbeg": 4, "pHaupt": 1.0, "poHaupt": 0.0, "pQuerus": 0.01, "pFagus": 0.0, "pFraxinus": 0.0, "pCarpinus": 0.0, "pAcer": 0.021, "pTilia": 0.0, "pRobinia": 0.0, "pUlmus": 0.0, "pCastanea": 0.0, "pOtherLH": 0.0, "pBetula": 0.124, "pAlnus": 0.0, "pPopulus": 0.0, "pSalix": 0.103, "pSorbus": 0.031, "pPrunus": 0.0, "pMalus": 0.0, "pPyrus": 0.0, "pOtherLN": 0.0, "pPicea": 0.68, "pPinus": 0.031, "pAbies": 0.0, "pDouglas": 0.0, "pLarix": 0.0, "pOtherNb": 0.0, "pNoEurop": 0.01, "pNoEuropD": 0.01, "pEurop": 0.99, "pDecid": 0.289, "pConifer": 0.711, "pAll": 1.0, "Cell_id": "4384_3063", "EPSG": 31468, "Netz": 8, "Dichte": 8, "Bl": ";16;" }, "geometry": { "type": "Point", "coordinates": [ 10.898411925031654, 50.679688391933567 ] } },
{ "type": "Feature", "properties": { "Tnr": 55652, "mitRand": 1, "AnzHBbeg": 2, "pHaupt": 1.0, "poHaupt": 0.0, "pQuerus": 0.089, "pFagus": 0.0, "pFraxinus": 0.213, "pCarpinus": 0.0, "pAcer": 0.287, "pTilia": 0.0, "pRobinia": 0.0, "pUlmus": 0.0, "pCastanea": 0.0, "pOtherLH": 0.0, "pBetula": 0.0, "pAlnus": 0.0, "pPopulus": 0.0, "pSalix": 0.0, "pSorbus": 0.0, "pPrunus": 0.0, "pMalus": 0.0, "pPyrus": 0.0, "pOtherLN": 0.0, "pPicea": 0.135, "pPinus": 0.275, "pAbies": 0.0, "pDouglas": 0.0, "pLarix": 0.0, "pOtherNb": 0.0, "pNoEurop": 0.0, "pNoEuropD": 0.0, "pEurop": 1.0, "pDecid": 0.589, "pConifer": 0.411, "pAll": 1.0, "Cell_id": "4388_3063", "EPSG": 31468, "Netz": 8, "Dichte": 8, "Bl": ";16;" }, "geometry": { "type": "Point", "coordinates": [ 10.954992376227578, 50.679237904876331 ] } },
{ "type": "Feature", "properties": { "Tnr": 55654, "mitRand": 0, "AnzHBbeg": 3, "pHaupt": 1.0, "poHaupt": 0.0, "pQuerus": 0.0, "pFagus": 0.0, "pFraxinus": 0.0, "pCarpinus": 0.0, "pAcer": 0.0, "pTilia": 0.0, "pRobinia": 0.0, "pUlmus": 0.0, "pCastanea": 0.0, "pOtherLH": 0.0, "pBetula": 0.067, "pAlnus": 0.0, "pPopulus": 0.0, "pSalix": 0.0, "pSorbus": 0.0, "pPrunus": 0.0, "pMalus": 0.0, "pPyrus": 0.0, "pOtherLN": 0.0, "pPicea": 0.253, "pPinus": 0.68, "pAbies": 0.0, "pDouglas": 0.0, "pLarix": 0.0, "pOtherNb": 0.0, "pNoEurop": 0.0, "pNoEuropD": 0.0, "pEurop": 1.0, "pDecid": 0.067, "pConifer": 0.933, "pAll": 1.0, "Cell_id": "4392_3063", "EPSG": 31468, "Netz": 8, "Dichte": 8, "Bl": ";16;" }, "geometry": { "type": "Point", "coordinates": [ 11.0115846978962, 50.678750725879205 ] } },
{ "type": "Feature", "properties": { "Tnr": 55656, "mitRand": 1, "AnzHBbeg": 4, "pHaupt": 1.0, "poHaupt": 0.0, "pQuerus": 0.0, "pFagus": 0.0, "pFraxinus": 0.0, "pCarpinus": 0.0, "pAcer": 0.0, "pTilia": 0.0, "pRobinia": 0.0, "pUlmus": 0.0, "pCastanea": 0.0, "pOtherLH": 0.0, "pBetula": 0.0, "pAlnus": 0.0, "pPopulus": 0.0, "pSalix": 0.0, "pSorbus": 0.0, "pPrunus": 0.0, "pMalus": 0.0, "pPyrus": 0.0, "pOtherLN": 0.0, "pPicea": 0.0, "pPinus": 1.0, "pAbies": 0.0, "pDouglas": 0.0, "pLarix": 0.0, "pOtherNb": 0.0, "pNoEurop": 0.0, "pNoEuropD": 0.0, "pEurop": 1.0, "pDecid": 0.0, "pConifer": 1.0, "pAll": 1.0, "Cell_id": "4396_3063", "EPSG": 31468, "Netz": 8, "Dichte": 8, "Bl": ";16;" }, "geometry": { "type": "Point", "coordinates": [ 11.068161280675456, 50.678245306560648 ] } },
{ "type": "Feature", "properties": { "Tnr": 55660, "mitRand": 0, "AnzHBbeg": 4, "pHaupt": 1.0, "poHaupt": 0.0, "pQuerus": 0.042, "pFagus": 0.0, "pFraxinus": 0.0, "pCarpinus": 0.0, "pAcer": 0.0, "pTilia": 0.0, "pRobinia": 0.0, "pUlmus": 0.0, "pCastanea": 0.0, "pOtherLH": 0.0, "pBetula": 0.0, "pAlnus": 0.0, "pPopulus": 0.0, "pSalix": 0.0, "pSorbus": 0.0, "pPrunus": 0.0, "pMalus": 0.0, "pPyrus": 0.0, "pOtherLN": 0.0, "pPicea": 0.475, "pPinus": 0.483, "pAbies": 0.0, "pDouglas": 0.0, "pLarix": 0.0, "pOtherNb": 0.0, "pNoEurop": 0.0, "pNoEuropD": 0.0, "pEurop": 1.0, "pDecid": 0.042, "pConifer": 0.958, "pAll": 1.0, "Cell_id": "4404_3063", "EPSG": 31468, "Netz": 8, "Dichte": 8, "Bl": ";16;" }, "geometry": { "type": "Point", "coordinates": [ 11.181321896284297, 50.677142844065536 ] } },
{ "type": "Feature", "properties": { "Tnr": 55662, "mitRand": 1, "AnzHBbeg": 3, "pHaupt": 1.0, "poHaupt": 0.0, "pQuerus": 0.263, "pFagus": 0.191, "pFraxinus": 0.0, "pCarpinus": 0.0, "pAcer": 0.187, "pTilia": 0.0, "pRobinia": 0.0, "pUlmus": 0.0, "pCastanea": 0.0, "pOtherLH": 0.0, "pBetula": 0.0, "pAlnus": 0.0, "pPopulus": 0.0, "pSalix": 0.0, "pSorbus": 0.142, "pPrunus": 0.0, "pMalus": 0.0, "pPyrus": 0.0, "pOtherLN": 0.0, "pPicea": 0.216, "pPinus": 0.0, "pAbies": 0.0, "pDouglas": 0.0, "pLarix": 0.0, "pOtherNb": 0.0, "pNoEurop": 0.0, "pNoEuropD": 0.0, "pEurop": 1.0, "pDecid": 0.784, "pConifer": 0.216, "pAll": 1.0, "Cell_id": "4408_3063", "EPSG": 31468, "Netz": 8, "Dichte": 8, "Bl": ";16;" }, "geometry": { "type": "Point", "coordinates": [ 11.237905729832423, 50.676545792650913 ] } },
{ "type": "Feature", "properties": { "Tnr": 55666, "mitRand": 0, "AnzHBbeg": 4, "pHaupt": 1.0, "poHaupt": 0.0, "pQuerus": 0.0, "pFagus": 0.0, "pFraxinus": 0.0, "pCarpinus": 0.0, "pAcer": 0.0, "pTilia": 0.0, "pRobinia": 0.0, "pUlmus": 0.0, "pCastanea": 0.0, "pOtherLH": 0.0, "pBetula": 0.0, "pAlnus": 0.0, "pPopulus": 0.0, "pSalix": 0.0, "pSorbus": 0.0, "pPrunus": 0.0, "pMalus": 0.0, "pPyrus": 0.0, "pOtherLN": 0.0, "pPicea": 0.25, "pPinus": 0.75, "pAbies": 0.0, "pDouglas": 0.0, "pLarix": 0.0, "pOtherNb": 0.0, "pNoEurop": 0.0, "pNoEuropD": 0.0, "pEurop": 1.0, "pDecid": 0.0, "pConifer": 1.0, "pAll": 1.0, "Cell_id": "4416_3064", "EPSG": 31468, "Netz": 8, "Dichte": 8, "Bl": ";16;" }, "geometry": { "type": "Point", "coordinates": [ 11.351317989769475, 50.684264047986119 ] } },
{ "type": "Feature", "properties": { "Tnr": 55668, "mitRand": 0, "AnzHBbeg": 4, "pHaupt": 1.0, "poHaupt": 0.0, "pQuerus": 0.0, "pFagus": 0.0, "pFraxinus": 0.0, "pCarpinus": 0.0, "pAcer": 0.0, "pTilia": 0.0, "pRobinia": 0.0, "pUlmus": 0.0, "pCastanea": 0.0, "pOtherLH": 0.0, "pBetula": 0.118, "pAlnus": 0.0, "pPopulus": 0.0, "pSalix": 0.0, "pSorbus": 0.0, "pPrunus": 0.0, "pMalus": 0.0, "pPyrus": 0.0, "pOtherLN": 0.0, "pPicea": 0.0, "pPinus": 0.882, "pAbies": 0.0, "pDouglas": 0.0, "pLarix": 0.0, "pOtherNb": 0.0, "pNoEurop": 0.0, "pNoEuropD": 0.0, "pEurop": 1.0, "pDecid": 0.118, "pConifer": 0.882, "pAll": 1.0, "Cell_id": "4420_3064", "EPSG": 31468, "Netz": 8, "Dichte": 8, "Bl": ";16;" }, "geometry": { "type": "Point", "coordinates": [ 11.407905324810862, 50.683584336747465 ] } },
{ "type": "Feature", "properties": { "Tnr": 55670, "mitRand": 0, "AnzHBbeg": 4, "pHaupt": 1.0, "poHaupt": 0.0, "pQuerus": 0.0, "pFagus": 0.0, "pFraxinus": 0.0, "pCarpinus": 0.0, "pAcer": 0.0, "pTilia": 0.0, "pRobinia": 0.0, "pUlmus": 0.0, "pCastanea": 0.0, "pOtherLH": 0.0, "pBetula": 0.0, "pAlnus": 0.0, "pPopulus": 0.0, "pSalix": 0.0, "pSorbus": 0.0, "pPrunus": 0.0, "pMalus": 0.0, "pPyrus": 0.0, "pOtherLN": 0.0, "pPicea": 0.0, "pPinus": 1.0, "pAbies": 0.0, "pDouglas": 0.0, "pLarix": 0.0, "pOtherNb": 0.0, "pNoEurop": 0.0, "pNoEuropD": 0.0, "pEurop": 1.0, "pDecid": 0.0, "pConifer": 1.0, "pAll": 1.0, "Cell_id": "4424_3064", "EPSG": 31468, "Netz": 8, "Dichte": 8, "Bl": ";16;" }, "geometry": { "type": "Point", "coordinates": [ 11.464504181745175, 50.682876860784091 ] } },
{ "type": "Feature", "properties": { "Tnr": 55674, "mitRand": 1, "AnzHBbeg": 1, "pHaupt": 0.0, "poHaupt": 1.0, "pQuerus": 0.0, "pFagus": 0.0, "pFraxinus": 0.0, "pCarpinus": 0.0, "pAcer": 0.0, "pTilia": 0.0, "pRobinia": 0.0, "pUlmus": 0.0, "pCastanea": 0.0, "pOtherLH": 0.0, "pBetula": 0.0, "pAlnus": 0.0, "pPopulus": 0.0, "pSalix": 0.0, "pSorbus": 0.0, "pPrunus": 0.0, "pMalus": 0.0, "pPyrus": 0.0, "pOtherLN": 0.0, "pPicea": 0.0, "pPinus": 0.0, "pAbies": 0.0, "pDouglas": 0.0, "pLarix": 0.0, "pOtherNb": 0.0, "pNoEurop": 0.0, "pNoEuropD": 0.0, "pEurop": 0.0, "pDecid": 0.0, "pConifer": 0.0, "pAll": 0.0, "Cell_id": "4432_3064", "EPSG": 31468, "Netz": 8, "Dichte": 8, "Bl": ";16;" }, "geometry": { "type": "Point", "coordinates": [ 11.577665919191599, 50.681389089012008 ] } },
{ "type": "Feature", "properties": { "Tnr": 55678, "mitRand": 0, "AnzHBbeg": 1, "pHaupt": 1.0, "poHaupt": 0.0, "pQuerus": 0.0, "pFagus": 0.0, "pFraxinus": 0.0, "pCarpinus": 0.0, "pAcer": 0.0, "pTilia": 0.0, "pRobinia": 0.0, "pUlmus": 0.0, "pCastanea": 0.0, "pOtherLH": 0.0, "pBetula": 0.0, "pAlnus": 0.0, "pPopulus": 0.0, "pSalix": 0.0, "pSorbus": 0.0, "pPrunus": 0.0, "pMalus": 0.0, "pPyrus": 0.0, "pOtherLN": 0.0, "pPicea": 0.0, "pPinus": 1.0, "pAbies": 0.0, "pDouglas": 0.0, "pLarix": 0.0, "pOtherNb": 0.0, "pNoEurop": 1.0, "pNoEuropD": 1.0, "pEurop": 0.0, "pDecid": 0.0, "pConifer": 1.0, "pAll": 1.0, "Cell_id": "4440_3064", "EPSG": 31468, "Netz": 8, "Dichte": 8, "Bl": ";16;" }, "geometry": { "type": "Point", "coordinates": [ 11.690829804363371, 50.679782184461494 ] } },
{ "type": "Feature", "properties": { "Tnr": 55680, "mitRand": 1, "AnzHBbeg": 4, "pHaupt": 1.0, "poHaupt": 0.0, "pQuerus": 0.0, "pFagus": 0.0, "pFraxinus": 0.0, "pCarpinus": 0.0, "pAcer": 0.0, "pTilia": 0.0, "pRobinia": 0.0, "pUlmus": 0.0, "pCastanea": 0.0, "pOtherLH": 0.0, "pBetula": 0.272, "pAlnus": 0.048, "pPopulus": 0.0, "pSalix": 0.0, "pSorbus": 0.0, "pPrunus": 0.0, "pMalus": 0.0, "pPyrus": 0.0, "pOtherLN": 0.0, "pPicea": 0.68, "pPinus": 0.0, "pAbies": 0.0, "pDouglas": 0.0, "pLarix": 0.0, "pOtherNb": 0.0, "pNoEurop": 0.0, "pNoEuropD": 0.0, "pEurop": 1.0, "pDecid": 0.32, "pConifer": 0.68, "pAll": 1.0, "Cell_id": "4444_3064", "EPSG": 31468, "Netz": 8, "Dichte": 8, "Bl": ";16;" }, "geometry": { "type": "Point", "coordinates": [ 11.747400141845622, 50.67893771246878 ] } },
{ "type": "Feature", "properties": { "Tnr": 55682, "mitRand": 1, "AnzHBbeg": 3, "pHaupt": 1.0, "poHaupt": 0.0, "pQuerus": 0.0, "pFagus": 0.0, "pFraxinus": 0.0, "pCarpinus": 0.0, "pAcer": 0.0, "pTilia": 0.0, "pRobinia": 0.0, "pUlmus": 0.0, "pCastanea": 0.0, "pOtherLH": 0.0, "pBetula": 0.29, "pAlnus": 0.0, "pPopulus": 0.0, "pSalix": 0.0, "pSorbus": 0.0, "pPrunus": 0.0, "pMalus": 0.0, "pPyrus": 0.0, "pOtherLN": 0.0, "pPicea": 0.71, "pPinus": 0.0, "pAbies": 0.0, "pDouglas": 0.0, "pLarix": 0.0, "pOtherNb": 0.0, "pNoEurop": 0.0, "pNoEuropD": 0.0, "pEurop": 1.0, "pDecid": 0.29, "pConifer": 0.71, "pAll": 1.0, "Cell_id": "4448_3064", "EPSG": 31468, "Netz": 8, "Dichte": 8, "Bl": ";16;" }, "geometry": { "type": "Point", "coordinates": [ 11.803981467491367, 50.678065454038119 ] } },
{ "type": "Feature", "properties": { "Tnr": 55684, "mitRand": 1, "AnzHBbeg": 3, "pHaupt": 1.0, "poHaupt": 0.0, "pQuerus": 0.085, "pFagus": 0.0, "pFraxinus": 0.0, "pCarpinus": 0.0, "pAcer": 0.0, "pTilia": 0.0, "pRobinia": 0.0, "pUlmus": 0.0, "pCastanea": 0.0, "pOtherLH": 0.0, "pBetula": 0.0, "pAlnus": 0.0, "pPopulus": 0.0, "pSalix": 0.0, "pSorbus": 0.0, "pPrunus": 0.0, "pMalus": 0.0, "pPyrus": 0.0, "pOtherLN": 0.0, "pPicea": 0.915, "pPinus": 0.0, "pAbies": 0.0, "pDouglas": 0.0, "pLarix": 0.0, "pOtherNb": 0.0, "pNoEurop": 0.0, "pNoEuropD": 0.0, "pEurop": 1.0, "pDecid": 0.085, "pConifer": 0.915, "pAll": 1.0, "Cell_id": "4452_3065", "EPSG": 31468, "Netz": 8, "Dichte": 8, "Bl": ";16;" }, "geometry": { "type": "Point", "coordinates": [ 11.860908185681353, 50.686148730759854 ] } },
{ "type": "Feature", "properties": { "Tnr": 55690, "mitRand": 1, "AnzHBbeg": 2, "pHaupt": 1.0, "poHaupt": 0.0, "pQuerus": 0.0, "pFagus": 0.0, "pFraxinus": 0.0, "pCarpinus": 0.0, "pAcer": 0.0, "pTilia": 0.0, "pRobinia": 0.0, "pUlmus": 0.0, "pCastanea": 0.0, "pOtherLH": 0.0, "pBetula": 0.0, "pAlnus": 0.0, "pPopulus": 0.0, "pSalix": 0.0, "pSorbus": 0.0, "pPrunus": 0.0, "pMalus": 0.0, "pPyrus": 0.0, "pOtherLN": 0.0, "pPicea": 0.0, "pPinus": 1.0, "pAbies": 0.0, "pDouglas": 0.0, "pLarix": 0.0, "pOtherNb": 0.0, "pNoEurop": 0.5, "pNoEuropD": 0.5, "pEurop": 0.5, "pDecid": 0.0, "pConifer": 1.0, "pAll": 1.0, "Cell_id": "4464_3065", "EPSG": 31468, "Netz": 8, "Dichte": 8, "Bl": ";16;" }, "geometry": { "type": "Point", "coordinates": [ 12.030654557505192, 50.683283808504683 ] } },
{ "type": "Feature", "properties": { "Tnr": 55694, "mitRand": 1, "AnzHBbeg": 3, "pHaupt": 1.0, "poHaupt": 0.0, "pQuerus": 0.036, "pFagus": 0.0, "pFraxinus": 0.0, "pCarpinus": 0.0, "pAcer": 0.0, "pTilia": 0.0, "pRobinia": 0.0, "pUlmus": 0.0, "pCastanea": 0.0, "pOtherLH": 0.0, "pBetula": 0.157, "pAlnus": 0.0, "pPopulus": 0.0, "pSalix": 0.0, "pSorbus": 0.0, "pPrunus": 0.0, "pMalus": 0.0, "pPyrus": 0.0, "pOtherLN": 0.0, "pPicea": 0.333, "pPinus": 0.379, "pAbies": 0.0, "pDouglas": 0.0, "pLarix": 0.095, "pOtherNb": 0.0, "pNoEurop": 0.0, "pNoEuropD": 0.0, "pEurop": 1.0, "pDecid": 0.193, "pConifer": 0.807, "pAll": 1.0, "Cell_id": "4472_3065", "EPSG": 31468, "Netz": 8, "Dichte": 8, "Bl": ";16;" }, "geometry": { "type": "Point", "coordinates": [ 12.143801019205057, 50.681236605977219 ] } },
{ "type": "Feature", "properties": { "Tnr": 55696, "mitRand": 1, "AnzHBbeg": 4, "pHaupt": 1.0, "poHaupt": 0.0, "pQuerus": 0.0, "pFagus": 0.0, "pFraxinus": 0.0, "pCarpinus": 0.0, "pAcer": 0.0, "pTilia": 0.0, "pRobinia": 0.0, "pUlmus": 0.0, "pCastanea": 0.0, "pOtherLH": 0.0, "pBetula": 0.0, "pAlnus": 0.0, "pPopulus": 0.0, "pSalix": 0.0, "pSorbus": 0.0, "pPrunus": 0.0, "pMalus": 0.0, "pPyrus": 0.0, "pOtherLN": 0.0, "pPicea": 0.877, "pPinus": 0.123, "pAbies": 0.0, "pDouglas": 0.0, "pLarix": 0.0, "pOtherNb": 0.0, "pNoEurop": 0.0, "pNoEuropD": 0.0, "pEurop": 1.0, "pDecid": 0.0, "pConifer": 1.0, "pAll": 1.0, "Cell_id": "4476_3065", "EPSG": 31468, "Netz": 8, "Dichte": 8, "Bl": ";16;" }, "geometry": { "type": "Point", "coordinates": [ 12.200368039193464, 50.680162865404782 ] } },
{ "type": "Feature", "properties": { "Tnr": 55700, "mitRand": 1, "AnzHBbeg": 1, "pHaupt": 1.0, "poHaupt": 0.0, "pQuerus": 0.0, "pFagus": 0.0, "pFraxinus": 0.0, "pCarpinus": 0.0, "pAcer": 0.0, "pTilia": 0.0, "pRobinia": 0.0, "pUlmus": 0.0, "pCastanea": 0.0, "pOtherLH": 0.0, "pBetula": 0.0, "pAlnus": 0.0, "pPopulus": 0.0, "pSalix": 0.0, "pSorbus": 0.0, "pPrunus": 0.0, "pMalus": 0.0, "pPyrus": 0.0, "pOtherLN": 0.0, "pPicea": 1.0, "pPinus": 0.0, "pAbies": 0.0, "pDouglas": 0.0, "pLarix": 0.0, "pOtherNb": 0.0, "pNoEurop": 0.0, "pNoEuropD": 0.0, "pEurop": 1.0, "pDecid": 0.0, "pConifer": 1.0, "pAll": 1.0, "Cell_id": "4484_3065", "EPSG": 31468, "Netz": 8, "Dichte": 8, "Bl": ";16;" }, "geometry": { "type": "Point", "coordinates": [ 12.313505765547459, 50.677950627376362 ] } },
{ "type": "Feature", "properties": { "Tnr": 55747, "mitRand": 1, "AnzHBbeg": 2, "pHaupt": 1.0, "poHaupt": 0.0, "pQuerus": 0.0, "pFagus": 0.39, "pFraxinus": 0.5, "pCarpinus": 0.0, "pAcer": 0.0, "pTilia": 0.0, "pRobinia": 0.0, "pUlmus": 0.0, "pCastanea": 0.0, "pOtherLH": 0.0, "pBetula": 0.0, "pAlnus": 0.0, "pPopulus": 0.0, "pSalix": 0.0, "pSorbus": 0.0, "pPrunus": 0.0, "pMalus": 0.0, "pPyrus": 0.0, "pOtherLN": 0.0, "pPicea": 0.11, "pPinus": 0.0, "pAbies": 0.0, "pDouglas": 0.0, "pLarix": 0.0, "pOtherNb": 0.0, "pNoEurop": 0.0, "pNoEuropD": 0.0, "pEurop": 1.0, "pDecid": 0.89, "pConifer": 0.11, "pAll": 1.0, "Cell_id": "4326_3060", "EPSG": 31467, "Netz": 16, "Dichte": 8, "Bl": ";16;" }, "geometry": { "type": "Point", "coordinates": [ 10.077772665442749, 50.656200661121744 ] } },
{ "type": "Feature", "properties": { "Tnr": 55755, "mitRand": 0, "AnzHBbeg": 4, "pHaupt": 1.0, "poHaupt": 0.0, "pQuerus": 0.0, "pFagus": 0.022, "pFraxinus": 0.0, "pCarpinus": 0.0, "pAcer": 0.0, "pTilia": 0.0, "pRobinia": 0.0, "pUlmus": 0.0, "pCastanea": 0.0, "pOtherLH": 0.0, "pBetula": 0.159, "pAlnus": 0.0, "pPopulus": 0.0, "pSalix": 0.0, "pSorbus": 0.0, "pPrunus": 0.0, "pMalus": 0.0, "pPyrus": 0.0, "pOtherLN": 0.0, "pPicea": 0.21, "pPinus": 0.412, "pAbies": 0.0, "pDouglas": 0.0, "pLarix": 0.196, "pOtherNb": 0.0, "pNoEurop": 0.0, "pNoEuropD": 0.0, "pEurop": 1.0, "pDecid": 0.181, "pConifer": 0.819, "pAll": 1.0, "Cell_id": "4342_3060", "EPSG": 31467, "Netz": 16, "Dichte": 8, "Bl": ";16;" }, "geometry": { "type": "Point", "coordinates": [ 10.304030614477057, 50.655828577872228 ] } },
{ "type": "Feature", "properties": { "Tnr": 55759, "mitRand": 1, "AnzHBbeg": 2, "pHaupt": 1.0, "poHaupt": 0.0, "pQuerus": 0.743, "pFagus": 0.032, "pFraxinus": 0.0, "pCarpinus": 0.0, "pAcer": 0.0, "pTilia": 0.0, "pRobinia": 0.0, "pUlmus": 0.0, "pCastanea": 0.0, "pOtherLH": 0.0, "pBetula": 0.0, "pAlnus": 0.0, "pPopulus": 0.0, "pSalix": 0.0, "pSorbus": 0.0, "pPrunus": 0.0, "pMalus": 0.0, "pPyrus": 0.0, "pOtherLN": 0.0, "pPicea": 0.065, "pPinus": 0.16, "pAbies": 0.0, "pDouglas": 0.0, "pLarix": 0.0, "pOtherNb": 0.0, "pNoEurop": 0.0, "pNoEuropD": 0.0, "pEurop": 1.0, "pDecid": 0.775, "pConifer": 0.225, "pAll": 1.0, "Cell_id": "4350_3060", "EPSG": 31467, "Netz": 16, "Dichte": 8, "Bl": ";16;" }, "geometry": { "type": "Point", "coordinates": [ 10.41715446382783, 50.655468815580008 ] } },
{ "type": "Feature", "properties": { "Tnr": 55761, "mitRand": 1, "AnzHBbeg": 4, "pHaupt": 0.75, "poHaupt": 0.25, "pQuerus": 0.0, "pFagus": 0.0, "pFraxinus": 0.0, "pCarpinus": 0.0, "pAcer": 0.0, "pTilia": 0.0, "pRobinia": 0.0, "pUlmus": 0.0, "pCastanea": 0.0, "pOtherLH": 0.0, "pBetula": 0.0, "pAlnus": 0.0, "pPopulus": 0.0, "pSalix": 0.0, "pSorbus": 0.0, "pPrunus": 0.0, "pMalus": 0.0, "pPyrus": 0.0, "pOtherLN": 0.0, "pPicea": 0.255, "pPinus": 0.351, "pAbies": 0.0, "pDouglas": 0.0, "pLarix": 0.144, "pOtherNb": 0.0, "pNoEurop": 0.0, "pNoEuropD": 0.0, "pEurop": 0.75, "pDecid": 0.0, "pConifer": 0.75, "pAll": 0.75, "Cell_id": "4354_3060", "EPSG": 31467, "Netz": 256, "Dichte": 8, "Bl": ";16;" }, "geometry": { "type": "Point", "coordinates": [ 10.473714990853443, 50.655252247797435 ] } },
{ "type": "Feature", "properties": { "Tnr": 55763, "mitRand": 1, "AnzHBbeg": 4, "pHaupt": 1.0, "poHaupt": 0.0, "pQuerus": 0.0, "pFagus": 0.0, "pFraxinus": 0.0, "pCarpinus": 0.0, "pAcer": 0.0, "pTilia": 0.0, "pRobinia": 0.0, "pUlmus": 0.0, "pCastanea": 0.0, "pOtherLH": 0.0, "pBetula": 0.0, "pAlnus": 0.0, "pPopulus": 0.0, "pSalix": 0.0, "pSorbus": 0.0, "pPrunus": 0.0, "pMalus": 0.0, "pPyrus": 0.0, "pOtherLN": 0.0, "pPicea": 0.053, "pPinus": 0.383, "pAbies": 0.0, "pDouglas": 0.0, "pLarix": 0.564, "pOtherNb": 0.0, "pNoEurop": 0.0, "pNoEuropD": 0.0, "pEurop": 1.0, "pDecid": 0.0, "pConifer": 1.0, "pAll": 1.0, "Cell_id": "4358_3060", "EPSG": 31468, "Netz": 256, "Dichte": 8, "Bl": ";16;" }, "geometry": { "type": "Point", "coordinates": [ 10.530274385588442, 50.655008228109537 ] } },
{ "type": "Feature", "properties": { "Tnr": 55765, "mitRand": 1, "AnzHBbeg": 3, "pHaupt": 1.0, "poHaupt": 0.0, "pQuerus": 0.0, "pFagus": 0.0, "pFraxinus": 0.0, "pCarpinus": 0.0, "pAcer": 0.0, "pTilia": 0.0, "pRobinia": 0.0, "pUlmus": 0.0, "pCastanea": 0.0, "pOtherLH": 0.0, "pBetula": 0.0, "pAlnus": 0.0, "pPopulus": 0.0, "pSalix": 0.0, "pSorbus": 0.0, "pPrunus": 0.0, "pMalus": 0.0, "pPyrus": 0.0, "pOtherLN": 0.0, "pPicea": 0.476, "pPinus": 0.168, "pAbies": 0.0, "pDouglas": 0.0, "pLarix": 0.356, "pOtherNb": 0.0, "pNoEurop": 0.0, "pNoEuropD": 0.0, "pEurop": 1.0, "pDecid": 0.0, "pConifer": 1.0, "pAll": 1.0, "Cell_id": "4362_3060", "EPSG": 31468, "Netz": 16, "Dichte": 8, "Bl": ";16;" }, "geometry": { "type": "Point", "coordinates": [ 10.586832256927346, 50.654727771857672 ] } },
{ "type": "Feature", "properties": { "Tnr": 55767, "mitRand": 1, "AnzHBbeg": 4, "pHaupt": 1.0, "poHaupt": 0.0, "pQuerus": 0.0, "pFagus": 0.485, "pFraxinus": 0.0, "pCarpinus": 0.0, "pAcer": 0.202, "pTilia": 0.0, "pRobinia": 0.0, "pUlmus": 0.0, "pCastanea": 0.0, "pOtherLH": 0.0, "pBetula": 0.0, "pAlnus": 0.0, "pPopulus": 0.0, "pSalix": 0.0, "pSorbus": 0.0, "pPrunus": 0.0, "pMalus": 0.0, "pPyrus": 0.0, "pOtherLN": 0.0, "pPicea": 0.313, "pPinus": 0.0, "pAbies": 0.0, "pDouglas": 0.0, "pLarix": 0.0, "pOtherNb": 0.0, "pNoEurop": 0.0, "pNoEuropD": 0.0, "pEurop": 1.0, "pDecid": 0.687, "pConifer": 0.313, "pAll": 1.0, "Cell_id": "4366_3060", "EPSG": 31468, "Netz": 64, "Dichte": 8, "Bl": ";16;" }, "geometry": { "type": "Point", "coordinates": [ 10.643389111936202, 50.654428852552158 ] } },
{ "type": "Feature", "properties": { "Tnr": 55769, "mitRand": 1, "AnzHBbeg": 4, "pHaupt": 0.75, "poHaupt": 0.25, "pQuerus": 0.0, "pFagus": 0.271, "pFraxinus": 0.0, "pCarpinus": 0.0, "pAcer": 0.0, "pTilia": 0.0, "pRobinia": 0.0, "pUlmus": 0.0, "pCastanea": 0.0, "pOtherLH": 0.0, "pBetula": 0.0, "pAlnus": 0.0, "pPopulus": 0.0, "pSalix": 0.229, "pSorbus": 0.0, "pPrunus": 0.0, "pMalus": 0.0, "pPyrus": 0.0, "pOtherLN": 0.0, "pPicea": 0.25, "pPinus": 0.0, "pAbies": 0.0, "pDouglas": 0.0, "pLarix": 0.0, "pOtherNb": 0.0, "pNoEurop": 0.0, "pNoEuropD": 0.0, "pEurop": 0.75, "pDecid": 0.5, "pConifer": 0.25, "pAll": 0.75, "Cell_id": "4370_3060", "EPSG": 31468, "Netz": 16, "Dichte": 8, "Bl": ";16;" }, "geometry": { "type": "Point", "coordinates": [ 10.69994457032011, 50.65410248549572 ] } },
{ "type": "Feature", "properties": { "Tnr": 55771, "mitRand": 1, "AnzHBbeg": 4, "pHaupt": 1.0, "poHaupt": 0.0, "pQuerus": 0.0, "pFagus": 0.0, "pFraxinus": 0.0, "pCarpinus": 0.0, "pAcer": 0.0, "pTilia": 0.0, "pRobinia": 0.0, "pUlmus": 0.0, "pCastanea": 0.0, "pOtherLH": 0.0, "pBetula": 0.0, "pAlnus": 0.0, "pPopulus": 0.0, "pSalix": 0.0, "pSorbus": 0.0, "pPrunus": 0.0, "pMalus": 0.0, "pPyrus": 0.0, "pOtherLN": 0.0, "pPicea": 1.0, "pPinus": 0.0, "pAbies": 0.0, "pDouglas": 0.0, "pLarix": 0.0, "pOtherNb": 0.0, "pNoEurop": 0.0, "pNoEuropD": 0.0, "pEurop": 1.0, "pDecid": 0.0, "pConifer": 1.0, "pAll": 1.0, "Cell_id": "4374_3060", "EPSG": 31468, "Netz": 256, "Dichte": 8, "Bl": ";16;" }, "geometry": { "type": "Point", "coordinates": [ 10.756498208650621, 50.653739687109947 ] } },
{ "type": "Feature", "properties": { "Tnr": 55773, "mitRand": 1, "AnzHBbeg": 3, "pHaupt": 1.0, "poHaupt": 0.0, "pQuerus": 0.0, "pFagus": 0.063, "pFraxinus": 0.0, "pCarpinus": 0.0, "pAcer": 0.0, "pTilia": 0.0, "pRobinia": 0.0, "pUlmus": 0.0, "pCastanea": 0.0, "pOtherLH": 0.0, "pBetula": 0.0, "pAlnus": 0.0, "pPopulus": 0.0, "pSalix": 0.0, "pSorbus": 0.0, "pPrunus": 0.0, "pMalus": 0.0, "pPyrus": 0.0, "pOtherLN": 0.0, "pPicea": 0.937, "pPinus": 0.0, "pAbies": 0.0, "pDouglas": 0.0, "pLarix": 0.0, "pOtherNb": 0.0, "pNoEurop": 0.0, "pNoEuropD": 0.0, "pEurop": 1.0, "pDecid": 0.063, "pConifer": 0.937, "pAll": 1.0, "Cell_id": "4378_3061", "EPSG": 31468, "Netz": 16, "Dichte": 8, "Bl": ";16;" }, "geometry": { "type": "Point", "coordinates": [ 10.813213044075841, 50.662346169892501 ] } },
{ "type": "Feature", "properties": { "Tnr": 55775, "mitRand": 1, "AnzHBbeg": 3, "pHaupt": 1.0, "poHaupt": 0.0, "pQuerus": 0.0, "pFagus": 0.401, "pFraxinus": 0.0, "pCarpinus": 0.0, "pAcer": 0.0, "pTilia": 0.0, "pRobinia": 0.0, "pUlmus": 0.0, "pCastanea": 0.0, "pOtherLH": 0.0, "pBetula": 0.0, "pAlnus": 0.0, "pPopulus": 0.0, "pSalix": 0.0, "pSorbus": 0.0, "pPrunus": 0.0, "pMalus": 0.0, "pPyrus": 0.0, "pOtherLN": 0.0, "pPicea": 0.36, "pPinus": 0.0, "pAbies": 0.0, "pDouglas": 0.0, "pLarix": 0.239, "pOtherNb": 0.0, "pNoEurop": 0.0, "pNoEuropD": 0.0, "pEurop": 1.0, "pDecid": 0.401, "pConifer": 0.599, "pAll": 1.0, "Cell_id": "4382_3061", "EPSG": 31468, "Netz": 64, "Dichte": 8, "Bl": ";16;" }, "geometry": { "type": "Point", "coordinates": [ 10.869774208755061, 50.661928289400294 ] } },
{ "type": "Feature", "properties": { "Tnr": 55777, "mitRand": 0, "AnzHBbeg": 3, "pHaupt": 1.0, "poHaupt": 0.0, "pQuerus": 0.0, "pFagus": 0.0, "pFraxinus": 0.0, "pCarpinus": 0.0, "pAcer": 0.0, "pTilia": 0.0, "pRobinia": 0.0, "pUlmus": 0.0, "pCastanea": 0.0, "pOtherLH": 0.0, "pBetula": 0.086, "pAlnus": 0.0, "pPopulus": 0.189, "pSalix": 0.059, "pSorbus": 0.0, "pPrunus": 0.0, "pMalus": 0.0, "pPyrus": 0.0, "pOtherLN": 0.0, "pPicea": 0.667, "pPinus": 0.0, "pAbies": 0.0, "pDouglas": 0.0, "pLarix": 0.0, "pOtherNb": 0.0, "pNoEurop": 0.0, "pNoEuropD": 0.0, "pEurop": 1.0, "pDecid": 0.333, "pConifer": 0.667, "pAll": 1.0, "Cell_id": "4386_3061", "EPSG": 31468, "Netz": 16, "Dichte": 8, "Bl": ";16;" }, "geometry": { "type": "Point", "coordinates": [ 10.926348104490513, 50.661491710465917 ] } },
{ "type": "Feature", "properties": { "Tnr": 55779, "mitRand": 1, "AnzHBbeg": 3, "pHaupt": 1.0, "poHaupt": 0.0, "pQuerus": 0.0, "pFagus": 0.0, "pFraxinus": 0.0, "pCarpinus": 0.0, "pAcer": 0.0, "pTilia": 0.0, "pRobinia": 0.0, "pUlmus": 0.0, "pCastanea": 0.0, "pOtherLH": 0.0, "pBetula": 0.0, "pAlnus": 0.0, "pPopulus": 0.0, "pSalix": 0.0, "pSorbus": 0.0, "pPrunus": 0.0, "pMalus": 0.0, "pPyrus": 0.0, "pOtherLN": 0.0, "pPicea": 1.0, "pPinus": 0.0, "pAbies": 0.0, "pDouglas": 0.0, "pLarix": 0.0, "pOtherNb": 0.0, "pNoEurop": 0.0, "pNoEuropD": 0.0, "pEurop": 1.0, "pDecid": 0.0, "pConifer": 1.0, "pAll": 1.0, "Cell_id": "4390_3061", "EPSG": 31468, "Netz": 256, "Dichte": 8, "Bl": ";16;" }, "geometry": { "type": "Point", "coordinates": [ 10.982905648188856, 50.661018926972048 ] } },
{ "type": "Feature", "properties": { "Tnr": 55781, "mitRand": 1, "AnzHBbeg": 1, "pHaupt": 1.0, "poHaupt": 0.0, "pQuerus": 0.0, "pFagus": 0.0, "pFraxinus": 0.0, "pCarpinus": 0.0, "pAcer": 0.0, "pTilia": 0.0, "pRobinia": 0.0, "pUlmus": 0.0, "pCastanea": 0.0, "pOtherLH": 0.0, "pBetula": 0.0, "pAlnus": 0.0, "pPopulus": 0.0, "pSalix": 0.0, "pSorbus": 0.0, "pPrunus": 0.0, "pMalus": 0.0, "pPyrus": 0.0, "pOtherLN": 0.0, "pPicea": 0.785, "pPinus": 0.215, "pAbies": 0.0, "pDouglas": 0.0, "pLarix": 0.0, "pOtherNb": 0.0, "pNoEurop": 0.0, "pNoEuropD": 0.0, "pEurop": 1.0, "pDecid": 0.0, "pConifer": 1.0, "pAll": 1.0, "Cell_id": "4394_3061", "EPSG": 31468, "Netz": 16, "Dichte": 8, "Bl": ";16;" }, "geometry": { "type": "Point", "coordinates": [ 11.039475767083003, 50.660527434833455 ] } },
{ "type": "Feature", "properties": { "Tnr": 55785, "mitRand": 1, "AnzHBbeg": 1, "pHaupt": 1.0, "poHaupt": 0.0, "pQuerus": 0.0, "pFagus": 0.103, "pFraxinus": 0.0, "pCarpinus": 0.0, "pAcer": 0.0, "pTilia": 0.514, "pRobinia": 0.0, "pUlmus": 0.0, "pCastanea": 0.0, "pOtherLH": 0.141, "pBetula": 0.0, "pAlnus": 0.242, "pPopulus": 0.0, "pSalix": 0.0, "pSorbus": 0.0, "pPrunus": 0.0, "pMalus": 0.0, "pPyrus": 0.0, "pOtherLN": 0.0, "pPicea": 0.0, "pPinus": 0.0, "pAbies": 0.0, "pDouglas": 0.0, "pLarix": 0.0, "pOtherNb": 0.0, "pNoEurop": 0.141, "pNoEuropD": 0.141, "pEurop": 0.859, "pDecid": 1.0, "pConifer": 0.0, "pAll": 1.0, "Cell_id": "4402_3061", "EPSG": 31468, "Netz": 16, "Dichte": 8, "Bl": ";16;" }, "geometry": { "type": "Point", "coordinates": [ 11.152595327108841, 50.659453360249209 ] } },
{ "type": "Feature", "properties": { "Tnr": 55787, "mitRand": 1, "AnzHBbeg": 4, "pHaupt": 1.0, "poHaupt": 0.0, "pQuerus": 0.0, "pFagus": 0.0, "pFraxinus": 0.0, "pCarpinus": 0.0, "pAcer": 0.0, "pTilia": 0.0, "pRobinia": 0.0, "pUlmus": 0.0, "pCastanea": 0.0, "pOtherLH": 0.0, "pBetula": 0.25, "pAlnus": 0.0, "pPopulus": 0.0, "pSalix": 0.0, "pSorbus": 0.0, "pPrunus": 0.0, "pMalus": 0.0, "pPyrus": 0.0, "pOtherLN": 0.0, "pPicea": 0.25, "pPinus": 0.18, "pAbies": 0.0, "pDouglas": 0.0, "pLarix": 0.32, "pOtherNb": 0.0, "pNoEurop": 0.0, "pNoEuropD": 0.0, "pEurop": 1.0, "pDecid": 0.25, "pConifer": 0.75, "pAll": 1.0, "Cell_id": "4406_3061", "EPSG": 31468, "Netz": 256, "Dichte": 8, "Bl": ";16;" }, "geometry": { "type": "Point", "coordinates": [ 11.209158703347855, 50.65887052879193 ] } },
{ "type": "Feature", "properties": { "Tnr": 55789, "mitRand": 1, "AnzHBbeg": 4, "pHaupt": 1.0, "poHaupt": 0.0, "pQuerus": 0.845, "pFagus": 0.0, "pFraxinus": 0.0, "pCarpinus": 0.0, "pAcer": 0.0, "pTilia": 0.0, "pRobinia": 0.0, "pUlmus": 0.0, "pCastanea": 0.0, "pOtherLH": 0.0, "pBetula": 0.0, "pAlnus": 0.0, "pPopulus": 0.0, "pSalix": 0.0, "pSorbus": 0.0, "pPrunus": 0.0, "pMalus": 0.0, "pPyrus": 0.0, "pOtherLN": 0.0, "pPicea": 0.019, "pPinus": 0.136, "pAbies": 0.0, "pDouglas": 0.0, "pLarix": 0.0, "pOtherNb": 0.0, "pNoEurop": 0.0, "pNoEuropD": 0.0, "pEurop": 1.0, "pDecid": 0.845, "pConifer": 0.155, "pAll": 1.0, "Cell_id": "4410_3061", "EPSG": 31468, "Netz": 16, "Dichte": 8, "Bl": ";16;" }, "geometry": { "type": "Point", "coordinates": [ 11.265719778295656, 50.658260248291818 ] } },
{ "type": "Feature", "properties": { "Tnr": 55801, "mitRand": 1, "AnzHBbeg": 2, "pHaupt": 1.0, "poHaupt": 0.0, "pQuerus": 0.113, "pFagus": 0.0, "pFraxinus": 0.0, "pCarpinus": 0.0, "pAcer": 0.0, "pTilia": 0.0, "pRobinia": 0.0, "pUlmus": 0.0, "pCastanea": 0.0, "pOtherLH": 0.0, "pBetula": 0.205, "pAlnus": 0.0, "pPopulus": 0.0, "pSalix": 0.0, "pSorbus": 0.0, "pPrunus": 0.0, "pMalus": 0.0, "pPyrus": 0.0, "pOtherLN": 0.0, "pPicea": 0.682, "pPinus": 0.0, "pAbies": 0.0, "pDouglas": 0.0, "pLarix": 0.0, "pOtherNb": 0.0, "pNoEurop": 0.0, "pNoEuropD": 0.0, "pEurop": 1.0, "pDecid": 0.318, "pConifer": 0.682, "pAll": 1.0, "Cell_id": "4434_3062", "EPSG": 31468, "Netz": 16, "Dichte": 8, "Bl": ";16;" }, "geometry": { "type": "Point", "coordinates": [ 11.605333471075234, 50.663024756120812 ] } },
{ "type": "Feature", "properties": { "Tnr": 55805, "mitRand": 0, "AnzHBbeg": 3, "pHaupt": 1.0, "poHaupt": 0.0, "pQuerus": 0.0, "pFagus": 0.0, "pFraxinus": 0.0, "pCarpinus": 0.0, "pAcer": 0.0, "pTilia": 0.0, "pRobinia": 0.0, "pUlmus": 0.0, "pCastanea": 0.0, "pOtherLH": 0.0, "pBetula": 0.0, "pAlnus": 0.0, "pPopulus": 0.0, "pSalix": 0.0, "pSorbus": 0.0, "pPrunus": 0.0, "pMalus": 0.0, "pPyrus": 0.0, "pOtherLN": 0.0, "pPicea": 1.0, "pPinus": 0.0, "pAbies": 0.0, "pDouglas": 0.0, "pLarix": 0.0, "pOtherNb": 0.0, "pNoEurop": 0.0, "pNoEuropD": 0.0, "pEurop": 1.0, "pDecid": 0.0, "pConifer": 1.0, "pAll": 1.0, "Cell_id": "4442_3062", "EPSG": 31468, "Netz": 16, "Dichte": 8, "Bl": ";16;" }, "geometry": { "type": "Point", "coordinates": [ 11.718451200589698, 50.661391679385765 ] } },
{ "type": "Feature", "properties": { "Tnr": 55807, "mitRand": 1, "AnzHBbeg": 2, "pHaupt": 1.0, "poHaupt": 0.0, "pQuerus": 0.0, "pFagus": 0.0, "pFraxinus": 0.0, "pCarpinus": 0.0, "pAcer": 0.0, "pTilia": 0.0, "pRobinia": 0.0, "pUlmus": 0.0, "pCastanea": 0.0, "pOtherLH": 0.0, "pBetula": 0.434, "pAlnus": 0.0, "pPopulus": 0.0, "pSalix": 0.0, "pSorbus": 0.066, "pPrunus": 0.0, "pMalus": 0.0, "pPyrus": 0.0, "pOtherLN": 0.0, "pPicea": 0.5, "pPinus": 0.0, "pAbies": 0.0, "pDouglas": 0.0, "pLarix": 0.0, "pOtherNb": 0.0, "pNoEurop": 0.0, "pNoEuropD": 0.0, "pEurop": 1.0, "pDecid": 0.5, "pConifer": 0.5, "pAll": 1.0, "Cell_id": "4446_3062", "EPSG": 31468, "Netz": 64, "Dichte": 8, "Bl": ";16;" }, "geometry": { "type": "Point", "coordinates": [ 11.775012528817967, 50.660533814947101 ] } },
{ "type": "Feature", "properties": { "Tnr": 55809, "mitRand": 1, "AnzHBbeg": 4, "pHaupt": 1.0, "poHaupt": 0.0, "pQuerus": 0.0, "pFagus": 0.0, "pFraxinus": 0.0, "pCarpinus": 0.0, "pAcer": 0.0, "pTilia": 0.0, "pRobinia": 0.0, "pUlmus": 0.0, "pCastanea": 0.0, "pOtherLH": 0.0, "pBetula": 0.0, "pAlnus": 0.0, "pPopulus": 0.0, "pSalix": 0.0, "pSorbus": 0.0, "pPrunus": 0.0, "pMalus": 0.0, "pPyrus": 0.0, "pOtherLN": 0.0, "pPicea": 0.799, "pPinus": 0.201, "pAbies": 0.0, "pDouglas": 0.0, "pLarix": 0.0, "pOtherNb": 0.0, "pNoEurop": 0.0, "pNoEuropD": 0.0, "pEurop": 1.0, "pDecid": 0.0, "pConifer": 1.0, "pAll": 1.0, "Cell_id": "4450_3062", "EPSG": 31468, "Netz": 16, "Dichte": 8, "Bl": ";16;" }, "geometry": { "type": "Point", "coordinates": [ 11.831556547681981, 50.659648853409429 ] } },
{ "type": "Feature", "properties": { "Tnr": 55811, "mitRand": 1, "AnzHBbeg": 4, "pHaupt": 1.0, "poHaupt": 0.0, "pQuerus": 0.0, "pFagus": 0.0, "pFraxinus": 0.0, "pCarpinus": 0.0, "pAcer": 0.0, "pTilia": 0.0, "pRobinia": 0.0, "pUlmus": 0.0, "pCastanea": 0.0, "pOtherLH": 0.0, "pBetula": 0.153, "pAlnus": 0.0, "pPopulus": 0.0, "pSalix": 0.0, "pSorbus": 0.0, "pPrunus": 0.0, "pMalus": 0.0, "pPyrus": 0.0, "pOtherLN": 0.0, "pPicea": 0.665, "pPinus": 0.182, "pAbies": 0.0, "pDouglas": 0.0, "pLarix": 0.0, "pOtherNb": 0.0, "pNoEurop": 0.0, "pNoEuropD": 0.0, "pEurop": 1.0, "pDecid": 0.153, "pConifer": 0.847, "pAll": 1.0, "Cell_id": "4454_3063", "EPSG": 31468, "Netz": 256, "Dichte": 8, "Bl": ";16;" }, "geometry": { "type": "Point", "coordinates": [ 11.888479150246232, 50.667718615948012 ] } },
{ "type": "Feature", "properties": { "Tnr": 55817, "mitRand": 1, "AnzHBbeg": 4, "pHaupt": 1.0, "poHaupt": 0.0, "pQuerus": 0.0, "pFagus": 0.0, "pFraxinus": 0.0, "pCarpinus": 0.058, "pAcer": 0.0, "pTilia": 0.0, "pRobinia": 0.0, "pUlmus": 0.0, "pCastanea": 0.0, "pOtherLH": 0.0, "pBetula": 0.209, "pAlnus": 0.136, "pPopulus": 0.0, "pSalix": 0.0, "pSorbus": 0.0, "pPrunus": 0.0, "pMalus": 0.0, "pPyrus": 0.0, "pOtherLN": 0.0, "pPicea": 0.492, "pPinus": 0.105, "pAbies": 0.0, "pDouglas": 0.0, "pLarix": 0.0, "pOtherNb": 0.0, "pNoEurop": 0.0, "pNoEuropD": 0.0, "pEurop": 1.0, "pDecid": 0.403, "pConifer": 0.597, "pAll": 1.0, "Cell_id": "4466_3063", "EPSG": 31468, "Netz": 16, "Dichte": 8, "Bl": ";16;" }, "geometry": { "type": "Point", "coordinates": [ 12.058140875431686, 50.664806109594217 ] } },
{ "type": "Feature", "properties": { "Tnr": 55819, "mitRand": 1, "AnzHBbeg": 1, "pHaupt": 1.0, "poHaupt": 0.0, "pQuerus": 0.248, "pFagus": 0.0, "pFraxinus": 0.0, "pCarpinus": 0.0, "pAcer": 0.0, "pTilia": 0.0, "pRobinia": 0.0, "pUlmus": 0.0, "pCastanea": 0.0, "pOtherLH": 0.0, "pBetula": 0.0, "pAlnus": 0.0, "pPopulus": 0.0, "pSalix": 0.0, "pSorbus": 0.0, "pPrunus": 0.0, "pMalus": 0.0, "pPyrus": 0.0, "pOtherLN": 0.0, "pPicea": 0.0, "pPinus": 0.752, "pAbies": 0.0, "pDouglas": 0.0, "pLarix": 0.0, "pOtherNb": 0.0, "pNoEurop": 0.0, "pNoEuropD": 0.0, "pEurop": 1.0, "pDecid": 0.248, "pConifer": 0.752, "pAll": 1.0, "Cell_id": "4470_3063", "EPSG": 31468, "Netz": 256, "Dichte": 8, "Bl": ";16;" }, "geometry": { "type": "Point", "coordinates": [ 12.114706664364638, 50.663782906482709 ] } },
{ "type": "Feature", "properties": { "Tnr": 55821, "mitRand": 1, "AnzHBbeg": 3, "pHaupt": 1.0, "poHaupt": 0.0, "pQuerus": 0.0, "pFagus": 0.0, "pFraxinus": 0.0, "pCarpinus": 0.0, "pAcer": 0.0, "pTilia": 0.0, "pRobinia": 0.0, "pUlmus": 0.0, "pCastanea": 0.0, "pOtherLH": 0.0, "pBetula": 0.0, "pAlnus": 0.0, "pPopulus": 0.0, "pSalix": 0.0, "pSorbus": 0.0, "pPrunus": 0.0, "pMalus": 0.0, "pPyrus": 0.0, "pOtherLN": 0.0, "pPicea": 0.382, "pPinus": 0.566, "pAbies": 0.0, "pDouglas": 0.0, "pLarix": 0.052, "pOtherNb": 0.0, "pNoEurop": 0.0, "pNoEuropD": 0.0, "pEurop": 1.0, "pDecid": 0.0, "pConifer": 1.0, "pAll": 1.0, "Cell_id": "4474_3063", "EPSG": 31468, "Netz": 16, "Dichte": 8, "Bl": ";16;" }, "geometry": { "type": "Point", "coordinates": [ 12.171254616007898, 50.662732648436879 ] } },
{ "type": "Feature", "properties": { "Tnr": 55875, "mitRand": 0, "AnzHBbeg": 1, "pHaupt": 1.0, "poHaupt": 0.0, "pQuerus": 0.0, "pFagus": 0.633, "pFraxinus": 0.0, "pCarpinus": 0.0, "pAcer": 0.367, "pTilia": 0.0, "pRobinia": 0.0, "pUlmus": 0.0, "pCastanea": 0.0, "pOtherLH": 0.0, "pBetula": 0.0, "pAlnus": 0.0, "pPopulus": 0.0, "pSalix": 0.0, "pSorbus": 0.0, "pPrunus": 0.0, "pMalus": 0.0, "pPyrus": 0.0, "pOtherLN": 0.0, "pPicea": 0.0, "pPinus": 0.0, "pAbies": 0.0, "pDouglas": 0.0, "pLarix": 0.0, "pOtherNb": 0.0, "pNoEurop": 0.0, "pNoEuropD": 0.0, "pEurop": 1.0, "pDecid": 1.0, "pConifer": 0.0, "pAll": 1.0, "Cell_id": "4328_3058", "EPSG": 31467, "Netz": 8, "Dichte": 8, "Bl": ";16;" }, "geometry": { "type": "Point", "coordinates": [ 10.106014774561153, 50.638199097457523 ] } },
{ "type": "Feature", "properties": { "Tnr": 55877, "mitRand": 1, "AnzHBbeg": 4, "pHaupt": 1.0, "poHaupt": 0.0, "pQuerus": 0.0, "pFagus": 1.0, "pFraxinus": 0.0, "pCarpinus": 0.0, "pAcer": 0.0, "pTilia": 0.0, "pRobinia": 0.0, "pUlmus": 0.0, "pCastanea": 0.0, "pOtherLH": 0.0, "pBetula": 0.0, "pAlnus": 0.0, "pPopulus": 0.0, "pSalix": 0.0, "pSorbus": 0.0, "pPrunus": 0.0, "pMalus": 0.0, "pPyrus": 0.0, "pOtherLN": 0.0, "pPicea": 0.0, "pPinus": 0.0, "pAbies": 0.0, "pDouglas": 0.0, "pLarix": 0.0, "pOtherNb": 0.0, "pNoEurop": 0.0, "pNoEuropD": 0.0, "pEurop": 1.0, "pDecid": 1.0, "pConifer": 0.0, "pAll": 1.0, "Cell_id": "4332_3058", "EPSG": 31467, "Netz": 8, "Dichte": 8, "Bl": ";16;" }, "geometry": { "type": "Point", "coordinates": [ 10.162558378893626, 50.638133699871254 ] } },
{ "type": "Feature", "properties": { "Tnr": 55879, "mitRand": 1, "AnzHBbeg": 2, "pHaupt": 1.0, "poHaupt": 0.0, "pQuerus": 0.0, "pFagus": 0.0, "pFraxinus": 0.0, "pCarpinus": 0.0, "pAcer": 0.0, "pTilia": 0.0, "pRobinia": 0.0, "pUlmus": 0.0, "pCastanea": 0.0, "pOtherLH": 0.0, "pBetula": 0.0, "pAlnus": 0.0, "pPopulus": 0.0, "pSalix": 0.0, "pSorbus": 0.0, "pPrunus": 0.0, "pMalus": 0.0, "pPyrus": 0.0, "pOtherLN": 0.0, "pPicea": 1.0, "pPinus": 0.0, "pAbies": 0.0, "pDouglas": 0.0, "pLarix": 0.0, "pOtherNb": 0.0, "pNoEurop": 0.0, "pNoEuropD": 0.0, "pEurop": 1.0, "pDecid": 0.0, "pConifer": 1.0, "pAll": 1.0, "Cell_id": "4336_3058", "EPSG": 31467, "Netz": 8, "Dichte": 8, "Bl": ";16;" }, "geometry": { "type": "Point", "coordinates": [ 10.219101336401724, 50.638040862591453 ] } },
{ "type": "Feature", "properties": { "Tnr": 55881, "mitRand": 1, "AnzHBbeg": 4, "pHaupt": 1.0, "poHaupt": 0.0, "pQuerus": 0.0, "pFagus": 0.0, "pFraxinus": 0.0, "pCarpinus": 0.0, "pAcer": 0.0, "pTilia": 0.0, "pRobinia": 0.0, "pUlmus": 0.0, "pCastanea": 0.0, "pOtherLH": 0.0, "pBetula": 0.0, "pAlnus": 0.0, "pPopulus": 0.0, "pSalix": 0.0, "pSorbus": 0.0, "pPrunus": 0.0, "pMalus": 0.0, "pPyrus": 0.0, "pOtherLN": 0.0, "pPicea": 0.0, "pPinus": 0.918, "pAbies": 0.0, "pDouglas": 0.0, "pLarix": 0.082, "pOtherNb": 0.0, "pNoEurop": 0.0, "pNoEuropD": 0.0, "pEurop": 1.0, "pDecid": 0.0, "pConifer": 1.0, "pAll": 1.0, "Cell_id": "4340_3058", "EPSG": 31467, "Netz": 8, "Dichte": 8, "Bl": ";16;" }, "geometry": { "type": "Point", "coordinates": [ 10.275643559036729, 50.637920586340158 ] } },
{ "type": "Feature", "properties": { "Tnr": 55885, "mitRand": 0, "AnzHBbeg": 2, "pHaupt": 1.0, "poHaupt": 0.0, "pQuerus": 0.0, "pFagus": 0.0, "pFraxinus": 0.0, "pCarpinus": 0.0, "pAcer": 0.0, "pTilia": 0.0, "pRobinia": 0.0, "pUlmus": 0.0, "pCastanea": 0.0, "pOtherLH": 0.0, "pBetula": 0.0, "pAlnus": 0.0, "pPopulus": 0.0, "pSalix": 0.0, "pSorbus": 0.0, "pPrunus": 0.0, "pMalus": 0.0, "pPyrus": 0.0, "pOtherLN": 0.0, "pPicea": 0.169, "pPinus": 0.587, "pAbies": 0.0, "pDouglas": 0.0, "pLarix": 0.244, "pOtherNb": 0.0, "pNoEurop": 0.0, "pNoEuropD": 0.0, "pEurop": 1.0, "pDecid": 0.0, "pConifer": 1.0, "pAll": 1.0, "Cell_id": "4348_3058", "EPSG": 31467, "Netz": 8, "Dichte": 8, "Bl": ";16;" }, "geometry": { "type": "Point", "coordinates": [ 10.388725182501034, 50.637588733543637 ] } },
{ "type": "Feature", "properties": { "Tnr": 55887, "mitRand": 1, "AnzHBbeg": 4, "pHaupt": 1.0, "poHaupt": 0.0, "pQuerus": 0.0, "pFagus": 0.0, "pFraxinus": 0.0, "pCarpinus": 0.0, "pAcer": 0.0, "pTilia": 0.0, "pRobinia": 0.0, "pUlmus": 0.0, "pCastanea": 0.0, "pOtherLH": 0.0, "pBetula": 0.0, "pAlnus": 0.066, "pPopulus": 0.0, "pSalix": 0.0, "pSorbus": 0.0, "pPrunus": 0.0, "pMalus": 0.0, "pPyrus": 0.0, "pOtherLN": 0.0, "pPicea": 0.605, "pPinus": 0.145, "pAbies": 0.0, "pDouglas": 0.0, "pLarix": 0.184, "pOtherNb": 0.0, "pNoEurop": 0.0, "pNoEuropD": 0.0, "pEurop": 1.0, "pDecid": 0.066, "pConifer": 0.934, "pAll": 1.0, "Cell_id": "4352_3058", "EPSG": 31467, "Netz": 8, "Dichte": 8, "Bl": ";16;" }, "geometry": { "type": "Point", "coordinates": [ 10.445250530494437, 50.637386321336322 ] } },
{ "type": "Feature", "properties": { "Tnr": 55889, "mitRand": 0, "AnzHBbeg": 4, "pHaupt": 1.0, "poHaupt": 0.0, "pQuerus": 0.0, "pFagus": 0.186, "pFraxinus": 0.0, "pCarpinus": 0.0, "pAcer": 0.0, "pTilia": 0.0, "pRobinia": 0.0, "pUlmus": 0.0, "pCastanea": 0.0, "pOtherLH": 0.0, "pBetula": 0.0, "pAlnus": 0.0, "pPopulus": 0.0, "pSalix": 0.0, "pSorbus": 0.0, "pPrunus": 0.0, "pMalus": 0.0, "pPyrus": 0.0, "pOtherLN": 0.0, "pPicea": 0.814, "pPinus": 0.0, "pAbies": 0.0, "pDouglas": 0.0, "pLarix": 0.0, "pOtherNb": 0.0, "pNoEurop": 0.0, "pNoEuropD": 0.0, "pEurop": 1.0, "pDecid": 0.186, "pConifer": 0.814, "pAll": 1.0, "Cell_id": "4356_3058", "EPSG": 31468, "Netz": 8, "Dichte": 8, "Bl": ";16;" }, "geometry": { "type": "Point", "coordinates": [ 10.501788922931528, 50.637156305528741 ] } },
{ "type": "Feature", "properties": { "Tnr": 55891, "mitRand": 1, "AnzHBbeg": 4, "pHaupt": 1.0, "poHaupt": 0.0, "pQuerus": 0.0, "pFagus": 0.0, "pFraxinus": 0.0, "pCarpinus": 0.0, "pAcer": 0.0, "pTilia": 0.0, "pRobinia": 0.0, "pUlmus": 0.0, "pCastanea": 0.0, "pOtherLH": 0.0, "pBetula": 0.0, "pAlnus": 0.0, "pPopulus": 0.0, "pSalix": 0.0, "pSorbus": 0.0, "pPrunus": 0.0, "pMalus": 0.0, "pPyrus": 0.0, "pOtherLN": 0.0, "pPicea": 0.522, "pPinus": 0.081, "pAbies": 0.0, "pDouglas": 0.398, "pLarix": 0.0, "pOtherNb": 0.0, "pNoEurop": 0.398, "pNoEuropD": 0.0, "pEurop": 0.602, "pDecid": 0.0, "pConifer": 1.0, "pAll": 1.0, "Cell_id": "4360_3058", "EPSG": 31468, "Netz": 8, "Dichte": 8, "Bl": ";16;" }, "geometry": { "type": "Point", "coordinates": [ 10.558339973159365, 50.636889680692995 ] } },
{ "type": "Feature", "properties": { "Tnr": 55893, "mitRand": 1, "AnzHBbeg": 4, "pHaupt": 1.0, "poHaupt": 0.0, "pQuerus": 0.0, "pFagus": 0.921, "pFraxinus": 0.0, "pCarpinus": 0.0, "pAcer": 0.059, "pTilia": 0.0, "pRobinia": 0.0, "pUlmus": 0.0, "pCastanea": 0.0, "pOtherLH": 0.0, "pBetula": 0.0, "pAlnus": 0.0, "pPopulus": 0.0, "pSalix": 0.0, "pSorbus": 0.0, "pPrunus": 0.0, "pMalus": 0.0, "pPyrus": 0.0, "pOtherLN": 0.0, "pPicea": 0.02, "pPinus": 0.0, "pAbies": 0.0, "pDouglas": 0.0, "pLarix": 0.0, "pOtherNb": 0.0, "pNoEurop": 0.0, "pNoEuropD": 0.0, "pEurop": 1.0, "pDecid": 0.98, "pConifer": 0.02, "pAll": 1.0, "Cell_id": "4364_3058", "EPSG": 31468, "Netz": 8, "Dichte": 8, "Bl": ";16;" }, "geometry": { "type": "Point", "coordinates": [ 10.614875916373389, 50.63660479193809 ] } },
{ "type": "Feature", "properties": { "Tnr": 55895, "mitRand": 0, "AnzHBbeg": 4, "pHaupt": 1.0, "poHaupt": 0.0, "pQuerus": 0.0, "pFagus": 0.0, "pFraxinus": 0.0, "pCarpinus": 0.0, "pAcer": 0.0, "pTilia": 0.0, "pRobinia": 0.0, "pUlmus": 0.0, "pCastanea": 0.0, "pOtherLH": 0.0, "pBetula": 0.057, "pAlnus": 0.0, "pPopulus": 0.0, "pSalix": 0.0, "pSorbus": 0.0, "pPrunus": 0.0, "pMalus": 0.0, "pPyrus": 0.0, "pOtherLN": 0.0, "pPicea": 0.201, "pPinus": 0.0, "pAbies": 0.0, "pDouglas": 0.25, "pLarix": 0.492, "pOtherNb": 0.0, "pNoEurop": 0.25, "pNoEuropD": 0.0, "pEurop": 0.75, "pDecid": 0.057, "pConifer": 0.943, "pAll": 1.0, "Cell_id": "4368_3058", "EPSG": 31468, "Netz": 8, "Dichte": 8, "Bl": ";16;" }, "geometry": { "type": "Point", "coordinates": [ 10.671410508590624, 50.636292472118875 ] } },
{ "type": "Feature", "properties": { "Tnr": 55897, "mitRand": 0, "AnzHBbeg": 1, "pHaupt": 1.0, "poHaupt": 0.0, "pQuerus": 0.0, "pFagus": 0.257, "pFraxinus": 0.0, "pCarpinus": 0.0, "pAcer": 0.141, "pTilia": 0.0, "pRobinia": 0.0, "pUlmus": 0.0, "pCastanea": 0.0, "pOtherLH": 0.0, "pBetula": 0.0, "pAlnus": 0.0, "pPopulus": 0.0, "pSalix": 0.0, "pSorbus": 0.0, "pPrunus": 0.0, "pMalus": 0.0, "pPyrus": 0.0, "pOtherLN": 0.0, "pPicea": 0.087, "pPinus": 0.0, "pAbies": 0.0, "pDouglas": 0.0, "pLarix": 0.515, "pOtherNb": 0.0, "pNoEurop": 0.0, "pNoEuropD": 0.0, "pEurop": 1.0, "pDecid": 0.398, "pConifer": 0.602, "pAll": 1.0, "Cell_id": "4372_3058", "EPSG": 31468, "Netz": 8, "Dichte": 8, "Bl": ";16;" }, "geometry": { "type": "Point", "coordinates": [ 10.727943332149886, 50.635943737440456 ] } },
{ "type": "Feature", "properties": { "Tnr": 55899, "mitRand": 1, "AnzHBbeg": 4, "pHaupt": 1.0, "poHaupt": 0.0, "pQuerus": 0.0, "pFagus": 0.0, "pFraxinus": 0.0, "pCarpinus": 0.0, "pAcer": 0.0, "pTilia": 0.0, "pRobinia": 0.0, "pUlmus": 0.0, "pCastanea": 0.0, "pOtherLH": 0.0, "pBetula": 0.0, "pAlnus": 0.0, "pPopulus": 0.0, "pSalix": 0.0, "pSorbus": 0.0, "pPrunus": 0.0, "pMalus": 0.0, "pPyrus": 0.0, "pOtherLN": 0.0, "pPicea": 1.0, "pPinus": 0.0, "pAbies": 0.0, "pDouglas": 0.0, "pLarix": 0.0, "pOtherNb": 0.0, "pNoEurop": 0.0, "pNoEuropD": 0.0, "pEurop": 1.0, "pDecid": 0.0, "pConifer": 1.0, "pAll": 1.0, "Cell_id": "4376_3058", "EPSG": 31468, "Netz": 8, "Dichte": 8, "Bl": ";16;" }, "geometry": { "type": "Point", "coordinates": [ 10.784474947682938, 50.635576560461416 ] } },
{ "type": "Feature", "properties": { "Tnr": 55903, "mitRand": 1, "AnzHBbeg": 4, "pHaupt": 1.0, "poHaupt": 0.0, "pQuerus": 0.0, "pFagus": 0.032, "pFraxinus": 0.0, "pCarpinus": 0.0, "pAcer": 0.0, "pTilia": 0.0, "pRobinia": 0.0, "pUlmus": 0.0, "pCastanea": 0.0, "pOtherLH": 0.0, "pBetula": 0.0, "pAlnus": 0.0, "pPopulus": 0.0, "pSalix": 0.03, "pSorbus": 0.12, "pPrunus": 0.0, "pMalus": 0.0, "pPyrus": 0.0, "pOtherLN": 0.0, "pPicea": 0.818, "pPinus": 0.0, "pAbies": 0.0, "pDouglas": 0.0, "pLarix": 0.0, "pOtherNb": 0.0, "pNoEurop": 0.0, "pNoEuropD": 0.0, "pEurop": 1.0, "pDecid": 0.182, "pConifer": 0.818, "pAll": 1.0, "Cell_id": "4384_3059", "EPSG": 31468, "Netz": 8, "Dichte": 8, "Bl": ";16;" }, "geometry": { "type": "Point", "coordinates": [ 10.897711290911976, 50.643738416931818 ] } },
{ "type": "Feature", "properties": { "Tnr": 55905, "mitRand": 0, "AnzHBbeg": 4, "pHaupt": 1.0, "poHaupt": 0.0, "pQuerus": 0.0, "pFagus": 0.0, "pFraxinus": 0.0, "pCarpinus": 0.0, "pAcer": 0.0, "pTilia": 0.0, "pRobinia": 0.0, "pUlmus": 0.0, "pCastanea": 0.0, "pOtherLH": 0.0, "pBetula": 0.0, "pAlnus": 0.0, "pPopulus": 0.0, "pSalix": 0.0, "pSorbus": 0.0, "pPrunus": 0.0, "pMalus": 0.0, "pPyrus": 0.0, "pOtherLN": 0.0, "pPicea": 0.944, "pPinus": 0.0, "pAbies": 0.0, "pDouglas": 0.0, "pLarix": 0.056, "pOtherNb": 0.0, "pNoEurop": 0.0, "pNoEuropD": 0.0, "pEurop": 1.0, "pDecid": 0.0, "pConifer": 1.0, "pAll": 1.0, "Cell_id": "4388_3059", "EPSG": 31468, "Netz": 8, "Dichte": 8, "Bl": ";16;" }, "geometry": { "type": "Point", "coordinates": [ 10.95426232320526, 50.643279537323181 ] } },
{ "type": "Feature", "properties": { "Tnr": 55909, "mitRand": 1, "AnzHBbeg": 3, "pHaupt": 1.0, "poHaupt": 0.0, "pQuerus": 0.0, "pFagus": 0.0, "pFraxinus": 0.0, "pCarpinus": 0.0, "pAcer": 0.0, "pTilia": 0.0, "pRobinia": 0.0, "pUlmus": 0.0, "pCastanea": 0.0, "pOtherLH": 0.0, "pBetula": 0.0, "pAlnus": 0.0, "pPopulus": 0.149, "pSalix": 0.0, "pSorbus": 0.092, "pPrunus": 0.0, "pMalus": 0.0, "pPyrus": 0.0, "pOtherLN": 0.0, "pPicea": 0.759, "pPinus": 0.0, "pAbies": 0.0, "pDouglas": 0.0, "pLarix": 0.0, "pOtherNb": 0.0, "pNoEurop": 0.0, "pNoEuropD": 0.0, "pEurop": 1.0, "pDecid": 0.241, "pConifer": 0.759, "pAll": 1.0, "Cell_id": "4396_3059", "EPSG": 31468, "Netz": 8, "Dichte": 8, "Bl": ";16;" }, "geometry": { "type": "Point", "coordinates": [ 11.067344858684937, 50.642288688232668 ] } },
{ "type": "Feature", "properties": { "Tnr": 55913, "mitRand": 0, "AnzHBbeg": 2, "pHaupt": 1.0, "poHaupt": 0.0, "pQuerus": 0.389, "pFagus": 0.351, "pFraxinus": 0.0, "pCarpinus": 0.0, "pAcer": 0.0, "pTilia": 0.0, "pRobinia": 0.0, "pUlmus": 0.0, "pCastanea": 0.0, "pOtherLH": 0.0, "pBetula": 0.0, "pAlnus": 0.0, "pPopulus": 0.0, "pSalix": 0.0, "pSorbus": 0.0, "pPrunus": 0.0, "pMalus": 0.0, "pPyrus": 0.0, "pOtherLN": 0.0, "pPicea": 0.259, "pPinus": 0.0, "pAbies": 0.0, "pDouglas": 0.0, "pLarix": 0.0, "pOtherNb": 0.0, "pNoEurop": 0.0, "pNoEuropD": 0.0, "pEurop": 1.0, "pDecid": 0.741, "pConifer": 0.259, "pAll": 1.0, "Cell_id": "4404_3059", "EPSG": 31468, "Netz": 8, "Dichte": 8, "Bl": ";16;" }, "geometry": { "type": "Point", "coordinates": [ 11.180419125617338, 50.64118811451447 ] } },
{ "type": "Feature", "properties": { "Tnr": 55915, "mitRand": 0, "AnzHBbeg": 4, "pHaupt": 1.0, "poHaupt": 0.0, "pQuerus": 0.0, "pFagus": 0.0, "pFraxinus": 0.0, "pCarpinus": 0.0, "pAcer": 0.0, "pTilia": 0.0, "pRobinia": 0.0, "pUlmus": 0.0, "pCastanea": 0.0, "pOtherLH": 0.0, "pBetula": 0.0, "pAlnus": 0.0, "pPopulus": 0.0, "pSalix": 0.0, "pSorbus": 0.0, "pPrunus": 0.0, "pMalus": 0.0, "pPyrus": 0.0, "pOtherLN": 0.0, "pPicea": 0.373, "pPinus": 0.584, "pAbies": 0.043, "pDouglas": 0.0, "pLarix": 0.0, "pOtherNb": 0.0, "pNoEurop": 0.0, "pNoEuropD": 0.0, "pEurop": 1.0, "pDecid": 0.0, "pConifer": 1.0, "pAll": 1.0, "Cell_id": "4408_3059", "EPSG": 31468, "Netz": 8, "Dichte": 8, "Bl": ";16;" }, "geometry": { "type": "Point", "coordinates": [ 11.236959787997717, 50.640592059901152 ] } },
{ "type": "Feature", "properties": { "Tnr": 55917, "mitRand": 1, "AnzHBbeg": 3, "pHaupt": 1.0, "poHaupt": 0.0, "pQuerus": 0.0, "pFagus": 0.0, "pFraxinus": 0.0, "pCarpinus": 0.0, "pAcer": 0.0, "pTilia": 0.0, "pRobinia": 0.0, "pUlmus": 0.0, "pCastanea": 0.0, "pOtherLH": 0.0, "pBetula": 0.0, "pAlnus": 0.0, "pPopulus": 0.0, "pSalix": 0.0, "pSorbus": 0.0, "pPrunus": 0.0, "pMalus": 0.0, "pPyrus": 0.0, "pOtherLN": 0.0, "pPicea": 0.627, "pPinus": 0.143, "pAbies": 0.0, "pDouglas": 0.0, "pLarix": 0.23, "pOtherNb": 0.0, "pNoEurop": 0.0, "pNoEuropD": 0.0, "pEurop": 1.0, "pDecid": 0.0, "pConifer": 1.0, "pAll": 1.0, "Cell_id": "4412_3059", "EPSG": 31468, "Netz": 8, "Dichte": 8, "Bl": ";16;" }, "geometry": { "type": "Point", "coordinates": [ 11.293498107975941, 50.639968574977651 ] } },
{ "type": "Feature", "properties": { "Tnr": 55925, "mitRand": 1, "AnzHBbeg": 2, "pHaupt": 1.0, "poHaupt": 0.0, "pQuerus": 0.0, "pFagus": 0.0, "pFraxinus": 0.07, "pCarpinus": 0.0, "pAcer": 0.191, "pTilia": 0.063, "pRobinia": 0.0, "pUlmus": 0.0, "pCastanea": 0.0, "pOtherLH": 0.0, "pBetula": 0.0, "pAlnus": 0.0, "pPopulus": 0.0, "pSalix": 0.0, "pSorbus": 0.0, "pPrunus": 0.0, "pMalus": 0.0, "pPyrus": 0.0, "pOtherLN": 0.0, "pPicea": 0.037, "pPinus": 0.518, "pAbies": 0.0, "pDouglas": 0.0, "pLarix": 0.12, "pOtherNb": 0.0, "pNoEurop": 0.0, "pNoEuropD": 0.0, "pEurop": 1.0, "pDecid": 0.324, "pConifer": 0.676, "pAll": 1.0, "Cell_id": "4428_3060", "EPSG": 31468, "Netz": 8, "Dichte": 8, "Bl": ";16;" }, "geometry": { "type": "Point", "coordinates": [ 11.51990967190768, 50.646194354330689 ] } },
{ "type": "Feature", "properties": { "Tnr": 55933, "mitRand": 0, "AnzHBbeg": 1, "pHaupt": 1.0, "poHaupt": 0.0, "pQuerus": 0.0, "pFagus": 0.0, "pFraxinus": 0.0, "pCarpinus": 0.0, "pAcer": 0.0, "pTilia": 0.0, "pRobinia": 0.0, "pUlmus": 0.0, "pCastanea": 0.0, "pOtherLH": 0.0, "pBetula": 0.558, "pAlnus": 0.0, "pPopulus": 0.0, "pSalix": 0.0, "pSorbus": 0.0, "pPrunus": 0.0, "pMalus": 0.0, "pPyrus": 0.0, "pOtherLN": 0.0, "pPicea": 0.442, "pPinus": 0.0, "pAbies": 0.0, "pDouglas": 0.0, "pLarix": 0.0, "pOtherNb": 0.0, "pNoEurop": 0.0, "pNoEuropD": 0.0, "pEurop": 1.0, "pDecid": 0.558, "pConifer": 0.442, "pAll": 1.0, "Cell_id": "4444_3060", "EPSG": 31468, "Netz": 8, "Dichte": 8, "Bl": ";16;" }, "geometry": { "type": "Point", "coordinates": [ 11.746064628104781, 50.642985602271892 ] } },
{ "type": "Feature", "properties": { "Tnr": 55943, "mitRand": 1, "AnzHBbeg": 3, "pHaupt": 1.0, "poHaupt": 0.0, "pQuerus": 0.067, "pFagus": 0.0, "pFraxinus": 0.0, "pCarpinus": 0.0, "pAcer": 0.0, "pTilia": 0.0, "pRobinia": 0.0, "pUlmus": 0.0, "pCastanea": 0.0, "pOtherLH": 0.0, "pBetula": 0.0, "pAlnus": 0.061, "pPopulus": 0.0, "pSalix": 0.0, "pSorbus": 0.158, "pPrunus": 0.0, "pMalus": 0.0, "pPyrus": 0.0, "pOtherLN": 0.0, "pPicea": 0.565, "pPinus": 0.149, "pAbies": 0.0, "pDouglas": 0.0, "pLarix": 0.0, "pOtherNb": 0.0, "pNoEurop": 0.0, "pNoEuropD": 0.0, "pEurop": 1.0, "pDecid": 0.287, "pConifer": 0.713, "pAll": 1.0, "Cell_id": "4464_3061", "EPSG": 31468, "Netz": 8, "Dichte": 8, "Bl": ";16;" }, "geometry": { "type": "Point", "coordinates": [ 12.029088394536586, 50.647339209459162 ] } },
{ "type": "Feature", "properties": { "Tnr": 55945, "mitRand": 0, "AnzHBbeg": 3, "pHaupt": 1.0, "poHaupt": 0.0, "pQuerus": 0.0, "pFagus": 0.0, "pFraxinus": 0.0, "pCarpinus": 0.0, "pAcer": 0.0, "pTilia": 0.0, "pRobinia": 0.0, "pUlmus": 0.0, "pCastanea": 0.0, "pOtherLH": 0.0, "pBetula": 0.2, "pAlnus": 0.0, "pPopulus": 0.0, "pSalix": 0.0, "pSorbus": 0.0, "pPrunus": 0.0, "pMalus": 0.0, "pPyrus": 0.0, "pOtherLN": 0.0, "pPicea": 0.24, "pPinus": 0.56, "pAbies": 0.0, "pDouglas": 0.0, "pLarix": 0.0, "pOtherNb": 0.0, "pNoEurop": 0.0, "pNoEuropD": 0.0, "pEurop": 1.0, "pDecid": 0.2, "pConifer": 0.8, "pAll": 1.0, "Cell_id": "4468_3061", "EPSG": 31468, "Netz": 8, "Dichte": 8, "Bl": ";16;" }, "geometry": { "type": "Point", "coordinates": [ 12.085620338786896, 50.646330858811382 ] } },
{ "type": "Feature", "properties": { "Tnr": 55949, "mitRand": 1, "AnzHBbeg": 1, "pHaupt": 1.0, "poHaupt": 0.0, "pQuerus": 0.388, "pFagus": 0.0, "pFraxinus": 0.0, "pCarpinus": 0.612, "pAcer": 0.0, "pTilia": 0.0, "pRobinia": 0.0, "pUlmus": 0.0, "pCastanea": 0.0, "pOtherLH": 0.0, "pBetula": 0.0, "pAlnus": 0.0, "pPopulus": 0.0, "pSalix": 0.0, "pSorbus": 0.0, "pPrunus": 0.0, "pMalus": 0.0, "pPyrus": 0.0, "pOtherLN": 0.0, "pPicea": 0.0, "pPinus": 0.0, "pAbies": 0.0, "pDouglas": 0.0, "pLarix": 0.0, "pOtherNb": 0.0, "pNoEurop": 0.0, "pNoEuropD": 0.0, "pEurop": 1.0, "pDecid": 1.0, "pConifer": 0.0, "pAll": 1.0, "Cell_id": "4476_3061", "EPSG": 31468, "Netz": 8, "Dichte": 8, "Bl": ";16;" }, "geometry": { "type": "Point", "coordinates": [ 12.198686649612135, 50.644222566390454 ] } },
{ "type": "Feature", "properties": { "Tnr": 55999, "mitRand": 1, "AnzHBbeg": 1, "pHaupt": 1.0, "poHaupt": 0.0, "pQuerus": 0.0, "pFagus": 0.0, "pFraxinus": 0.0, "pCarpinus": 0.0, "pAcer": 0.0, "pTilia": 0.0, "pRobinia": 0.0, "pUlmus": 0.0, "pCastanea": 0.0, "pOtherLH": 0.0, "pBetula": 0.0, "pAlnus": 0.0, "pPopulus": 0.0, "pSalix": 0.0, "pSorbus": 0.0, "pPrunus": 0.0, "pMalus": 0.0, "pPyrus": 0.0, "pOtherLN": 0.0, "pPicea": 0.0, "pPinus": 1.0, "pAbies": 0.0, "pDouglas": 0.0, "pLarix": 0.0, "pOtherNb": 0.0, "pNoEurop": 0.0, "pNoEuropD": 0.0, "pEurop": 1.0, "pDecid": 0.0, "pConifer": 1.0, "pAll": 1.0, "Cell_id": "4334_3056", "EPSG": 31467, "Netz": 16, "Dichte": 8, "Bl": ";16;" }, "geometry": { "type": "Point", "coordinates": [ 10.19075703767033, 50.620111834372942 ] } },
{ "type": "Feature", "properties": { "Tnr": 56001, "mitRand": 1, "AnzHBbeg": 2, "pHaupt": 1.0, "poHaupt": 0.0, "pQuerus": 0.189, "pFagus": 0.0, "pFraxinus": 0.0, "pCarpinus": 0.0, "pAcer": 0.0, "pTilia": 0.0, "pRobinia": 0.0, "pUlmus": 0.0, "pCastanea": 0.0, "pOtherLH": 0.0, "pBetula": 0.0, "pAlnus": 0.0, "pPopulus": 0.0, "pSalix": 0.0, "pSorbus": 0.0, "pPrunus": 0.0, "pMalus": 0.0, "pPyrus": 0.0, "pOtherLN": 0.0, "pPicea": 0.0, "pPinus": 0.681, "pAbies": 0.0, "pDouglas": 0.0, "pLarix": 0.13, "pOtherNb": 0.0, "pNoEurop": 0.0, "pNoEuropD": 0.0, "pEurop": 1.0, "pDecid": 0.189, "pConifer": 0.811, "pAll": 1.0, "Cell_id": "4338_3056", "EPSG": 31467, "Netz": 16, "Dichte": 8, "Bl": ";16;" }, "geometry": { "type": "Point", "coordinates": [ 10.247278076267813, 50.620005470170433 ] } },
{ "type": "Feature", "properties": { "Tnr": 56003, "mitRand": 1, "AnzHBbeg": 4, "pHaupt": 1.0, "poHaupt": 0.0, "pQuerus": 0.0, "pFagus": 0.0, "pFraxinus": 0.0, "pCarpinus": 0.0, "pAcer": 0.0, "pTilia": 0.0, "pRobinia": 0.0, "pUlmus": 0.0, "pCastanea": 0.0, "pOtherLH": 0.0, "pBetula": 0.178, "pAlnus": 0.0, "pPopulus": 0.0, "pSalix": 0.0, "pSorbus": 0.0, "pPrunus": 0.0, "pMalus": 0.0, "pPyrus": 0.0, "pOtherLN": 0.0, "pPicea": 0.323, "pPinus": 0.397, "pAbies": 0.0, "pDouglas": 0.0, "pLarix": 0.102, "pOtherNb": 0.0, "pNoEurop": 0.0, "pNoEuropD": 0.0, "pEurop": 1.0, "pDecid": 0.178, "pConifer": 0.822, "pAll": 1.0, "Cell_id": "4342_3056", "EPSG": 31467, "Netz": 16, "Dichte": 8, "Bl": ";16;" }, "geometry": { "type": "Point", "coordinates": [ 10.303798088112879, 50.619862697717238 ] } },
{ "type": "Feature", "properties": { "Tnr": 56005, "mitRand": 1, "AnzHBbeg": 4, "pHaupt": 1.0, "poHaupt": 0.0, "pQuerus": 0.0, "pFagus": 0.0, "pFraxinus": 0.0, "pCarpinus": 0.0, "pAcer": 0.0, "pTilia": 0.0, "pRobinia": 0.0, "pUlmus": 0.0, "pCastanea": 0.0, "pOtherLH": 0.0, "pBetula": 0.0, "pAlnus": 0.0, "pPopulus": 0.0, "pSalix": 0.0, "pSorbus": 0.0, "pPrunus": 0.0, "pMalus": 0.0, "pPyrus": 0.0, "pOtherLN": 0.0, "pPicea": 0.25, "pPinus": 0.75, "pAbies": 0.0, "pDouglas": 0.0, "pLarix": 0.0, "pOtherNb": 0.0, "pNoEurop": 0.0, "pNoEuropD": 0.0, "pEurop": 1.0, "pDecid": 0.0, "pConifer": 1.0, "pAll": 1.0, "Cell_id": "4346_3056", "EPSG": 31467, "Netz": 16, "Dichte": 8, "Bl": ";16;" }, "geometry": { "type": "Point", "coordinates": [ 10.360317471854108, 50.619701492322605 ] } },
{ "type": "Feature", "properties": { "Tnr": 56007, "mitRand": 1, "AnzHBbeg": 4, "pHaupt": 1.0, "poHaupt": 0.0, "pQuerus": 0.131, "pFagus": 0.178, "pFraxinus": 0.136, "pCarpinus": 0.036, "pAcer": 0.067, "pTilia": 0.0, "pRobinia": 0.0, "pUlmus": 0.0, "pCastanea": 0.0, "pOtherLH": 0.0, "pBetula": 0.0, "pAlnus": 0.0, "pPopulus": 0.0, "pSalix": 0.0, "pSorbus": 0.201, "pPrunus": 0.0, "pMalus": 0.0, "pPyrus": 0.0, "pOtherLN": 0.0, "pPicea": 0.0, "pPinus": 0.25, "pAbies": 0.0, "pDouglas": 0.0, "pLarix": 0.0, "pOtherNb": 0.0, "pNoEurop": 0.0, "pNoEuropD": 0.0, "pEurop": 1.0, "pDecid": 0.75, "pConifer": 0.25, "pAll": 1.0, "Cell_id": "4350_3056", "EPSG": 31467, "Netz": 16, "Dichte": 8, "Bl": ";16;" }, "geometry": { "type": "Point", "coordinates": [ 10.416821775844106, 50.619513039550981 ] } },
{ "type": "Feature", "properties": { "Tnr": 56013, "mitRand": 1, "AnzHBbeg": 3, "pHaupt": 1.0, "poHaupt": 0.0, "pQuerus": 0.0, "pFagus": 0.333, "pFraxinus": 0.0, "pCarpinus": 0.0, "pAcer": 0.0, "pTilia": 0.0, "pRobinia": 0.0, "pUlmus": 0.0, "pCastanea": 0.0, "pOtherLH": 0.0, "pBetula": 0.0, "pAlnus": 0.0, "pPopulus": 0.0, "pSalix": 0.0, "pSorbus": 0.0, "pPrunus": 0.0, "pMalus": 0.0, "pPyrus": 0.0, "pOtherLN": 0.0, "pPicea": 0.609, "pPinus": 0.0, "pAbies": 0.0, "pDouglas": 0.0, "pLarix": 0.057, "pOtherNb": 0.0, "pNoEurop": 0.0, "pNoEuropD": 0.0, "pEurop": 1.0, "pDecid": 0.333, "pConifer": 0.667, "pAll": 1.0, "Cell_id": "4362_3056", "EPSG": 31468, "Netz": 16, "Dichte": 8, "Bl": ";16;" }, "geometry": { "type": "Point", "coordinates": [ 10.586384286107661, 50.618773503204793 ] } },
{ "type": "Feature", "properties": { "Tnr": 56019, "mitRand": 1, "AnzHBbeg": 3, "pHaupt": 1.0, "poHaupt": 0.0, "pQuerus": 0.0, "pFagus": 0.585, "pFraxinus": 0.0, "pCarpinus": 0.0, "pAcer": 0.0, "pTilia": 0.0, "pRobinia": 0.0, "pUlmus": 0.0, "pCastanea": 0.0, "pOtherLH": 0.0, "pBetula": 0.0, "pAlnus": 0.0, "pPopulus": 0.0, "pSalix": 0.0, "pSorbus": 0.0, "pPrunus": 0.0, "pMalus": 0.0, "pPyrus": 0.0, "pOtherLN": 0.0, "pPicea": 0.415, "pPinus": 0.0, "pAbies": 0.0, "pDouglas": 0.0, "pLarix": 0.0, "pOtherNb": 0.0, "pNoEurop": 0.0, "pNoEuropD": 0.0, "pEurop": 1.0, "pDecid": 0.585, "pConifer": 0.415, "pAll": 1.0, "Cell_id": "4374_3056", "EPSG": 31468, "Netz": 16, "Dichte": 8, "Bl": ";16;" }, "geometry": { "type": "Point", "coordinates": [ 10.755920856639154, 50.617787411565779 ] } },
{ "type": "Feature", "properties": { "Tnr": 56021, "mitRand": 1, "AnzHBbeg": 2, "pHaupt": 1.0, "poHaupt": 0.0, "pQuerus": 0.0, "pFagus": 0.0, "pFraxinus": 0.0, "pCarpinus": 0.0, "pAcer": 0.0, "pTilia": 0.0, "pRobinia": 0.0, "pUlmus": 0.0, "pCastanea": 0.0, "pOtherLH": 0.0, "pBetula": 0.0, "pAlnus": 0.0, "pPopulus": 0.0, "pSalix": 0.0, "pSorbus": 0.0, "pPrunus": 0.0, "pMalus": 0.0, "pPyrus": 0.0, "pOtherLN": 0.0, "pPicea": 1.0, "pPinus": 0.0, "pAbies": 0.0, "pDouglas": 0.0, "pLarix": 0.0, "pOtherNb": 0.0, "pNoEurop": 0.0, "pNoEuropD": 0.0, "pEurop": 1.0, "pDecid": 0.0, "pConifer": 1.0, "pAll": 1.0, "Cell_id": "4378_3057", "EPSG": 31468, "Netz": 16, "Dichte": 8, "Bl": ";16;" }, "geometry": { "type": "Point", "coordinates": [ 10.81259180608378, 50.626385699790738 ] } },
{ "type": "Feature", "properties": { "Tnr": 56023, "mitRand": 1, "AnzHBbeg": 4, "pHaupt": 1.0, "poHaupt": 0.0, "pQuerus": 0.0, "pFagus": 0.0, "pFraxinus": 0.0, "pCarpinus": 0.0, "pAcer": 0.0, "pTilia": 0.0, "pRobinia": 0.0, "pUlmus": 0.0, "pCastanea": 0.0, "pOtherLH": 0.0, "pBetula": 0.0, "pAlnus": 0.0, "pPopulus": 0.0, "pSalix": 0.0, "pSorbus": 0.367, "pPrunus": 0.0, "pMalus": 0.0, "pPyrus": 0.0, "pOtherLN": 0.0, "pPicea": 0.633, "pPinus": 0.0, "pAbies": 0.0, "pDouglas": 0.0, "pLarix": 0.0, "pOtherNb": 0.0, "pNoEurop": 0.0, "pNoEuropD": 0.0, "pEurop": 1.0, "pDecid": 0.367, "pConifer": 0.633, "pAll": 1.0, "Cell_id": "4382_3057", "EPSG": 31468, "Netz": 16, "Dichte": 8, "Bl": ";16;" }, "geometry": { "type": "Point", "coordinates": [ 10.869110178991383, 50.625977573336016 ] } },
{ "type": "Feature", "properties": { "Tnr": 56025, "mitRand": 1, "AnzHBbeg": 4, "pHaupt": 1.0, "poHaupt": 0.0, "pQuerus": 0.0, "pFagus": 0.136, "pFraxinus": 0.0, "pCarpinus": 0.0, "pAcer": 0.0, "pTilia": 0.0, "pRobinia": 0.0, "pUlmus": 0.0, "pCastanea": 0.0, "pOtherLH": 0.0, "pBetula": 0.0, "pAlnus": 0.0, "pPopulus": 0.0, "pSalix": 0.0, "pSorbus": 0.041, "pPrunus": 0.0, "pMalus": 0.0, "pPyrus": 0.0, "pOtherLN": 0.0, "pPicea": 0.823, "pPinus": 0.0, "pAbies": 0.0, "pDouglas": 0.0, "pLarix": 0.0, "pOtherNb": 0.0, "pNoEurop": 0.0, "pNoEuropD": 0.0, "pEurop": 1.0, "pDecid": 0.177, "pConifer": 0.823, "pAll": 1.0, "Cell_id": "4386_3057", "EPSG": 31468, "Netz": 16, "Dichte": 8, "Bl": ";16;" }, "geometry": { "type": "Point", "coordinates": [ 10.925640562893909, 50.625532814281833 ] } },
{ "type": "Feature", "properties": { "Tnr": 56027, "mitRand": 1, "AnzHBbeg": 4, "pHaupt": 1.0, "poHaupt": 0.0, "pQuerus": 0.0, "pFagus": 0.0, "pFraxinus": 0.0, "pCarpinus": 0.0, "pAcer": 0.0, "pTilia": 0.0, "pRobinia": 0.0, "pUlmus": 0.0, "pCastanea": 0.0, "pOtherLH": 0.0, "pBetula": 0.0, "pAlnus": 0.0, "pPopulus": 0.0, "pSalix": 0.0, "pSorbus": 0.0, "pPrunus": 0.0, "pMalus": 0.0, "pPyrus": 0.0, "pOtherLN": 0.0, "pPicea": 1.0, "pPinus": 0.0, "pAbies": 0.0, "pDouglas": 0.0, "pLarix": 0.0, "pOtherNb": 0.0, "pNoEurop": 0.0, "pNoEuropD": 0.0, "pEurop": 1.0, "pDecid": 0.0, "pConifer": 1.0, "pAll": 1.0, "Cell_id": "4390_3057", "EPSG": 31468, "Netz": 16, "Dichte": 8, "Bl": ";16;" }, "geometry": { "type": "Point", "coordinates": [ 10.982155345088858, 50.625069853975681 ] } },
{ "type": "Feature", "properties": { "Tnr": 56033, "mitRand": 1, "AnzHBbeg": 2, "pHaupt": 1.0, "poHaupt": 0.0, "pQuerus": 0.0, "pFagus": 0.0, "pFraxinus": 0.0, "pCarpinus": 0.0, "pAcer": 0.0, "pTilia": 0.0, "pRobinia": 0.0, "pUlmus": 0.0, "pCastanea": 0.0, "pOtherLH": 0.0, "pBetula": 0.192, "pAlnus": 0.0, "pPopulus": 0.0, "pSalix": 0.0, "pSorbus": 0.0, "pPrunus": 0.0, "pMalus": 0.0, "pPyrus": 0.0, "pOtherLN": 0.0, "pPicea": 0.655, "pPinus": 0.0, "pAbies": 0.0, "pDouglas": 0.0, "pLarix": 0.153, "pOtherNb": 0.0, "pNoEurop": 0.0, "pNoEuropD": 0.0, "pEurop": 1.0, "pDecid": 0.192, "pConifer": 0.808, "pAll": 1.0, "Cell_id": "4402_3057", "EPSG": 31468, "Netz": 16, "Dichte": 8, "Bl": ";16;" }, "geometry": { "type": "Point", "coordinates": [ 11.151715233897816, 50.623498030356458 ] } },
{ "type": "Feature", "properties": { "Tnr": 56035, "mitRand": 1, "AnzHBbeg": 4, "pHaupt": 1.0, "poHaupt": 0.0, "pQuerus": 0.0, "pFagus": 0.0, "pFraxinus": 0.0, "pCarpinus": 0.0, "pAcer": 0.0, "pTilia": 0.0, "pRobinia": 0.0, "pUlmus": 0.0, "pCastanea": 0.0, "pOtherLH": 0.0, "pBetula": 0.038, "pAlnus": 0.0, "pPopulus": 0.0, "pSalix": 0.0, "pSorbus": 0.0, "pPrunus": 0.0, "pMalus": 0.0, "pPyrus": 0.0, "pOtherLN": 0.0, "pPicea": 0.171, "pPinus": 0.745, "pAbies": 0.047, "pDouglas": 0.0, "pLarix": 0.0, "pOtherNb": 0.0, "pNoEurop": 0.0, "pNoEuropD": 0.0, "pEurop": 1.0, "pDecid": 0.038, "pConifer": 0.962, "pAll": 1.0, "Cell_id": "4406_3057", "EPSG": 31468, "Netz": 16, "Dichte": 8, "Bl": ";16;" }, "geometry": { "type": "Point", "coordinates": [ 11.208235480157613, 50.622916177711872 ] } },
{ "type": "Feature", "properties": { "Tnr": 56039, "mitRand": 1, "AnzHBbeg": 4, "pHaupt": 1.0, "poHaupt": 0.0, "pQuerus": 0.091, "pFagus": 0.02, "pFraxinus": 0.0, "pCarpinus": 0.0, "pAcer": 0.0, "pTilia": 0.0, "pRobinia": 0.0, "pUlmus": 0.0, "pCastanea": 0.0, "pOtherLH": 0.0, "pBetula": 0.476, "pAlnus": 0.0, "pPopulus": 0.0, "pSalix": 0.0, "pSorbus": 0.0, "pPrunus": 0.0, "pMalus": 0.0, "pPyrus": 0.0, "pOtherLN": 0.0, "pPicea": 0.184, "pPinus": 0.23, "pAbies": 0.0, "pDouglas": 0.0, "pLarix": 0.0, "pOtherNb": 0.0, "pNoEurop": 0.0, "pNoEuropD": 0.0, "pEurop": 1.0, "pDecid": 0.587, "pConifer": 0.413, "pAll": 1.0, "Cell_id": "4414_3058", "EPSG": 31468, "Netz": 16, "Dichte": 8, "Bl": ";16;" }, "geometry": { "type": "Point", "coordinates": [ 11.32151440572035, 50.63066520394888 ] } },
{ "type": "Feature", "properties": { "Tnr": 56043, "mitRand": 0, "AnzHBbeg": 1, "pHaupt": 1.0, "poHaupt": 0.0, "pQuerus": 0.0, "pFagus": 0.0, "pFraxinus": 0.0, "pCarpinus": 0.0, "pAcer": 0.0, "pTilia": 0.0, "pRobinia": 0.0, "pUlmus": 0.0, "pCastanea": 0.0, "pOtherLH": 0.0, "pBetula": 0.0, "pAlnus": 0.0, "pPopulus": 0.0, "pSalix": 0.0, "pSorbus": 0.0, "pPrunus": 0.0, "pMalus": 0.0, "pPyrus": 0.0, "pOtherLN": 0.0, "pPicea": 0.0, "pPinus": 1.0, "pAbies": 0.0, "pDouglas": 0.0, "pLarix": 0.0, "pOtherNb": 0.0, "pNoEurop": 0.0, "pNoEuropD": 0.0, "pEurop": 1.0, "pDecid": 0.0, "pConifer": 1.0, "pAll": 1.0, "Cell_id": "4422_3058", "EPSG": 31468, "Netz": 16, "Dichte": 8, "Bl": ";16;" }, "geometry": { "type": "Point", "coordinates": [ 11.43455959380892, 50.629309079578533 ] } },
{ "type": "Feature", "properties": { "Tnr": 56049, "mitRand": 1, "AnzHBbeg": 2, "pHaupt": 1.0, "poHaupt": 0.0, "pQuerus": 0.0, "pFagus": 0.0, "pFraxinus": 0.0, "pCarpinus": 0.0, "pAcer": 0.0, "pTilia": 0.0, "pRobinia": 0.0, "pUlmus": 0.0, "pCastanea": 0.0, "pOtherLH": 0.0, "pBetula": 0.0, "pAlnus": 0.0, "pPopulus": 0.0, "pSalix": 0.0, "pSorbus": 0.0, "pPrunus": 0.0, "pMalus": 0.0, "pPyrus": 0.0, "pOtherLN": 0.0, "pPicea": 0.446, "pPinus": 0.554, "pAbies": 0.0, "pDouglas": 0.0, "pLarix": 0.0, "pOtherNb": 0.0, "pNoEurop": 0.0, "pNoEuropD": 0.0, "pEurop": 1.0, "pDecid": 0.0, "pConifer": 1.0, "pAll": 1.0, "Cell_id": "4434_3058", "EPSG": 31468, "Netz": 16, "Dichte": 8, "Bl": ";16;" }, "geometry": { "type": "Point", "coordinates": [ 11.604107294166006, 50.627069312254477 ] } },
{ "type": "Feature", "properties": { "Tnr": 56051, "mitRand": 1, "AnzHBbeg": 4, "pHaupt": 1.0, "poHaupt": 0.0, "pQuerus": 0.0, "pFagus": 0.0, "pFraxinus": 0.074, "pCarpinus": 0.0, "pAcer": 0.0, "pTilia": 0.0, "pRobinia": 0.0, "pUlmus": 0.0, "pCastanea": 0.0, "pOtherLH": 0.0, "pBetula": 0.0, "pAlnus": 0.0, "pPopulus": 0.176, "pSalix": 0.0, "pSorbus": 0.0, "pPrunus": 0.0, "pMalus": 0.0, "pPyrus": 0.0, "pOtherLN": 0.0, "pPicea": 0.685, "pPinus": 0.065, "pAbies": 0.0, "pDouglas": 0.0, "pLarix": 0.0, "pOtherNb": 0.0, "pNoEurop": 0.0, "pNoEuropD": 0.0, "pEurop": 1.0, "pDecid": 0.25, "pConifer": 0.75, "pAll": 1.0, "Cell_id": "4438_3058", "EPSG": 31468, "Netz": 16, "Dichte": 8, "Bl": ";16;" }, "geometry": { "type": "Point", "coordinates": [ 11.660631605088943, 50.626267591336116 ] } },
{ "type": "Feature", "properties": { "Tnr": 56055, "mitRand": 1, "AnzHBbeg": 1, "pHaupt": 0.0, "poHaupt": 1.0, "pQuerus": 0.0, "pFagus": 0.0, "pFraxinus": 0.0, "pCarpinus": 0.0, "pAcer": 0.0, "pTilia": 0.0, "pRobinia": 0.0, "pUlmus": 0.0, "pCastanea": 0.0, "pOtherLH": 0.0, "pBetula": 0.0, "pAlnus": 0.0, "pPopulus": 0.0, "pSalix": 0.0, "pSorbus": 0.0, "pPrunus": 0.0, "pMalus": 0.0, "pPyrus": 0.0, "pOtherLN": 0.0, "pPicea": 0.0, "pPinus": 0.0, "pAbies": 0.0, "pDouglas": 0.0, "pLarix": 0.0, "pOtherNb": 0.0, "pNoEurop": 0.0, "pNoEuropD": 0.0, "pEurop": 0.0, "pDecid": 0.0, "pConifer": 0.0, "pAll": 0.0, "Cell_id": "4446_3058", "EPSG": 31468, "Netz": 16, "Dichte": 8, "Bl": ";16;" }, "geometry": { "type": "Point", "coordinates": [ 11.773657021014502, 50.624582250922039 ] } },
{ "type": "Feature", "properties": { "Tnr": 56057, "mitRand": 1, "AnzHBbeg": 4, "pHaupt": 1.0, "poHaupt": 0.0, "pQuerus": 0.0, "pFagus": 0.0, "pFraxinus": 0.0, "pCarpinus": 0.0, "pAcer": 0.0, "pTilia": 0.0, "pRobinia": 0.0, "pUlmus": 0.0, "pCastanea": 0.0, "pOtherLH": 0.0, "pBetula": 0.101, "pAlnus": 0.0, "pPopulus": 0.0, "pSalix": 0.0, "pSorbus": 0.0, "pPrunus": 0.0, "pMalus": 0.0, "pPyrus": 0.0, "pOtherLN": 0.0, "pPicea": 0.371, "pPinus": 0.528, "pAbies": 0.0, "pDouglas": 0.0, "pLarix": 0.0, "pOtherNb": 0.0, "pNoEurop": 0.0, "pNoEuropD": 0.0, "pEurop": 1.0, "pDecid": 0.101, "pConifer": 0.899, "pAll": 1.0, "Cell_id": "4450_3058", "EPSG": 31468, "Netz": 16, "Dichte": 8, "Bl": ";16;" }, "geometry": { "type": "Point", "coordinates": [ 11.830157952493423, 50.623698652072171 ] } },
{ "type": "Feature", "properties": { "Tnr": 56063, "mitRand": 1, "AnzHBbeg": 4, "pHaupt": 1.0, "poHaupt": 0.0, "pQuerus": 0.0, "pFagus": 0.0, "pFraxinus": 0.0, "pCarpinus": 0.0, "pAcer": 0.0, "pTilia": 0.0, "pRobinia": 0.0, "pUlmus": 0.0, "pCastanea": 0.0, "pOtherLH": 0.0, "pBetula": 0.051, "pAlnus": 0.0, "pPopulus": 0.0, "pSalix": 0.0, "pSorbus": 0.0, "pPrunus": 0.0, "pMalus": 0.0, "pPyrus": 0.0, "pOtherLN": 0.0, "pPicea": 0.717, "pPinus": 0.182, "pAbies": 0.0, "pDouglas": 0.0, "pLarix": 0.049, "pOtherNb": 0.0, "pNoEurop": 0.0, "pNoEuropD": 0.0, "pEurop": 1.0, "pDecid": 0.051, "pConifer": 0.949, "pAll": 1.0, "Cell_id": "4462_3059", "EPSG": 31468, "Netz": 16, "Dichte": 8, "Bl": ";14;16;" }, "geometry": { "type": "Point", "coordinates": [ 12.000057445167748, 50.629864641195809 ] } },
{ "type": "Feature", "properties": { "Tnr": 56065, "mitRand": 1, "AnzHBbeg": 4, "pHaupt": 1.0, "poHaupt": 0.0, "pQuerus": 0.0, "pFagus": 0.0, "pFraxinus": 0.0, "pCarpinus": 0.0, "pAcer": 0.0, "pTilia": 0.0, "pRobinia": 0.0, "pUlmus": 0.0, "pCastanea": 0.0, "pOtherLH": 0.0, "pBetula": 0.0, "pAlnus": 0.0, "pPopulus": 0.0, "pSalix": 0.0, "pSorbus": 0.0, "pPrunus": 0.0, "pMalus": 0.0, "pPyrus": 0.0, "pOtherLN": 0.0, "pPicea": 0.391, "pPinus": 0.304, "pAbies": 0.0, "pDouglas": 0.0, "pLarix": 0.305, "pOtherNb": 0.0, "pNoEurop": 0.0, "pNoEuropD": 0.0, "pEurop": 1.0, "pDecid": 0.0, "pConifer": 1.0, "pAll": 1.0, "Cell_id": "4466_3059", "EPSG": 31468, "Netz": 16, "Dichte": 8, "Bl": ";16;" }, "geometry": { "type": "Point", "coordinates": [ 12.056569662641575, 50.628870748287028 ] } },
{ "type": "Feature", "properties": { "Tnr": 56071, "mitRand": 1, "AnzHBbeg": 2, "pHaupt": 1.0, "poHaupt": 0.0, "pQuerus": 0.0, "pFagus": 0.0, "pFraxinus": 0.0, "pCarpinus": 0.0, "pAcer": 0.5, "pTilia": 0.0, "pRobinia": 0.0, "pUlmus": 0.0, "pCastanea": 0.0, "pOtherLH": 0.0, "pBetula": 0.0, "pAlnus": 0.0, "pPopulus": 0.0, "pSalix": 0.0, "pSorbus": 0.0, "pPrunus": 0.0, "pMalus": 0.0, "pPyrus": 0.0, "pOtherLN": 0.0, "pPicea": 0.5, "pPinus": 0.0, "pAbies": 0.0, "pDouglas": 0.0, "pLarix": 0.0, "pOtherNb": 0.0, "pNoEurop": 0.0, "pNoEuropD": 0.0, "pEurop": 1.0, "pDecid": 0.5, "pConifer": 0.5, "pAll": 1.0, "Cell_id": "4478_3059", "EPSG": 31468, "Netz": 16, "Dichte": 8, "Bl": ";14;" }, "geometry": { "type": "Point", "coordinates": [ 12.226097759335495, 50.625715347833967 ] } },
{ "type": "Feature", "properties": { "Tnr": 56115, "mitRand": 1, "AnzHBbeg": 3, "pHaupt": 0.667, "poHaupt": 0.333, "pQuerus": 0.0, "pFagus": 0.615, "pFraxinus": 0.0, "pCarpinus": 0.0, "pAcer": 0.0, "pTilia": 0.052, "pRobinia": 0.0, "pUlmus": 0.0, "pCastanea": 0.0, "pOtherLH": 0.0, "pBetula": 0.0, "pAlnus": 0.0, "pPopulus": 0.0, "pSalix": 0.0, "pSorbus": 0.0, "pPrunus": 0.0, "pMalus": 0.0, "pPyrus": 0.0, "pOtherLN": 0.0, "pPicea": 0.0, "pPinus": 0.0, "pAbies": 0.0, "pDouglas": 0.0, "pLarix": 0.0, "pOtherNb": 0.0, "pNoEurop": 0.0, "pNoEuropD": 0.0, "pEurop": 0.667, "pDecid": 0.667, "pConifer": 0.0, "pAll": 0.667, "Cell_id": "4324_3054", "EPSG": 31467, "Netz": 8, "Dichte": 8, "Bl": ";16;" }, "geometry": { "type": "Point", "coordinates": [ 10.049446856965204, 50.60227830830511 ] } },
{ "type": "Feature", "properties": { "Tnr": 56125, "mitRand": 1, "AnzHBbeg": 4, "pHaupt": 1.0, "poHaupt": 0.0, "pQuerus": 0.0, "pFagus": 0.573, "pFraxinus": 0.0, "pCarpinus": 0.125, "pAcer": 0.093, "pTilia": 0.0, "pRobinia": 0.0, "pUlmus": 0.0, "pCastanea": 0.0, "pOtherLH": 0.0, "pBetula": 0.0, "pAlnus": 0.0, "pPopulus": 0.0, "pSalix": 0.0, "pSorbus": 0.0, "pPrunus": 0.0, "pMalus": 0.0, "pPyrus": 0.0, "pOtherLN": 0.0, "pPicea": 0.129, "pPinus": 0.08, "pAbies": 0.0, "pDouglas": 0.0, "pLarix": 0.0, "pOtherNb": 0.0, "pNoEurop": 0.0, "pNoEuropD": 0.0, "pEurop": 1.0, "pDecid": 0.79, "pConifer": 0.21, "pAll": 1.0, "Cell_id": "4344_3054", "EPSG": 31467, "Netz": 8, "Dichte": 8, "Bl": ";16;" }, "geometry": { "type": "Point", "coordinates": [ 10.331931310433903, 50.601807104984978 ] } },
{ "type": "Feature", "properties": { "Tnr": 56129, "mitRand": 1, "AnzHBbeg": 2, "pHaupt": 1.0, "poHaupt": 0.0, "pQuerus": 0.0, "pFagus": 0.477, "pFraxinus": 0.0, "pCarpinus": 0.0, "pAcer": 0.144, "pTilia": 0.0, "pRobinia": 0.0, "pUlmus": 0.0, "pCastanea": 0.0, "pOtherLH": 0.0, "pBetula": 0.0, "pAlnus": 0.0, "pPopulus": 0.0, "pSalix": 0.0, "pSorbus": 0.0, "pPrunus": 0.0, "pMalus": 0.0, "pPyrus": 0.0, "pOtherLN": 0.0, "pPicea": 0.097, "pPinus": 0.282, "pAbies": 0.0, "pDouglas": 0.0, "pLarix": 0.0, "pOtherNb": 0.0, "pNoEurop": 0.0, "pNoEuropD": 0.0, "pEurop": 1.0, "pDecid": 0.621, "pConifer": 0.379, "pAll": 1.0, "Cell_id": "4352_3054", "EPSG": 31467, "Netz": 8, "Dichte": 8, "Bl": ";16;" }, "geometry": { "type": "Point", "coordinates": [ 10.444910952485642, 50.601430520921753 ] } },
{ "type": "Feature", "properties": { "Tnr": 56133, "mitRand": 1, "AnzHBbeg": 4, "pHaupt": 1.0, "poHaupt": 0.0, "pQuerus": 0.0, "pFagus": 0.0, "pFraxinus": 0.0, "pCarpinus": 0.0, "pAcer": 0.0, "pTilia": 0.0, "pRobinia": 0.0, "pUlmus": 0.0, "pCastanea": 0.0, "pOtherLH": 0.0, "pBetula": 0.157, "pAlnus": 0.0, "pPopulus": 0.0, "pSalix": 0.0, "pSorbus": 0.0, "pPrunus": 0.0, "pMalus": 0.0, "pPyrus": 0.0, "pOtherLN": 0.0, "pPicea": 0.843, "pPinus": 0.0, "pAbies": 0.0, "pDouglas": 0.0, "pLarix": 0.0, "pOtherNb": 0.0, "pNoEurop": 0.0, "pNoEuropD": 0.0, "pEurop": 1.0, "pDecid": 0.157, "pConifer": 0.843, "pAll": 1.0, "Cell_id": "4360_3054", "EPSG": 31468, "Netz": 8, "Dichte": 8, "Bl": ";16;" }, "geometry": { "type": "Point", "coordinates": [ 10.557900080563904, 50.600935188402048 ] } },
{ "type": "Feature", "properties": { "Tnr": 56139, "mitRand": 1, "AnzHBbeg": 4, "pHaupt": 1.0, "poHaupt": 0.0, "pQuerus": 0.0, "pFagus": 0.0, "pFraxinus": 0.0, "pCarpinus": 0.0, "pAcer": 0.0, "pTilia": 0.0, "pRobinia": 0.0, "pUlmus": 0.0, "pCastanea": 0.0, "pOtherLH": 0.0, "pBetula": 0.051, "pAlnus": 0.0, "pPopulus": 0.0, "pSalix": 0.0, "pSorbus": 0.0, "pPrunus": 0.0, "pMalus": 0.0, "pPyrus": 0.0, "pOtherLN": 0.0, "pPicea": 0.949, "pPinus": 0.0, "pAbies": 0.0, "pDouglas": 0.0, "pLarix": 0.0, "pOtherNb": 0.0, "pNoEurop": 0.0, "pNoEuropD": 0.0, "pEurop": 1.0, "pDecid": 0.051, "pConifer": 0.949, "pAll": 1.0, "Cell_id": "4372_3054", "EPSG": 31468, "Netz": 8, "Dichte": 8, "Bl": ";16;" }, "geometry": { "type": "Point", "coordinates": [ 10.727388304596609, 50.599990996107074 ] } },
{ "type": "Feature", "properties": { "Tnr": 56141, "mitRand": 1, "AnzHBbeg": 4, "pHaupt": 1.0, "poHaupt": 0.0, "pQuerus": 0.0, "pFagus": 0.195, "pFraxinus": 0.0, "pCarpinus": 0.0, "pAcer": 0.0, "pTilia": 0.0, "pRobinia": 0.0, "pUlmus": 0.0, "pCastanea": 0.0, "pOtherLH": 0.0, "pBetula": 0.0, "pAlnus": 0.0, "pPopulus": 0.0, "pSalix": 0.0, "pSorbus": 0.0, "pPrunus": 0.0, "pMalus": 0.0, "pPyrus": 0.0, "pOtherLN": 0.0, "pPicea": 0.805, "pPinus": 0.0, "pAbies": 0.0, "pDouglas": 0.0, "pLarix": 0.0, "pOtherNb": 0.0, "pNoEurop": 0.0, "pNoEuropD": 0.0, "pEurop": 1.0, "pDecid": 0.195, "pConifer": 0.805, "pAll": 1.0, "Cell_id": "4376_3054", "EPSG": 31468, "Netz": 8, "Dichte": 8, "Bl": ";16;" }, "geometry": { "type": "Point", "coordinates": [ 10.783876502217305, 50.599615550345327 ] } },
{ "type": "Feature", "properties": { "Tnr": 56143, "mitRand": 1, "AnzHBbeg": 4, "pHaupt": 1.0, "poHaupt": 0.0, "pQuerus": 0.0, "pFagus": 0.219, "pFraxinus": 0.0, "pCarpinus": 0.0, "pAcer": 0.0, "pTilia": 0.0, "pRobinia": 0.0, "pUlmus": 0.0, "pCastanea": 0.0, "pOtherLH": 0.0, "pBetula": 0.0, "pAlnus": 0.0, "pPopulus": 0.0, "pSalix": 0.0, "pSorbus": 0.0, "pPrunus": 0.0, "pMalus": 0.0, "pPyrus": 0.0, "pOtherLN": 0.0, "pPicea": 0.781, "pPinus": 0.0, "pAbies": 0.0, "pDouglas": 0.0, "pLarix": 0.0, "pOtherNb": 0.0, "pNoEurop": 0.0, "pNoEuropD": 0.0, "pEurop": 1.0, "pDecid": 0.219, "pConifer": 0.781, "pAll": 1.0, "Cell_id": "4380_3055", "EPSG": 31468, "Netz": 8, "Dichte": 8, "Bl": ";16;" }, "geometry": { "type": "Point", "coordinates": [ 10.840530613069314, 50.608209426612426 ] } },
{ "type": "Feature", "properties": { "Tnr": 56145, "mitRand": 1, "AnzHBbeg": 4, "pHaupt": 1.0, "poHaupt": 0.0, "pQuerus": 0.0, "pFagus": 0.0, "pFraxinus": 0.0, "pCarpinus": 0.0, "pAcer": 0.0, "pTilia": 0.0, "pRobinia": 0.0, "pUlmus": 0.0, "pCastanea": 0.0, "pOtherLH": 0.0, "pBetula": 0.0, "pAlnus": 0.0, "pPopulus": 0.0, "pSalix": 0.0, "pSorbus": 0.0, "pPrunus": 0.0, "pMalus": 0.0, "pPyrus": 0.0, "pOtherLN": 0.0, "pPicea": 1.0, "pPinus": 0.0, "pAbies": 0.0, "pDouglas": 0.0, "pLarix": 0.0, "pOtherNb": 0.0, "pNoEurop": 0.0, "pNoEuropD": 0.0, "pEurop": 1.0, "pDecid": 0.0, "pConifer": 1.0, "pAll": 1.0, "Cell_id": "4384_3055", "EPSG": 31468, "Netz": 8, "Dichte": 8, "Bl": ";16;" }, "geometry": { "type": "Point", "coordinates": [ 10.897026227516033, 50.607779001058304 ] } },
{ "type": "Feature", "properties": { "Tnr": 56147, "mitRand": 1, "AnzHBbeg": 4, "pHaupt": 1.0, "poHaupt": 0.0, "pQuerus": 0.0, "pFagus": 0.0, "pFraxinus": 0.0, "pCarpinus": 0.0, "pAcer": 0.25, "pTilia": 0.0, "pRobinia": 0.0, "pUlmus": 0.0, "pCastanea": 0.0, "pOtherLH": 0.0, "pBetula": 0.0, "pAlnus": 0.0, "pPopulus": 0.0, "pSalix": 0.0, "pSorbus": 0.0, "pPrunus": 0.0, "pMalus": 0.0, "pPyrus": 0.0, "pOtherLN": 0.0, "pPicea": 0.75, "pPinus": 0.0, "pAbies": 0.0, "pDouglas": 0.0, "pLarix": 0.0, "pOtherNb": 0.0, "pNoEurop": 0.0, "pNoEuropD": 0.0, "pEurop": 1.0, "pDecid": 0.25, "pConifer": 0.75, "pAll": 1.0, "Cell_id": "4388_3055", "EPSG": 31468, "Netz": 8, "Dichte": 8, "Bl": ";16;" }, "geometry": { "type": "Point", "coordinates": [ 10.953534523545583, 50.607329927155561 ] } },
{ "type": "Feature", "properties": { "Tnr": 56151, "mitRand": 1, "AnzHBbeg": 4, "pHaupt": 1.0, "poHaupt": 0.0, "pQuerus": 0.0, "pFagus": 0.0, "pFraxinus": 0.0, "pCarpinus": 0.0, "pAcer": 0.0, "pTilia": 0.0, "pRobinia": 0.0, "pUlmus": 0.0, "pCastanea": 0.0, "pOtherLH": 0.0, "pBetula": 0.0, "pAlnus": 0.0, "pPopulus": 0.0, "pSalix": 0.0, "pSorbus": 0.0, "pPrunus": 0.0, "pMalus": 0.0, "pPyrus": 0.0, "pOtherLN": 0.0, "pPicea": 0.962, "pPinus": 0.0, "pAbies": 0.0, "pDouglas": 0.038, "pLarix": 0.0, "pOtherNb": 0.0, "pNoEurop": 0.038, "pNoEuropD": 0.0, "pEurop": 0.962, "pDecid": 0.0, "pConifer": 1.0, "pAll": 1.0, "Cell_id": "4396_3055", "EPSG": 31468, "Netz": 8, "Dichte": 8, "Bl": ";16;" }, "geometry": { "type": "Point", "coordinates": [ 11.066530493725633, 50.606331841171027 ] } },
{ "type": "Feature", "properties": { "Tnr": 56153, "mitRand": 0, "AnzHBbeg": 2, "pHaupt": 1.0, "poHaupt": 0.0, "pQuerus": 0.0, "pFagus": 0.0, "pFraxinus": 0.0, "pCarpinus": 0.216, "pAcer": 0.284, "pTilia": 0.0, "pRobinia": 0.0, "pUlmus": 0.0, "pCastanea": 0.0, "pOtherLH": 0.0, "pBetula": 0.0, "pAlnus": 0.0, "pPopulus": 0.0, "pSalix": 0.0, "pSorbus": 0.0, "pPrunus": 0.0, "pMalus": 0.0, "pPyrus": 0.0, "pOtherLN": 0.0, "pPicea": 0.404, "pPinus": 0.0, "pAbies": 0.0, "pDouglas": 0.0, "pLarix": 0.096, "pOtherNb": 0.0, "pNoEurop": 0.0, "pNoEuropD": 0.0, "pEurop": 1.0, "pDecid": 0.5, "pConifer": 0.5, "pAll": 1.0, "Cell_id": "4400_3055", "EPSG": 31468, "Netz": 8, "Dichte": 8, "Bl": ";16;" }, "geometry": { "type": "Point", "coordinates": [ 11.123018759813963, 50.605800815020665 ] } },
{ "type": "Feature", "properties": { "Tnr": 56155, "mitRand": 1, "AnzHBbeg": 4, "pHaupt": 1.0, "poHaupt": 0.0, "pQuerus": 0.0, "pFagus": 0.0, "pFraxinus": 0.0, "pCarpinus": 0.0, "pAcer": 0.0, "pTilia": 0.0, "pRobinia": 0.0, "pUlmus": 0.0, "pCastanea": 0.0, "pOtherLH": 0.0, "pBetula": 0.0, "pAlnus": 0.0, "pPopulus": 0.0, "pSalix": 0.0, "pSorbus": 0.0, "pPrunus": 0.0, "pMalus": 0.0, "pPyrus": 0.0, "pOtherLN": 0.0, "pPicea": 1.0, "pPinus": 0.0, "pAbies": 0.0, "pDouglas": 0.0, "pLarix": 0.0, "pOtherNb": 0.0, "pNoEurop": 0.0, "pNoEuropD": 0.0, "pEurop": 1.0, "pDecid": 0.0, "pConifer": 1.0, "pAll": 1.0, "Cell_id": "4404_3055", "EPSG": 31468, "Netz": 8, "Dichte": 8, "Bl": ";16;" }, "geometry": { "type": "Point", "coordinates": [ 11.179518587886276, 50.605233154131369 ] } },
{ "type": "Feature", "properties": { "Tnr": 56159, "mitRand": 1, "AnzHBbeg": 2, "pHaupt": 1.0, "poHaupt": 0.0, "pQuerus": 0.0, "pFagus": 0.0, "pFraxinus": 0.0, "pCarpinus": 0.0, "pAcer": 0.362, "pTilia": 0.0, "pRobinia": 0.0, "pUlmus": 0.0, "pCastanea": 0.0, "pOtherLH": 0.0, "pBetula": 0.0, "pAlnus": 0.0, "pPopulus": 0.0, "pSalix": 0.0, "pSorbus": 0.0, "pPrunus": 0.0, "pMalus": 0.0, "pPyrus": 0.0, "pOtherLN": 0.0, "pPicea": 0.304, "pPinus": 0.334, "pAbies": 0.0, "pDouglas": 0.0, "pLarix": 0.0, "pOtherNb": 0.0, "pNoEurop": 0.0, "pNoEuropD": 0.0, "pEurop": 1.0, "pDecid": 0.362, "pConifer": 0.638, "pAll": 1.0, "Cell_id": "4412_3055", "EPSG": 31468, "Netz": 8, "Dichte": 8, "Bl": ";16;" }, "geometry": { "type": "Point", "coordinates": [ 11.292511409553216, 50.604015640765191 ] } },
{ "type": "Feature", "properties": { "Tnr": 56161, "mitRand": 1, "AnzHBbeg": 4, "pHaupt": 1.0, "poHaupt": 0.0, "pQuerus": 0.248, "pFagus": 0.166, "pFraxinus": 0.036, "pCarpinus": 0.0, "pAcer": 0.162, "pTilia": 0.0, "pRobinia": 0.0, "pUlmus": 0.0, "pCastanea": 0.0, "pOtherLH": 0.0, "pBetula": 0.109, "pAlnus": 0.0, "pPopulus": 0.0, "pSalix": 0.0, "pSorbus": 0.028, "pPrunus": 0.0, "pMalus": 0.0, "pPyrus": 0.0, "pOtherLN": 0.0, "pPicea": 0.198, "pPinus": 0.054, "pAbies": 0.0, "pDouglas": 0.0, "pLarix": 0.0, "pOtherNb": 0.0, "pNoEurop": 0.0, "pNoEuropD": 0.0, "pEurop": 1.0, "pDecid": 0.748, "pConifer": 0.252, "pAll": 1.0, "Cell_id": "4416_3056", "EPSG": 31468, "Netz": 8, "Dichte": 8, "Bl": ";16;" }, "geometry": { "type": "Point", "coordinates": [ 11.349254714269327, 50.612360661582386 ] } },
{ "type": "Feature", "properties": { "Tnr": 56163, "mitRand": 1, "AnzHBbeg": 4, "pHaupt": 1.0, "poHaupt": 0.0, "pQuerus": 0.022, "pFagus": 0.0, "pFraxinus": 0.0, "pCarpinus": 0.0, "pAcer": 0.0, "pTilia": 0.0, "pRobinia": 0.0, "pUlmus": 0.0, "pCastanea": 0.0, "pOtherLH": 0.0, "pBetula": 0.0, "pAlnus": 0.0, "pPopulus": 0.0, "pSalix": 0.0, "pSorbus": 0.0, "pPrunus": 0.0, "pMalus": 0.0, "pPyrus": 0.0, "pOtherLN": 0.0, "pPicea": 0.147, "pPinus": 0.831, "pAbies": 0.0, "pDouglas": 0.0, "pLarix": 0.0, "pOtherNb": 0.0, "pNoEurop": 0.0, "pNoEuropD": 0.0, "pEurop": 1.0, "pDecid": 0.022, "pConifer": 0.978, "pAll": 1.0, "Cell_id": "4420_3056", "EPSG": 31468, "Netz": 8, "Dichte": 8, "Bl": ";16;" }, "geometry": { "type": "Point", "coordinates": [ 11.405755787078496, 50.611683152523725 ] } },
{ "type": "Feature", "properties": { "Tnr": 56165, "mitRand": 0, "AnzHBbeg": 1, "pHaupt": 1.0, "poHaupt": 0.0, "pQuerus": 0.0, "pFagus": 0.0, "pFraxinus": 0.0, "pCarpinus": 0.0, "pAcer": 0.0, "pTilia": 0.0, "pRobinia": 0.0, "pUlmus": 0.0, "pCastanea": 0.0, "pOtherLH": 0.0, "pBetula": 0.0, "pAlnus": 0.0, "pPopulus": 0.0, "pSalix": 0.0, "pSorbus": 0.0, "pPrunus": 0.0, "pMalus": 0.0, "pPyrus": 0.0, "pOtherLN": 0.0, "pPicea": 1.0, "pPinus": 0.0, "pAbies": 0.0, "pDouglas": 0.0, "pLarix": 0.0, "pOtherNb": 0.0, "pNoEurop": 0.0, "pNoEuropD": 0.0, "pEurop": 1.0, "pDecid": 0.0, "pConifer": 1.0, "pAll": 1.0, "Cell_id": "4424_3056", "EPSG": 31468, "Netz": 8, "Dichte": 8, "Bl": ";16;" }, "geometry": { "type": "Point", "coordinates": [ 11.462254258708136, 50.610978247580931 ] } },
{ "type": "Feature", "properties": { "Tnr": 56171, "mitRand": 1, "AnzHBbeg": 3, "pHaupt": 1.0, "poHaupt": 0.0, "pQuerus": 0.174, "pFagus": 0.0, "pFraxinus": 0.0, "pCarpinus": 0.0, "pAcer": 0.152, "pTilia": 0.0, "pRobinia": 0.0, "pUlmus": 0.0, "pCastanea": 0.0, "pOtherLH": 0.0, "pBetula": 0.437, "pAlnus": 0.0, "pPopulus": 0.0, "pSalix": 0.0, "pSorbus": 0.022, "pPrunus": 0.0, "pMalus": 0.0, "pPyrus": 0.0, "pOtherLN": 0.0, "pPicea": 0.214, "pPinus": 0.0, "pAbies": 0.0, "pDouglas": 0.0, "pLarix": 0.0, "pOtherNb": 0.0, "pNoEurop": 0.0, "pNoEuropD": 0.0, "pEurop": 1.0, "pDecid": 0.786, "pConifer": 0.214, "pAll": 1.0, "Cell_id": "4436_3056", "EPSG": 31468, "Netz": 8, "Dichte": 8, "Bl": ";16;" }, "geometry": { "type": "Point", "coordinates": [ 11.631747302037105, 50.608698868567366 ] } },
{ "type": "Feature", "properties": { "Tnr": 56173, "mitRand": 1, "AnzHBbeg": 1, "pHaupt": 1.0, "poHaupt": 0.0, "pQuerus": 0.0, "pFagus": 0.0, "pFraxinus": 0.0, "pCarpinus": 0.0, "pAcer": 0.0, "pTilia": 0.0, "pRobinia": 0.0, "pUlmus": 0.0, "pCastanea": 0.0, "pOtherLH": 0.0, "pBetula": 0.0, "pAlnus": 0.0, "pPopulus": 0.0, "pSalix": 0.0, "pSorbus": 0.0, "pPrunus": 0.0, "pMalus": 0.0, "pPyrus": 0.0, "pOtherLN": 0.0, "pPicea": 1.0, "pPinus": 0.0, "pAbies": 0.0, "pDouglas": 0.0, "pLarix": 0.0, "pOtherNb": 0.0, "pNoEurop": 0.0, "pNoEuropD": 0.0, "pEurop": 1.0, "pDecid": 0.0, "pConifer": 1.0, "pAll": 1.0, "Cell_id": "4440_3056", "EPSG": 31468, "Netz": 8, "Dichte": 8, "Bl": ";16;" }, "geometry": { "type": "Point", "coordinates": [ 11.688234491706146, 50.607884403970203 ] } },
{ "type": "Feature", "properties": { "Tnr": 56185, "mitRand": 1, "AnzHBbeg": 4, "pHaupt": 1.0, "poHaupt": 0.0, "pQuerus": 0.0, "pFagus": 0.0, "pFraxinus": 0.0, "pCarpinus": 0.0, "pAcer": 0.0, "pTilia": 0.0, "pRobinia": 0.0, "pUlmus": 0.0, "pCastanea": 0.0, "pOtherLH": 0.0, "pBetula": 0.0, "pAlnus": 0.0, "pPopulus": 0.0, "pSalix": 0.0, "pSorbus": 0.0, "pPrunus": 0.0, "pMalus": 0.0, "pPyrus": 0.0, "pOtherLN": 0.0, "pPicea": 0.787, "pPinus": 0.213, "pAbies": 0.0, "pDouglas": 0.0, "pLarix": 0.0, "pOtherNb": 0.0, "pNoEurop": 0.0, "pNoEuropD": 0.0, "pEurop": 1.0, "pDecid": 0.0, "pConifer": 1.0, "pAll": 1.0, "Cell_id": "4464_3057", "EPSG": 31468, "Netz": 8, "Dichte": 8, "Bl": ";16;" }, "geometry": { "type": "Point", "coordinates": [ 12.027539916993387, 50.611393989149725 ] } },
{ "type": "Feature", "properties": { "Tnr": 56233, "mitRand": 1, "AnzHBbeg": 3, "pHaupt": 1.0, "poHaupt": 0.0, "pQuerus": 0.221, "pFagus": 0.0, "pFraxinus": 0.097, "pCarpinus": 0.0, "pAcer": 0.237, "pTilia": 0.0, "pRobinia": 0.0, "pUlmus": 0.0, "pCastanea": 0.0, "pOtherLH": 0.0, "pBetula": 0.0, "pAlnus": 0.0, "pPopulus": 0.112, "pSalix": 0.0, "pSorbus": 0.0, "pPrunus": 0.0, "pMalus": 0.0, "pPyrus": 0.0, "pOtherLN": 0.0, "pPicea": 0.247, "pPinus": 0.0, "pAbies": 0.0, "pDouglas": 0.087, "pLarix": 0.0, "pOtherNb": 0.0, "pNoEurop": 0.087, "pNoEuropD": 0.0, "pEurop": 0.913, "pDecid": 0.667, "pConifer": 0.333, "pAll": 1.0, "Cell_id": "4326_3052", "EPSG": 31467, "Netz": 16, "Dichte": 8, "Bl": ";16;" }, "geometry": { "type": "Point", "coordinates": [ 10.077653804734014, 50.584283712308306 ] } },
{ "type": "Feature", "properties": { "Tnr": 56239, "mitRand": 1, "AnzHBbeg": 4, "pHaupt": 1.0, "poHaupt": 0.0, "pQuerus": 0.0, "pFagus": 0.0, "pFraxinus": 0.181, "pCarpinus": 0.0, "pAcer": 0.0, "pTilia": 0.0, "pRobinia": 0.0, "pUlmus": 0.0, "pCastanea": 0.0, "pOtherLH": 0.0, "pBetula": 0.0, "pAlnus": 0.0, "pPopulus": 0.0, "pSalix": 0.0, "pSorbus": 0.0, "pPrunus": 0.0, "pMalus": 0.0, "pPyrus": 0.0, "pOtherLN": 0.0, "pPicea": 0.819, "pPinus": 0.0, "pAbies": 0.0, "pDouglas": 0.0, "pLarix": 0.0, "pOtherNb": 0.0, "pNoEurop": 0.0, "pNoEuropD": 0.0, "pEurop": 1.0, "pDecid": 0.181, "pConifer": 0.819, "pAll": 1.0, "Cell_id": "4338_3052", "EPSG": 31467, "Netz": 64, "Dichte": 8, "Bl": ";16;" }, "geometry": { "type": "Point", "coordinates": [ 10.247089484439931, 50.584038949723158 ] } },
{ "type": "Feature", "properties": { "Tnr": 56241, "mitRand": 1, "AnzHBbeg": 3, "pHaupt": 1.0, "poHaupt": 0.0, "pQuerus": 0.099, "pFagus": 0.857, "pFraxinus": 0.0, "pCarpinus": 0.0, "pAcer": 0.044, "pTilia": 0.0, "pRobinia": 0.0, "pUlmus": 0.0, "pCastanea": 0.0, "pOtherLH": 0.0, "pBetula": 0.0, "pAlnus": 0.0, "pPopulus": 0.0, "pSalix": 0.0, "pSorbus": 0.0, "pPrunus": 0.0, "pMalus": 0.0, "pPyrus": 0.0, "pOtherLN": 0.0, "pPicea": 0.0, "pPinus": 0.0, "pAbies": 0.0, "pDouglas": 0.0, "pLarix": 0.0, "pOtherNb": 0.0, "pNoEurop": 0.0, "pNoEuropD": 0.0, "pEurop": 1.0, "pDecid": 1.0, "pConifer": 0.0, "pAll": 1.0, "Cell_id": "4342_3052", "EPSG": 31467, "Netz": 16, "Dichte": 8, "Bl": ";16;" }, "geometry": { "type": "Point", "coordinates": [ 10.303566676785231, 50.583905584585686 ] } },
{ "type": "Feature", "properties": { "Tnr": 56243, "mitRand": 0, "AnzHBbeg": 1, "pHaupt": 1.0, "poHaupt": 0.0, "pQuerus": 0.0, "pFagus": 1.0, "pFraxinus": 0.0, "pCarpinus": 0.0, "pAcer": 0.0, "pTilia": 0.0, "pRobinia": 0.0, "pUlmus": 0.0, "pCastanea": 0.0, "pOtherLH": 0.0, "pBetula": 0.0, "pAlnus": 0.0, "pPopulus": 0.0, "pSalix": 0.0, "pSorbus": 0.0, "pPrunus": 0.0, "pMalus": 0.0, "pPyrus": 0.0, "pOtherLN": 0.0, "pPicea": 0.0, "pPinus": 0.0, "pAbies": 0.0, "pDouglas": 0.0, "pLarix": 0.0, "pOtherNb": 0.0, "pNoEurop": 0.0, "pNoEuropD": 0.0, "pEurop": 1.0, "pDecid": 1.0, "pConifer": 0.0, "pAll": 1.0, "Cell_id": "4346_3052", "EPSG": 31467, "Netz": 64, "Dichte": 8, "Bl": ";16;" }, "geometry": { "type": "Point", "coordinates": [ 10.360028889513258, 50.583744998959965 ] } },
{ "type": "Feature", "properties": { "Tnr": 56251, "mitRand": 1, "AnzHBbeg": 4, "pHaupt": 1.0, "poHaupt": 0.0, "pQuerus": 0.0, "pFagus": 0.0, "pFraxinus": 0.0, "pCarpinus": 0.0, "pAcer": 0.0, "pTilia": 0.0, "pRobinia": 0.0, "pUlmus": 0.0, "pCastanea": 0.0, "pOtherLH": 0.0, "pBetula": 0.0, "pAlnus": 0.0, "pPopulus": 0.0, "pSalix": 0.0, "pSorbus": 0.0, "pPrunus": 0.0, "pMalus": 0.0, "pPyrus": 0.0, "pOtherLN": 0.0, "pPicea": 1.0, "pPinus": 0.0, "pAbies": 0.0, "pDouglas": 0.0, "pLarix": 0.0, "pOtherNb": 0.0, "pNoEurop": 0.0, "pNoEuropD": 0.0, "pEurop": 1.0, "pDecid": 0.0, "pConifer": 1.0, "pAll": 1.0, "Cell_id": "4362_3052", "EPSG": 31468, "Netz": 16, "Dichte": 8, "Bl": ";16;" }, "geometry": { "type": "Point", "coordinates": [ 10.585923204979563, 50.582810218707024 ] } },
{ "type": "Feature", "properties": { "Tnr": 56253, "mitRand": 0, "AnzHBbeg": 4, "pHaupt": 0.75, "poHaupt": 0.25, "pQuerus": 0.0, "pFagus": 0.0, "pFraxinus": 0.0, "pCarpinus": 0.0, "pAcer": 0.0, "pTilia": 0.0, "pRobinia": 0.0, "pUlmus": 0.0, "pCastanea": 0.0, "pOtherLH": 0.0, "pBetula": 0.167, "pAlnus": 0.0, "pPopulus": 0.0, "pSalix": 0.0, "pSorbus": 0.0, "pPrunus": 0.0, "pMalus": 0.0, "pPyrus": 0.0, "pOtherLN": 0.0, "pPicea": 0.555, "pPinus": 0.0, "pAbies": 0.0, "pDouglas": 0.0, "pLarix": 0.028, "pOtherNb": 0.0, "pNoEurop": 0.0, "pNoEuropD": 0.0, "pEurop": 0.75, "pDecid": 0.167, "pConifer": 0.583, "pAll": 0.75, "Cell_id": "4366_3052", "EPSG": 31468, "Netz": 64, "Dichte": 8, "Bl": ";16;" }, "geometry": { "type": "Point", "coordinates": [ 10.64240798967759, 50.582512365824336 ] } },
{ "type": "Feature", "properties": { "Tnr": 56255, "mitRand": 1, "AnzHBbeg": 2, "pHaupt": 1.0, "poHaupt": 0.0, "pQuerus": 0.0, "pFagus": 0.0, "pFraxinus": 0.0, "pCarpinus": 0.0, "pAcer": 0.0, "pTilia": 0.0, "pRobinia": 0.0, "pUlmus": 0.0, "pCastanea": 0.0, "pOtherLH": 0.0, "pBetula": 0.0, "pAlnus": 0.0, "pPopulus": 0.0, "pSalix": 0.0, "pSorbus": 0.0, "pPrunus": 0.0, "pMalus": 0.0, "pPyrus": 0.0, "pOtherLN": 0.0, "pPicea": 1.0, "pPinus": 0.0, "pAbies": 0.0, "pDouglas": 0.0, "pLarix": 0.0, "pOtherNb": 0.0, "pNoEurop": 0.0, "pNoEuropD": 0.0, "pEurop": 1.0, "pDecid": 0.0, "pConifer": 1.0, "pAll": 1.0, "Cell_id": "4370_3052", "EPSG": 31468, "Netz": 16, "Dichte": 8, "Bl": ";16;" }, "geometry": { "type": "Point", "coordinates": [ 10.698877270529364, 50.582187327183455 ] } },
{ "type": "Feature", "properties": { "Tnr": 56257, "mitRand": 1, "AnzHBbeg": 4, "pHaupt": 1.0, "poHaupt": 0.0, "pQuerus": 0.0, "pFagus": 0.135, "pFraxinus": 0.0, "pCarpinus": 0.0, "pAcer": 0.0, "pTilia": 0.0, "pRobinia": 0.0, "pUlmus": 0.0, "pCastanea": 0.0, "pOtherLH": 0.0, "pBetula": 0.0, "pAlnus": 0.0, "pPopulus": 0.0, "pSalix": 0.0, "pSorbus": 0.0, "pPrunus": 0.0, "pMalus": 0.0, "pPyrus": 0.0, "pOtherLN": 0.0, "pPicea": 0.865, "pPinus": 0.0, "pAbies": 0.0, "pDouglas": 0.0, "pLarix": 0.0, "pOtherNb": 0.0, "pNoEurop": 0.0, "pNoEuropD": 0.0, "pEurop": 1.0, "pDecid": 0.135, "pConifer": 0.865, "pAll": 1.0, "Cell_id": "4374_3052", "EPSG": 31468, "Netz": 64, "Dichte": 8, "Bl": ";16;" }, "geometry": { "type": "Point", "coordinates": [ 10.755344739407487, 50.58182592677781 ] } },
{ "type": "Feature", "properties": { "Tnr": 56259, "mitRand": 0, "AnzHBbeg": 4, "pHaupt": 1.0, "poHaupt": 0.0, "pQuerus": 0.0, "pFagus": 0.193, "pFraxinus": 0.0, "pCarpinus": 0.0, "pAcer": 0.0, "pTilia": 0.0, "pRobinia": 0.0, "pUlmus": 0.0, "pCastanea": 0.0, "pOtherLH": 0.0, "pBetula": 0.0, "pAlnus": 0.0, "pPopulus": 0.0, "pSalix": 0.0, "pSorbus": 0.073, "pPrunus": 0.0, "pMalus": 0.0, "pPyrus": 0.0, "pOtherLN": 0.0, "pPicea": 0.734, "pPinus": 0.0, "pAbies": 0.0, "pDouglas": 0.0, "pLarix": 0.0, "pOtherNb": 0.0, "pNoEurop": 0.0, "pNoEuropD": 0.0, "pEurop": 1.0, "pDecid": 0.266, "pConifer": 0.734, "pAll": 1.0, "Cell_id": "4378_3053", "EPSG": 31468, "Netz": 16, "Dichte": 8, "Bl": ";16;" }, "geometry": { "type": "Point", "coordinates": [ 10.811972572230628, 50.590433989875926 ] } },
{ "type": "Feature", "properties": { "Tnr": 56261, "mitRand": 1, "AnzHBbeg": 4, "pHaupt": 1.0, "poHaupt": 0.0, "pQuerus": 0.0, "pFagus": 0.25, "pFraxinus": 0.0, "pCarpinus": 0.0, "pAcer": 0.0, "pTilia": 0.0, "pRobinia": 0.0, "pUlmus": 0.0, "pCastanea": 0.0, "pOtherLH": 0.0, "pBetula": 0.0, "pAlnus": 0.0, "pPopulus": 0.0, "pSalix": 0.0, "pSorbus": 0.0, "pPrunus": 0.0, "pMalus": 0.0, "pPyrus": 0.0, "pOtherLN": 0.0, "pPicea": 0.75, "pPinus": 0.0, "pAbies": 0.0, "pDouglas": 0.0, "pLarix": 0.0, "pOtherNb": 0.0, "pNoEurop": 0.0, "pNoEuropD": 0.0, "pEurop": 1.0, "pDecid": 0.25, "pConifer": 0.75, "pAll": 1.0, "Cell_id": "4382_3053", "EPSG": 31468, "Netz": 64, "Dichte": 8, "Bl": ";16;" }, "geometry": { "type": "Point", "coordinates": [ 10.868447539080986, 50.590017647099138 ] } },
{ "type": "Feature", "properties": { "Tnr": 56269, "mitRand": 0, "AnzHBbeg": 1, "pHaupt": 1.0, "poHaupt": 0.0, "pQuerus": 0.0, "pFagus": 0.0, "pFraxinus": 0.0, "pCarpinus": 0.0, "pAcer": 0.248, "pTilia": 0.0, "pRobinia": 0.0, "pUlmus": 0.0, "pCastanea": 0.0, "pOtherLH": 0.0, "pBetula": 0.0, "pAlnus": 0.0, "pPopulus": 0.0, "pSalix": 0.0, "pSorbus": 0.0, "pPrunus": 0.0, "pMalus": 0.0, "pPyrus": 0.0, "pOtherLN": 0.0, "pPicea": 0.58, "pPinus": 0.172, "pAbies": 0.0, "pDouglas": 0.0, "pLarix": 0.0, "pOtherNb": 0.0, "pNoEurop": 0.0, "pNoEuropD": 0.0, "pEurop": 1.0, "pDecid": 0.248, "pConifer": 0.752, "pAll": 1.0, "Cell_id": "4398_3053", "EPSG": 31468, "Netz": 64, "Dichte": 8, "Bl": ";16;" }, "geometry": { "type": "Point", "coordinates": [ 11.094357920482151, 50.588095963202584 ] } },
{ "type": "Feature", "properties": { "Tnr": 56275, "mitRand": 1, "AnzHBbeg": 4, "pHaupt": 0.75, "poHaupt": 0.25, "pQuerus": 0.0, "pFagus": 0.0, "pFraxinus": 0.0, "pCarpinus": 0.0, "pAcer": 0.0, "pTilia": 0.0, "pRobinia": 0.0, "pUlmus": 0.0, "pCastanea": 0.0, "pOtherLH": 0.0, "pBetula": 0.0, "pAlnus": 0.0, "pPopulus": 0.0, "pSalix": 0.0, "pSorbus": 0.0, "pPrunus": 0.0, "pMalus": 0.0, "pPyrus": 0.0, "pOtherLN": 0.0, "pPicea": 0.75, "pPinus": 0.0, "pAbies": 0.0, "pDouglas": 0.0, "pLarix": 0.0, "pOtherNb": 0.0, "pNoEurop": 0.0, "pNoEuropD": 0.0, "pEurop": 0.75, "pDecid": 0.0, "pConifer": 0.75, "pAll": 0.75, "Cell_id": "4410_3053", "EPSG": 31468, "Netz": 16, "Dichte": 8, "Bl": ";16;" }, "geometry": { "type": "Point", "coordinates": [ 11.263775336015172, 50.58635361535265 ] } },
{ "type": "Feature", "properties": { "Tnr": 56277, "mitRand": 0, "AnzHBbeg": 2, "pHaupt": 1.0, "poHaupt": 0.0, "pQuerus": 0.0, "pFagus": 0.0, "pFraxinus": 0.0, "pCarpinus": 0.0, "pAcer": 0.0, "pTilia": 0.0, "pRobinia": 0.0, "pUlmus": 0.0, "pCastanea": 0.0, "pOtherLH": 0.0, "pBetula": 0.0, "pAlnus": 0.0, "pPopulus": 0.0, "pSalix": 0.0, "pSorbus": 0.0, "pPrunus": 0.0, "pMalus": 0.0, "pPyrus": 0.0, "pOtherLN": 0.0, "pPicea": 0.895, "pPinus": 0.105, "pAbies": 0.0, "pDouglas": 0.0, "pLarix": 0.0, "pOtherNb": 0.0, "pNoEurop": 0.0, "pNoEuropD": 0.0, "pEurop": 1.0, "pDecid": 0.0, "pConifer": 1.0, "pAll": 1.0, "Cell_id": "4414_3054", "EPSG": 31468, "Netz": 64, "Dichte": 8, "Bl": ";16;" }, "geometry": { "type": "Point", "coordinates": [ 11.320492671336963, 50.594713020987804 ] } },
{ "type": "Feature", "properties": { "Tnr": 56279, "mitRand": 1, "AnzHBbeg": 2, "pHaupt": 1.0, "poHaupt": 0.0, "pQuerus": 0.0, "pFagus": 0.0, "pFraxinus": 0.0, "pCarpinus": 0.0, "pAcer": 0.0, "pTilia": 0.0, "pRobinia": 0.0, "pUlmus": 0.0, "pCastanea": 0.0, "pOtherLH": 0.0, "pBetula": 0.0, "pAlnus": 0.0, "pPopulus": 0.0, "pSalix": 0.0, "pSorbus": 0.0, "pPrunus": 0.0, "pMalus": 0.0, "pPyrus": 0.0, "pOtherLN": 0.0, "pPicea": 0.854, "pPinus": 0.146, "pAbies": 0.0, "pDouglas": 0.0, "pLarix": 0.0, "pOtherNb": 0.0, "pNoEurop": 0.0, "pNoEuropD": 0.0, "pEurop": 1.0, "pDecid": 0.0, "pConifer": 1.0, "pAll": 1.0, "Cell_id": "4418_3054", "EPSG": 31468, "Netz": 16, "Dichte": 8, "Bl": ";16;" }, "geometry": { "type": "Point", "coordinates": [ 11.376973499987214, 50.594049755418609 ] } },
{ "type": "Feature", "properties": { "Tnr": 56281, "mitRand": 0, "AnzHBbeg": 1, "pHaupt": 1.0, "poHaupt": 0.0, "pQuerus": 0.237, "pFagus": 0.0, "pFraxinus": 0.0, "pCarpinus": 0.0, "pAcer": 0.0, "pTilia": 0.206, "pRobinia": 0.0, "pUlmus": 0.0, "pCastanea": 0.0, "pOtherLH": 0.0, "pBetula": 0.0, "pAlnus": 0.0, "pPopulus": 0.0, "pSalix": 0.0, "pSorbus": 0.0, "pPrunus": 0.0, "pMalus": 0.0, "pPyrus": 0.0, "pOtherLN": 0.0, "pPicea": 0.0, "pPinus": 0.557, "pAbies": 0.0, "pDouglas": 0.0, "pLarix": 0.0, "pOtherNb": 0.0, "pNoEurop": 0.0, "pNoEuropD": 0.0, "pEurop": 1.0, "pDecid": 0.443, "pConifer": 0.557, "pAll": 1.0, "Cell_id": "4422_3054", "EPSG": 31468, "Netz": 64, "Dichte": 8, "Bl": ";16;" }, "geometry": { "type": "Point", "coordinates": [ 11.433451774485034, 50.593359109908036 ] } },
{ "type": "Feature", "properties": { "Tnr": 56283, "mitRand": 1, "AnzHBbeg": 4, "pHaupt": 1.0, "poHaupt": 0.0, "pQuerus": 0.0, "pFagus": 0.0, "pFraxinus": 0.0, "pCarpinus": 0.0, "pAcer": 0.0, "pTilia": 0.0, "pRobinia": 0.0, "pUlmus": 0.0, "pCastanea": 0.0, "pOtherLH": 0.0, "pBetula": 0.0, "pAlnus": 0.0, "pPopulus": 0.0, "pSalix": 0.0, "pSorbus": 0.0, "pPrunus": 0.0, "pMalus": 0.0, "pPyrus": 0.0, "pOtherLN": 0.0, "pPicea": 0.706, "pPinus": 0.294, "pAbies": 0.0, "pDouglas": 0.0, "pLarix": 0.0, "pOtherNb": 0.0, "pNoEurop": 0.0, "pNoEuropD": 0.0, "pEurop": 1.0, "pDecid": 0.0, "pConifer": 1.0, "pAll": 1.0, "Cell_id": "4426_3054", "EPSG": 31468, "Netz": 16, "Dichte": 8, "Bl": ";16;" }, "geometry": { "type": "Point", "coordinates": [ 11.489927407274189, 50.592641087373437 ] } },
{ "type": "Feature", "properties": { "Tnr": 56289, "mitRand": 0, "AnzHBbeg": 2, "pHaupt": 1.0, "poHaupt": 0.0, "pQuerus": 0.195, "pFagus": 0.0, "pFraxinus": 0.0, "pCarpinus": 0.0, "pAcer": 0.0, "pTilia": 0.0, "pRobinia": 0.0, "pUlmus": 0.0, "pCastanea": 0.0, "pOtherLH": 0.0, "pBetula": 0.0, "pAlnus": 0.0, "pPopulus": 0.0, "pSalix": 0.0, "pSorbus": 0.0, "pPrunus": 0.0, "pMalus": 0.0, "pPyrus": 0.0, "pOtherLN": 0.0, "pPicea": 0.448, "pPinus": 0.148, "pAbies": 0.208, "pDouglas": 0.0, "pLarix": 0.0, "pOtherNb": 0.0, "pNoEurop": 0.0, "pNoEuropD": 0.0, "pEurop": 1.0, "pDecid": 0.195, "pConifer": 0.805, "pAll": 1.0, "Cell_id": "4438_3054", "EPSG": 31468, "Netz": 64, "Dichte": 8, "Bl": ";16;" }, "geometry": { "type": "Point", "coordinates": [ 11.659351686390863, 50.590322465951012 ] } },
{ "type": "Feature", "properties": { "Tnr": 56291, "mitRand": 1, "AnzHBbeg": 2, "pHaupt": 1.0, "poHaupt": 0.0, "pQuerus": 0.0, "pFagus": 0.0, "pFraxinus": 0.0, "pCarpinus": 0.0, "pAcer": 0.0, "pTilia": 0.0, "pRobinia": 0.0, "pUlmus": 0.0, "pCastanea": 0.0, "pOtherLH": 0.0, "pBetula": 0.0, "pAlnus": 0.0, "pPopulus": 0.0, "pSalix": 0.0, "pSorbus": 0.0, "pPrunus": 0.0, "pMalus": 0.0, "pPyrus": 0.0, "pOtherLN": 0.0, "pPicea": 0.966, "pPinus": 0.034, "pAbies": 0.0, "pDouglas": 0.0, "pLarix": 0.0, "pOtherNb": 0.0, "pNoEurop": 0.0, "pNoEuropD": 0.0, "pEurop": 1.0, "pDecid": 0.0, "pConifer": 1.0, "pAll": 1.0, "Cell_id": "4442_3054", "EPSG": 31468, "Netz": 16, "Dichte": 8, "Bl": ";16;" }, "geometry": { "type": "Point", "coordinates": [ 11.715829981675645, 50.589494630480083 ] } },
{ "type": "Feature", "properties": { "Tnr": 56293, "mitRand": 1, "AnzHBbeg": 3, "pHaupt": 1.0, "poHaupt": 0.0, "pQuerus": 0.0, "pFagus": 0.0, "pFraxinus": 0.0, "pCarpinus": 0.0, "pAcer": 0.0, "pTilia": 0.0, "pRobinia": 0.0, "pUlmus": 0.0, "pCastanea": 0.0, "pOtherLH": 0.0, "pBetula": 0.029, "pAlnus": 0.0, "pPopulus": 0.0, "pSalix": 0.0, "pSorbus": 0.0, "pPrunus": 0.0, "pMalus": 0.0, "pPyrus": 0.0, "pOtherLN": 0.0, "pPicea": 0.971, "pPinus": 0.0, "pAbies": 0.0, "pDouglas": 0.0, "pLarix": 0.0, "pOtherNb": 0.0, "pNoEurop": 0.0, "pNoEuropD": 0.0, "pEurop": 1.0, "pDecid": 0.029, "pConifer": 0.971, "pAll": 1.0, "Cell_id": "4446_3054", "EPSG": 31468, "Netz": 64, "Dichte": 8, "Bl": ";16;" }, "geometry": { "type": "Point", "coordinates": [ 11.772291091624604, 50.588639756441324 ] } },
{ "type": "Feature", "properties": { "Tnr": 56299, "mitRand": 1, "AnzHBbeg": 2, "pHaupt": 1.0, "poHaupt": 0.0, "pQuerus": 0.0, "pFagus": 0.0, "pFraxinus": 0.0, "pCarpinus": 0.0, "pAcer": 0.0, "pTilia": 0.0, "pRobinia": 0.0, "pUlmus": 0.0, "pCastanea": 0.0, "pOtherLH": 0.0, "pBetula": 0.0, "pAlnus": 0.0, "pPopulus": 0.0, "pSalix": 0.0, "pSorbus": 0.0, "pPrunus": 0.0, "pMalus": 0.0, "pPyrus": 0.0, "pOtherLN": 0.0, "pPicea": 0.867, "pPinus": 0.133, "pAbies": 0.0, "pDouglas": 0.0, "pLarix": 0.0, "pOtherNb": 0.0, "pNoEurop": 0.0, "pNoEuropD": 0.0, "pEurop": 1.0, "pDecid": 0.0, "pConifer": 1.0, "pAll": 1.0, "Cell_id": "4458_3055", "EPSG": 31468, "Netz": 16, "Dichte": 8, "Bl": ";14;16;" }, "geometry": { "type": "Point", "coordinates": [ 11.942059502192526, 50.594883575651728 ] } },
{ "type": "Feature", "properties": { "Tnr": 56303, "mitRand": 0, "AnzHBbeg": 1, "pHaupt": 1.0, "poHaupt": 0.0, "pQuerus": 0.0, "pFagus": 0.0, "pFraxinus": 0.0, "pCarpinus": 0.0, "pAcer": 0.0, "pTilia": 0.0, "pRobinia": 0.0, "pUlmus": 0.0, "pCastanea": 0.0, "pOtherLH": 0.0, "pBetula": 0.0, "pAlnus": 0.226, "pPopulus": 0.0, "pSalix": 0.0, "pSorbus": 0.0, "pPrunus": 0.0, "pMalus": 0.0, "pPyrus": 0.0, "pOtherLN": 0.0, "pPicea": 0.774, "pPinus": 0.0, "pAbies": 0.0, "pDouglas": 0.0, "pLarix": 0.0, "pOtherNb": 0.0, "pNoEurop": 0.0, "pNoEuropD": 0.0, "pEurop": 1.0, "pDecid": 0.226, "pConifer": 0.774, "pAll": 1.0, "Cell_id": "4466_3055", "EPSG": 31468, "Netz": 16, "Dichte": 8, "Bl": ";16;" }, "geometry": { "type": "Point", "coordinates": [ 12.055001461296261, 50.592926156031936 ] } },
{ "type": "Feature", "properties": { "Tnr": 56305, "mitRand": 1, "AnzHBbeg": 4, "pHaupt": 0.75, "poHaupt": 0.25, "pQuerus": 0.0, "pFagus": 0.0, "pFraxinus": 0.0, "pCarpinus": 0.0, "pAcer": 0.0, "pTilia": 0.0, "pRobinia": 0.0, "pUlmus": 0.0, "pCastanea": 0.0, "pOtherLH": 0.0, "pBetula": 0.0, "pAlnus": 0.0, "pPopulus": 0.0, "pSalix": 0.0, "pSorbus": 0.0, "pPrunus": 0.0, "pMalus": 0.0, "pPyrus": 0.0, "pOtherLN": 0.0, "pPicea": 0.564, "pPinus": 0.186, "pAbies": 0.0, "pDouglas": 0.0, "pLarix": 0.0, "pOtherNb": 0.0, "pNoEurop": 0.0, "pNoEuropD": 0.0, "pEurop": 0.75, "pDecid": 0.0, "pConifer": 0.75, "pAll": 0.75, "Cell_id": "4470_3055", "EPSG": 31468, "Netz": 64, "Dichte": 8, "Bl": ";14;" }, "geometry": { "type": "Point", "coordinates": [ 12.111466480836368, 50.591897427076908 ] } },
{ "type": "Feature", "properties": { "Tnr": 56307, "mitRand": 0, "AnzHBbeg": 3, "pHaupt": 1.0, "poHaupt": 0.0, "pQuerus": 0.121, "pFagus": 0.0, "pFraxinus": 0.0, "pCarpinus": 0.178, "pAcer": 0.0, "pTilia": 0.081, "pRobinia": 0.0, "pUlmus": 0.0, "pCastanea": 0.0, "pOtherLH": 0.0, "pBetula": 0.083, "pAlnus": 0.0, "pPopulus": 0.0, "pSalix": 0.0, "pSorbus": 0.0, "pPrunus": 0.0, "pMalus": 0.0, "pPyrus": 0.0, "pOtherLN": 0.0, "pPicea": 0.133, "pPinus": 0.404, "pAbies": 0.0, "pDouglas": 0.0, "pLarix": 0.0, "pOtherNb": 0.0, "pNoEurop": 0.0, "pNoEuropD": 0.0, "pEurop": 1.0, "pDecid": 0.463, "pConifer": 0.537, "pAll": 1.0, "Cell_id": "4474_3055", "EPSG": 31468, "Netz": 16, "Dichte": 8, "Bl": ";14;" }, "geometry": { "type": "Point", "coordinates": [ 12.167928387215914, 50.59085031834254 ] } },
{ "type": "Feature", "properties": { "Tnr": 56348, "mitRand": 1, "AnzHBbeg": 1, "pHaupt": 1.0, "poHaupt": 0.0, "pQuerus": 0.0, "pFagus": 0.0, "pFraxinus": 0.609, "pCarpinus": 0.0, "pAcer": 0.0, "pTilia": 0.0, "pRobinia": 0.0, "pUlmus": 0.0, "pCastanea": 0.0, "pOtherLH": 0.0, "pBetula": 0.0, "pAlnus": 0.0, "pPopulus": 0.0, "pSalix": 0.391, "pSorbus": 0.0, "pPrunus": 0.0, "pMalus": 0.0, "pPyrus": 0.0, "pOtherLN": 0.0, "pPicea": 0.0, "pPinus": 0.0, "pAbies": 0.0, "pDouglas": 0.0, "pLarix": 0.0, "pOtherNb": 0.0, "pNoEurop": 0.0, "pNoEuropD": 0.0, "pEurop": 1.0, "pDecid": 1.0, "pConifer": 0.0, "pAll": 1.0, "Cell_id": "4324_3050", "EPSG": 31467, "Netz": 8, "Dichte": 8, "Bl": ";16;" }, "geometry": { "type": "Point", "coordinates": [ 10.049395327130819, 50.566319597195374 ] } },
{ "type": "Feature", "properties": { "Tnr": 56350, "mitRand": 1, "AnzHBbeg": 2, "pHaupt": 1.0, "poHaupt": 0.0, "pQuerus": 0.0, "pFagus": 0.07, "pFraxinus": 0.301, "pCarpinus": 0.0, "pAcer": 0.629, "pTilia": 0.0, "pRobinia": 0.0, "pUlmus": 0.0, "pCastanea": 0.0, "pOtherLH": 0.0, "pBetula": 0.0, "pAlnus": 0.0, "pPopulus": 0.0, "pSalix": 0.0, "pSorbus": 0.0, "pPrunus": 0.0, "pMalus": 0.0, "pPyrus": 0.0, "pOtherLN": 0.0, "pPicea": 0.0, "pPinus": 0.0, "pAbies": 0.0, "pDouglas": 0.0, "pLarix": 0.0, "pOtherNb": 0.0, "pNoEurop": 0.0, "pNoEuropD": 0.0, "pEurop": 1.0, "pDecid": 1.0, "pConifer": 0.0, "pAll": 1.0, "Cell_id": "4328_3050", "EPSG": 31467, "Netz": 8, "Dichte": 8, "Bl": ";16;" }, "geometry": { "type": "Point", "coordinates": [ 10.105853366034278, 50.566282236076653 ] } },
{ "type": "Feature", "properties": { "Tnr": 56352, "mitRand": 1, "AnzHBbeg": 2, "pHaupt": 1.0, "poHaupt": 0.0, "pQuerus": 0.0, "pFagus": 0.428, "pFraxinus": 0.0, "pCarpinus": 0.0, "pAcer": 0.0, "pTilia": 0.0, "pRobinia": 0.0, "pUlmus": 0.0, "pCastanea": 0.0, "pOtherLH": 0.0, "pBetula": 0.0, "pAlnus": 0.0, "pPopulus": 0.0, "pSalix": 0.0, "pSorbus": 0.0, "pPrunus": 0.0, "pMalus": 0.0, "pPyrus": 0.0, "pOtherLN": 0.0, "pPicea": 0.0, "pPinus": 0.572, "pAbies": 0.0, "pDouglas": 0.0, "pLarix": 0.0, "pOtherNb": 0.0, "pNoEurop": 0.0, "pNoEuropD": 0.0, "pEurop": 1.0, "pDecid": 0.428, "pConifer": 0.572, "pAll": 1.0, "Cell_id": "4332_3050", "EPSG": 31467, "Netz": 8, "Dichte": 8, "Bl": ";16;" }, "geometry": { "type": "Point", "coordinates": [ 10.162310848237846, 50.566217504320207 ] } },
{ "type": "Feature", "properties": { "Tnr": 56362, "mitRand": 1, "AnzHBbeg": 4, "pHaupt": 1.0, "poHaupt": 0.0, "pQuerus": 0.0, "pFagus": 0.0, "pFraxinus": 0.143, "pCarpinus": 0.0, "pAcer": 0.0, "pTilia": 0.0, "pRobinia": 0.0, "pUlmus": 0.0, "pCastanea": 0.0, "pOtherLH": 0.0, "pBetula": 0.0, "pAlnus": 0.0, "pPopulus": 0.0, "pSalix": 0.077, "pSorbus": 0.0, "pPrunus": 0.0, "pMalus": 0.0, "pPyrus": 0.0, "pOtherLN": 0.0, "pPicea": 0.607, "pPinus": 0.173, "pAbies": 0.0, "pDouglas": 0.0, "pLarix": 0.0, "pOtherNb": 0.0, "pNoEurop": 0.0, "pNoEuropD": 0.0, "pEurop": 1.0, "pDecid": 0.219, "pConifer": 0.781, "pAll": 1.0, "Cell_id": "4352_3050", "EPSG": 31467, "Netz": 8, "Dichte": 8, "Bl": ";16;" }, "geometry": { "type": "Point", "coordinates": [ 10.444572184042471, 50.565465512916184 ] } },
{ "type": "Feature", "properties": { "Tnr": 56364, "mitRand": 1, "AnzHBbeg": 4, "pHaupt": 1.0, "poHaupt": 0.0, "pQuerus": 0.0, "pFagus": 0.629, "pFraxinus": 0.0, "pCarpinus": 0.0, "pAcer": 0.0, "pTilia": 0.0, "pRobinia": 0.0, "pUlmus": 0.0, "pCastanea": 0.0, "pOtherLH": 0.0, "pBetula": 0.0, "pAlnus": 0.0, "pPopulus": 0.0, "pSalix": 0.0, "pSorbus": 0.0, "pPrunus": 0.0, "pMalus": 0.0, "pPyrus": 0.0, "pOtherLN": 0.0, "pPicea": 0.288, "pPinus": 0.06, "pAbies": 0.0, "pDouglas": 0.0, "pLarix": 0.023, "pOtherNb": 0.0, "pNoEurop": 0.0, "pNoEuropD": 0.0, "pEurop": 1.0, "pDecid": 0.629, "pConifer": 0.371, "pAll": 1.0, "Cell_id": "4356_3050", "EPSG": 31468, "Netz": 8, "Dichte": 8, "Bl": ";16;" }, "geometry": { "type": "Point", "coordinates": [ 10.501024465925491, 50.565236581126619 ] } },
{ "type": "Feature", "properties": { "Tnr": 56366, "mitRand": 0, "AnzHBbeg": 1, "pHaupt": 1.0, "poHaupt": 0.0, "pQuerus": 0.0, "pFagus": 0.0, "pFraxinus": 0.0, "pCarpinus": 0.0, "pAcer": 0.0, "pTilia": 0.0, "pRobinia": 0.0, "pUlmus": 0.0, "pCastanea": 0.0, "pOtherLH": 0.0, "pBetula": 0.0, "pAlnus": 0.0, "pPopulus": 0.0, "pSalix": 0.0, "pSorbus": 0.0, "pPrunus": 0.0, "pMalus": 0.0, "pPyrus": 0.0, "pOtherLN": 0.0, "pPicea": 1.0, "pPinus": 0.0, "pAbies": 0.0, "pDouglas": 0.0, "pLarix": 0.0, "pOtherNb": 0.0, "pNoEurop": 0.0, "pNoEuropD": 0.0, "pEurop": 1.0, "pDecid": 0.0, "pConifer": 1.0, "pAll": 1.0, "Cell_id": "4360_3050", "EPSG": 31468, "Netz": 8, "Dichte": 8, "Bl": ";16;" }, "geometry": { "type": "Point", "coordinates": [ 10.557475281738867, 50.564971298952059 ] } },
{ "type": "Feature", "properties": { "Tnr": 56368, "mitRand": 1, "AnzHBbeg": 4, "pHaupt": 1.0, "poHaupt": 0.0, "pQuerus": 0.0, "pFagus": 0.0, "pFraxinus": 0.0, "pCarpinus": 0.0, "pAcer": 0.0, "pTilia": 0.0, "pRobinia": 0.0, "pUlmus": 0.0, "pCastanea": 0.0, "pOtherLH": 0.0, "pBetula": 0.0, "pAlnus": 0.0, "pPopulus": 0.0, "pSalix": 0.0, "pSorbus": 0.0, "pPrunus": 0.0, "pMalus": 0.0, "pPyrus": 0.0, "pOtherLN": 0.0, "pPicea": 1.0, "pPinus": 0.0, "pAbies": 0.0, "pDouglas": 0.0, "pLarix": 0.0, "pOtherNb": 0.0, "pNoEurop": 0.0, "pNoEuropD": 0.0, "pEurop": 1.0, "pDecid": 0.0, "pConifer": 1.0, "pAll": 1.0, "Cell_id": "4364_3050", "EPSG": 31468, "Netz": 8, "Dichte": 8, "Bl": ";16;" }, "geometry": { "type": "Point", "coordinates": [ 10.613925126087533, 50.564687640369911 ] } },
{ "type": "Feature", "properties": { "Tnr": 56370, "mitRand": 1, "AnzHBbeg": 3, "pHaupt": 1.0, "poHaupt": 0.0, "pQuerus": 0.0, "pFagus": 0.0, "pFraxinus": 0.0, "pCarpinus": 0.0, "pAcer": 0.0, "pTilia": 0.0, "pRobinia": 0.0, "pUlmus": 0.0, "pCastanea": 0.0, "pOtherLH": 0.0, "pBetula": 0.0, "pAlnus": 0.0, "pPopulus": 0.0, "pSalix": 0.0, "pSorbus": 0.0, "pPrunus": 0.0, "pMalus": 0.0, "pPyrus": 0.0, "pOtherLN": 0.0, "pPicea": 1.0, "pPinus": 0.0, "pAbies": 0.0, "pDouglas": 0.0, "pLarix": 0.0, "pOtherNb": 0.0, "pNoEurop": 0.0, "pNoEuropD": 0.0, "pEurop": 1.0, "pDecid": 0.0, "pConifer": 1.0, "pAll": 1.0, "Cell_id": "4368_3050", "EPSG": 31468, "Netz": 8, "Dichte": 8, "Bl": ";16;" }, "geometry": { "type": "Point", "coordinates": [ 10.670387733408043, 50.56437641787997 ] } },
{ "type": "Feature", "properties": { "Tnr": 56372, "mitRand": 1, "AnzHBbeg": 3, "pHaupt": 1.0, "poHaupt": 0.0, "pQuerus": 0.0, "pFagus": 0.111, "pFraxinus": 0.0, "pCarpinus": 0.0, "pAcer": 0.0, "pTilia": 0.0, "pRobinia": 0.0, "pUlmus": 0.0, "pCastanea": 0.0, "pOtherLH": 0.0, "pBetula": 0.0, "pAlnus": 0.0, "pPopulus": 0.0, "pSalix": 0.0, "pSorbus": 0.0, "pPrunus": 0.0, "pMalus": 0.0, "pPyrus": 0.0, "pOtherLN": 0.0, "pPicea": 0.556, "pPinus": 0.0, "pAbies": 0.0, "pDouglas": 0.0, "pLarix": 0.333, "pOtherNb": 0.0, "pNoEurop": 0.0, "pNoEuropD": 0.0, "pEurop": 1.0, "pDecid": 0.111, "pConifer": 0.889, "pAll": 1.0, "Cell_id": "4372_3050", "EPSG": 31468, "Netz": 8, "Dichte": 8, "Bl": ";16;" }, "geometry": { "type": "Point", "coordinates": [ 10.726834471730045, 50.56402904569299 ] } },
{ "type": "Feature", "properties": { "Tnr": 56374, "mitRand": 1, "AnzHBbeg": 3, "pHaupt": 1.0, "poHaupt": 0.0, "pQuerus": 0.0, "pFagus": 0.333, "pFraxinus": 0.0, "pCarpinus": 0.0, "pAcer": 0.0, "pTilia": 0.0, "pRobinia": 0.0, "pUlmus": 0.0, "pCastanea": 0.0, "pOtherLH": 0.0, "pBetula": 0.0, "pAlnus": 0.0, "pPopulus": 0.0, "pSalix": 0.0, "pSorbus": 0.0, "pPrunus": 0.0, "pMalus": 0.0, "pPyrus": 0.0, "pOtherLN": 0.0, "pPicea": 0.333, "pPinus": 0.0, "pAbies": 0.0, "pDouglas": 0.0, "pLarix": 0.333, "pOtherNb": 0.0, "pNoEurop": 0.0, "pNoEuropD": 0.0, "pEurop": 1.0, "pDecid": 0.333, "pConifer": 0.667, "pAll": 1.0, "Cell_id": "4376_3050", "EPSG": 31468, "Netz": 8, "Dichte": 8, "Bl": ";16;" }, "geometry": { "type": "Point", "coordinates": [ 10.783280008242755, 50.563663300945741 ] } },
{ "type": "Feature", "properties": { "Tnr": 56376, "mitRand": 1, "AnzHBbeg": 4, "pHaupt": 1.0, "poHaupt": 0.0, "pQuerus": 0.0, "pFagus": 0.763, "pFraxinus": 0.0, "pCarpinus": 0.0, "pAcer": 0.105, "pTilia": 0.0, "pRobinia": 0.0, "pUlmus": 0.044, "pCastanea": 0.0, "pOtherLH": 0.0, "pBetula": 0.0, "pAlnus": 0.0, "pPopulus": 0.0, "pSalix": 0.0, "pSorbus": 0.0, "pPrunus": 0.0, "pMalus": 0.0, "pPyrus": 0.0, "pOtherLN": 0.0, "pPicea": 0.089, "pPinus": 0.0, "pAbies": 0.0, "pDouglas": 0.0, "pLarix": 0.0, "pOtherNb": 0.0, "pNoEurop": 0.0, "pNoEuropD": 0.0, "pEurop": 1.0, "pDecid": 0.911, "pConifer": 0.089, "pAll": 1.0, "Cell_id": "4380_3051", "EPSG": 31468, "Netz": 8, "Dichte": 8, "Bl": ";16;" }, "geometry": { "type": "Point", "coordinates": [ 10.839890352761337, 50.572248999113384 ] } },
{ "type": "Feature", "properties": { "Tnr": 56378, "mitRand": 1, "AnzHBbeg": 4, "pHaupt": 1.0, "poHaupt": 0.0, "pQuerus": 0.0, "pFagus": 0.351, "pFraxinus": 0.0, "pCarpinus": 0.0, "pAcer": 0.0, "pTilia": 0.0, "pRobinia": 0.0, "pUlmus": 0.0, "pCastanea": 0.0, "pOtherLH": 0.0, "pBetula": 0.0, "pAlnus": 0.0, "pPopulus": 0.0, "pSalix": 0.0, "pSorbus": 0.0, "pPrunus": 0.0, "pMalus": 0.0, "pPyrus": 0.0, "pOtherLN": 0.0, "pPicea": 0.649, "pPinus": 0.0, "pAbies": 0.0, "pDouglas": 0.0, "pLarix": 0.0, "pOtherNb": 0.0, "pNoEurop": 0.0, "pNoEuropD": 0.0, "pEurop": 1.0, "pDecid": 0.351, "pConifer": 0.649, "pAll": 1.0, "Cell_id": "4384_3051", "EPSG": 31468, "Netz": 8, "Dichte": 8, "Bl": ";16;" }, "geometry": { "type": "Point", "coordinates": [ 10.896343313778887, 50.571828343762981 ] } },
{ "type": "Feature", "properties": { "Tnr": 56382, "mitRand": 1, "AnzHBbeg": 3, "pHaupt": 0.667, "poHaupt": 0.333, "pQuerus": 0.0, "pFagus": 0.0, "pFraxinus": 0.0, "pCarpinus": 0.0, "pAcer": 0.0, "pTilia": 0.0, "pRobinia": 0.0, "pUlmus": 0.0, "pCastanea": 0.0, "pOtherLH": 0.0, "pBetula": 0.0, "pAlnus": 0.0, "pPopulus": 0.0, "pSalix": 0.0, "pSorbus": 0.0, "pPrunus": 0.0, "pMalus": 0.0, "pPyrus": 0.0, "pOtherLN": 0.0, "pPicea": 0.667, "pPinus": 0.0, "pAbies": 0.0, "pDouglas": 0.0, "pLarix": 0.0, "pOtherNb": 0.0, "pNoEurop": 0.0, "pNoEuropD": 0.0, "pEurop": 0.667, "pDecid": 0.0, "pConifer": 0.667, "pAll": 0.667, "Cell_id": "4392_3051", "EPSG": 31468, "Netz": 8, "Dichte": 8, "Bl": ";16;" }, "geometry": { "type": "Point", "coordinates": [ 11.009257140793176, 50.570886739176082 ] } },
{ "type": "Feature", "properties": { "Tnr": 56384, "mitRand": 1, "AnzHBbeg": 3, "pHaupt": 1.0, "poHaupt": 0.0, "pQuerus": 0.0, "pFagus": 0.0, "pFraxinus": 0.166, "pCarpinus": 0.0, "pAcer": 0.168, "pTilia": 0.0, "pRobinia": 0.0, "pUlmus": 0.0, "pCastanea": 0.0, "pOtherLH": 0.0, "pBetula": 0.054, "pAlnus": 0.0, "pPopulus": 0.248, "pSalix": 0.0, "pSorbus": 0.0, "pPrunus": 0.0, "pMalus": 0.0, "pPyrus": 0.0, "pOtherLN": 0.0, "pPicea": 0.365, "pPinus": 0.0, "pAbies": 0.0, "pDouglas": 0.0, "pLarix": 0.0, "pOtherNb": 0.0, "pNoEurop": 0.0, "pNoEuropD": 0.0, "pEurop": 1.0, "pDecid": 0.635, "pConifer": 0.365, "pAll": 1.0, "Cell_id": "4396_3051", "EPSG": 31468, "Netz": 8, "Dichte": 8, "Bl": ";16;" }, "geometry": { "type": "Point", "coordinates": [ 11.065718180763934, 50.570374765356711 ] } },
{ "type": "Feature", "properties": { "Tnr": 56388, "mitRand": 1, "AnzHBbeg": 4, "pHaupt": 1.0, "poHaupt": 0.0, "pQuerus": 0.0, "pFagus": 0.0, "pFraxinus": 0.0, "pCarpinus": 0.0, "pAcer": 0.0, "pTilia": 0.0, "pRobinia": 0.0, "pUlmus": 0.0, "pCastanea": 0.0, "pOtherLH": 0.0, "pBetula": 0.0, "pAlnus": 0.0, "pPopulus": 0.0, "pSalix": 0.0, "pSorbus": 0.0, "pPrunus": 0.0, "pMalus": 0.0, "pPyrus": 0.0, "pOtherLN": 0.0, "pPicea": 0.762, "pPinus": 0.238, "pAbies": 0.0, "pDouglas": 0.0, "pLarix": 0.0, "pOtherNb": 0.0, "pNoEurop": 0.0, "pNoEuropD": 0.0, "pEurop": 1.0, "pDecid": 0.0, "pConifer": 1.0, "pAll": 1.0, "Cell_id": "4404_3051", "EPSG": 31468, "Netz": 8, "Dichte": 8, "Bl": ";16;" }, "geometry": { "type": "Point", "coordinates": [ 11.178620277588916, 50.569277962904152 ] } },
{ "type": "Feature", "properties": { "Tnr": 56390, "mitRand": 1, "AnzHBbeg": 3, "pHaupt": 1.0, "poHaupt": 0.0, "pQuerus": 0.0, "pFagus": 0.0, "pFraxinus": 0.0, "pCarpinus": 0.0, "pAcer": 0.0, "pTilia": 0.0, "pRobinia": 0.0, "pUlmus": 0.0, "pCastanea": 0.0, "pOtherLH": 0.0, "pBetula": 0.0, "pAlnus": 0.0, "pPopulus": 0.0, "pSalix": 0.0, "pSorbus": 0.0, "pPrunus": 0.0, "pMalus": 0.0, "pPyrus": 0.0, "pOtherLN": 0.0, "pPicea": 0.361, "pPinus": 0.639, "pAbies": 0.0, "pDouglas": 0.0, "pLarix": 0.0, "pOtherNb": 0.0, "pNoEurop": 0.0, "pNoEuropD": 0.0, "pEurop": 1.0, "pDecid": 0.0, "pConifer": 1.0, "pAll": 1.0, "Cell_id": "4408_3051", "EPSG": 31468, "Netz": 8, "Dichte": 8, "Bl": ";16;" }, "geometry": { "type": "Point", "coordinates": [ 11.23507486119504, 50.568683898511274 ] } },
{ "type": "Feature", "properties": { "Tnr": 56392, "mitRand": 1, "AnzHBbeg": 3, "pHaupt": 1.0, "poHaupt": 0.0, "pQuerus": 0.0, "pFagus": 0.0, "pFraxinus": 0.0, "pCarpinus": 0.0, "pAcer": 0.0, "pTilia": 0.0, "pRobinia": 0.0, "pUlmus": 0.0, "pCastanea": 0.0, "pOtherLH": 0.0, "pBetula": 0.231, "pAlnus": 0.0, "pPopulus": 0.058, "pSalix": 0.0, "pSorbus": 0.0, "pPrunus": 0.0, "pMalus": 0.0, "pPyrus": 0.0, "pOtherLN": 0.0, "pPicea": 0.37, "pPinus": 0.341, "pAbies": 0.0, "pDouglas": 0.0, "pLarix": 0.0, "pOtherNb": 0.0, "pNoEurop": 0.0, "pNoEuropD": 0.0, "pEurop": 1.0, "pDecid": 0.289, "pConifer": 0.711, "pAll": 1.0, "Cell_id": "4412_3051", "EPSG": 31468, "Netz": 8, "Dichte": 8, "Bl": ";16;" }, "geometry": { "type": "Point", "coordinates": [ 11.29151301047693, 50.568062751127741 ] } },
{ "type": "Feature", "properties": { "Tnr": 56394, "mitRand": 1, "AnzHBbeg": 1, "pHaupt": 1.0, "poHaupt": 0.0, "pQuerus": 0.0, "pFagus": 0.086, "pFraxinus": 0.039, "pCarpinus": 0.0, "pAcer": 0.0, "pTilia": 0.0, "pRobinia": 0.0, "pUlmus": 0.0, "pCastanea": 0.0, "pOtherLH": 0.0, "pBetula": 0.0, "pAlnus": 0.0, "pPopulus": 0.839, "pSalix": 0.0, "pSorbus": 0.0, "pPrunus": 0.0, "pMalus": 0.0, "pPyrus": 0.0, "pOtherLN": 0.0, "pPicea": 0.0, "pPinus": 0.0, "pAbies": 0.0, "pDouglas": 0.0, "pLarix": 0.037, "pOtherNb": 0.0, "pNoEurop": 0.0, "pNoEuropD": 0.0, "pEurop": 1.0, "pDecid": 0.963, "pConifer": 0.037, "pAll": 1.0, "Cell_id": "4416_3052", "EPSG": 31468, "Netz": 8, "Dichte": 8, "Bl": ";16;" }, "geometry": { "type": "Point", "coordinates": [ 11.348226817625045, 50.576408616815769 ] } },
{ "type": "Feature", "properties": { "Tnr": 56396, "mitRand": 1, "AnzHBbeg": 3, "pHaupt": 1.0, "poHaupt": 0.0, "pQuerus": 0.0, "pFagus": 0.0, "pFraxinus": 0.0, "pCarpinus": 0.0, "pAcer": 0.0, "pTilia": 0.0, "pRobinia": 0.0, "pUlmus": 0.0, "pCastanea": 0.0, "pOtherLH": 0.0, "pBetula": 0.0, "pAlnus": 0.0, "pPopulus": 0.0, "pSalix": 0.0, "pSorbus": 0.0, "pPrunus": 0.0, "pMalus": 0.0, "pPyrus": 0.0, "pOtherLN": 0.0, "pPicea": 0.907, "pPinus": 0.093, "pAbies": 0.0, "pDouglas": 0.0, "pLarix": 0.0, "pOtherNb": 0.0, "pNoEurop": 0.0, "pNoEuropD": 0.0, "pEurop": 1.0, "pDecid": 0.0, "pConifer": 1.0, "pAll": 1.0, "Cell_id": "4420_3052", "EPSG": 31468, "Netz": 8, "Dichte": 8, "Bl": ";16;" }, "geometry": { "type": "Point", "coordinates": [ 11.404684890968435, 50.575732206919021 ] } },
{ "type": "Feature", "properties": { "Tnr": 56398, "mitRand": 1, "AnzHBbeg": 3, "pHaupt": 1.0, "poHaupt": 0.0, "pQuerus": 0.0, "pFagus": 0.0, "pFraxinus": 0.0, "pCarpinus": 0.0, "pAcer": 0.0, "pTilia": 0.0, "pRobinia": 0.0, "pUlmus": 0.0, "pCastanea": 0.0, "pOtherLH": 0.0, "pBetula": 0.0, "pAlnus": 0.0, "pPopulus": 0.0, "pSalix": 0.0, "pSorbus": 0.0, "pPrunus": 0.0, "pMalus": 0.0, "pPyrus": 0.0, "pOtherLN": 0.0, "pPicea": 0.85, "pPinus": 0.019, "pAbies": 0.0, "pDouglas": 0.0, "pLarix": 0.131, "pOtherNb": 0.0, "pNoEurop": 0.0, "pNoEuropD": 0.0, "pEurop": 1.0, "pDecid": 0.0, "pConifer": 1.0, "pAll": 1.0, "Cell_id": "4424_3052", "EPSG": 31468, "Netz": 8, "Dichte": 8, "Bl": ";16;" }, "geometry": { "type": "Point", "coordinates": [ 11.461140369596327, 50.575028435903526 ] } },
{ "type": "Feature", "properties": { "Tnr": 56400, "mitRand": 0, "AnzHBbeg": 3, "pHaupt": 1.0, "poHaupt": 0.0, "pQuerus": 0.0, "pFagus": 0.0, "pFraxinus": 0.0, "pCarpinus": 0.0, "pAcer": 0.0, "pTilia": 0.0, "pRobinia": 0.0, "pUlmus": 0.0, "pCastanea": 0.0, "pOtherLH": 0.0, "pBetula": 0.0, "pAlnus": 0.0, "pPopulus": 0.0, "pSalix": 0.0, "pSorbus": 0.0, "pPrunus": 0.0, "pMalus": 0.0, "pPyrus": 0.0, "pOtherLN": 0.0, "pPicea": 1.0, "pPinus": 0.0, "pAbies": 0.0, "pDouglas": 0.0, "pLarix": 0.0, "pOtherNb": 0.0, "pNoEurop": 0.0, "pNoEuropD": 0.0, "pEurop": 1.0, "pDecid": 0.0, "pConifer": 1.0, "pAll": 1.0, "Cell_id": "4428_3052", "EPSG": 31468, "Netz": 8, "Dichte": 8, "Bl": ";16;" }, "geometry": { "type": "Point", "coordinates": [ 11.517593166081141, 50.574297306733293 ] } },
{ "type": "Feature", "properties": { "Tnr": 56402, "mitRand": 1, "AnzHBbeg": 2, "pHaupt": 1.0, "poHaupt": 0.0, "pQuerus": 0.0, "pFagus": 0.0, "pFraxinus": 0.0, "pCarpinus": 0.0, "pAcer": 0.0, "pTilia": 0.0, "pRobinia": 0.0, "pUlmus": 0.0, "pCastanea": 0.0, "pOtherLH": 0.0, "pBetula": 0.0, "pAlnus": 0.0, "pPopulus": 0.0, "pSalix": 0.0, "pSorbus": 0.0, "pPrunus": 0.0, "pMalus": 0.0, "pPyrus": 0.0, "pOtherLN": 0.0, "pPicea": 0.538, "pPinus": 0.462, "pAbies": 0.0, "pDouglas": 0.0, "pLarix": 0.0, "pOtherNb": 0.0, "pNoEurop": 0.0, "pNoEuropD": 0.0, "pEurop": 1.0, "pDecid": 0.0, "pConifer": 1.0, "pAll": 1.0, "Cell_id": "4432_3052", "EPSG": 31468, "Netz": 8, "Dichte": 8, "Bl": ";16;" }, "geometry": { "type": "Point", "coordinates": [ 11.574043193020309, 50.573538822472841 ] } },
{ "type": "Feature", "properties": { "Tnr": 56406, "mitRand": 1, "AnzHBbeg": 2, "pHaupt": 1.0, "poHaupt": 0.0, "pQuerus": 0.0, "pFagus": 0.0, "pFraxinus": 0.0, "pCarpinus": 0.0, "pAcer": 0.0, "pTilia": 0.0, "pRobinia": 0.0, "pUlmus": 0.0, "pCastanea": 0.0, "pOtherLH": 0.0, "pBetula": 0.0, "pAlnus": 0.0, "pPopulus": 0.0, "pSalix": 0.0, "pSorbus": 0.0, "pPrunus": 0.0, "pMalus": 0.0, "pPyrus": 0.0, "pOtherLN": 0.0, "pPicea": 0.5, "pPinus": 0.5, "pAbies": 0.0, "pDouglas": 0.0, "pLarix": 0.0, "pOtherNb": 0.0, "pNoEurop": 0.0, "pNoEuropD": 0.0, "pEurop": 1.0, "pDecid": 0.0, "pConifer": 1.0, "pAll": 1.0, "Cell_id": "4440_3052", "EPSG": 31468, "Netz": 8, "Dichte": 8, "Bl": ";16;" }, "geometry": { "type": "Point", "coordinates": [ 11.686948177861472, 50.571930496205979 ] } },
{ "type": "Feature", "properties": { "Tnr": 56412, "mitRand": 0, "AnzHBbeg": 4, "pHaupt": 1.0, "poHaupt": 0.0, "pQuerus": 0.074, "pFagus": 0.027, "pFraxinus": 0.0, "pCarpinus": 0.0, "pAcer": 0.072, "pTilia": 0.0, "pRobinia": 0.0, "pUlmus": 0.0, "pCastanea": 0.0, "pOtherLH": 0.0, "pBetula": 0.249, "pAlnus": 0.0, "pPopulus": 0.0, "pSalix": 0.0, "pSorbus": 0.1, "pPrunus": 0.0, "pMalus": 0.0, "pPyrus": 0.0, "pOtherLN": 0.0, "pPicea": 0.478, "pPinus": 0.0, "pAbies": 0.0, "pDouglas": 0.0, "pLarix": 0.0, "pOtherNb": 0.0, "pNoEurop": 0.0, "pNoEuropD": 0.0, "pEurop": 1.0, "pDecid": 0.522, "pConifer": 0.478, "pAll": 1.0, "Cell_id": "4452_3053", "EPSG": 31468, "Netz": 8, "Dichte": 8, "Bl": ";16;" }, "geometry": { "type": "Point", "coordinates": [ 11.856636651173648, 50.578309349321309 ] } },
{ "type": "Feature", "properties": { "Tnr": 56418, "mitRand": 0, "AnzHBbeg": 1, "pHaupt": 1.0, "poHaupt": 0.0, "pQuerus": 0.0, "pFagus": 0.0, "pFraxinus": 0.0, "pCarpinus": 0.0, "pAcer": 0.0, "pTilia": 0.0, "pRobinia": 0.0, "pUlmus": 0.0, "pCastanea": 0.0, "pOtherLH": 0.0, "pBetula": 1.0, "pAlnus": 0.0, "pPopulus": 0.0, "pSalix": 0.0, "pSorbus": 0.0, "pPrunus": 0.0, "pMalus": 0.0, "pPyrus": 0.0, "pOtherLN": 0.0, "pPicea": 0.0, "pPinus": 0.0, "pAbies": 0.0, "pDouglas": 0.0, "pLarix": 0.0, "pOtherNb": 0.0, "pNoEurop": 0.0, "pNoEuropD": 0.0, "pEurop": 1.0, "pDecid": 1.0, "pConifer": 0.0, "pAll": 1.0, "Cell_id": "4464_3053", "EPSG": 31468, "Netz": 8, "Dichte": 8, "Bl": ";16;" }, "geometry": { "type": "Point", "coordinates": [ 12.025994986364038, 50.575448515430892 ] } },
{ "type": "Feature", "properties": { "Tnr": 56420, "mitRand": 1, "AnzHBbeg": 3, "pHaupt": 1.0, "poHaupt": 0.0, "pQuerus": 0.475, "pFagus": 0.0, "pFraxinus": 0.0, "pCarpinus": 0.0, "pAcer": 0.0, "pTilia": 0.0, "pRobinia": 0.0, "pUlmus": 0.0, "pCastanea": 0.0, "pOtherLH": 0.0, "pBetula": 0.0, "pAlnus": 0.0, "pPopulus": 0.0, "pSalix": 0.0, "pSorbus": 0.0, "pPrunus": 0.0, "pMalus": 0.0, "pPyrus": 0.0, "pOtherLN": 0.0, "pPicea": 0.404, "pPinus": 0.122, "pAbies": 0.0, "pDouglas": 0.0, "pLarix": 0.0, "pOtherNb": 0.0, "pNoEurop": 0.0, "pNoEuropD": 0.0, "pEurop": 1.0, "pDecid": 0.475, "pConifer": 0.525, "pAll": 1.0, "Cell_id": "4468_3053", "EPSG": 31468, "Netz": 8, "Dichte": 8, "Bl": ";14;" }, "geometry": { "type": "Point", "coordinates": [ 12.082440943683997, 50.574443201078736 ] } },
{ "type": "Feature", "properties": { "Tnr": 56422, "mitRand": 1, "AnzHBbeg": 1, "pHaupt": 1.0, "poHaupt": 0.0, "pQuerus": 1.0, "pFagus": 0.0, "pFraxinus": 0.0, "pCarpinus": 0.0, "pAcer": 0.0, "pTilia": 0.0, "pRobinia": 0.0, "pUlmus": 0.0, "pCastanea": 0.0, "pOtherLH": 0.0, "pBetula": 0.0, "pAlnus": 0.0, "pPopulus": 0.0, "pSalix": 0.0, "pSorbus": 0.0, "pPrunus": 0.0, "pMalus": 0.0, "pPyrus": 0.0, "pOtherLN": 0.0, "pPicea": 0.0, "pPinus": 0.0, "pAbies": 0.0, "pDouglas": 0.0, "pLarix": 0.0, "pOtherNb": 0.0, "pNoEurop": 0.0, "pNoEuropD": 0.0, "pEurop": 1.0, "pDecid": 1.0, "pConifer": 0.0, "pAll": 1.0, "Cell_id": "4472_3053", "EPSG": 31468, "Netz": 8, "Dichte": 8, "Bl": ";14;16;" }, "geometry": { "type": "Point", "coordinates": [ 12.138883254443209, 50.573410545517063 ] } },
{ "type": "Feature", "properties": { "Tnr": 56463, "mitRand": 1, "AnzHBbeg": 2, "pHaupt": 0.5, "poHaupt": 0.5, "pQuerus": 0.0, "pFagus": 0.468, "pFraxinus": 0.0, "pCarpinus": 0.0, "pAcer": 0.032, "pTilia": 0.0, "pRobinia": 0.0, "pUlmus": 0.0, "pCastanea": 0.0, "pOtherLH": 0.0, "pBetula": 0.0, "pAlnus": 0.0, "pPopulus": 0.0, "pSalix": 0.0, "pSorbus": 0.0, "pPrunus": 0.0, "pMalus": 0.0, "pPyrus": 0.0, "pOtherLN": 0.0, "pPicea": 0.0, "pPinus": 0.0, "pAbies": 0.0, "pDouglas": 0.0, "pLarix": 0.0, "pOtherNb": 0.0, "pNoEurop": 0.0, "pNoEuropD": 0.0, "pEurop": 0.5, "pDecid": 0.5, "pConifer": 0.0, "pAll": 0.5, "Cell_id": "4330_3048", "EPSG": 31467, "Netz": 16, "Dichte": 8, "Bl": ";16;" }, "geometry": { "type": "Point", "coordinates": [ 10.134031440395361, 50.548274020018269 ] } },
{ "type": "Feature", "properties": { "Tnr": 56466, "mitRand": 0, "AnzHBbeg": 3, "pHaupt": 1.0, "poHaupt": 0.0, "pQuerus": 0.0, "pFagus": 0.509, "pFraxinus": 0.428, "pCarpinus": 0.0, "pAcer": 0.0, "pTilia": 0.063, "pRobinia": 0.0, "pUlmus": 0.0, "pCastanea": 0.0, "pOtherLH": 0.0, "pBetula": 0.0, "pAlnus": 0.0, "pPopulus": 0.0, "pSalix": 0.0, "pSorbus": 0.0, "pPrunus": 0.0, "pMalus": 0.0, "pPyrus": 0.0, "pOtherLN": 0.0, "pPicea": 0.0, "pPinus": 0.0, "pAbies": 0.0, "pDouglas": 0.0, "pLarix": 0.0, "pOtherNb": 0.0, "pNoEurop": 0.0, "pNoEuropD": 0.0, "pEurop": 1.0, "pDecid": 1.0, "pConifer": 0.0, "pAll": 1.0, "Cell_id": "4338_3048", "EPSG": 31467, "Netz": 16, "Dichte": 8, "Bl": ";16;" }, "geometry": { "type": "Point", "coordinates": [ 10.246901906972342, 50.548081196755405 ] } },
{ "type": "Feature", "properties": { "Tnr": 56470, "mitRand": 1, "AnzHBbeg": 3, "pHaupt": 1.0, "poHaupt": 0.0, "pQuerus": 0.0, "pFagus": 0.771, "pFraxinus": 0.0, "pCarpinus": 0.0, "pAcer": 0.045, "pTilia": 0.0, "pRobinia": 0.0, "pUlmus": 0.0, "pCastanea": 0.0, "pOtherLH": 0.0, "pBetula": 0.0, "pAlnus": 0.0, "pPopulus": 0.0, "pSalix": 0.0, "pSorbus": 0.0, "pPrunus": 0.0, "pMalus": 0.0, "pPyrus": 0.0, "pOtherLN": 0.0, "pPicea": 0.184, "pPinus": 0.0, "pAbies": 0.0, "pDouglas": 0.0, "pLarix": 0.0, "pOtherNb": 0.0, "pNoEurop": 0.0, "pNoEuropD": 0.0, "pEurop": 1.0, "pDecid": 0.816, "pConifer": 0.184, "pAll": 1.0, "Cell_id": "4346_3048", "EPSG": 31467, "Netz": 16, "Dichte": 8, "Bl": ";16;" }, "geometry": { "type": "Point", "coordinates": [ 10.359755385207345, 50.547788120156589 ] } },
{ "type": "Feature", "properties": { "Tnr": 56472, "mitRand": 1, "AnzHBbeg": 1, "pHaupt": 1.0, "poHaupt": 0.0, "pQuerus": 0.0, "pFagus": 0.0, "pFraxinus": 0.0, "pCarpinus": 0.0, "pAcer": 0.0, "pTilia": 0.0, "pRobinia": 0.0, "pUlmus": 0.0, "pCastanea": 0.0, "pOtherLH": 0.0, "pBetula": 0.0, "pAlnus": 0.0, "pPopulus": 0.0, "pSalix": 0.0, "pSorbus": 0.0, "pPrunus": 0.0, "pMalus": 0.0, "pPyrus": 0.0, "pOtherLN": 0.0, "pPicea": 0.0, "pPinus": 1.0, "pAbies": 0.0, "pDouglas": 0.0, "pLarix": 0.0, "pOtherNb": 0.0, "pNoEurop": 0.0, "pNoEuropD": 0.0, "pEurop": 1.0, "pDecid": 0.0, "pConifer": 1.0, "pAll": 1.0, "Cell_id": "4350_3048", "EPSG": 31467, "Netz": 16, "Dichte": 8, "Bl": ";16;" }, "geometry": { "type": "Point", "coordinates": [ 10.41618752679239, 50.547591494480201 ] } },
{ "type": "Feature", "properties": { "Tnr": 56476, "mitRand": 1, "AnzHBbeg": 3, "pHaupt": 1.0, "poHaupt": 0.0, "pQuerus": 0.0, "pFagus": 0.0, "pFraxinus": 0.107, "pCarpinus": 0.0, "pAcer": 0.0, "pTilia": 0.0, "pRobinia": 0.0, "pUlmus": 0.0, "pCastanea": 0.0, "pOtherLH": 0.0, "pBetula": 0.0, "pAlnus": 0.0, "pPopulus": 0.0, "pSalix": 0.0, "pSorbus": 0.0, "pPrunus": 0.0, "pMalus": 0.0, "pPyrus": 0.0, "pOtherLN": 0.0, "pPicea": 0.784, "pPinus": 0.109, "pAbies": 0.0, "pDouglas": 0.0, "pLarix": 0.0, "pOtherNb": 0.0, "pNoEurop": 0.0, "pNoEuropD": 0.0, "pEurop": 1.0, "pDecid": 0.107, "pConifer": 0.893, "pAll": 1.0, "Cell_id": "4358_3048", "EPSG": 31468, "Netz": 16, "Dichte": 8, "Bl": ";16;" }, "geometry": { "type": "Point", "coordinates": [ 10.529048837543961, 50.547125186203019 ] } },
{ "type": "Feature", "properties": { "Tnr": 56480, "mitRand": 1, "AnzHBbeg": 1, "pHaupt": 1.0, "poHaupt": 0.0, "pQuerus": 0.333, "pFagus": 0.131, "pFraxinus": 0.0, "pCarpinus": 0.0, "pAcer": 0.0, "pTilia": 0.0, "pRobinia": 0.0, "pUlmus": 0.0, "pCastanea": 0.0, "pOtherLH": 0.0, "pBetula": 0.0, "pAlnus": 0.0, "pPopulus": 0.0, "pSalix": 0.0, "pSorbus": 0.0, "pPrunus": 0.536, "pMalus": 0.0, "pPyrus": 0.0, "pOtherLN": 0.0, "pPicea": 0.0, "pPinus": 0.0, "pAbies": 0.0, "pDouglas": 0.0, "pLarix": 0.0, "pOtherNb": 0.0, "pNoEurop": 0.0, "pNoEuropD": 0.0, "pEurop": 1.0, "pDecid": 1.0, "pConifer": 0.0, "pAll": 1.0, "Cell_id": "4366_3048", "EPSG": 31468, "Netz": 16, "Dichte": 8, "Bl": ";16;" }, "geometry": { "type": "Point", "coordinates": [ 10.64190556965657, 50.546558480253019 ] } },
{ "type": "Feature", "properties": { "Tnr": 56482, "mitRand": 1, "AnzHBbeg": 4, "pHaupt": 1.0, "poHaupt": 0.0, "pQuerus": 0.0, "pFagus": 0.151, "pFraxinus": 0.0, "pCarpinus": 0.0, "pAcer": 0.0, "pTilia": 0.0, "pRobinia": 0.0, "pUlmus": 0.0, "pCastanea": 0.0, "pOtherLH": 0.0, "pBetula": 0.015, "pAlnus": 0.0, "pPopulus": 0.0, "pSalix": 0.0, "pSorbus": 0.196, "pPrunus": 0.0, "pMalus": 0.0, "pPyrus": 0.0, "pOtherLN": 0.0, "pPicea": 0.546, "pPinus": 0.0, "pAbies": 0.092, "pDouglas": 0.0, "pLarix": 0.0, "pOtherNb": 0.0, "pNoEurop": 0.0, "pNoEuropD": 0.0, "pEurop": 1.0, "pDecid": 0.362, "pConifer": 0.638, "pAll": 1.0, "Cell_id": "4370_3048", "EPSG": 31468, "Netz": 16, "Dichte": 8, "Bl": ";16;" }, "geometry": { "type": "Point", "coordinates": [ 10.698331576175638, 50.54622512598521 ] } },
{ "type": "Feature", "properties": { "Tnr": 56484, "mitRand": 1, "AnzHBbeg": 4, "pHaupt": 1.0, "poHaupt": 0.0, "pQuerus": 0.0, "pFagus": 0.0, "pFraxinus": 0.0, "pCarpinus": 0.0, "pAcer": 0.0, "pTilia": 0.0, "pRobinia": 0.0, "pUlmus": 0.0, "pCastanea": 0.0, "pOtherLH": 0.0, "pBetula": 0.0, "pAlnus": 0.0, "pPopulus": 0.0, "pSalix": 0.0, "pSorbus": 0.0, "pPrunus": 0.0, "pMalus": 0.0, "pPyrus": 0.0, "pOtherLN": 0.0, "pPicea": 0.838, "pPinus": 0.029, "pAbies": 0.0, "pDouglas": 0.0, "pLarix": 0.133, "pOtherNb": 0.0, "pNoEurop": 0.0, "pNoEuropD": 0.0, "pEurop": 1.0, "pDecid": 0.0, "pConifer": 1.0, "pAll": 1.0, "Cell_id": "4374_3048", "EPSG": 31468, "Netz": 16, "Dichte": 8, "Bl": ";16;" }, "geometry": { "type": "Point", "coordinates": [ 10.754770522292651, 50.545873203212373 ] } },
{ "type": "Feature", "properties": { "Tnr": 56486, "mitRand": 0, "AnzHBbeg": 4, "pHaupt": 1.0, "poHaupt": 0.0, "pQuerus": 0.0, "pFagus": 0.473, "pFraxinus": 0.0, "pCarpinus": 0.0, "pAcer": 0.0, "pTilia": 0.0, "pRobinia": 0.0, "pUlmus": 0.0, "pCastanea": 0.0, "pOtherLH": 0.0, "pBetula": 0.0, "pAlnus": 0.0, "pPopulus": 0.0, "pSalix": 0.0, "pSorbus": 0.0, "pPrunus": 0.0, "pMalus": 0.0, "pPyrus": 0.0, "pOtherLN": 0.0, "pPicea": 0.527, "pPinus": 0.0, "pAbies": 0.0, "pDouglas": 0.0, "pLarix": 0.0, "pOtherNb": 0.0, "pNoEurop": 0.0, "pNoEuropD": 0.0, "pEurop": 1.0, "pDecid": 0.473, "pConifer": 0.527, "pAll": 1.0, "Cell_id": "4378_3049", "EPSG": 31468, "Netz": 16, "Dichte": 8, "Bl": ";16;" }, "geometry": { "type": "Point", "coordinates": [ 10.811340544051122, 50.554473289722253 ] } },
{ "type": "Feature", "properties": { "Tnr": 56488, "mitRand": 0, "AnzHBbeg": 3, "pHaupt": 1.0, "poHaupt": 0.0, "pQuerus": 0.0, "pFagus": 0.596, "pFraxinus": 0.0, "pCarpinus": 0.0, "pAcer": 0.0, "pTilia": 0.0, "pRobinia": 0.0, "pUlmus": 0.0, "pCastanea": 0.0, "pOtherLH": 0.0, "pBetula": 0.0, "pAlnus": 0.0, "pPopulus": 0.0, "pSalix": 0.0, "pSorbus": 0.0, "pPrunus": 0.0, "pMalus": 0.0, "pPyrus": 0.0, "pOtherLN": 0.0, "pPicea": 0.404, "pPinus": 0.0, "pAbies": 0.0, "pDouglas": 0.0, "pLarix": 0.0, "pOtherNb": 0.0, "pNoEurop": 0.0, "pNoEuropD": 0.0, "pEurop": 1.0, "pDecid": 0.596, "pConifer": 0.404, "pAll": 1.0, "Cell_id": "4382_3049", "EPSG": 31468, "Netz": 16, "Dichte": 8, "Bl": ";16;" }, "geometry": { "type": "Point", "coordinates": [ 10.867786641872289, 50.554057495247143 ] } },
{ "type": "Feature", "properties": { "Tnr": 56490, "mitRand": 1, "AnzHBbeg": 3, "pHaupt": 1.0, "poHaupt": 0.0, "pQuerus": 0.0, "pFagus": 0.333, "pFraxinus": 0.0, "pCarpinus": 0.0, "pAcer": 0.0, "pTilia": 0.0, "pRobinia": 0.0, "pUlmus": 0.0, "pCastanea": 0.0, "pOtherLH": 0.0, "pBetula": 0.0, "pAlnus": 0.0, "pPopulus": 0.0, "pSalix": 0.0, "pSorbus": 0.0, "pPrunus": 0.0, "pMalus": 0.0, "pPyrus": 0.0, "pOtherLN": 0.0, "pPicea": 0.667, "pPinus": 0.0, "pAbies": 0.0, "pDouglas": 0.0, "pLarix": 0.0, "pOtherNb": 0.0, "pNoEurop": 0.0, "pNoEuropD": 0.0, "pEurop": 1.0, "pDecid": 0.333, "pConifer": 0.667, "pAll": 1.0, "Cell_id": "4386_3049", "EPSG": 31468, "Netz": 16, "Dichte": 8, "Bl": ";16;" }, "geometry": { "type": "Point", "coordinates": [ 10.924217243283172, 50.553623560285871 ] } },
{ "type": "Feature", "properties": { "Tnr": 56492, "mitRand": 1, "AnzHBbeg": 4, "pHaupt": 1.0, "poHaupt": 0.0, "pQuerus": 0.0, "pFagus": 0.25, "pFraxinus": 0.0, "pCarpinus": 0.0, "pAcer": 0.0, "pTilia": 0.0, "pRobinia": 0.0, "pUlmus": 0.0, "pCastanea": 0.0, "pOtherLH": 0.0, "pBetula": 0.0, "pAlnus": 0.0, "pPopulus": 0.0, "pSalix": 0.0, "pSorbus": 0.0, "pPrunus": 0.0, "pMalus": 0.0, "pPyrus": 0.0, "pOtherLN": 0.0, "pPicea": 0.75, "pPinus": 0.0, "pAbies": 0.0, "pDouglas": 0.0, "pLarix": 0.0, "pOtherNb": 0.0, "pNoEurop": 0.0, "pNoEuropD": 0.0, "pEurop": 1.0, "pDecid": 0.25, "pConifer": 0.75, "pAll": 1.0, "Cell_id": "4390_3049", "EPSG": 31468, "Netz": 16, "Dichte": 8, "Bl": ";16;" }, "geometry": { "type": "Point", "coordinates": [ 10.980659745076107, 50.55315305804568 ] } },
{ "type": "Feature", "properties": { "Tnr": 56494, "mitRand": 1, "AnzHBbeg": 4, "pHaupt": 0.75, "poHaupt": 0.25, "pQuerus": 0.0, "pFagus": 0.095, "pFraxinus": 0.0, "pCarpinus": 0.0, "pAcer": 0.0, "pTilia": 0.0, "pRobinia": 0.0, "pUlmus": 0.0, "pCastanea": 0.0, "pOtherLH": 0.0, "pBetula": 0.105, "pAlnus": 0.0, "pPopulus": 0.0, "pSalix": 0.0, "pSorbus": 0.105, "pPrunus": 0.0, "pMalus": 0.0, "pPyrus": 0.0, "pOtherLN": 0.0, "pPicea": 0.305, "pPinus": 0.0, "pAbies": 0.0, "pDouglas": 0.0, "pLarix": 0.14, "pOtherNb": 0.0, "pNoEurop": 0.0, "pNoEuropD": 0.0, "pEurop": 0.75, "pDecid": 0.305, "pConifer": 0.445, "pAll": 0.75, "Cell_id": "4394_3049", "EPSG": 31468, "Netz": 16, "Dichte": 8, "Bl": ";16;" }, "geometry": { "type": "Point", "coordinates": [ 11.037086210819414, 50.552655448611119 ] } },
{ "type": "Feature", "properties": { "Tnr": 56496, "mitRand": 0, "AnzHBbeg": 2, "pHaupt": 1.0, "poHaupt": 0.0, "pQuerus": 0.0, "pFagus": 0.0, "pFraxinus": 0.0, "pCarpinus": 0.0, "pAcer": 0.0, "pTilia": 0.0, "pRobinia": 0.0, "pUlmus": 0.0, "pCastanea": 0.0, "pOtherLH": 0.0, "pBetula": 0.0, "pAlnus": 0.0, "pPopulus": 0.0, "pSalix": 0.0, "pSorbus": 0.0, "pPrunus": 0.0, "pMalus": 0.0, "pPyrus": 0.0, "pOtherLN": 0.0, "pPicea": 1.0, "pPinus": 0.0, "pAbies": 0.0, "pDouglas": 0.0, "pLarix": 0.0, "pOtherNb": 0.0, "pNoEurop": 0.0, "pNoEuropD": 0.0, "pEurop": 1.0, "pDecid": 0.0, "pConifer": 1.0, "pAll": 1.0, "Cell_id": "4398_3049", "EPSG": 31468, "Netz": 16, "Dichte": 8, "Bl": ";16;" }, "geometry": { "type": "Point", "coordinates": [ 11.093525154413696, 50.55213923084689 ] } },
{ "type": "Feature", "properties": { "Tnr": 56498, "mitRand": 1, "AnzHBbeg": 3, "pHaupt": 1.0, "poHaupt": 0.0, "pQuerus": 0.0, "pFagus": 0.0, "pFraxinus": 0.0, "pCarpinus": 0.0, "pAcer": 0.0, "pTilia": 0.0, "pRobinia": 0.0, "pUlmus": 0.0, "pCastanea": 0.0, "pOtherLH": 0.0, "pBetula": 0.0, "pAlnus": 0.0, "pPopulus": 0.0, "pSalix": 0.0, "pSorbus": 0.0, "pPrunus": 0.0, "pMalus": 0.0, "pPyrus": 0.0, "pOtherLN": 0.0, "pPicea": 0.667, "pPinus": 0.333, "pAbies": 0.0, "pDouglas": 0.0, "pLarix": 0.0, "pOtherNb": 0.0, "pNoEurop": 0.0, "pNoEuropD": 0.0, "pEurop": 1.0, "pDecid": 0.0, "pConifer": 1.0, "pAll": 1.0, "Cell_id": "4402_3049", "EPSG": 31468, "Netz": 16, "Dichte": 8, "Bl": ";16;" }, "geometry": { "type": "Point", "coordinates": [ 11.149947501037161, 50.5515869401912 ] } },
{ "type": "Feature", "properties": { "Tnr": 56500, "mitRand": 1, "AnzHBbeg": 4, "pHaupt": 1.0, "poHaupt": 0.0, "pQuerus": 0.0, "pFagus": 0.0, "pFraxinus": 0.0, "pCarpinus": 0.0, "pAcer": 0.0, "pTilia": 0.0, "pRobinia": 0.0, "pUlmus": 0.0, "pCastanea": 0.0, "pOtherLH": 0.0, "pBetula": 0.0, "pAlnus": 0.0, "pPopulus": 0.0, "pSalix": 0.0, "pSorbus": 0.0, "pPrunus": 0.0, "pMalus": 0.0, "pPyrus": 0.0, "pOtherLN": 0.0, "pPicea": 1.0, "pPinus": 0.0, "pAbies": 0.0, "pDouglas": 0.0, "pLarix": 0.0, "pOtherNb": 0.0, "pNoEurop": 0.0, "pNoEuropD": 0.0, "pEurop": 1.0, "pDecid": 0.0, "pConifer": 1.0, "pAll": 1.0, "Cell_id": "4406_3049", "EPSG": 31468, "Netz": 16, "Dichte": 8, "Bl": ";16;" }, "geometry": { "type": "Point", "coordinates": [ 11.206381751281908, 50.551007048704683 ] } },
{ "type": "Feature", "properties": { "Tnr": 56502, "mitRand": 1, "AnzHBbeg": 4, "pHaupt": 1.0, "poHaupt": 0.0, "pQuerus": 0.0, "pFagus": 0.0, "pFraxinus": 0.0, "pCarpinus": 0.0, "pAcer": 0.0, "pTilia": 0.0, "pRobinia": 0.0, "pUlmus": 0.0, "pCastanea": 0.0, "pOtherLH": 0.0, "pBetula": 0.0, "pAlnus": 0.0, "pPopulus": 0.0, "pSalix": 0.0, "pSorbus": 0.0, "pPrunus": 0.0, "pMalus": 0.0, "pPyrus": 0.0, "pOtherLN": 0.0, "pPicea": 0.913, "pPinus": 0.087, "pAbies": 0.0, "pDouglas": 0.0, "pLarix": 0.0, "pOtherNb": 0.0, "pNoEurop": 0.0, "pNoEuropD": 0.0, "pEurop": 1.0, "pDecid": 0.0, "pConifer": 1.0, "pAll": 1.0, "Cell_id": "4410_3049", "EPSG": 31468, "Netz": 16, "Dichte": 8, "Bl": ";16;" }, "geometry": { "type": "Point", "coordinates": [ 11.262813717215151, 50.550399812580977 ] } },
{ "type": "Feature", "properties": { "Tnr": 56504, "mitRand": 1, "AnzHBbeg": 2, "pHaupt": 1.0, "poHaupt": 0.0, "pQuerus": 0.0, "pFagus": 0.0, "pFraxinus": 0.0, "pCarpinus": 0.0, "pAcer": 0.0, "pTilia": 0.0, "pRobinia": 0.0, "pUlmus": 0.0, "pCastanea": 0.0, "pOtherLH": 0.0, "pBetula": 0.0, "pAlnus": 0.0, "pPopulus": 0.0, "pSalix": 0.0, "pSorbus": 0.0, "pPrunus": 0.0, "pMalus": 0.0, "pPyrus": 0.0, "pOtherLN": 0.0, "pPicea": 1.0, "pPinus": 0.0, "pAbies": 0.0, "pDouglas": 0.0, "pLarix": 0.0, "pOtherNb": 0.0, "pNoEurop": 0.0, "pNoEuropD": 0.0, "pEurop": 1.0, "pDecid": 0.0, "pConifer": 1.0, "pAll": 1.0, "Cell_id": "4414_3050", "EPSG": 31468, "Netz": 16, "Dichte": 8, "Bl": ";16;" }, "geometry": { "type": "Point", "coordinates": [ 11.31948750393639, 50.558760322668725 ] } },
{ "type": "Feature", "properties": { "Tnr": 56506, "mitRand": 1, "AnzHBbeg": 3, "pHaupt": 1.0, "poHaupt": 0.0, "pQuerus": 0.0, "pFagus": 0.0, "pFraxinus": 0.197, "pCarpinus": 0.0, "pAcer": 0.137, "pTilia": 0.0, "pRobinia": 0.0, "pUlmus": 0.0, "pCastanea": 0.0, "pOtherLH": 0.0, "pBetula": 0.0, "pAlnus": 0.0, "pPopulus": 0.0, "pSalix": 0.0, "pSorbus": 0.0, "pPrunus": 0.0, "pMalus": 0.0, "pPyrus": 0.0, "pOtherLN": 0.0, "pPicea": 0.667, "pPinus": 0.0, "pAbies": 0.0, "pDouglas": 0.0, "pLarix": 0.0, "pOtherNb": 0.0, "pNoEurop": 0.0, "pNoEuropD": 0.0, "pEurop": 1.0, "pDecid": 0.333, "pConifer": 0.667, "pAll": 1.0, "Cell_id": "4418_3050", "EPSG": 31468, "Netz": 16, "Dichte": 8, "Bl": ";16;" }, "geometry": { "type": "Point", "coordinates": [ 11.375925373738138, 50.558098138244453 ] } },
{ "type": "Feature", "properties": { "Tnr": 56508, "mitRand": 1, "AnzHBbeg": 2, "pHaupt": 1.0, "poHaupt": 0.0, "pQuerus": 0.0, "pFagus": 0.077, "pFraxinus": 0.0, "pCarpinus": 0.0, "pAcer": 0.0, "pTilia": 0.0, "pRobinia": 0.0, "pUlmus": 0.0, "pCastanea": 0.0, "pOtherLH": 0.0, "pBetula": 0.338, "pAlnus": 0.0, "pPopulus": 0.0, "pSalix": 0.0, "pSorbus": 0.0, "pPrunus": 0.085, "pMalus": 0.0, "pPyrus": 0.0, "pOtherLN": 0.0, "pPicea": 0.5, "pPinus": 0.0, "pAbies": 0.0, "pDouglas": 0.0, "pLarix": 0.0, "pOtherNb": 0.0, "pNoEurop": 0.0, "pNoEuropD": 0.0, "pEurop": 1.0, "pDecid": 0.5, "pConifer": 0.5, "pAll": 1.0, "Cell_id": "4422_3050", "EPSG": 31468, "Netz": 16, "Dichte": 8, "Bl": ";16;" }, "geometry": { "type": "Point", "coordinates": [ 11.432360695723041, 50.557408608621472 ] } },
{ "type": "Feature", "properties": { "Tnr": 56510, "mitRand": 1, "AnzHBbeg": 3, "pHaupt": 1.0, "poHaupt": 0.0, "pQuerus": 0.0, "pFagus": 0.0, "pFraxinus": 0.0, "pCarpinus": 0.0, "pAcer": 0.0, "pTilia": 0.0, "pRobinia": 0.0, "pUlmus": 0.0, "pCastanea": 0.0, "pOtherLH": 0.0, "pBetula": 0.0, "pAlnus": 0.0, "pPopulus": 0.0, "pSalix": 0.0, "pSorbus": 0.0, "pPrunus": 0.0, "pMalus": 0.0, "pPyrus": 0.0, "pOtherLN": 0.0, "pPicea": 0.961, "pPinus": 0.039, "pAbies": 0.0, "pDouglas": 0.0, "pLarix": 0.0, "pOtherNb": 0.0, "pNoEurop": 0.0, "pNoEuropD": 0.0, "pEurop": 1.0, "pDecid": 0.0, "pConifer": 1.0, "pAll": 1.0, "Cell_id": "4426_3050", "EPSG": 31468, "Netz": 16, "Dichte": 8, "Bl": ";16;" }, "geometry": { "type": "Point", "coordinates": [ 11.488793382567605, 50.556691736709887 ] } },
{ "type": "Feature", "properties": { "Tnr": 56516, "mitRand": 1, "AnzHBbeg": 3, "pHaupt": 1.0, "poHaupt": 0.0, "pQuerus": 0.0, "pFagus": 0.0, "pFraxinus": 0.0, "pCarpinus": 0.0, "pAcer": 0.0, "pTilia": 0.0, "pRobinia": 0.0, "pUlmus": 0.0, "pCastanea": 0.0, "pOtherLH": 0.0, "pBetula": 0.061, "pAlnus": 0.0, "pPopulus": 0.0, "pSalix": 0.0, "pSorbus": 0.284, "pPrunus": 0.0, "pMalus": 0.0, "pPyrus": 0.0, "pOtherLN": 0.0, "pPicea": 0.655, "pPinus": 0.0, "pAbies": 0.0, "pDouglas": 0.0, "pLarix": 0.0, "pOtherNb": 0.0, "pNoEurop": 0.0, "pNoEuropD": 0.0, "pEurop": 1.0, "pDecid": 0.345, "pConifer": 0.655, "pAll": 1.0, "Cell_id": "4438_3050", "EPSG": 31468, "Netz": 16, "Dichte": 8, "Bl": ";16;" }, "geometry": { "type": "Point", "coordinates": [ 11.658088349370898, 50.554367795950945 ] } },
{ "type": "Feature", "properties": { "Tnr": 56518, "mitRand": 1, "AnzHBbeg": 1, "pHaupt": 1.0, "poHaupt": 0.0, "pQuerus": 0.316, "pFagus": 0.0, "pFraxinus": 0.14, "pCarpinus": 0.0, "pAcer": 0.124, "pTilia": 0.42, "pRobinia": 0.0, "pUlmus": 0.0, "pCastanea": 0.0, "pOtherLH": 0.0, "pBetula": 0.0, "pAlnus": 0.0, "pPopulus": 0.0, "pSalix": 0.0, "pSorbus": 0.0, "pPrunus": 0.0, "pMalus": 0.0, "pPyrus": 0.0, "pOtherLN": 0.0, "pPicea": 0.0, "pPinus": 0.0, "pAbies": 0.0, "pDouglas": 0.0, "pLarix": 0.0, "pOtherNb": 0.0, "pNoEurop": 0.0, "pNoEuropD": 0.0, "pEurop": 1.0, "pDecid": 1.0, "pConifer": 0.0, "pAll": 1.0, "Cell_id": "4442_3050", "EPSG": 31468, "Netz": 16, "Dichte": 8, "Bl": ";16;" }, "geometry": { "type": "Point", "coordinates": [ 11.71450961132018, 50.553541579583538 ] } },
{ "type": "Feature", "properties": { "Tnr": 56520, "mitRand": 1, "AnzHBbeg": 2, "pHaupt": 1.0, "poHaupt": 0.0, "pQuerus": 0.0, "pFagus": 0.0, "pFraxinus": 0.0, "pCarpinus": 0.0, "pAcer": 0.132, "pTilia": 0.0, "pRobinia": 0.0, "pUlmus": 0.0, "pCastanea": 0.0, "pOtherLH": 0.0, "pBetula": 0.159, "pAlnus": 0.0, "pPopulus": 0.0, "pSalix": 0.0, "pSorbus": 0.209, "pPrunus": 0.0, "pMalus": 0.0, "pPyrus": 0.0, "pOtherLN": 0.0, "pPicea": 0.5, "pPinus": 0.0, "pAbies": 0.0, "pDouglas": 0.0, "pLarix": 0.0, "pOtherNb": 0.0, "pNoEurop": 0.0, "pNoEuropD": 0.0, "pEurop": 1.0, "pDecid": 0.5, "pConifer": 0.5, "pAll": 1.0, "Cell_id": "4446_3050", "EPSG": 31468, "Netz": 16, "Dichte": 8, "Bl": ";16;" }, "geometry": { "type": "Point", "coordinates": [ 11.77094189552831, 50.552687701303086 ] } },
{ "type": "Feature", "properties": { "Tnr": 56524, "mitRand": 1, "AnzHBbeg": 4, "pHaupt": 1.0, "poHaupt": 0.0, "pQuerus": 0.0, "pFagus": 0.0, "pFraxinus": 0.0, "pCarpinus": 0.0, "pAcer": 0.0, "pTilia": 0.0, "pRobinia": 0.0, "pUlmus": 0.0, "pCastanea": 0.0, "pOtherLH": 0.0, "pBetula": 0.006, "pAlnus": 0.0, "pPopulus": 0.0, "pSalix": 0.0, "pSorbus": 0.0, "pPrunus": 0.0, "pMalus": 0.0, "pPyrus": 0.0, "pOtherLN": 0.0, "pPicea": 0.981, "pPinus": 0.0, "pAbies": 0.013, "pDouglas": 0.0, "pLarix": 0.0, "pOtherNb": 0.0, "pNoEurop": 0.0, "pNoEuropD": 0.0, "pEurop": 1.0, "pDecid": 0.006, "pConifer": 0.994, "pAll": 1.0, "Cell_id": "4454_3051", "EPSG": 31468, "Netz": 16, "Dichte": 8, "Bl": ";16;" }, "geometry": { "type": "Point", "coordinates": [ 11.88414802148205, 50.559880973528728 ] } },
{ "type": "Feature", "properties": { "Tnr": 56530, "mitRand": 1, "AnzHBbeg": 3, "pHaupt": 1.0, "poHaupt": 0.0, "pQuerus": 0.0, "pFagus": 0.0, "pFraxinus": 0.0, "pCarpinus": 0.0, "pAcer": 0.0, "pTilia": 0.0, "pRobinia": 0.0, "pUlmus": 0.0, "pCastanea": 0.0, "pOtherLH": 0.0, "pBetula": 0.0, "pAlnus": 0.0, "pPopulus": 0.0, "pSalix": 0.0, "pSorbus": 0.0, "pPrunus": 0.0, "pMalus": 0.0, "pPyrus": 0.0, "pOtherLN": 0.0, "pPicea": 0.83, "pPinus": 0.17, "pAbies": 0.0, "pDouglas": 0.0, "pLarix": 0.0, "pOtherNb": 0.0, "pNoEurop": 0.0, "pNoEuropD": 0.0, "pEurop": 1.0, "pDecid": 0.0, "pConifer": 1.0, "pAll": 1.0, "Cell_id": "4466_3051", "EPSG": 31468, "Netz": 16, "Dichte": 8, "Bl": ";16;" }, "geometry": { "type": "Point", "coordinates": [ 12.053422754652159, 50.556981679341497 ] } },
{ "type": "Feature", "properties": { "Tnr": 56575, "mitRand": 1, "AnzHBbeg": 4, "pHaupt": 1.0, "poHaupt": 0.0, "pQuerus": 0.0, "pFagus": 0.457, "pFraxinus": 0.0, "pCarpinus": 0.0, "pAcer": 0.0, "pTilia": 0.0, "pRobinia": 0.0, "pUlmus": 0.0, "pCastanea": 0.0, "pOtherLH": 0.0, "pBetula": 0.0, "pAlnus": 0.0, "pPopulus": 0.0, "pSalix": 0.0, "pSorbus": 0.0, "pPrunus": 0.0, "pMalus": 0.0, "pPyrus": 0.0, "pOtherLN": 0.0, "pPicea": 0.048, "pPinus": 0.495, "pAbies": 0.0, "pDouglas": 0.0, "pLarix": 0.0, "pOtherNb": 0.0, "pNoEurop": 0.0, "pNoEuropD": 0.0, "pEurop": 1.0, "pDecid": 0.457, "pConifer": 0.543, "pAll": 1.0, "Cell_id": "4340_3046", "EPSG": 31467, "Netz": 8, "Dichte": 8, "Bl": ";16;" }, "geometry": { "type": "Point", "coordinates": [ 10.275000796492908, 50.530039441244035 ] } },
{ "type": "Feature", "properties": { "Tnr": 56577, "mitRand": 0, "AnzHBbeg": 2, "pHaupt": 1.0, "poHaupt": 0.0, "pQuerus": 0.0, "pFagus": 1.0, "pFraxinus": 0.0, "pCarpinus": 0.0, "pAcer": 0.0, "pTilia": 0.0, "pRobinia": 0.0, "pUlmus": 0.0, "pCastanea": 0.0, "pOtherLH": 0.0, "pBetula": 0.0, "pAlnus": 0.0, "pPopulus": 0.0, "pSalix": 0.0, "pSorbus": 0.0, "pPrunus": 0.0, "pMalus": 0.0, "pPyrus": 0.0, "pOtherLN": 0.0, "pPicea": 0.0, "pPinus": 0.0, "pAbies": 0.0, "pDouglas": 0.0, "pLarix": 0.0, "pOtherNb": 0.0, "pNoEurop": 0.0, "pNoEuropD": 0.0, "pEurop": 1.0, "pDecid": 1.0, "pConifer": 0.0, "pAll": 1.0, "Cell_id": "4344_3046", "EPSG": 31467, "Netz": 8, "Dichte": 8, "Bl": ";16;" }, "geometry": { "type": "Point", "coordinates": [ 10.331413147668496, 50.529893045718644 ] } },
{ "type": "Feature", "properties": { "Tnr": 56579, "mitRand": 0, "AnzHBbeg": 4, "pHaupt": 1.0, "poHaupt": 0.0, "pQuerus": 0.0, "pFagus": 0.652, "pFraxinus": 0.092, "pCarpinus": 0.081, "pAcer": 0.075, "pTilia": 0.0, "pRobinia": 0.0, "pUlmus": 0.0, "pCastanea": 0.0, "pOtherLH": 0.0, "pBetula": 0.0, "pAlnus": 0.0, "pPopulus": 0.0, "pSalix": 0.0, "pSorbus": 0.062, "pPrunus": 0.0, "pMalus": 0.0, "pPyrus": 0.0, "pOtherLN": 0.0, "pPicea": 0.038, "pPinus": 0.0, "pAbies": 0.0, "pDouglas": 0.0, "pLarix": 0.0, "pOtherNb": 0.0, "pNoEurop": 0.0, "pNoEuropD": 0.0, "pEurop": 1.0, "pDecid": 0.962, "pConifer": 0.038, "pAll": 1.0, "Cell_id": "4348_3046", "EPSG": 31467, "Netz": 8, "Dichte": 8, "Bl": ";16;" }, "geometry": { "type": "Point", "coordinates": [ 10.387824329984646, 50.529710330446605 ] } },
{ "type": "Feature", "properties": { "Tnr": 56587, "mitRand": 1, "AnzHBbeg": 1, "pHaupt": 1.0, "poHaupt": 0.0, "pQuerus": 0.0, "pFagus": 0.0, "pFraxinus": 0.0, "pCarpinus": 0.0, "pAcer": 0.0, "pTilia": 0.0, "pRobinia": 0.0, "pUlmus": 0.0, "pCastanea": 0.0, "pOtherLH": 0.0, "pBetula": 0.0, "pAlnus": 0.0, "pPopulus": 0.0, "pSalix": 0.0, "pSorbus": 0.0, "pPrunus": 0.331, "pMalus": 0.0, "pPyrus": 0.0, "pOtherLN": 0.669, "pPicea": 0.0, "pPinus": 0.0, "pAbies": 0.0, "pDouglas": 0.0, "pLarix": 0.0, "pOtherNb": 0.0, "pNoEurop": 0.669, "pNoEuropD": 0.669, "pEurop": 0.331, "pDecid": 1.0, "pConifer": 0.0, "pAll": 1.0, "Cell_id": "4364_3046", "EPSG": 31468, "Netz": 8, "Dichte": 8, "Bl": ";16;" }, "geometry": { "type": "Point", "coordinates": [ 10.613458968440879, 50.528733125898675 ] } },
{ "type": "Feature", "properties": { "Tnr": 56589, "mitRand": 1, "AnzHBbeg": 2, "pHaupt": 1.0, "poHaupt": 0.0, "pQuerus": 0.065, "pFagus": 0.0, "pFraxinus": 0.0, "pCarpinus": 0.285, "pAcer": 0.15, "pTilia": 0.0, "pRobinia": 0.0, "pUlmus": 0.0, "pCastanea": 0.0, "pOtherLH": 0.0, "pBetula": 0.0, "pAlnus": 0.0, "pPopulus": 0.0, "pSalix": 0.0, "pSorbus": 0.0, "pPrunus": 0.0, "pMalus": 0.0, "pPyrus": 0.0, "pOtherLN": 0.0, "pPicea": 0.5, "pPinus": 0.0, "pAbies": 0.0, "pDouglas": 0.0, "pLarix": 0.0, "pOtherNb": 0.0, "pNoEurop": 0.0, "pNoEuropD": 0.0, "pEurop": 1.0, "pDecid": 0.5, "pConifer": 0.5, "pAll": 1.0, "Cell_id": "4368_3046", "EPSG": 31468, "Netz": 8, "Dichte": 8, "Bl": ";16;" }, "geometry": { "type": "Point", "coordinates": [ 10.669864240950151, 50.528413765588269 ] } },
{ "type": "Feature", "properties": { "Tnr": 56591, "mitRand": 1, "AnzHBbeg": 4, "pHaupt": 1.0, "poHaupt": 0.0, "pQuerus": 0.0, "pFagus": 0.0, "pFraxinus": 0.0, "pCarpinus": 0.0, "pAcer": 0.0, "pTilia": 0.0, "pRobinia": 0.0, "pUlmus": 0.0, "pCastanea": 0.0, "pOtherLH": 0.0, "pBetula": 0.186, "pAlnus": 0.0, "pPopulus": 0.0, "pSalix": 0.0, "pSorbus": 0.0, "pPrunus": 0.0, "pMalus": 0.0, "pPyrus": 0.0, "pOtherLN": 0.0, "pPicea": 0.751, "pPinus": 0.063, "pAbies": 0.0, "pDouglas": 0.0, "pLarix": 0.0, "pOtherNb": 0.0, "pNoEurop": 0.0, "pNoEuropD": 0.0, "pEurop": 1.0, "pDecid": 0.186, "pConifer": 0.814, "pAll": 1.0, "Cell_id": "4372_3046", "EPSG": 31468, "Netz": 8, "Dichte": 8, "Bl": ";16;" }, "geometry": { "type": "Point", "coordinates": [ 10.726268391311585, 50.5280760661363 ] } },
{ "type": "Feature", "properties": { "Tnr": 56593, "mitRand": 1, "AnzHBbeg": 3, "pHaupt": 1.0, "poHaupt": 0.0, "pQuerus": 0.003, "pFagus": 0.0, "pFraxinus": 0.0, "pCarpinus": 0.0, "pAcer": 0.0, "pTilia": 0.0, "pRobinia": 0.0, "pUlmus": 0.0, "pCastanea": 0.0, "pOtherLH": 0.0, "pBetula": 0.0, "pAlnus": 0.0, "pPopulus": 0.321, "pSalix": 0.0, "pSorbus": 0.008, "pPrunus": 0.0, "pMalus": 0.0, "pPyrus": 0.0, "pOtherLN": 0.0, "pPicea": 0.668, "pPinus": 0.0, "pAbies": 0.0, "pDouglas": 0.0, "pLarix": 0.0, "pOtherNb": 0.0, "pNoEurop": 0.0, "pNoEuropD": 0.0, "pEurop": 1.0, "pDecid": 0.332, "pConifer": 0.668, "pAll": 1.0, "Cell_id": "4376_3046", "EPSG": 31468, "Netz": 8, "Dichte": 8, "Bl": ";16;" }, "geometry": { "type": "Point", "coordinates": [ 10.782684782647591, 50.527701841943255 ] } },
{ "type": "Feature", "properties": { "Tnr": 56595, "mitRand": 0, "AnzHBbeg": 2, "pHaupt": 1.0, "poHaupt": 0.0, "pQuerus": 0.0, "pFagus": 0.231, "pFraxinus": 0.0, "pCarpinus": 0.0, "pAcer": 0.0, "pTilia": 0.0, "pRobinia": 0.0, "pUlmus": 0.0, "pCastanea": 0.0, "pOtherLH": 0.0, "pBetula": 0.235, "pAlnus": 0.0, "pPopulus": 0.0, "pSalix": 0.0, "pSorbus": 0.0, "pPrunus": 0.0, "pMalus": 0.0, "pPyrus": 0.0, "pOtherLN": 0.0, "pPicea": 0.534, "pPinus": 0.0, "pAbies": 0.0, "pDouglas": 0.0, "pLarix": 0.0, "pOtherNb": 0.0, "pNoEurop": 0.0, "pNoEuropD": 0.0, "pEurop": 1.0, "pDecid": 0.466, "pConifer": 0.534, "pAll": 1.0, "Cell_id": "4380_3047", "EPSG": 31468, "Netz": 8, "Dichte": 8, "Bl": ";16;" }, "geometry": { "type": "Point", "coordinates": [ 10.839251789280102, 50.536288346380651 ] } },
{ "type": "Feature", "properties": { "Tnr": 56597, "mitRand": 1, "AnzHBbeg": 2, "pHaupt": 1.0, "poHaupt": 0.0, "pQuerus": 0.0, "pFagus": 0.0, "pFraxinus": 0.0, "pCarpinus": 0.0, "pAcer": 0.037, "pTilia": 0.0, "pRobinia": 0.0, "pUlmus": 0.0, "pCastanea": 0.0, "pOtherLH": 0.0, "pBetula": 0.096, "pAlnus": 0.0, "pPopulus": 0.0, "pSalix": 0.0, "pSorbus": 0.0, "pPrunus": 0.0, "pMalus": 0.0, "pPyrus": 0.0, "pOtherLN": 0.0, "pPicea": 0.867, "pPinus": 0.0, "pAbies": 0.0, "pDouglas": 0.0, "pLarix": 0.0, "pOtherNb": 0.0, "pNoEurop": 0.0, "pNoEuropD": 0.0, "pEurop": 1.0, "pDecid": 0.133, "pConifer": 0.867, "pAll": 1.0, "Cell_id": "4384_3047", "EPSG": 31468, "Netz": 8, "Dichte": 8, "Bl": ";16;" }, "geometry": { "type": "Point", "coordinates": [ 10.89566182286608, 50.535868475898518 ] } },
{ "type": "Feature", "properties": { "Tnr": 56599, "mitRand": 1, "AnzHBbeg": 4, "pHaupt": 0.75, "poHaupt": 0.25, "pQuerus": 0.0, "pFagus": 0.25, "pFraxinus": 0.0, "pCarpinus": 0.0, "pAcer": 0.0, "pTilia": 0.0, "pRobinia": 0.0, "pUlmus": 0.0, "pCastanea": 0.0, "pOtherLH": 0.0, "pBetula": 0.0, "pAlnus": 0.0, "pPopulus": 0.0, "pSalix": 0.0, "pSorbus": 0.0, "pPrunus": 0.0, "pMalus": 0.0, "pPyrus": 0.0, "pOtherLN": 0.0, "pPicea": 0.5, "pPinus": 0.0, "pAbies": 0.0, "pDouglas": 0.0, "pLarix": 0.0, "pOtherNb": 0.0, "pNoEurop": 0.0, "pNoEuropD": 0.0, "pEurop": 0.75, "pDecid": 0.25, "pConifer": 0.5, "pAll": 0.75, "Cell_id": "4388_3047", "EPSG": 31468, "Netz": 8, "Dichte": 8, "Bl": ";16;" }, "geometry": { "type": "Point", "coordinates": [ 10.952069706465121, 50.535412294337256 ] } },
{ "type": "Feature", "properties": { "Tnr": 56601, "mitRand": 1, "AnzHBbeg": 1, "pHaupt": 1.0, "poHaupt": 0.0, "pQuerus": 0.0, "pFagus": 0.0, "pFraxinus": 0.0, "pCarpinus": 0.0, "pAcer": 0.0, "pTilia": 0.0, "pRobinia": 0.0, "pUlmus": 0.0, "pCastanea": 0.0, "pOtherLH": 0.0, "pBetula": 0.0, "pAlnus": 0.0, "pPopulus": 0.0, "pSalix": 0.0, "pSorbus": 0.0, "pPrunus": 0.0, "pMalus": 0.0, "pPyrus": 0.0, "pOtherLN": 0.0, "pPicea": 1.0, "pPinus": 0.0, "pAbies": 0.0, "pDouglas": 0.0, "pLarix": 0.0, "pOtherNb": 0.0, "pNoEurop": 0.0, "pNoEuropD": 0.0, "pEurop": 1.0, "pDecid": 0.0, "pConifer": 1.0, "pAll": 1.0, "Cell_id": "4392_3047", "EPSG": 31468, "Netz": 8, "Dichte": 8, "Bl": ";16;" }, "geometry": { "type": "Point", "coordinates": [ 11.008489798681563, 50.534928545352152 ] } },
{ "type": "Feature", "properties": { "Tnr": 56603, "mitRand": 1, "AnzHBbeg": 3, "pHaupt": 1.0, "poHaupt": 0.0, "pQuerus": 0.0, "pFagus": 0.0, "pFraxinus": 0.0, "pCarpinus": 0.0, "pAcer": 0.0, "pTilia": 0.0, "pRobinia": 0.0, "pUlmus": 0.0, "pCastanea": 0.0, "pOtherLH": 0.0, "pBetula": 0.0, "pAlnus": 0.0, "pPopulus": 0.0, "pSalix": 0.0, "pSorbus": 0.0, "pPrunus": 0.0, "pMalus": 0.0, "pPyrus": 0.0, "pOtherLN": 0.0, "pPicea": 1.0, "pPinus": 0.0, "pAbies": 0.0, "pDouglas": 0.0, "pLarix": 0.0, "pOtherNb": 0.0, "pNoEurop": 0.0, "pNoEuropD": 0.0, "pEurop": 1.0, "pDecid": 0.0, "pConifer": 1.0, "pAll": 1.0, "Cell_id": "4396_3047", "EPSG": 31468, "Netz": 8, "Dichte": 8, "Bl": ";16;" }, "geometry": { "type": "Point", "coordinates": [ 11.064894211735098, 50.534426694661605 ] } },
{ "type": "Feature", "properties": { "Tnr": 56605, "mitRand": 1, "AnzHBbeg": 4, "pHaupt": 1.0, "poHaupt": 0.0, "pQuerus": 0.0, "pFagus": 0.074, "pFraxinus": 0.0, "pCarpinus": 0.0, "pAcer": 0.0, "pTilia": 0.0, "pRobinia": 0.0, "pUlmus": 0.0, "pCastanea": 0.0, "pOtherLH": 0.0, "pBetula": 0.0, "pAlnus": 0.0, "pPopulus": 0.0, "pSalix": 0.0, "pSorbus": 0.0, "pPrunus": 0.0, "pMalus": 0.0, "pPyrus": 0.0, "pOtherLN": 0.0, "pPicea": 0.901, "pPinus": 0.0, "pAbies": 0.0, "pDouglas": 0.025, "pLarix": 0.0, "pOtherNb": 0.0, "pNoEurop": 0.025, "pNoEuropD": 0.0, "pEurop": 0.975, "pDecid": 0.074, "pConifer": 0.926, "pAll": 1.0, "Cell_id": "4400_3047", "EPSG": 31468, "Netz": 8, "Dichte": 8, "Bl": ";16;" }, "geometry": { "type": "Point", "coordinates": [ 11.121310275813787, 50.533888283241104 ] } },
{ "type": "Feature", "properties": { "Tnr": 56607, "mitRand": 1, "AnzHBbeg": 4, "pHaupt": 1.0, "poHaupt": 0.0, "pQuerus": 0.0, "pFagus": 0.0, "pFraxinus": 0.0, "pCarpinus": 0.0, "pAcer": 0.0, "pTilia": 0.0, "pRobinia": 0.0, "pUlmus": 0.0, "pCastanea": 0.0, "pOtherLH": 0.0, "pBetula": 0.0, "pAlnus": 0.0, "pPopulus": 0.0, "pSalix": 0.0, "pSorbus": 0.0, "pPrunus": 0.0, "pMalus": 0.0, "pPyrus": 0.0, "pOtherLN": 0.0, "pPicea": 1.0, "pPinus": 0.0, "pAbies": 0.0, "pDouglas": 0.0, "pLarix": 0.0, "pOtherNb": 0.0, "pNoEurop": 0.0, "pNoEuropD": 0.0, "pEurop": 1.0, "pDecid": 0.0, "pConifer": 1.0, "pAll": 1.0, "Cell_id": "4404_3047", "EPSG": 31468, "Netz": 8, "Dichte": 8, "Bl": ";16;" }, "geometry": { "type": "Point", "coordinates": [ 11.177710095049164, 50.533322804631645 ] } },
{ "type": "Feature", "properties": { "Tnr": 56609, "mitRand": 0, "AnzHBbeg": 4, "pHaupt": 1.0, "poHaupt": 0.0, "pQuerus": 0.0, "pFagus": 0.15, "pFraxinus": 0.0, "pCarpinus": 0.0, "pAcer": 0.0, "pTilia": 0.0, "pRobinia": 0.0, "pUlmus": 0.0, "pCastanea": 0.0, "pOtherLH": 0.0, "pBetula": 0.0, "pAlnus": 0.0, "pPopulus": 0.0, "pSalix": 0.0, "pSorbus": 0.0, "pPrunus": 0.0, "pMalus": 0.0, "pPyrus": 0.0, "pOtherLN": 0.0, "pPicea": 0.85, "pPinus": 0.0, "pAbies": 0.0, "pDouglas": 0.0, "pLarix": 0.0, "pOtherNb": 0.0, "pNoEurop": 0.0, "pNoEuropD": 0.0, "pEurop": 1.0, "pDecid": 0.15, "pConifer": 0.85, "pAll": 1.0, "Cell_id": "4408_3047", "EPSG": 31468, "Netz": 8, "Dichte": 8, "Bl": ";16;" }, "geometry": { "type": "Point", "coordinates": [ 11.234121771293275, 50.532729740490858 ] } },
{ "type": "Feature", "properties": { "Tnr": 56613, "mitRand": 1, "AnzHBbeg": 4, "pHaupt": 1.0, "poHaupt": 0.0, "pQuerus": 0.0, "pFagus": 0.0, "pFraxinus": 0.0, "pCarpinus": 0.0, "pAcer": 0.0, "pTilia": 0.0, "pRobinia": 0.0, "pUlmus": 0.0, "pCastanea": 0.0, "pOtherLH": 0.0, "pBetula": 0.0, "pAlnus": 0.0, "pPopulus": 0.0, "pSalix": 0.0, "pSorbus": 0.0, "pPrunus": 0.0, "pMalus": 0.0, "pPyrus": 0.0, "pOtherLN": 0.0, "pPicea": 0.906, "pPinus": 0.0, "pAbies": 0.026, "pDouglas": 0.068, "pLarix": 0.0, "pOtherNb": 0.0, "pNoEurop": 0.068, "pNoEuropD": 0.0, "pEurop": 0.932, "pDecid": 0.0, "pConifer": 1.0, "pAll": 1.0, "Cell_id": "4416_3048", "EPSG": 31468, "Netz": 8, "Dichte": 8, "Bl": ";16;" }, "geometry": { "type": "Point", "coordinates": [ 11.34718731212334, 50.540456622023648 ] } },
{ "type": "Feature", "properties": { "Tnr": 56615, "mitRand": 1, "AnzHBbeg": 2, "pHaupt": 1.0, "poHaupt": 0.0, "pQuerus": 0.0, "pFagus": 0.0, "pFraxinus": 0.0, "pCarpinus": 0.0, "pAcer": 0.0, "pTilia": 0.0, "pRobinia": 0.0, "pUlmus": 0.0, "pCastanea": 0.0, "pOtherLH": 0.0, "pBetula": 0.563, "pAlnus": 0.0, "pPopulus": 0.194, "pSalix": 0.0, "pSorbus": 0.0, "pPrunus": 0.0, "pMalus": 0.0, "pPyrus": 0.0, "pOtherLN": 0.0, "pPicea": 0.243, "pPinus": 0.0, "pAbies": 0.0, "pDouglas": 0.0, "pLarix": 0.0, "pOtherNb": 0.0, "pNoEurop": 0.0, "pNoEuropD": 0.0, "pEurop": 1.0, "pDecid": 0.757, "pConifer": 0.243, "pAll": 1.0, "Cell_id": "4420_3048", "EPSG": 31468, "Netz": 8, "Dichte": 8, "Bl": ";16;" }, "geometry": { "type": "Point", "coordinates": [ 11.403602474234358, 50.53978131683435 ] } },
{ "type": "Feature", "properties": { "Tnr": 56617, "mitRand": 1, "AnzHBbeg": 4, "pHaupt": 1.0, "poHaupt": 0.0, "pQuerus": 0.0, "pFagus": 0.0, "pFraxinus": 0.0, "pCarpinus": 0.0, "pAcer": 0.0, "pTilia": 0.0, "pRobinia": 0.0, "pUlmus": 0.0, "pCastanea": 0.0, "pOtherLH": 0.0, "pBetula": 0.441, "pAlnus": 0.0, "pPopulus": 0.0, "pSalix": 0.0, "pSorbus": 0.0, "pPrunus": 0.0, "pMalus": 0.0, "pPyrus": 0.0, "pOtherLN": 0.0, "pPicea": 0.559, "pPinus": 0.0, "pAbies": 0.0, "pDouglas": 0.0, "pLarix": 0.0, "pOtherNb": 0.0, "pNoEurop": 0.0, "pNoEuropD": 0.0, "pEurop": 1.0, "pDecid": 0.441, "pConifer": 0.559, "pAll": 1.0, "Cell_id": "4424_3048", "EPSG": 31468, "Netz": 8, "Dichte": 8, "Bl": ";16;" }, "geometry": { "type": "Point", "coordinates": [ 11.460014580479509, 50.539069703964742 ] } },
{ "type": "Feature", "properties": { "Tnr": 56619, "mitRand": 0, "AnzHBbeg": 1, "pHaupt": 1.0, "poHaupt": 0.0, "pQuerus": 0.0, "pFagus": 0.0, "pFraxinus": 0.0, "pCarpinus": 0.0, "pAcer": 0.0, "pTilia": 0.0, "pRobinia": 0.0, "pUlmus": 0.0, "pCastanea": 0.0, "pOtherLH": 0.0, "pBetula": 0.0, "pAlnus": 0.0, "pPopulus": 0.0, "pSalix": 0.0, "pSorbus": 0.0, "pPrunus": 0.0, "pMalus": 0.0, "pPyrus": 0.0, "pOtherLN": 0.0, "pPicea": 1.0, "pPinus": 0.0, "pAbies": 0.0, "pDouglas": 0.0, "pLarix": 0.0, "pOtherNb": 0.0, "pNoEurop": 0.0, "pNoEuropD": 0.0, "pEurop": 1.0, "pDecid": 0.0, "pConifer": 1.0, "pAll": 1.0, "Cell_id": "4428_3048", "EPSG": 31468, "Netz": 8, "Dichte": 8, "Bl": ";16;" }, "geometry": { "type": "Point", "coordinates": [ 11.516438560457107, 50.538339444477018 ] } },
{ "type": "Feature", "properties": { "Tnr": 56623, "mitRand": 1, "AnzHBbeg": 4, "pHaupt": 1.0, "poHaupt": 0.0, "pQuerus": 0.0, "pFagus": 0.0, "pFraxinus": 0.0, "pCarpinus": 0.0, "pAcer": 0.0, "pTilia": 0.0, "pRobinia": 0.0, "pUlmus": 0.0, "pCastanea": 0.0, "pOtherLH": 0.0, "pBetula": 0.0, "pAlnus": 0.0, "pPopulus": 0.0, "pSalix": 0.0, "pSorbus": 0.0, "pPrunus": 0.0, "pMalus": 0.0, "pPyrus": 0.0, "pOtherLN": 0.0, "pPicea": 1.0, "pPinus": 0.0, "pAbies": 0.0, "pDouglas": 0.0, "pLarix": 0.0, "pOtherNb": 0.0, "pNoEurop": 0.0, "pNoEuropD": 0.0, "pEurop": 1.0, "pDecid": 0.0, "pConifer": 1.0, "pAll": 1.0, "Cell_id": "4436_3048", "EPSG": 31468, "Netz": 8, "Dichte": 8, "Bl": ";16;" }, "geometry": { "type": "Point", "coordinates": [ 11.629249959168593, 50.53679756351147 ] } },
{ "type": "Feature", "properties": { "Tnr": 56625, "mitRand": 1, "AnzHBbeg": 4, "pHaupt": 1.0, "poHaupt": 0.0, "pQuerus": 0.0, "pFagus": 0.0, "pFraxinus": 0.0, "pCarpinus": 0.0, "pAcer": 0.0, "pTilia": 0.0, "pRobinia": 0.0, "pUlmus": 0.0, "pCastanea": 0.0, "pOtherLH": 0.0, "pBetula": 0.0, "pAlnus": 0.0, "pPopulus": 0.0, "pSalix": 0.0, "pSorbus": 0.0, "pPrunus": 0.0, "pMalus": 0.0, "pPyrus": 0.0, "pOtherLN": 0.0, "pPicea": 0.935, "pPinus": 0.0, "pAbies": 0.0, "pDouglas": 0.0, "pLarix": 0.065, "pOtherNb": 0.0, "pNoEurop": 0.0, "pNoEuropD": 0.0, "pEurop": 1.0, "pDecid": 0.0, "pConifer": 1.0, "pAll": 1.0, "Cell_id": "4440_3048", "EPSG": 31468, "Netz": 8, "Dichte": 8, "Bl": ";16;" }, "geometry": { "type": "Point", "coordinates": [ 11.685651296730551, 50.535985650446648 ] } },
{ "type": "Feature", "properties": { "Tnr": 56627, "mitRand": 0, "AnzHBbeg": 3, "pHaupt": 1.0, "poHaupt": 0.0, "pQuerus": 0.0, "pFagus": 0.005, "pFraxinus": 0.0, "pCarpinus": 0.0, "pAcer": 0.0, "pTilia": 0.0, "pRobinia": 0.0, "pUlmus": 0.0, "pCastanea": 0.0, "pOtherLH": 0.0, "pBetula": 0.009, "pAlnus": 0.0, "pPopulus": 0.0, "pSalix": 0.0, "pSorbus": 0.014, "pPrunus": 0.0, "pMalus": 0.0, "pPyrus": 0.0, "pOtherLN": 0.0, "pPicea": 0.862, "pPinus": 0.0, "pAbies": 0.0, "pDouglas": 0.0, "pLarix": 0.11, "pOtherNb": 0.0, "pNoEurop": 0.0, "pNoEuropD": 0.0, "pEurop": 1.0, "pDecid": 0.029, "pConifer": 0.971, "pAll": 1.0, "Cell_id": "4444_3048", "EPSG": 31468, "Netz": 8, "Dichte": 8, "Bl": ";16;" }, "geometry": { "type": "Point", "coordinates": [ 11.742063699066339, 50.53514609465789 ] } },
{ "type": "Feature", "properties": { "Tnr": 56686, "mitRand": 1, "AnzHBbeg": 4, "pHaupt": 1.0, "poHaupt": 0.0, "pQuerus": 0.0, "pFagus": 0.062, "pFraxinus": 0.0, "pCarpinus": 0.0, "pAcer": 0.0, "pTilia": 0.0, "pRobinia": 0.0, "pUlmus": 0.0, "pCastanea": 0.0, "pOtherLH": 0.0, "pBetula": 0.0, "pAlnus": 0.0, "pPopulus": 0.0, "pSalix": 0.213, "pSorbus": 0.0, "pPrunus": 0.0, "pMalus": 0.0, "pPyrus": 0.0, "pOtherLN": 0.0, "pPicea": 0.725, "pPinus": 0.0, "pAbies": 0.0, "pDouglas": 0.0, "pLarix": 0.0, "pOtherNb": 0.0, "pNoEurop": 0.0, "pNoEuropD": 0.0, "pEurop": 1.0, "pDecid": 0.275, "pConifer": 0.725, "pAll": 1.0, "Cell_id": "4350_3044", "EPSG": 31467, "Netz": 16, "Dichte": 8, "Bl": ";16;" }, "geometry": { "type": "Point", "coordinates": [ 10.415872094272082, 50.511634884124867 ] } },
{ "type": "Feature", "properties": { "Tnr": 56688, "mitRand": 0, "AnzHBbeg": 4, "pHaupt": 1.0, "poHaupt": 0.0, "pQuerus": 0.0, "pFagus": 0.77, "pFraxinus": 0.0, "pCarpinus": 0.0, "pAcer": 0.019, "pTilia": 0.0, "pRobinia": 0.0, "pUlmus": 0.0, "pCastanea": 0.0, "pOtherLH": 0.0, "pBetula": 0.0, "pAlnus": 0.0, "pPopulus": 0.0, "pSalix": 0.0, "pSorbus": 0.038, "pPrunus": 0.0, "pMalus": 0.0, "pPyrus": 0.0, "pOtherLN": 0.0, "pPicea": 0.172, "pPinus": 0.0, "pAbies": 0.0, "pDouglas": 0.0, "pLarix": 0.0, "pOtherNb": 0.0, "pNoEurop": 0.0, "pNoEuropD": 0.0, "pEurop": 1.0, "pDecid": 0.828, "pConifer": 0.172, "pAll": 1.0, "Cell_id": "4354_3044", "EPSG": 31467, "Netz": 256, "Dichte": 8, "Bl": ";16;" }, "geometry": { "type": "Point", "coordinates": [ 10.472260581351039, 50.511420420538919 ] } },
{ "type": "Feature", "properties": { "Tnr": 56692, "mitRand": 0, "AnzHBbeg": 1, "pHaupt": 1.0, "poHaupt": 0.0, "pQuerus": 0.0, "pFagus": 0.0, "pFraxinus": 0.0, "pCarpinus": 0.0, "pAcer": 0.0, "pTilia": 0.0, "pRobinia": 0.0, "pUlmus": 0.0, "pCastanea": 0.0, "pOtherLH": 0.0, "pBetula": 0.0, "pAlnus": 0.0, "pPopulus": 0.0, "pSalix": 0.0, "pSorbus": 0.0, "pPrunus": 0.0, "pMalus": 0.0, "pPyrus": 0.0, "pOtherLN": 0.0, "pPicea": 0.0, "pPinus": 1.0, "pAbies": 0.0, "pDouglas": 0.0, "pLarix": 0.0, "pOtherNb": 0.0, "pNoEurop": 0.0, "pNoEuropD": 0.0, "pEurop": 1.0, "pDecid": 0.0, "pConifer": 1.0, "pAll": 1.0, "Cell_id": "4363_3044", "EPSG": 31468, "Netz": 16, "Dichte": 8, "Bl": ";16;" }, "geometry": { "type": "Point", "coordinates": [ 10.599129986289139, 50.510824538166396 ] } },
{ "type": "Feature", "properties": { "Tnr": 56694, "mitRand": 1, "AnzHBbeg": 4, "pHaupt": 0.75, "poHaupt": 0.25, "pQuerus": 0.0, "pFagus": 0.0, "pFraxinus": 0.0, "pCarpinus": 0.0, "pAcer": 0.0, "pTilia": 0.0, "pRobinia": 0.0, "pUlmus": 0.0, "pCastanea": 0.0, "pOtherLH": 0.0, "pBetula": 0.0, "pAlnus": 0.0, "pPopulus": 0.0, "pSalix": 0.0, "pSorbus": 0.0, "pPrunus": 0.0, "pMalus": 0.0, "pPyrus": 0.0, "pOtherLN": 0.0, "pPicea": 0.726, "pPinus": 0.024, "pAbies": 0.0, "pDouglas": 0.0, "pLarix": 0.0, "pOtherNb": 0.0, "pNoEurop": 0.0, "pNoEuropD": 0.0, "pEurop": 0.75, "pDecid": 0.0, "pConifer": 0.75, "pAll": 0.75, "Cell_id": "4367_3044", "EPSG": 31468, "Netz": 64, "Dichte": 8, "Bl": ";16;" }, "geometry": { "type": "Point", "coordinates": [ 10.655514177410906, 50.510512327593162 ] } },
{ "type": "Feature", "properties": { "Tnr": 56700, "mitRand": 1, "AnzHBbeg": 4, "pHaupt": 1.0, "poHaupt": 0.0, "pQuerus": 0.0, "pFagus": 0.099, "pFraxinus": 0.0, "pCarpinus": 0.0, "pAcer": 0.0, "pTilia": 0.0, "pRobinia": 0.0, "pUlmus": 0.0, "pCastanea": 0.0, "pOtherLH": 0.0, "pBetula": 0.0, "pAlnus": 0.0, "pPopulus": 0.0, "pSalix": 0.0, "pSorbus": 0.198, "pPrunus": 0.0, "pMalus": 0.0, "pPyrus": 0.0, "pOtherLN": 0.0, "pPicea": 0.703, "pPinus": 0.0, "pAbies": 0.0, "pDouglas": 0.0, "pLarix": 0.0, "pOtherNb": 0.0, "pNoEurop": 0.0, "pNoEuropD": 0.0, "pEurop": 1.0, "pDecid": 0.297, "pConifer": 0.703, "pAll": 1.0, "Cell_id": "4379_3045", "EPSG": 31468, "Netz": 16, "Dichte": 8, "Bl": ";16;" }, "geometry": { "type": "Point", "coordinates": [ 10.824821978429492, 50.518417743894389 ] } },
{ "type": "Feature", "properties": { "Tnr": 56702, "mitRand": 0, "AnzHBbeg": 3, "pHaupt": 1.0, "poHaupt": 0.0, "pQuerus": 0.0, "pFagus": 0.0, "pFraxinus": 0.0, "pCarpinus": 0.0, "pAcer": 0.0, "pTilia": 0.0, "pRobinia": 0.0, "pUlmus": 0.0, "pCastanea": 0.0, "pOtherLH": 0.0, "pBetula": 0.071, "pAlnus": 0.0, "pPopulus": 0.0, "pSalix": 0.0, "pSorbus": 0.0, "pPrunus": 0.0, "pMalus": 0.0, "pPyrus": 0.0, "pOtherLN": 0.0, "pPicea": 0.929, "pPinus": 0.0, "pAbies": 0.0, "pDouglas": 0.0, "pLarix": 0.0, "pOtherNb": 0.0, "pNoEurop": 0.0, "pNoEuropD": 0.0, "pEurop": 1.0, "pDecid": 0.071, "pConifer": 0.929, "pAll": 1.0, "Cell_id": "4383_3045", "EPSG": 31468, "Netz": 64, "Dichte": 8, "Bl": ";16;" }, "geometry": { "type": "Point", "coordinates": [ 10.88122475771833, 50.517995887111276 ] } },
{ "type": "Feature", "properties": { "Tnr": 56704, "mitRand": 0, "AnzHBbeg": 2, "pHaupt": 1.0, "poHaupt": 0.0, "pQuerus": 0.0, "pFagus": 0.047, "pFraxinus": 0.0, "pCarpinus": 0.0, "pAcer": 0.0, "pTilia": 0.0, "pRobinia": 0.0, "pUlmus": 0.0, "pCastanea": 0.0, "pOtherLH": 0.0, "pBetula": 0.0, "pAlnus": 0.0, "pPopulus": 0.0, "pSalix": 0.0, "pSorbus": 0.0, "pPrunus": 0.0, "pMalus": 0.0, "pPyrus": 0.0, "pOtherLN": 0.0, "pPicea": 0.953, "pPinus": 0.0, "pAbies": 0.0, "pDouglas": 0.0, "pLarix": 0.0, "pOtherNb": 0.0, "pNoEurop": 0.0, "pNoEuropD": 0.0, "pEurop": 1.0, "pDecid": 0.047, "pConifer": 0.953, "pAll": 1.0, "Cell_id": "4387_3045", "EPSG": 31468, "Netz": 16, "Dichte": 8, "Bl": ";16;" }, "geometry": { "type": "Point", "coordinates": [ 10.937611667843804, 50.51754694208622 ] } },
{ "type": "Feature", "properties": { "Tnr": 56706, "mitRand": 1, "AnzHBbeg": 4, "pHaupt": 1.0, "poHaupt": 0.0, "pQuerus": 0.0, "pFagus": 0.485, "pFraxinus": 0.0, "pCarpinus": 0.0, "pAcer": 0.0, "pTilia": 0.0, "pRobinia": 0.0, "pUlmus": 0.0, "pCastanea": 0.0, "pOtherLH": 0.0, "pBetula": 0.0, "pAlnus": 0.0, "pPopulus": 0.0, "pSalix": 0.0, "pSorbus": 0.0, "pPrunus": 0.0, "pMalus": 0.0, "pPyrus": 0.0, "pOtherLN": 0.0, "pPicea": 0.455, "pPinus": 0.0, "pAbies": 0.0, "pDouglas": 0.061, "pLarix": 0.0, "pOtherNb": 0.0, "pNoEurop": 0.061, "pNoEuropD": 0.0, "pEurop": 0.939, "pDecid": 0.485, "pConifer": 0.515, "pAll": 1.0, "Cell_id": "4391_3045", "EPSG": 31468, "Netz": 256, "Dichte": 8, "Bl": ";16;" }, "geometry": { "type": "Point", "coordinates": [ 10.993997093254247, 50.517079673948629 ] } },
{ "type": "Feature", "properties": { "Tnr": 56708, "mitRand": 0, "AnzHBbeg": 4, "pHaupt": 1.0, "poHaupt": 0.0, "pQuerus": 0.0, "pFagus": 0.25, "pFraxinus": 0.0, "pCarpinus": 0.0, "pAcer": 0.0, "pTilia": 0.0, "pRobinia": 0.0, "pUlmus": 0.0, "pCastanea": 0.0, "pOtherLH": 0.0, "pBetula": 0.0, "pAlnus": 0.0, "pPopulus": 0.0, "pSalix": 0.0, "pSorbus": 0.0, "pPrunus": 0.0, "pMalus": 0.0, "pPyrus": 0.0, "pOtherLN": 0.0, "pPicea": 0.75, "pPinus": 0.0, "pAbies": 0.0, "pDouglas": 0.0, "pLarix": 0.0, "pOtherNb": 0.0, "pNoEurop": 0.0, "pNoEuropD": 0.0, "pEurop": 1.0, "pDecid": 0.25, "pConifer": 0.75, "pAll": 1.0, "Cell_id": "4395_3045", "EPSG": 31468, "Netz": 16, "Dichte": 8, "Bl": ";16;" }, "geometry": { "type": "Point", "coordinates": [ 11.050394290278771, 50.516575867863885 ] } },
{ "type": "Feature", "properties": { "Tnr": 56710, "mitRand": 1, "AnzHBbeg": 4, "pHaupt": 1.0, "poHaupt": 0.0, "pQuerus": 0.0, "pFagus": 0.0, "pFraxinus": 0.0, "pCarpinus": 0.0, "pAcer": 0.0, "pTilia": 0.0, "pRobinia": 0.0, "pUlmus": 0.0, "pCastanea": 0.0, "pOtherLH": 0.0, "pBetula": 0.0, "pAlnus": 0.0, "pPopulus": 0.0, "pSalix": 0.0, "pSorbus": 0.0, "pPrunus": 0.0, "pMalus": 0.0, "pPyrus": 0.0, "pOtherLN": 0.0, "pPicea": 1.0, "pPinus": 0.0, "pAbies": 0.0, "pDouglas": 0.0, "pLarix": 0.0, "pOtherNb": 0.0, "pNoEurop": 0.0, "pNoEuropD": 0.0, "pEurop": 1.0, "pDecid": 0.0, "pConifer": 1.0, "pAll": 1.0, "Cell_id": "4399_3045", "EPSG": 31468, "Netz": 64, "Dichte": 8, "Bl": ";16;" }, "geometry": { "type": "Point", "coordinates": [ 11.106789448221926, 50.516044745206209 ] } },
{ "type": "Feature", "properties": { "Tnr": 56712, "mitRand": 0, "AnzHBbeg": 4, "pHaupt": 1.0, "poHaupt": 0.0, "pQuerus": 0.0, "pFagus": 0.0, "pFraxinus": 0.0, "pCarpinus": 0.0, "pAcer": 0.0, "pTilia": 0.0, "pRobinia": 0.0, "pUlmus": 0.0, "pCastanea": 0.0, "pOtherLH": 0.0, "pBetula": 0.0, "pAlnus": 0.0, "pPopulus": 0.0, "pSalix": 0.0, "pSorbus": 0.0, "pPrunus": 0.0, "pMalus": 0.0, "pPyrus": 0.0, "pOtherLN": 0.0, "pPicea": 1.0, "pPinus": 0.0, "pAbies": 0.0, "pDouglas": 0.0, "pLarix": 0.0, "pOtherNb": 0.0, "pNoEurop": 0.0, "pNoEuropD": 0.0, "pEurop": 1.0, "pDecid": 0.0, "pConifer": 1.0, "pAll": 1.0, "Cell_id": "4403_3045", "EPSG": 31468, "Netz": 16, "Dichte": 8, "Bl": ";16;" }, "geometry": { "type": "Point", "coordinates": [ 11.16316839090784, 50.515486570284928 ] } },
{ "type": "Feature", "properties": { "Tnr": 56716, "mitRand": 1, "AnzHBbeg": 4, "pHaupt": 1.0, "poHaupt": 0.0, "pQuerus": 0.0, "pFagus": 0.053, "pFraxinus": 0.0, "pCarpinus": 0.0, "pAcer": 0.0, "pTilia": 0.0, "pRobinia": 0.0, "pUlmus": 0.0, "pCastanea": 0.0, "pOtherLH": 0.0, "pBetula": 0.0, "pAlnus": 0.0, "pPopulus": 0.0, "pSalix": 0.0, "pSorbus": 0.0, "pPrunus": 0.0, "pMalus": 0.0, "pPyrus": 0.0, "pOtherLN": 0.0, "pPicea": 0.71, "pPinus": 0.237, "pAbies": 0.0, "pDouglas": 0.0, "pLarix": 0.0, "pOtherNb": 0.0, "pNoEurop": 0.0, "pNoEuropD": 0.0, "pEurop": 1.0, "pDecid": 0.053, "pConifer": 0.947, "pAll": 1.0, "Cell_id": "4411_3045", "EPSG": 31468, "Netz": 16, "Dichte": 8, "Bl": ";16;" }, "geometry": { "type": "Point", "coordinates": [ 11.275947728501917, 50.514287777174552 ] } },
{ "type": "Feature", "properties": { "Tnr": 56718, "mitRand": 0, "AnzHBbeg": 4, "pHaupt": 1.0, "poHaupt": 0.0, "pQuerus": 0.0, "pFagus": 0.0, "pFraxinus": 0.0, "pCarpinus": 0.0, "pAcer": 0.0, "pTilia": 0.0, "pRobinia": 0.0, "pUlmus": 0.0, "pCastanea": 0.0, "pOtherLH": 0.0, "pBetula": 0.0, "pAlnus": 0.0, "pPopulus": 0.0, "pSalix": 0.163, "pSorbus": 0.0, "pPrunus": 0.0, "pMalus": 0.0, "pPyrus": 0.0, "pOtherLN": 0.0, "pPicea": 0.812, "pPinus": 0.025, "pAbies": 0.0, "pDouglas": 0.0, "pLarix": 0.0, "pOtherNb": 0.0, "pNoEurop": 0.0, "pNoEuropD": 0.0, "pEurop": 1.0, "pDecid": 0.163, "pConifer": 0.837, "pAll": 1.0, "Cell_id": "4415_3046", "EPSG": 31468, "Netz": 64, "Dichte": 8, "Bl": ";16;" }, "geometry": { "type": "Point", "coordinates": [ 11.332580125487587, 50.522642500067903 ] } },
{ "type": "Feature", "properties": { "Tnr": 56721, "mitRand": 1, "AnzHBbeg": 3, "pHaupt": 1.0, "poHaupt": 0.0, "pQuerus": 0.0, "pFagus": 0.0, "pFraxinus": 0.0, "pCarpinus": 0.0, "pAcer": 0.0, "pTilia": 0.0, "pRobinia": 0.0, "pUlmus": 0.0, "pCastanea": 0.0, "pOtherLH": 0.0, "pBetula": 0.0, "pAlnus": 0.0, "pPopulus": 0.0, "pSalix": 0.0, "pSorbus": 0.0, "pPrunus": 0.0, "pMalus": 0.0, "pPyrus": 0.0, "pOtherLN": 0.0, "pPicea": 1.0, "pPinus": 0.0, "pAbies": 0.0, "pDouglas": 0.0, "pLarix": 0.0, "pOtherNb": 0.0, "pNoEurop": 0.0, "pNoEuropD": 0.0, "pEurop": 1.0, "pDecid": 0.0, "pConifer": 1.0, "pAll": 1.0, "Cell_id": "4423_3046", "EPSG": 31468, "Netz": 256, "Dichte": 8, "Bl": ";16;" }, "geometry": { "type": "Point", "coordinates": [ 11.445366299440815, 50.521279329020778 ] } },
{ "type": "Feature", "properties": { "Tnr": 56723, "mitRand": 1, "AnzHBbeg": 4, "pHaupt": 1.0, "poHaupt": 0.0, "pQuerus": 0.0, "pFagus": 0.145, "pFraxinus": 0.0, "pCarpinus": 0.0, "pAcer": 0.0, "pTilia": 0.0, "pRobinia": 0.0, "pUlmus": 0.0, "pCastanea": 0.0, "pOtherLH": 0.0, "pBetula": 0.0, "pAlnus": 0.0, "pPopulus": 0.0, "pSalix": 0.0, "pSorbus": 0.0, "pPrunus": 0.0, "pMalus": 0.0, "pPyrus": 0.0, "pOtherLN": 0.0, "pPicea": 0.557, "pPinus": 0.039, "pAbies": 0.105, "pDouglas": 0.0, "pLarix": 0.154, "pOtherNb": 0.0, "pNoEurop": 0.0, "pNoEuropD": 0.0, "pEurop": 1.0, "pDecid": 0.145, "pConifer": 0.855, "pAll": 1.0, "Cell_id": "4427_3046", "EPSG": 31468, "Netz": 16, "Dichte": 8, "Bl": ";16;" }, "geometry": { "type": "Point", "coordinates": [ 11.501755454420808, 50.52055678173992 ] } },
{ "type": "Feature", "properties": { "Tnr": 56727, "mitRand": 0, "AnzHBbeg": 4, "pHaupt": 1.0, "poHaupt": 0.0, "pQuerus": 0.0, "pFagus": 0.0, "pFraxinus": 0.0, "pCarpinus": 0.0, "pAcer": 0.0, "pTilia": 0.0, "pRobinia": 0.0, "pUlmus": 0.0, "pCastanea": 0.0, "pOtherLH": 0.0, "pBetula": 0.0, "pAlnus": 0.0, "pPopulus": 0.0, "pSalix": 0.0, "pSorbus": 0.0, "pPrunus": 0.0, "pMalus": 0.0, "pPyrus": 0.0, "pOtherLN": 0.0, "pPicea": 0.824, "pPinus": 0.032, "pAbies": 0.0, "pDouglas": 0.0, "pLarix": 0.143, "pOtherNb": 0.0, "pNoEurop": 0.0, "pNoEuropD": 0.0, "pEurop": 1.0, "pDecid": 0.0, "pConifer": 1.0, "pAll": 1.0, "Cell_id": "4435_3046", "EPSG": 31468, "Netz": 16, "Dichte": 8, "Bl": ";16;" }, "geometry": { "type": "Point", "coordinates": [ 11.614524968484282, 50.519020798574786 ] } },
{ "type": "Feature", "properties": { "Tnr": 56729, "mitRand": 1, "AnzHBbeg": 1, "pHaupt": 1.0, "poHaupt": 0.0, "pQuerus": 0.0, "pFagus": 0.0, "pFraxinus": 0.0, "pCarpinus": 0.0, "pAcer": 0.0, "pTilia": 0.0, "pRobinia": 0.0, "pUlmus": 0.0, "pCastanea": 0.0, "pOtherLH": 0.0, "pBetula": 0.0, "pAlnus": 0.0, "pPopulus": 0.0, "pSalix": 0.0, "pSorbus": 0.0, "pPrunus": 0.0, "pMalus": 0.0, "pPyrus": 0.0, "pOtherLN": 0.0, "pPicea": 1.0, "pPinus": 0.0, "pAbies": 0.0, "pDouglas": 0.0, "pLarix": 0.0, "pOtherNb": 0.0, "pNoEurop": 0.0, "pNoEuropD": 0.0, "pEurop": 1.0, "pDecid": 0.0, "pConifer": 1.0, "pAll": 1.0, "Cell_id": "4439_3046", "EPSG": 31468, "Netz": 256, "Dichte": 8, "Bl": ";16;" }, "geometry": { "type": "Point", "coordinates": [ 11.670919723992874, 50.51821602625747 ] } },
{ "type": "Feature", "properties": { "Tnr": 56733, "mitRand": 1, "AnzHBbeg": 4, "pHaupt": 1.0, "poHaupt": 0.0, "pQuerus": 0.0, "pFagus": 0.0, "pFraxinus": 0.0, "pCarpinus": 0.0, "pAcer": 0.0, "pTilia": 0.0, "pRobinia": 0.0, "pUlmus": 0.0, "pCastanea": 0.0, "pOtherLH": 0.0, "pBetula": 0.0, "pAlnus": 0.0, "pPopulus": 0.0, "pSalix": 0.0, "pSorbus": 0.0, "pPrunus": 0.0, "pMalus": 0.0, "pPyrus": 0.0, "pOtherLN": 0.0, "pPicea": 0.913, "pPinus": 0.087, "pAbies": 0.0, "pDouglas": 0.0, "pLarix": 0.0, "pOtherNb": 0.0, "pNoEurop": 0.0, "pNoEuropD": 0.0, "pEurop": 1.0, "pDecid": 0.0, "pConifer": 1.0, "pAll": 1.0, "Cell_id": "4447_3046", "EPSG": 31468, "Netz": 64, "Dichte": 8, "Bl": ";16;" }, "geometry": { "type": "Point", "coordinates": [ 11.783686064516521, 50.516524898793946 ] } },
{ "type": "Feature", "properties": { "Tnr": 56737, "mitRand": 1, "AnzHBbeg": 4, "pHaupt": 1.0, "poHaupt": 0.0, "pQuerus": 0.0, "pFagus": 0.0, "pFraxinus": 0.0, "pCarpinus": 0.0, "pAcer": 0.0, "pTilia": 0.0, "pRobinia": 0.0, "pUlmus": 0.0, "pCastanea": 0.0, "pOtherLH": 0.0, "pBetula": 0.195, "pAlnus": 0.0, "pPopulus": 0.0, "pSalix": 0.0, "pSorbus": 0.0, "pPrunus": 0.0, "pMalus": 0.0, "pPyrus": 0.0, "pOtherLN": 0.0, "pPicea": 0.684, "pPinus": 0.121, "pAbies": 0.0, "pDouglas": 0.0, "pLarix": 0.0, "pOtherNb": 0.0, "pNoEurop": 0.0, "pNoEuropD": 0.0, "pEurop": 1.0, "pDecid": 0.195, "pConifer": 0.805, "pAll": 1.0, "Cell_id": "4454_3047", "EPSG": 31468, "Netz": 256, "Dichte": 8, "Bl": ";14;" }, "geometry": { "type": "Point", "coordinates": [ 11.882701395421408, 50.523931834707277 ] } },
{ "type": "Feature", "properties": { "Tnr": 56791, "mitRand": 0, "AnzHBbeg": 4, "pHaupt": 1.0, "poHaupt": 0.0, "pQuerus": 0.0, "pFagus": 0.961, "pFraxinus": 0.0, "pCarpinus": 0.039, "pAcer": 0.0, "pTilia": 0.0, "pRobinia": 0.0, "pUlmus": 0.0, "pCastanea": 0.0, "pOtherLH": 0.0, "pBetula": 0.0, "pAlnus": 0.0, "pPopulus": 0.0, "pSalix": 0.0, "pSorbus": 0.0, "pPrunus": 0.0, "pMalus": 0.0, "pPyrus": 0.0, "pOtherLN": 0.0, "pPicea": 0.0, "pPinus": 0.0, "pAbies": 0.0, "pDouglas": 0.0, "pLarix": 0.0, "pOtherNb": 0.0, "pNoEurop": 0.0, "pNoEuropD": 0.0, "pEurop": 1.0, "pDecid": 1.0, "pConifer": 0.0, "pAll": 1.0, "Cell_id": "4356_3042", "EPSG": 31468, "Netz": 8, "Dichte": 8, "Bl": ";16;" }, "geometry": { "type": "Point", "coordinates": [ 10.50026468922348, 50.49331597088019 ] } },
{ "type": "Feature", "properties": { "Tnr": 56795, "mitRand": 1, "AnzHBbeg": 1, "pHaupt": 1.0, "poHaupt": 0.0, "pQuerus": 0.0, "pFagus": 0.392, "pFraxinus": 0.163, "pCarpinus": 0.0, "pAcer": 0.0, "pTilia": 0.0, "pRobinia": 0.0, "pUlmus": 0.0, "pCastanea": 0.0, "pOtherLH": 0.0, "pBetula": 0.0, "pAlnus": 0.0, "pPopulus": 0.0, "pSalix": 0.0, "pSorbus": 0.0, "pPrunus": 0.0, "pMalus": 0.0, "pPyrus": 0.0, "pOtherLN": 0.0, "pPicea": 0.445, "pPinus": 0.0, "pAbies": 0.0, "pDouglas": 0.0, "pLarix": 0.0, "pOtherNb": 0.0, "pNoEurop": 0.0, "pNoEuropD": 0.0, "pEurop": 1.0, "pDecid": 0.555, "pConifer": 0.445, "pAll": 1.0, "Cell_id": "4365_3042", "EPSG": 31468, "Netz": 8, "Dichte": 8, "Bl": ";16;" }, "geometry": { "type": "Point", "coordinates": [ 10.627084509772338, 50.492690036083879 ] } },
{ "type": "Feature", "properties": { "Tnr": 56797, "mitRand": 0, "AnzHBbeg": 4, "pHaupt": 1.0, "poHaupt": 0.0, "pQuerus": 0.0, "pFagus": 0.0, "pFraxinus": 0.0, "pCarpinus": 0.0, "pAcer": 0.0, "pTilia": 0.0, "pRobinia": 0.0, "pUlmus": 0.0, "pCastanea": 0.0, "pOtherLH": 0.0, "pBetula": 0.122, "pAlnus": 0.0, "pPopulus": 0.0, "pSalix": 0.0, "pSorbus": 0.0, "pPrunus": 0.0, "pMalus": 0.0, "pPyrus": 0.0, "pOtherLN": 0.0, "pPicea": 0.878, "pPinus": 0.0, "pAbies": 0.0, "pDouglas": 0.0, "pLarix": 0.0, "pOtherNb": 0.0, "pNoEurop": 0.0, "pNoEuropD": 0.0, "pEurop": 1.0, "pDecid": 0.122, "pConifer": 0.878, "pAll": 1.0, "Cell_id": "4369_3042", "EPSG": 31468, "Netz": 8, "Dichte": 8, "Bl": ";16;" }, "geometry": { "type": "Point", "coordinates": [ 10.68344691295315, 50.492373484021449 ] } },
{ "type": "Feature", "properties": { "Tnr": 56803, "mitRand": 1, "AnzHBbeg": 4, "pHaupt": 1.0, "poHaupt": 0.0, "pQuerus": 0.0, "pFagus": 0.0, "pFraxinus": 0.0, "pCarpinus": 0.0, "pAcer": 0.0, "pTilia": 0.0, "pRobinia": 0.0, "pUlmus": 0.0, "pCastanea": 0.0, "pOtherLH": 0.0, "pBetula": 0.044, "pAlnus": 0.0, "pPopulus": 0.0, "pSalix": 0.0, "pSorbus": 0.0, "pPrunus": 0.0, "pMalus": 0.0, "pPyrus": 0.0, "pOtherLN": 0.0, "pPicea": 0.956, "pPinus": 0.0, "pAbies": 0.0, "pDouglas": 0.0, "pLarix": 0.0, "pOtherNb": 0.0, "pNoEurop": 0.0, "pNoEuropD": 0.0, "pEurop": 1.0, "pDecid": 0.044, "pConifer": 0.956, "pAll": 1.0, "Cell_id": "4381_3043", "EPSG": 31468, "Netz": 8, "Dichte": 8, "Bl": ";16;" }, "geometry": { "type": "Point", "coordinates": [ 10.852692967266609, 50.500229972338943 ] } },
{ "type": "Feature", "properties": { "Tnr": 56807, "mitRand": 1, "AnzHBbeg": 4, "pHaupt": 1.0, "poHaupt": 0.0, "pQuerus": 0.0, "pFagus": 0.0, "pFraxinus": 0.0, "pCarpinus": 0.0, "pAcer": 0.0, "pTilia": 0.0, "pRobinia": 0.0, "pUlmus": 0.0, "pCastanea": 0.0, "pOtherLH": 0.0, "pBetula": 0.0, "pAlnus": 0.0, "pPopulus": 0.0, "pSalix": 0.0, "pSorbus": 0.0, "pPrunus": 0.0, "pMalus": 0.0, "pPyrus": 0.0, "pOtherLN": 0.0, "pPicea": 1.0, "pPinus": 0.0, "pAbies": 0.0, "pDouglas": 0.0, "pLarix": 0.0, "pOtherNb": 0.0, "pNoEurop": 0.0, "pNoEuropD": 0.0, "pEurop": 1.0, "pDecid": 0.0, "pConifer": 1.0, "pAll": 1.0, "Cell_id": "4389_3043", "EPSG": 31468, "Netz": 8, "Dichte": 8, "Bl": ";16;" }, "geometry": { "type": "Point", "coordinates": [ 10.965438411544852, 50.499341652577975 ] } },
{ "type": "Feature", "properties": { "Tnr": 56809, "mitRand": 1, "AnzHBbeg": 4, "pHaupt": 1.0, "poHaupt": 0.0, "pQuerus": 0.0, "pFagus": 0.093, "pFraxinus": 0.0, "pCarpinus": 0.0, "pAcer": 0.0, "pTilia": 0.0, "pRobinia": 0.0, "pUlmus": 0.0, "pCastanea": 0.0, "pOtherLH": 0.0, "pBetula": 0.0, "pAlnus": 0.0, "pPopulus": 0.0, "pSalix": 0.0, "pSorbus": 0.0, "pPrunus": 0.0, "pMalus": 0.0, "pPyrus": 0.0, "pOtherLN": 0.0, "pPicea": 0.907, "pPinus": 0.0, "pAbies": 0.0, "pDouglas": 0.0, "pLarix": 0.0, "pOtherNb": 0.0, "pNoEurop": 0.0, "pNoEuropD": 0.0, "pEurop": 1.0, "pDecid": 0.093, "pConifer": 0.907, "pAll": 1.0, "Cell_id": "4393_3043", "EPSG": 31468, "Netz": 8, "Dichte": 8, "Bl": ";16;" }, "geometry": { "type": "Point", "coordinates": [ 11.021815185900559, 50.498851933222475 ] } },
{ "type": "Feature", "properties": { "Tnr": 56811, "mitRand": 0, "AnzHBbeg": 3, "pHaupt": 1.0, "poHaupt": 0.0, "pQuerus": 0.0, "pFagus": 0.0, "pFraxinus": 0.0, "pCarpinus": 0.0, "pAcer": 0.0, "pTilia": 0.0, "pRobinia": 0.0, "pUlmus": 0.0, "pCastanea": 0.0, "pOtherLH": 0.0, "pBetula": 0.0, "pAlnus": 0.0, "pPopulus": 0.0, "pSalix": 0.0, "pSorbus": 0.0, "pPrunus": 0.0, "pMalus": 0.0, "pPyrus": 0.0, "pOtherLN": 0.0, "pPicea": 1.0, "pPinus": 0.0, "pAbies": 0.0, "pDouglas": 0.0, "pLarix": 0.0, "pOtherNb": 0.0, "pNoEurop": 0.0, "pNoEuropD": 0.0, "pEurop": 1.0, "pDecid": 0.0, "pConifer": 1.0, "pAll": 1.0, "Cell_id": "4397_3043", "EPSG": 31468, "Netz": 8, "Dichte": 8, "Bl": ";16;" }, "geometry": { "type": "Point", "coordinates": [ 11.078175882480508, 50.498335165145448 ] } },
{ "type": "Feature", "properties": { "Tnr": 56813, "mitRand": 1, "AnzHBbeg": 4, "pHaupt": 1.0, "poHaupt": 0.0, "pQuerus": 0.0, "pFagus": 0.0, "pFraxinus": 0.0, "pCarpinus": 0.0, "pAcer": 0.0, "pTilia": 0.0, "pRobinia": 0.0, "pUlmus": 0.0, "pCastanea": 0.0, "pOtherLH": 0.0, "pBetula": 0.0, "pAlnus": 0.0, "pPopulus": 0.0, "pSalix": 0.0, "pSorbus": 0.047, "pPrunus": 0.0, "pMalus": 0.0, "pPyrus": 0.0, "pOtherLN": 0.0, "pPicea": 0.953, "pPinus": 0.0, "pAbies": 0.0, "pDouglas": 0.0, "pLarix": 0.0, "pOtherNb": 0.0, "pNoEurop": 0.0, "pNoEuropD": 0.0, "pEurop": 1.0, "pDecid": 0.047, "pConifer": 0.953, "pAll": 1.0, "Cell_id": "4401_3043", "EPSG": 31468, "Netz": 8, "Dichte": 8, "Bl": ";16;" }, "geometry": { "type": "Point", "coordinates": [ 11.134548584286888, 50.497790854161906 ] } },
{ "type": "Feature", "properties": { "Tnr": 56815, "mitRand": 0, "AnzHBbeg": 4, "pHaupt": 1.0, "poHaupt": 0.0, "pQuerus": 0.0, "pFagus": 0.0, "pFraxinus": 0.0, "pCarpinus": 0.0, "pAcer": 0.0, "pTilia": 0.0, "pRobinia": 0.0, "pUlmus": 0.0, "pCastanea": 0.0, "pOtherLH": 0.0, "pBetula": 0.0, "pAlnus": 0.0, "pPopulus": 0.0, "pSalix": 0.0, "pSorbus": 0.0, "pPrunus": 0.0, "pMalus": 0.0, "pPyrus": 0.0, "pOtherLN": 0.0, "pPicea": 1.0, "pPinus": 0.0, "pAbies": 0.0, "pDouglas": 0.0, "pLarix": 0.0, "pOtherNb": 0.0, "pNoEurop": 0.0, "pNoEuropD": 0.0, "pEurop": 1.0, "pDecid": 0.0, "pConifer": 1.0, "pAll": 1.0, "Cell_id": "4405_3043", "EPSG": 31468, "Netz": 8, "Dichte": 8, "Bl": ";16;" }, "geometry": { "type": "Point", "coordinates": [ 11.190905035622306, 50.497219512734709 ] } },
{ "type": "Feature", "properties": { "Tnr": 56817, "mitRand": 0, "AnzHBbeg": 2, "pHaupt": 0.5, "poHaupt": 0.5, "pQuerus": 0.0, "pFagus": 0.0, "pFraxinus": 0.0, "pCarpinus": 0.0, "pAcer": 0.0, "pTilia": 0.0, "pRobinia": 0.0, "pUlmus": 0.0, "pCastanea": 0.0, "pOtherLH": 0.0, "pBetula": 0.0, "pAlnus": 0.0, "pPopulus": 0.0, "pSalix": 0.0, "pSorbus": 0.0, "pPrunus": 0.0, "pMalus": 0.0, "pPyrus": 0.0, "pOtherLN": 0.0, "pPicea": 0.5, "pPinus": 0.0, "pAbies": 0.0, "pDouglas": 0.0, "pLarix": 0.0, "pOtherNb": 0.0, "pNoEurop": 0.0, "pNoEuropD": 0.0, "pEurop": 0.5, "pDecid": 0.0, "pConifer": 0.5, "pAll": 0.5, "Cell_id": "4409_3043", "EPSG": 31468, "Netz": 8, "Dichte": 8, "Bl": ";16;" }, "geometry": { "type": "Point", "coordinates": [ 11.247273316839031, 50.4966206196097 ] } },
{ "type": "Feature", "properties": { "Tnr": 56819, "mitRand": 1, "AnzHBbeg": 3, "pHaupt": 1.0, "poHaupt": 0.0, "pQuerus": 0.0, "pFagus": 0.0, "pFraxinus": 0.0, "pCarpinus": 0.0, "pAcer": 0.0, "pTilia": 0.0, "pRobinia": 0.0, "pUlmus": 0.0, "pCastanea": 0.0, "pOtherLH": 0.0, "pBetula": 0.0, "pAlnus": 0.0, "pPopulus": 0.0, "pSalix": 0.0, "pSorbus": 0.465, "pPrunus": 0.0, "pMalus": 0.0, "pPyrus": 0.0, "pOtherLN": 0.0, "pPicea": 0.535, "pPinus": 0.0, "pAbies": 0.0, "pDouglas": 0.0, "pLarix": 0.0, "pOtherNb": 0.0, "pNoEurop": 0.0, "pNoEuropD": 0.0, "pEurop": 1.0, "pDecid": 0.465, "pConifer": 0.535, "pAll": 1.0, "Cell_id": "4413_3043", "EPSG": 31468, "Netz": 8, "Dichte": 8, "Bl": ";16;" }, "geometry": { "type": "Point", "coordinates": [ 11.303639256927307, 50.495994435813685 ] } },
{ "type": "Feature", "properties": { "Tnr": 56821, "mitRand": 0, "AnzHBbeg": 2, "pHaupt": 1.0, "poHaupt": 0.0, "pQuerus": 0.0, "pFagus": 0.0, "pFraxinus": 0.0, "pCarpinus": 0.0, "pAcer": 0.0, "pTilia": 0.0, "pRobinia": 0.0, "pUlmus": 0.0, "pCastanea": 0.0, "pOtherLH": 0.0, "pBetula": 0.133, "pAlnus": 0.0, "pPopulus": 0.0, "pSalix": 0.0, "pSorbus": 0.234, "pPrunus": 0.0, "pMalus": 0.0, "pPyrus": 0.0, "pOtherLN": 0.0, "pPicea": 0.633, "pPinus": 0.0, "pAbies": 0.0, "pDouglas": 0.0, "pLarix": 0.0, "pOtherNb": 0.0, "pNoEurop": 0.0, "pNoEuropD": 0.0, "pEurop": 1.0, "pDecid": 0.367, "pConifer": 0.633, "pAll": 1.0, "Cell_id": "4425_3044", "EPSG": 31468, "Netz": 8, "Dichte": 8, "Bl": ";16;" }, "geometry": { "type": "Point", "coordinates": [ 11.472994402316877, 50.502937608529571 ] } },
{ "type": "Feature", "properties": { "Tnr": 56823, "mitRand": 1, "AnzHBbeg": 4, "pHaupt": 0.75, "poHaupt": 0.25, "pQuerus": 0.0, "pFagus": 0.0, "pFraxinus": 0.0, "pCarpinus": 0.0, "pAcer": 0.0, "pTilia": 0.0, "pRobinia": 0.0, "pUlmus": 0.0, "pCastanea": 0.0, "pOtherLH": 0.0, "pBetula": 0.0, "pAlnus": 0.0, "pPopulus": 0.0, "pSalix": 0.0, "pSorbus": 0.0, "pPrunus": 0.0, "pMalus": 0.0, "pPyrus": 0.0, "pOtherLN": 0.0, "pPicea": 0.654, "pPinus": 0.096, "pAbies": 0.0, "pDouglas": 0.0, "pLarix": 0.0, "pOtherNb": 0.0, "pNoEurop": 0.0, "pNoEuropD": 0.0, "pEurop": 0.75, "pDecid": 0.0, "pConifer": 0.75, "pAll": 0.75, "Cell_id": "4429_3044", "EPSG": 31468, "Netz": 8, "Dichte": 8, "Bl": ";16;" }, "geometry": { "type": "Point", "coordinates": [ 11.529360795073048, 50.502201999853526 ] } },
{ "type": "Feature", "properties": { "Tnr": 56831, "mitRand": 1, "AnzHBbeg": 1, "pHaupt": 1.0, "poHaupt": 0.0, "pQuerus": 0.0, "pFagus": 0.0, "pFraxinus": 0.0, "pCarpinus": 0.0, "pAcer": 0.0, "pTilia": 0.0, "pRobinia": 0.0, "pUlmus": 0.0, "pCastanea": 0.0, "pOtherLH": 0.0, "pBetula": 0.0, "pAlnus": 0.0, "pPopulus": 0.0, "pSalix": 0.0, "pSorbus": 1.0, "pPrunus": 0.0, "pMalus": 0.0, "pPyrus": 0.0, "pOtherLN": 0.0, "pPicea": 0.0, "pPinus": 0.0, "pAbies": 0.0, "pDouglas": 0.0, "pLarix": 0.0, "pOtherNb": 0.0, "pNoEurop": 0.0, "pNoEuropD": 0.0, "pEurop": 1.0, "pDecid": 1.0, "pConifer": 0.0, "pAll": 1.0, "Cell_id": "4445_3044", "EPSG": 31468, "Netz": 8, "Dichte": 8, "Bl": ";16;" }, "geometry": { "type": "Point", "coordinates": [ 11.754825355391699, 50.498977101608567 ] } },
{ "type": "Feature", "properties": { "Tnr": 56833, "mitRand": 1, "AnzHBbeg": 4, "pHaupt": 1.0, "poHaupt": 0.0, "pQuerus": 0.0, "pFagus": 0.0, "pFraxinus": 0.0, "pCarpinus": 0.0, "pAcer": 0.0, "pTilia": 0.0, "pRobinia": 0.0, "pUlmus": 0.0, "pCastanea": 0.0, "pOtherLH": 0.0, "pBetula": 0.0, "pAlnus": 0.0, "pPopulus": 0.0, "pSalix": 0.0, "pSorbus": 0.0, "pPrunus": 0.0, "pMalus": 0.0, "pPyrus": 0.0, "pOtherLN": 0.0, "pPicea": 1.0, "pPinus": 0.0, "pAbies": 0.0, "pDouglas": 0.0, "pLarix": 0.0, "pOtherNb": 0.0, "pNoEurop": 0.0, "pNoEuropD": 0.0, "pEurop": 1.0, "pDecid": 0.0, "pConifer": 1.0, "pAll": 1.0, "Cell_id": "4449_3044", "EPSG": 31468, "Netz": 8, "Dichte": 8, "Bl": ";16;" }, "geometry": { "type": "Point", "coordinates": [ 11.811176979498585, 50.498105087690526 ] } },
{ "type": "Feature", "properties": { "Tnr": 56877, "mitRand": 0, "AnzHBbeg": 4, "pHaupt": 1.0, "poHaupt": 0.0, "pQuerus": 0.0, "pFagus": 0.768, "pFraxinus": 0.193, "pCarpinus": 0.0, "pAcer": 0.0, "pTilia": 0.0, "pRobinia": 0.0, "pUlmus": 0.0, "pCastanea": 0.0, "pOtherLH": 0.0, "pBetula": 0.0, "pAlnus": 0.0, "pPopulus": 0.0, "pSalix": 0.0, "pSorbus": 0.0, "pPrunus": 0.0, "pMalus": 0.0, "pPyrus": 0.0, "pOtherLN": 0.0, "pPicea": 0.038, "pPinus": 0.0, "pAbies": 0.0, "pDouglas": 0.0, "pLarix": 0.0, "pOtherNb": 0.0, "pNoEurop": 0.0, "pNoEuropD": 0.0, "pEurop": 1.0, "pDecid": 0.962, "pConifer": 0.038, "pAll": 1.0, "Cell_id": "4346_3040", "EPSG": 31467, "Netz": 16, "Dichte": 8, "Bl": ";16;" }, "geometry": { "type": "Point", "coordinates": [ 10.359210965788641, 50.475864714053721 ] } },
{ "type": "Feature", "properties": { "Tnr": 56879, "mitRand": 1, "AnzHBbeg": 3, "pHaupt": 1.0, "poHaupt": 0.0, "pQuerus": 0.0, "pFagus": 0.45, "pFraxinus": 0.131, "pCarpinus": 0.0, "pAcer": 0.419, "pTilia": 0.0, "pRobinia": 0.0, "pUlmus": 0.0, "pCastanea": 0.0, "pOtherLH": 0.0, "pBetula": 0.0, "pAlnus": 0.0, "pPopulus": 0.0, "pSalix": 0.0, "pSorbus": 0.0, "pPrunus": 0.0, "pMalus": 0.0, "pPyrus": 0.0, "pOtherLN": 0.0, "pPicea": 0.0, "pPinus": 0.0, "pAbies": 0.0, "pDouglas": 0.0, "pLarix": 0.0, "pOtherNb": 0.0, "pNoEurop": 0.0, "pNoEuropD": 0.0, "pEurop": 1.0, "pDecid": 1.0, "pConifer": 0.0, "pAll": 1.0, "Cell_id": "4350_3040", "EPSG": 31467, "Netz": 16, "Dichte": 8, "Bl": ";16;" }, "geometry": { "type": "Point", "coordinates": [ 10.415557696608571, 50.475678052929823 ] } },
{ "type": "Feature", "properties": { "Tnr": 56881, "mitRand": 1, "AnzHBbeg": 4, "pHaupt": 1.0, "poHaupt": 0.0, "pQuerus": 0.0, "pFagus": 0.0, "pFraxinus": 0.0, "pCarpinus": 0.0, "pAcer": 0.25, "pTilia": 0.0, "pRobinia": 0.0, "pUlmus": 0.0, "pCastanea": 0.0, "pOtherLH": 0.0, "pBetula": 0.0, "pAlnus": 0.0, "pPopulus": 0.0, "pSalix": 0.0, "pSorbus": 0.0, "pPrunus": 0.0, "pMalus": 0.0, "pPyrus": 0.0, "pOtherLN": 0.0, "pPicea": 0.75, "pPinus": 0.0, "pAbies": 0.0, "pDouglas": 0.0, "pLarix": 0.0, "pOtherNb": 0.0, "pNoEurop": 0.0, "pNoEuropD": 0.0, "pEurop": 1.0, "pDecid": 0.25, "pConifer": 0.75, "pAll": 1.0, "Cell_id": "4354_3040", "EPSG": 31467, "Netz": 16, "Dichte": 8, "Bl": ";16;" }, "geometry": { "type": "Point", "coordinates": [ 10.471903115599666, 50.475455125902045 ] } },
{ "type": "Feature", "properties": { "Tnr": 56884, "mitRand": 1, "AnzHBbeg": 4, "pHaupt": 1.0, "poHaupt": 0.0, "pQuerus": 0.117, "pFagus": 0.326, "pFraxinus": 0.45, "pCarpinus": 0.034, "pAcer": 0.073, "pTilia": 0.0, "pRobinia": 0.0, "pUlmus": 0.0, "pCastanea": 0.0, "pOtherLH": 0.0, "pBetula": 0.0, "pAlnus": 0.0, "pPopulus": 0.0, "pSalix": 0.0, "pSorbus": 0.0, "pPrunus": 0.0, "pMalus": 0.0, "pPyrus": 0.0, "pOtherLN": 0.0, "pPicea": 0.0, "pPinus": 0.0, "pAbies": 0.0, "pDouglas": 0.0, "pLarix": 0.0, "pOtherNb": 0.0, "pNoEurop": 0.0, "pNoEuropD": 0.0, "pEurop": 1.0, "pDecid": 1.0, "pConifer": 0.0, "pAll": 1.0, "Cell_id": "4359_3040", "EPSG": 31468, "Netz": 16, "Dichte": 8, "Bl": ";16;" }, "geometry": { "type": "Point", "coordinates": [ 10.542333494245982, 50.475144847979195 ] } },
{ "type": "Feature", "properties": { "Tnr": 56888, "mitRand": 1, "AnzHBbeg": 2, "pHaupt": 1.0, "poHaupt": 0.0, "pQuerus": 0.39, "pFagus": 0.0, "pFraxinus": 0.0, "pCarpinus": 0.0, "pAcer": 0.0, "pTilia": 0.0, "pRobinia": 0.0, "pUlmus": 0.0, "pCastanea": 0.0, "pOtherLH": 0.0, "pBetula": 0.169, "pAlnus": 0.0, "pPopulus": 0.0, "pSalix": 0.0, "pSorbus": 0.064, "pPrunus": 0.0, "pMalus": 0.0, "pPyrus": 0.0, "pOtherLN": 0.0, "pPicea": 0.088, "pPinus": 0.239, "pAbies": 0.0, "pDouglas": 0.0, "pLarix": 0.052, "pOtherNb": 0.0, "pNoEurop": 0.0, "pNoEuropD": 0.0, "pEurop": 1.0, "pDecid": 0.622, "pConifer": 0.378, "pAll": 1.0, "Cell_id": "4367_3040", "EPSG": 31468, "Netz": 16, "Dichte": 8, "Bl": ";16;" }, "geometry": { "type": "Point", "coordinates": [ 10.655017947179044, 50.474557959492003 ] } },
{ "type": "Feature", "properties": { "Tnr": 56890, "mitRand": 1, "AnzHBbeg": 4, "pHaupt": 1.0, "poHaupt": 0.0, "pQuerus": 0.0, "pFagus": 0.0, "pFraxinus": 0.0, "pCarpinus": 0.0, "pAcer": 0.0, "pTilia": 0.0, "pRobinia": 0.0, "pUlmus": 0.0, "pCastanea": 0.0, "pOtherLH": 0.0, "pBetula": 0.032, "pAlnus": 0.0, "pPopulus": 0.0, "pSalix": 0.0, "pSorbus": 0.0, "pPrunus": 0.0, "pMalus": 0.0, "pPyrus": 0.0, "pOtherLN": 0.0, "pPicea": 0.858, "pPinus": 0.0, "pAbies": 0.0, "pDouglas": 0.0, "pLarix": 0.11, "pOtherNb": 0.0, "pNoEurop": 0.0, "pNoEuropD": 0.0, "pEurop": 1.0, "pDecid": 0.032, "pConifer": 0.968, "pAll": 1.0, "Cell_id": "4371_3040", "EPSG": 31468, "Netz": 16, "Dichte": 8, "Bl": ";16;" }, "geometry": { "type": "Point", "coordinates": [ 10.711357935635647, 50.474219111739316 ] } },
{ "type": "Feature", "properties": { "Tnr": 56892, "mitRand": 1, "AnzHBbeg": 4, "pHaupt": 1.0, "poHaupt": 0.0, "pQuerus": 0.0, "pFagus": 0.0, "pFraxinus": 0.0, "pCarpinus": 0.0, "pAcer": 0.0, "pTilia": 0.0, "pRobinia": 0.0, "pUlmus": 0.0, "pCastanea": 0.0, "pOtherLH": 0.0, "pBetula": 0.0, "pAlnus": 0.0, "pPopulus": 0.0, "pSalix": 0.0, "pSorbus": 0.0, "pPrunus": 0.0, "pMalus": 0.0, "pPyrus": 0.0, "pOtherLN": 0.0, "pPicea": 0.925, "pPinus": 0.075, "pAbies": 0.0, "pDouglas": 0.0, "pLarix": 0.0, "pOtherNb": 0.0, "pNoEurop": 0.0, "pNoEuropD": 0.0, "pEurop": 1.0, "pDecid": 0.0, "pConifer": 1.0, "pAll": 1.0, "Cell_id": "4375_3040", "EPSG": 31468, "Netz": 16, "Dichte": 8, "Bl": ";16;" }, "geometry": { "type": "Point", "coordinates": [ 10.767696749061738, 50.473861977958599 ] } },
{ "type": "Feature", "properties": { "Tnr": 56894, "mitRand": 1, "AnzHBbeg": 3, "pHaupt": 1.0, "poHaupt": 0.0, "pQuerus": 0.0, "pFagus": 0.0, "pFraxinus": 0.0, "pCarpinus": 0.0, "pAcer": 0.0, "pTilia": 0.0, "pRobinia": 0.0, "pUlmus": 0.0, "pCastanea": 0.0, "pOtherLH": 0.0, "pBetula": 0.0, "pAlnus": 0.0, "pPopulus": 0.0, "pSalix": 0.0, "pSorbus": 0.0, "pPrunus": 0.0, "pMalus": 0.0, "pPyrus": 0.0, "pOtherLN": 0.0, "pPicea": 0.416, "pPinus": 0.584, "pAbies": 0.0, "pDouglas": 0.0, "pLarix": 0.0, "pOtherNb": 0.0, "pNoEurop": 0.0, "pNoEuropD": 0.0, "pEurop": 1.0, "pDecid": 0.0, "pConifer": 1.0, "pAll": 1.0, "Cell_id": "4379_3041", "EPSG": 31468, "Netz": 16, "Dichte": 8, "Bl": ";16;" }, "geometry": { "type": "Point", "coordinates": [ 10.824196662477609, 50.482456562623824 ] } },
{ "type": "Feature", "properties": { "Tnr": 56896, "mitRand": 0, "AnzHBbeg": 4, "pHaupt": 1.0, "poHaupt": 0.0, "pQuerus": 0.0, "pFagus": 0.0, "pFraxinus": 0.0, "pCarpinus": 0.0, "pAcer": 0.0, "pTilia": 0.0, "pRobinia": 0.0, "pUlmus": 0.0, "pCastanea": 0.0, "pOtherLH": 0.0, "pBetula": 0.0, "pAlnus": 0.0, "pPopulus": 0.0, "pSalix": 0.0, "pSorbus": 0.0, "pPrunus": 0.0, "pMalus": 0.0, "pPyrus": 0.0, "pOtherLN": 0.0, "pPicea": 1.0, "pPinus": 0.0, "pAbies": 0.0, "pDouglas": 0.0, "pLarix": 0.0, "pOtherNb": 0.0, "pNoEurop": 0.0, "pNoEuropD": 0.0, "pEurop": 1.0, "pDecid": 0.0, "pConifer": 1.0, "pAll": 1.0, "Cell_id": "4383_3041", "EPSG": 31468, "Netz": 16, "Dichte": 8, "Bl": ";16;" }, "geometry": { "type": "Point", "coordinates": [ 10.880542552540511, 50.482035708643089 ] } },
{ "type": "Feature", "properties": { "Tnr": 56900, "mitRand": 1, "AnzHBbeg": 4, "pHaupt": 1.0, "poHaupt": 0.0, "pQuerus": 0.0, "pFagus": 0.0, "pFraxinus": 0.0, "pCarpinus": 0.0, "pAcer": 0.0, "pTilia": 0.0, "pRobinia": 0.0, "pUlmus": 0.0, "pCastanea": 0.0, "pOtherLH": 0.0, "pBetula": 0.0, "pAlnus": 0.0, "pPopulus": 0.0, "pSalix": 0.0, "pSorbus": 0.0, "pPrunus": 0.0, "pMalus": 0.0, "pPyrus": 0.0, "pOtherLN": 0.0, "pPicea": 1.0, "pPinus": 0.0, "pAbies": 0.0, "pDouglas": 0.0, "pLarix": 0.0, "pOtherNb": 0.0, "pNoEurop": 0.0, "pNoEuropD": 0.0, "pEurop": 1.0, "pDecid": 0.0, "pConifer": 1.0, "pAll": 1.0, "Cell_id": "4391_3041", "EPSG": 31468, "Netz": 16, "Dichte": 8, "Bl": ";16;" }, "geometry": { "type": "Point", "coordinates": [ 10.993243387963265, 50.481120921722372 ] } },
{ "type": "Feature", "properties": { "Tnr": 56902, "mitRand": 1, "AnzHBbeg": 4, "pHaupt": 1.0, "poHaupt": 0.0, "pQuerus": 0.0, "pFagus": 0.0, "pFraxinus": 0.0, "pCarpinus": 0.0, "pAcer": 0.0, "pTilia": 0.0, "pRobinia": 0.0, "pUlmus": 0.0, "pCastanea": 0.0, "pOtherLH": 0.0, "pBetula": 0.0, "pAlnus": 0.0, "pPopulus": 0.0, "pSalix": 0.0, "pSorbus": 0.0, "pPrunus": 0.0, "pMalus": 0.0, "pPyrus": 0.0, "pOtherLN": 0.0, "pPicea": 1.0, "pPinus": 0.0, "pAbies": 0.0, "pDouglas": 0.0, "pLarix": 0.0, "pOtherNb": 0.0, "pNoEurop": 0.0, "pNoEuropD": 0.0, "pEurop": 1.0, "pDecid": 0.0, "pConifer": 1.0, "pAll": 1.0, "Cell_id": "4395_3041", "EPSG": 31468, "Netz": 16, "Dichte": 8, "Bl": ";16;" }, "geometry": { "type": "Point", "coordinates": [ 11.049597790735502, 50.480617994764579 ] } },
{ "type": "Feature", "properties": { "Tnr": 56904, "mitRand": 1, "AnzHBbeg": 3, "pHaupt": 1.0, "poHaupt": 0.0, "pQuerus": 0.0, "pFagus": 0.0, "pFraxinus": 0.0, "pCarpinus": 0.0, "pAcer": 0.0, "pTilia": 0.0, "pRobinia": 0.0, "pUlmus": 0.0, "pCastanea": 0.0, "pOtherLH": 0.0, "pBetula": 0.0, "pAlnus": 0.0, "pPopulus": 0.0, "pSalix": 0.0, "pSorbus": 0.0, "pPrunus": 0.0, "pMalus": 0.0, "pPyrus": 0.0, "pOtherLN": 0.0, "pPicea": 1.0, "pPinus": 0.0, "pAbies": 0.0, "pDouglas": 0.0, "pLarix": 0.0, "pOtherNb": 0.0, "pNoEurop": 0.0, "pNoEuropD": 0.0, "pEurop": 1.0, "pDecid": 0.0, "pConifer": 1.0, "pAll": 1.0, "Cell_id": "4399_3041", "EPSG": 31468, "Netz": 16, "Dichte": 8, "Bl": ";16;" }, "geometry": { "type": "Point", "coordinates": [ 11.105936080362637, 50.48008804082481 ] } },
{ "type": "Feature", "properties": { "Tnr": 56908, "mitRand": 1, "AnzHBbeg": 4, "pHaupt": 0.75, "poHaupt": 0.25, "pQuerus": 0.0, "pFagus": 0.0, "pFraxinus": 0.0, "pCarpinus": 0.0, "pAcer": 0.0, "pTilia": 0.0, "pRobinia": 0.0, "pUlmus": 0.0, "pCastanea": 0.0, "pOtherLH": 0.0, "pBetula": 0.0, "pAlnus": 0.0, "pPopulus": 0.0, "pSalix": 0.0, "pSorbus": 0.0, "pPrunus": 0.0, "pMalus": 0.0, "pPyrus": 0.0, "pOtherLN": 0.0, "pPicea": 0.75, "pPinus": 0.0, "pAbies": 0.0, "pDouglas": 0.0, "pLarix": 0.0, "pOtherNb": 0.0, "pNoEurop": 0.0, "pNoEuropD": 0.0, "pEurop": 0.75, "pDecid": 0.0, "pConifer": 0.75, "pAll": 0.75, "Cell_id": "4407_3041", "EPSG": 31468, "Netz": 16, "Dichte": 8, "Bl": ";16;" }, "geometry": { "type": "Point", "coordinates": [ 11.218634368969605, 50.478945800352783 ] } },
{ "type": "Feature", "properties": { "Tnr": 56913, "mitRand": 1, "AnzHBbeg": 4, "pHaupt": 1.0, "poHaupt": 0.0, "pQuerus": 0.0, "pFagus": 0.0, "pFraxinus": 0.0, "pCarpinus": 0.0, "pAcer": 0.0, "pTilia": 0.0, "pRobinia": 0.0, "pUlmus": 0.0, "pCastanea": 0.0, "pOtherLH": 0.0, "pBetula": 0.0, "pAlnus": 0.0, "pPopulus": 0.0, "pSalix": 0.0, "pSorbus": 0.0, "pPrunus": 0.0, "pMalus": 0.0, "pPyrus": 0.0, "pOtherLN": 0.0, "pPicea": 0.83, "pPinus": 0.028, "pAbies": 0.0, "pDouglas": 0.0, "pLarix": 0.142, "pOtherNb": 0.0, "pNoEurop": 0.0, "pNoEuropD": 0.0, "pEurop": 1.0, "pDecid": 0.0, "pConifer": 1.0, "pAll": 1.0, "Cell_id": "4427_3042", "EPSG": 31468, "Netz": 16, "Dichte": 8, "Bl": ";16;" }, "geometry": { "type": "Point", "coordinates": [ 11.500615661647387, 50.484598266964241 ] } },
{ "type": "Feature", "properties": { "Tnr": 56915, "mitRand": 1, "AnzHBbeg": 4, "pHaupt": 1.0, "poHaupt": 0.0, "pQuerus": 0.0, "pFagus": 0.0, "pFraxinus": 0.0, "pCarpinus": 0.0, "pAcer": 0.032, "pTilia": 0.0, "pRobinia": 0.0, "pUlmus": 0.0, "pCastanea": 0.0, "pOtherLH": 0.0, "pBetula": 0.108, "pAlnus": 0.0, "pPopulus": 0.0, "pSalix": 0.25, "pSorbus": 0.351, "pPrunus": 0.0, "pMalus": 0.0, "pPyrus": 0.0, "pOtherLN": 0.0, "pPicea": 0.259, "pPinus": 0.0, "pAbies": 0.0, "pDouglas": 0.0, "pLarix": 0.0, "pOtherNb": 0.0, "pNoEurop": 0.0, "pNoEuropD": 0.0, "pEurop": 1.0, "pDecid": 0.741, "pConifer": 0.259, "pAll": 1.0, "Cell_id": "4431_3042", "EPSG": 31468, "Netz": 16, "Dichte": 8, "Bl": ";16;" }, "geometry": { "type": "Point", "coordinates": [ 11.556959305449755, 50.483849607428972 ] } },
{ "type": "Feature", "properties": { "Tnr": 56921, "mitRand": 1, "AnzHBbeg": 4, "pHaupt": 0.75, "poHaupt": 0.25, "pQuerus": 0.0, "pFagus": 0.211, "pFraxinus": 0.0, "pCarpinus": 0.0, "pAcer": 0.205, "pTilia": 0.0, "pRobinia": 0.0, "pUlmus": 0.0, "pCastanea": 0.0, "pOtherLH": 0.0, "pBetula": 0.084, "pAlnus": 0.0, "pPopulus": 0.0, "pSalix": 0.083, "pSorbus": 0.0, "pPrunus": 0.0, "pMalus": 0.0, "pPyrus": 0.0, "pOtherLN": 0.0, "pPicea": 0.0, "pPinus": 0.0, "pAbies": 0.0, "pDouglas": 0.167, "pLarix": 0.0, "pOtherNb": 0.0, "pNoEurop": 0.167, "pNoEuropD": 0.0, "pEurop": 0.583, "pDecid": 0.583, "pConifer": 0.167, "pAll": 0.75, "Cell_id": "4443_3042", "EPSG": 31468, "Netz": 16, "Dichte": 8, "Bl": ";16;" }, "geometry": { "type": "Point", "coordinates": [ 11.725986541205566, 50.481430735918231 ] } },
{ "type": "Feature", "properties": { "Tnr": 56974, "mitRand": 0, "AnzHBbeg": 4, "pHaupt": 1.0, "poHaupt": 0.0, "pQuerus": 0.0, "pFagus": 1.0, "pFraxinus": 0.0, "pCarpinus": 0.0, "pAcer": 0.0, "pTilia": 0.0, "pRobinia": 0.0, "pUlmus": 0.0, "pCastanea": 0.0, "pOtherLH": 0.0, "pBetula": 0.0, "pAlnus": 0.0, "pPopulus": 0.0, "pSalix": 0.0, "pSorbus": 0.0, "pPrunus": 0.0, "pMalus": 0.0, "pPyrus": 0.0, "pOtherLN": 0.0, "pPicea": 0.0, "pPinus": 0.0, "pAbies": 0.0, "pDouglas": 0.0, "pLarix": 0.0, "pOtherNb": 0.0, "pNoEurop": 0.0, "pNoEuropD": 0.0, "pEurop": 1.0, "pDecid": 1.0, "pConifer": 0.0, "pAll": 1.0, "Cell_id": "4357_3038", "EPSG": 31468, "Netz": 8, "Dichte": 8, "Bl": ";16;" }, "geometry": { "type": "Point", "coordinates": [ 10.513967314267607, 50.457294246759638 ] } },
{ "type": "Feature", "properties": { "Tnr": 56976, "mitRand": 1, "AnzHBbeg": 1, "pHaupt": 1.0, "poHaupt": 0.0, "pQuerus": 0.0, "pFagus": 0.0, "pFraxinus": 0.0, "pCarpinus": 0.0, "pAcer": 0.0, "pTilia": 0.0, "pRobinia": 0.0, "pUlmus": 0.0, "pCastanea": 0.0, "pOtherLH": 0.0, "pBetula": 0.0, "pAlnus": 0.0, "pPopulus": 0.0, "pSalix": 0.0, "pSorbus": 0.0, "pPrunus": 0.0, "pMalus": 0.0, "pPyrus": 0.0, "pOtherLN": 0.0, "pPicea": 0.341, "pPinus": 0.659, "pAbies": 0.0, "pDouglas": 0.0, "pLarix": 0.0, "pOtherNb": 0.0, "pNoEurop": 0.0, "pNoEuropD": 0.0, "pEurop": 1.0, "pDecid": 0.0, "pConifer": 1.0, "pAll": 1.0, "Cell_id": "4361_3038", "EPSG": 31468, "Netz": 8, "Dichte": 8, "Bl": ";16;" }, "geometry": { "type": "Point", "coordinates": [ 10.570289620794844, 50.457032862815382 ] } },
{ "type": "Feature", "properties": { "Tnr": 56978, "mitRand": 1, "AnzHBbeg": 1, "pHaupt": 1.0, "poHaupt": 0.0, "pQuerus": 0.0, "pFagus": 0.895, "pFraxinus": 0.0, "pCarpinus": 0.0, "pAcer": 0.0, "pTilia": 0.0, "pRobinia": 0.0, "pUlmus": 0.0, "pCastanea": 0.0, "pOtherLH": 0.0, "pBetula": 0.0, "pAlnus": 0.0, "pPopulus": 0.0, "pSalix": 0.0, "pSorbus": 0.0, "pPrunus": 0.0, "pMalus": 0.0, "pPyrus": 0.0, "pOtherLN": 0.0, "pPicea": 0.105, "pPinus": 0.0, "pAbies": 0.0, "pDouglas": 0.0, "pLarix": 0.0, "pOtherNb": 0.0, "pNoEurop": 0.0, "pNoEuropD": 0.0, "pEurop": 1.0, "pDecid": 0.895, "pConifer": 0.105, "pAll": 1.0, "Cell_id": "4365_3038", "EPSG": 31468, "Netz": 8, "Dichte": 8, "Bl": ";16;" }, "geometry": { "type": "Point", "coordinates": [ 10.626610348700817, 50.4567352343633 ] } },
{ "type": "Feature", "properties": { "Tnr": 56980, "mitRand": 1, "AnzHBbeg": 3, "pHaupt": 1.0, "poHaupt": 0.0, "pQuerus": 0.081, "pFagus": 0.0, "pFraxinus": 0.0, "pCarpinus": 0.0, "pAcer": 0.0, "pTilia": 0.0, "pRobinia": 0.0, "pUlmus": 0.0, "pCastanea": 0.0, "pOtherLH": 0.0, "pBetula": 0.0, "pAlnus": 0.0, "pPopulus": 0.0, "pSalix": 0.0, "pSorbus": 0.0, "pPrunus": 0.0, "pMalus": 0.0, "pPyrus": 0.0, "pOtherLN": 0.0, "pPicea": 0.238, "pPinus": 0.681, "pAbies": 0.0, "pDouglas": 0.0, "pLarix": 0.0, "pOtherNb": 0.0, "pNoEurop": 0.0, "pNoEuropD": 0.0, "pEurop": 1.0, "pDecid": 0.081, "pConifer": 0.919, "pAll": 1.0, "Cell_id": "4369_3038", "EPSG": 31468, "Netz": 8, "Dichte": 8, "Bl": ";16;" }, "geometry": { "type": "Point", "coordinates": [ 10.682929698227465, 50.456410349422292 ] } },
{ "type": "Feature", "properties": { "Tnr": 56982, "mitRand": 1, "AnzHBbeg": 4, "pHaupt": 1.0, "poHaupt": 0.0, "pQuerus": 0.142, "pFagus": 0.0, "pFraxinus": 0.0, "pCarpinus": 0.0, "pAcer": 0.0, "pTilia": 0.0, "pRobinia": 0.0, "pUlmus": 0.0, "pCastanea": 0.0, "pOtherLH": 0.0, "pBetula": 0.137, "pAlnus": 0.0, "pPopulus": 0.0, "pSalix": 0.0, "pSorbus": 0.0, "pPrunus": 0.0, "pMalus": 0.0, "pPyrus": 0.0, "pOtherLN": 0.0, "pPicea": 0.363, "pPinus": 0.358, "pAbies": 0.0, "pDouglas": 0.0, "pLarix": 0.0, "pOtherNb": 0.0, "pNoEurop": 0.0, "pNoEuropD": 0.0, "pEurop": 1.0, "pDecid": 0.279, "pConifer": 0.721, "pAll": 1.0, "Cell_id": "4373_3038", "EPSG": 31468, "Netz": 8, "Dichte": 8, "Bl": ";16;" }, "geometry": { "type": "Point", "coordinates": [ 10.739247912294939, 50.456067195108126 ] } },
{ "type": "Feature", "properties": { "Tnr": 56984, "mitRand": 1, "AnzHBbeg": 3, "pHaupt": 1.0, "poHaupt": 0.0, "pQuerus": 0.0, "pFagus": 0.0, "pFraxinus": 0.0, "pCarpinus": 0.0, "pAcer": 0.0, "pTilia": 0.0, "pRobinia": 0.0, "pUlmus": 0.0, "pCastanea": 0.0, "pOtherLH": 0.0, "pBetula": 0.0, "pAlnus": 0.0, "pPopulus": 0.0, "pSalix": 0.0, "pSorbus": 0.0, "pPrunus": 0.0, "pMalus": 0.0, "pPyrus": 0.0, "pOtherLN": 0.0, "pPicea": 0.884, "pPinus": 0.116, "pAbies": 0.0, "pDouglas": 0.0, "pLarix": 0.0, "pOtherNb": 0.0, "pNoEurop": 0.0, "pNoEuropD": 0.0, "pEurop": 1.0, "pDecid": 0.0, "pConifer": 1.0, "pAll": 1.0, "Cell_id": "4377_3038", "EPSG": 31468, "Netz": 8, "Dichte": 8, "Bl": ";16;" }, "geometry": { "type": "Point", "coordinates": [ 10.795564255320908, 50.455687801709367 ] } },
{ "type": "Feature", "properties": { "Tnr": 56986, "mitRand": 1, "AnzHBbeg": 1, "pHaupt": 0.0, "poHaupt": 1.0, "pQuerus": 0.0, "pFagus": 0.0, "pFraxinus": 0.0, "pCarpinus": 0.0, "pAcer": 0.0, "pTilia": 0.0, "pRobinia": 0.0, "pUlmus": 0.0, "pCastanea": 0.0, "pOtherLH": 0.0, "pBetula": 0.0, "pAlnus": 0.0, "pPopulus": 0.0, "pSalix": 0.0, "pSorbus": 0.0, "pPrunus": 0.0, "pMalus": 0.0, "pPyrus": 0.0, "pOtherLN": 0.0, "pPicea": 0.0, "pPinus": 0.0, "pAbies": 0.0, "pDouglas": 0.0, "pLarix": 0.0, "pOtherNb": 0.0, "pNoEurop": 0.0, "pNoEuropD": 0.0, "pEurop": 0.0, "pDecid": 0.0, "pConifer": 0.0, "pAll": 0.0, "Cell_id": "4381_3039", "EPSG": 31468, "Netz": 8, "Dichte": 8, "Bl": ";16;" }, "geometry": { "type": "Point", "coordinates": [ 10.852047107013327, 50.464269061453692 ] } },
{ "type": "Feature", "properties": { "Tnr": 56988, "mitRand": 0, "AnzHBbeg": 4, "pHaupt": 1.0, "poHaupt": 0.0, "pQuerus": 0.0, "pFagus": 0.0, "pFraxinus": 0.0, "pCarpinus": 0.0, "pAcer": 0.0, "pTilia": 0.0, "pRobinia": 0.0, "pUlmus": 0.0, "pCastanea": 0.0, "pOtherLH": 0.0, "pBetula": 0.0, "pAlnus": 0.0, "pPopulus": 0.0, "pSalix": 0.0, "pSorbus": 0.0, "pPrunus": 0.0, "pMalus": 0.0, "pPyrus": 0.0, "pOtherLN": 0.0, "pPicea": 1.0, "pPinus": 0.0, "pAbies": 0.0, "pDouglas": 0.0, "pLarix": 0.0, "pOtherNb": 0.0, "pNoEurop": 0.0, "pNoEuropD": 0.0, "pEurop": 1.0, "pDecid": 0.0, "pConifer": 1.0, "pAll": 1.0, "Cell_id": "4385_3039", "EPSG": 31468, "Netz": 8, "Dichte": 8, "Bl": ";16;" }, "geometry": { "type": "Point", "coordinates": [ 10.908371118930969, 50.463843950432747 ] } },
{ "type": "Feature", "properties": { "Tnr": 56990, "mitRand": 1, "AnzHBbeg": 4, "pHaupt": 1.0, "poHaupt": 0.0, "pQuerus": 0.0, "pFagus": 0.01, "pFraxinus": 0.0, "pCarpinus": 0.0, "pAcer": 0.0, "pTilia": 0.0, "pRobinia": 0.0, "pUlmus": 0.0, "pCastanea": 0.0, "pOtherLH": 0.0, "pBetula": 0.0, "pAlnus": 0.0, "pPopulus": 0.0, "pSalix": 0.0, "pSorbus": 0.0, "pPrunus": 0.0, "pMalus": 0.0, "pPyrus": 0.0, "pOtherLN": 0.0, "pPicea": 0.99, "pPinus": 0.0, "pAbies": 0.0, "pDouglas": 0.0, "pLarix": 0.0, "pOtherNb": 0.0, "pNoEurop": 0.0, "pNoEuropD": 0.0, "pEurop": 1.0, "pDecid": 0.01, "pConifer": 0.99, "pAll": 1.0, "Cell_id": "4389_3039", "EPSG": 31468, "Netz": 8, "Dichte": 8, "Bl": ";16;" }, "geometry": { "type": "Point", "coordinates": [ 10.964707041570724, 50.463382360306099 ] } },
{ "type": "Feature", "properties": { "Tnr": 56992, "mitRand": 1, "AnzHBbeg": 4, "pHaupt": 1.0, "poHaupt": 0.0, "pQuerus": 0.0, "pFagus": 0.18, "pFraxinus": 0.0, "pCarpinus": 0.0, "pAcer": 0.0, "pTilia": 0.0, "pRobinia": 0.0, "pUlmus": 0.0, "pCastanea": 0.0, "pOtherLH": 0.0, "pBetula": 0.0, "pAlnus": 0.0, "pPopulus": 0.0, "pSalix": 0.0, "pSorbus": 0.0, "pPrunus": 0.0, "pMalus": 0.0, "pPyrus": 0.0, "pOtherLN": 0.0, "pPicea": 0.82, "pPinus": 0.0, "pAbies": 0.0, "pDouglas": 0.0, "pLarix": 0.0, "pOtherNb": 0.0, "pNoEurop": 0.0, "pNoEuropD": 0.0, "pEurop": 1.0, "pDecid": 0.18, "pConifer": 0.82, "pAll": 1.0, "Cell_id": "4393_3039", "EPSG": 31468, "Netz": 8, "Dichte": 8, "Bl": ";16;" }, "geometry": { "type": "Point", "coordinates": [ 11.021026988127687, 50.462893746890842 ] } },
{ "type": "Feature", "properties": { "Tnr": 56996, "mitRand": 1, "AnzHBbeg": 4, "pHaupt": 1.0, "poHaupt": 0.0, "pQuerus": 0.0, "pFagus": 0.051, "pFraxinus": 0.0, "pCarpinus": 0.0, "pAcer": 0.0, "pTilia": 0.0, "pRobinia": 0.0, "pUlmus": 0.0, "pCastanea": 0.0, "pOtherLH": 0.0, "pBetula": 0.0, "pAlnus": 0.0, "pPopulus": 0.0, "pSalix": 0.0, "pSorbus": 0.0, "pPrunus": 0.0, "pMalus": 0.0, "pPyrus": 0.0, "pOtherLN": 0.0, "pPicea": 0.949, "pPinus": 0.0, "pAbies": 0.0, "pDouglas": 0.0, "pLarix": 0.0, "pOtherNb": 0.0, "pNoEurop": 0.0, "pNoEuropD": 0.0, "pEurop": 1.0, "pDecid": 0.051, "pConifer": 0.949, "pAll": 1.0, "Cell_id": "4401_3039", "EPSG": 31468, "Netz": 8, "Dichte": 8, "Bl": ";16;" }, "geometry": { "type": "Point", "coordinates": [ 11.133674906955919, 50.461834507799573 ] } },
{ "type": "Feature", "properties": { "Tnr": 56998, "mitRand": 0, "AnzHBbeg": 3, "pHaupt": 1.0, "poHaupt": 0.0, "pQuerus": 0.0, "pFagus": 0.067, "pFraxinus": 0.0, "pCarpinus": 0.0, "pAcer": 0.0, "pTilia": 0.0, "pRobinia": 0.0, "pUlmus": 0.0, "pCastanea": 0.0, "pOtherLH": 0.0, "pBetula": 0.0, "pAlnus": 0.0, "pPopulus": 0.0, "pSalix": 0.0, "pSorbus": 0.024, "pPrunus": 0.0, "pMalus": 0.0, "pPyrus": 0.0, "pOtherLN": 0.0, "pPicea": 0.91, "pPinus": 0.0, "pAbies": 0.0, "pDouglas": 0.0, "pLarix": 0.0, "pOtherNb": 0.0, "pNoEurop": 0.0, "pNoEuropD": 0.0, "pEurop": 1.0, "pDecid": 0.09, "pConifer": 0.91, "pAll": 1.0, "Cell_id": "4405_3039", "EPSG": 31468, "Netz": 8, "Dichte": 8, "Bl": ";16;" }, "geometry": { "type": "Point", "coordinates": [ 11.190002704351491, 50.461263873136495 ] } },
{ "type": "Feature", "properties": { "Tnr": 57000, "mitRand": 1, "AnzHBbeg": 4, "pHaupt": 1.0, "poHaupt": 0.0, "pQuerus": 0.0, "pFagus": 0.0, "pFraxinus": 0.0, "pCarpinus": 0.0, "pAcer": 0.0, "pTilia": 0.0, "pRobinia": 0.0, "pUlmus": 0.0, "pCastanea": 0.0, "pOtherLH": 0.0, "pBetula": 0.0, "pAlnus": 0.0, "pPopulus": 0.0, "pSalix": 0.0, "pSorbus": 0.0, "pPrunus": 0.0, "pMalus": 0.0, "pPyrus": 0.0, "pOtherLN": 0.0, "pPicea": 1.0, "pPinus": 0.0, "pAbies": 0.0, "pDouglas": 0.0, "pLarix": 0.0, "pOtherNb": 0.0, "pNoEurop": 0.0, "pNoEuropD": 0.0, "pEurop": 1.0, "pDecid": 0.0, "pConifer": 1.0, "pAll": 1.0, "Cell_id": "4409_3039", "EPSG": 31468, "Netz": 8, "Dichte": 8, "Bl": ";16;" }, "geometry": { "type": "Point", "coordinates": [ 11.246328253131477, 50.460665979849871 ] } },
{ "type": "Feature", "properties": { "Tnr": 57002, "mitRand": 1, "AnzHBbeg": 3, "pHaupt": 1.0, "poHaupt": 0.0, "pQuerus": 0.0, "pFagus": 0.0, "pFraxinus": 0.0, "pCarpinus": 0.0, "pAcer": 0.0, "pTilia": 0.0, "pRobinia": 0.0, "pUlmus": 0.0, "pCastanea": 0.0, "pOtherLH": 0.0, "pBetula": 0.0, "pAlnus": 0.0, "pPopulus": 0.0, "pSalix": 0.0, "pSorbus": 0.0, "pPrunus": 0.0, "pMalus": 0.0, "pPyrus": 0.0, "pOtherLN": 0.0, "pPicea": 1.0, "pPinus": 0.0, "pAbies": 0.0, "pDouglas": 0.0, "pLarix": 0.0, "pOtherNb": 0.0, "pNoEurop": 0.0, "pNoEuropD": 0.0, "pEurop": 1.0, "pDecid": 0.0, "pConifer": 1.0, "pAll": 1.0, "Cell_id": "4425_3040", "EPSG": 31468, "Netz": 8, "Dichte": 8, "Bl": ";16;" }, "geometry": { "type": "Point", "coordinates": [ 11.471877807968392, 50.466987373360958 ] } },
{ "type": "Feature", "properties": { "Tnr": 57010, "mitRand": 1, "AnzHBbeg": 4, "pHaupt": 1.0, "poHaupt": 0.0, "pQuerus": 0.0, "pFagus": 1.0, "pFraxinus": 0.0, "pCarpinus": 0.0, "pAcer": 0.0, "pTilia": 0.0, "pRobinia": 0.0, "pUlmus": 0.0, "pCastanea": 0.0, "pOtherLH": 0.0, "pBetula": 0.0, "pAlnus": 0.0, "pPopulus": 0.0, "pSalix": 0.0, "pSorbus": 0.0, "pPrunus": 0.0, "pMalus": 0.0, "pPyrus": 0.0, "pOtherLN": 0.0, "pPicea": 0.0, "pPinus": 0.0, "pAbies": 0.0, "pDouglas": 0.0, "pLarix": 0.0, "pOtherNb": 0.0, "pNoEurop": 0.0, "pNoEuropD": 0.0, "pEurop": 1.0, "pDecid": 1.0, "pConifer": 0.0, "pAll": 1.0, "Cell_id": "4441_3040", "EPSG": 31468, "Netz": 8, "Dichte": 8, "Bl": ";16;" }, "geometry": { "type": "Point", "coordinates": [ 11.697169073570485, 50.4638768358829 ] } },
{ "type": "Feature", "properties": { "Tnr": 57012, "mitRand": 1, "AnzHBbeg": 4, "pHaupt": 1.0, "poHaupt": 0.0, "pQuerus": 0.0, "pFagus": 0.0, "pFraxinus": 0.0, "pCarpinus": 0.0, "pAcer": 0.0, "pTilia": 0.0, "pRobinia": 0.0, "pUlmus": 0.0, "pCastanea": 0.0, "pOtherLH": 0.0, "pBetula": 0.0, "pAlnus": 0.0, "pPopulus": 0.0, "pSalix": 0.0, "pSorbus": 0.0, "pPrunus": 0.0, "pMalus": 0.0, "pPyrus": 0.0, "pOtherLN": 0.0, "pPicea": 0.975, "pPinus": 0.025, "pAbies": 0.0, "pDouglas": 0.0, "pLarix": 0.0, "pOtherNb": 0.0, "pNoEurop": 0.0, "pNoEuropD": 0.0, "pEurop": 1.0, "pDecid": 0.0, "pConifer": 1.0, "pAll": 1.0, "Cell_id": "4445_3040", "EPSG": 31468, "Netz": 8, "Dichte": 8, "Bl": ";16;" }, "geometry": { "type": "Point", "coordinates": [ 11.753481129542457, 50.46303341193547 ] } },
{ "type": "Feature", "properties": { "Tnr": 57014, "mitRand": 0, "AnzHBbeg": 1, "pHaupt": 1.0, "poHaupt": 0.0, "pQuerus": 0.0, "pFagus": 0.0, "pFraxinus": 0.0, "pCarpinus": 0.0, "pAcer": 0.0, "pTilia": 0.0, "pRobinia": 0.0, "pUlmus": 0.0, "pCastanea": 0.0, "pOtherLH": 0.0, "pBetula": 0.0, "pAlnus": 0.0, "pPopulus": 0.0, "pSalix": 0.0, "pSorbus": 0.0, "pPrunus": 0.0, "pMalus": 0.0, "pPyrus": 0.0, "pOtherLN": 0.0, "pPicea": 1.0, "pPinus": 0.0, "pAbies": 0.0, "pDouglas": 0.0, "pLarix": 0.0, "pOtherNb": 0.0, "pNoEurop": 0.0, "pNoEuropD": 0.0, "pEurop": 1.0, "pDecid": 0.0, "pConifer": 1.0, "pAll": 1.0, "Cell_id": "4449_3040", "EPSG": 31468, "Netz": 8, "Dichte": 8, "Bl": ";16;" }, "geometry": { "type": "Point", "coordinates": [ 11.809803602088941, 50.462153432073748 ] } },
{ "type": "Feature", "properties": { "Tnr": 57016, "mitRand": 1, "AnzHBbeg": 3, "pHaupt": 1.0, "poHaupt": 0.0, "pQuerus": 0.0, "pFagus": 0.0, "pFraxinus": 0.0, "pCarpinus": 0.0, "pAcer": 0.0, "pTilia": 0.0, "pRobinia": 0.0, "pUlmus": 0.0, "pCastanea": 0.0, "pOtherLH": 0.0, "pBetula": 0.0, "pAlnus": 0.0, "pPopulus": 0.0, "pSalix": 0.0, "pSorbus": 0.0, "pPrunus": 0.0, "pMalus": 0.0, "pPyrus": 0.0, "pOtherLN": 0.0, "pPicea": 1.0, "pPinus": 0.0, "pAbies": 0.0, "pDouglas": 0.0, "pLarix": 0.0, "pOtherNb": 0.0, "pNoEurop": 0.0, "pNoEuropD": 0.0, "pEurop": 1.0, "pDecid": 0.0, "pConifer": 1.0, "pAll": 1.0, "Cell_id": "4453_3041", "EPSG": 31468, "Netz": 8, "Dichte": 8, "Bl": ";16;" }, "geometry": { "type": "Point", "coordinates": [ 11.866469797501203, 50.470238460424405 ] } },
{ "type": "Feature", "properties": { "Tnr": 57068, "mitRand": 1, "AnzHBbeg": 4, "pHaupt": 1.0, "poHaupt": 0.0, "pQuerus": 0.0, "pFagus": 0.367, "pFraxinus": 0.091, "pCarpinus": 0.0, "pAcer": 0.06, "pTilia": 0.03, "pRobinia": 0.0, "pUlmus": 0.0, "pCastanea": 0.0, "pOtherLH": 0.0, "pBetula": 0.0, "pAlnus": 0.0, "pPopulus": 0.0, "pSalix": 0.0, "pSorbus": 0.0, "pPrunus": 0.0, "pMalus": 0.0, "pPyrus": 0.0, "pOtherLN": 0.0, "pPicea": 0.405, "pPinus": 0.0, "pAbies": 0.0, "pDouglas": 0.0, "pLarix": 0.047, "pOtherNb": 0.0, "pNoEurop": 0.0, "pNoEuropD": 0.0, "pEurop": 1.0, "pDecid": 0.548, "pConifer": 0.452, "pAll": 1.0, "Cell_id": "4367_3036", "EPSG": 31468, "Netz": 64, "Dichte": 8, "Bl": ";16;" }, "geometry": { "type": "Point", "coordinates": [ 10.654522805555697, 50.438594382449111 ] } },
{ "type": "Feature", "properties": { "Tnr": 57072, "mitRand": 1, "AnzHBbeg": 4, "pHaupt": 1.0, "poHaupt": 0.0, "pQuerus": 0.0, "pFagus": 0.0, "pFraxinus": 0.0, "pCarpinus": 0.0, "pAcer": 0.0, "pTilia": 0.0, "pRobinia": 0.0, "pUlmus": 0.0, "pCastanea": 0.0, "pOtherLH": 0.0, "pBetula": 0.0, "pAlnus": 0.0, "pPopulus": 0.0, "pSalix": 0.0, "pSorbus": 0.0, "pPrunus": 0.0, "pMalus": 0.0, "pPyrus": 0.0, "pOtherLN": 0.0, "pPicea": 0.734, "pPinus": 0.152, "pAbies": 0.0, "pDouglas": 0.0, "pLarix": 0.114, "pOtherNb": 0.0, "pNoEurop": 0.033, "pNoEuropD": 0.033, "pEurop": 0.967, "pDecid": 0.0, "pConifer": 1.0, "pAll": 1.0, "Cell_id": "4375_3036", "EPSG": 31468, "Netz": 64, "Dichte": 8, "Bl": ";16;" }, "geometry": { "type": "Point", "coordinates": [ 10.767116211177193, 50.437899775858035 ] } },
{ "type": "Feature", "properties": { "Tnr": 57078, "mitRand": 1, "AnzHBbeg": 1, "pHaupt": 1.0, "poHaupt": 0.0, "pQuerus": 1.0, "pFagus": 0.0, "pFraxinus": 0.0, "pCarpinus": 0.0, "pAcer": 0.0, "pTilia": 0.0, "pRobinia": 0.0, "pUlmus": 0.0, "pCastanea": 0.0, "pOtherLH": 0.0, "pBetula": 0.0, "pAlnus": 0.0, "pPopulus": 0.0, "pSalix": 0.0, "pSorbus": 0.0, "pPrunus": 0.0, "pMalus": 0.0, "pPyrus": 0.0, "pOtherLN": 0.0, "pPicea": 0.0, "pPinus": 0.0, "pAbies": 0.0, "pDouglas": 0.0, "pLarix": 0.0, "pOtherNb": 0.0, "pNoEurop": 0.0, "pNoEuropD": 0.0, "pEurop": 1.0, "pDecid": 1.0, "pConifer": 0.0, "pAll": 1.0, "Cell_id": "4387_3037", "EPSG": 31468, "Netz": 16, "Dichte": 8, "Bl": ";16;" }, "geometry": { "type": "Point", "coordinates": [ 10.936177970556784, 50.445636741120808 ] } },
{ "type": "Feature", "properties": { "Tnr": 57080, "mitRand": 0, "AnzHBbeg": 1, "pHaupt": 1.0, "poHaupt": 0.0, "pQuerus": 0.0, "pFagus": 0.0, "pFraxinus": 0.0, "pCarpinus": 0.0, "pAcer": 0.0, "pTilia": 0.0, "pRobinia": 0.0, "pUlmus": 0.0, "pCastanea": 0.0, "pOtherLH": 0.0, "pBetula": 0.0, "pAlnus": 0.0, "pPopulus": 0.0, "pSalix": 0.0, "pSorbus": 0.0, "pPrunus": 0.0, "pMalus": 0.0, "pPyrus": 0.0, "pOtherLN": 0.0, "pPicea": 1.0, "pPinus": 0.0, "pAbies": 0.0, "pDouglas": 0.0, "pLarix": 0.0, "pOtherNb": 0.0, "pNoEurop": 0.0, "pNoEuropD": 0.0, "pEurop": 1.0, "pDecid": 0.0, "pConifer": 1.0, "pAll": 1.0, "Cell_id": "4391_3037", "EPSG": 31468, "Netz": 64, "Dichte": 8, "Bl": ";16;" }, "geometry": { "type": "Point", "coordinates": [ 10.992491608503268, 50.445161941865081 ] } },
{ "type": "Feature", "properties": { "Tnr": 57082, "mitRand": 1, "AnzHBbeg": 4, "pHaupt": 1.0, "poHaupt": 0.0, "pQuerus": 0.0, "pFagus": 0.308, "pFraxinus": 0.0, "pCarpinus": 0.0, "pAcer": 0.0, "pTilia": 0.0, "pRobinia": 0.0, "pUlmus": 0.0, "pCastanea": 0.0, "pOtherLH": 0.0, "pBetula": 0.0, "pAlnus": 0.0, "pPopulus": 0.0, "pSalix": 0.0, "pSorbus": 0.0, "pPrunus": 0.0, "pMalus": 0.0, "pPyrus": 0.0, "pOtherLN": 0.0, "pPicea": 0.692, "pPinus": 0.0, "pAbies": 0.0, "pDouglas": 0.0, "pLarix": 0.0, "pOtherNb": 0.0, "pNoEurop": 0.0, "pNoEuropD": 0.0, "pEurop": 1.0, "pDecid": 0.308, "pConifer": 0.692, "pAll": 1.0, "Cell_id": "4395_3037", "EPSG": 31468, "Netz": 16, "Dichte": 8, "Bl": ";16;" }, "geometry": { "type": "Point", "coordinates": [ 11.048789234958027, 50.444660140984695 ] } },
{ "type": "Feature", "properties": { "Tnr": 57084, "mitRand": 1, "AnzHBbeg": 4, "pHaupt": 0.75, "poHaupt": 0.25, "pQuerus": 0.0, "pFagus": 0.0, "pFraxinus": 0.0, "pCarpinus": 0.0, "pAcer": 0.0, "pTilia": 0.0, "pRobinia": 0.0, "pUlmus": 0.0, "pCastanea": 0.0, "pOtherLH": 0.0, "pBetula": 0.0, "pAlnus": 0.0, "pPopulus": 0.0, "pSalix": 0.0, "pSorbus": 0.0, "pPrunus": 0.0, "pMalus": 0.0, "pPyrus": 0.0, "pOtherLN": 0.0, "pPicea": 0.75, "pPinus": 0.0, "pAbies": 0.0, "pDouglas": 0.0, "pLarix": 0.0, "pOtherNb": 0.0, "pNoEurop": 0.0, "pNoEuropD": 0.0, "pEurop": 0.75, "pDecid": 0.0, "pConifer": 0.75, "pAll": 0.75, "Cell_id": "4399_3037", "EPSG": 31468, "Netz": 64, "Dichte": 8, "Bl": ";16;" }, "geometry": { "type": "Point", "coordinates": [ 11.105098901892095, 50.44413085171346 ] } },
{ "type": "Feature", "properties": { "Tnr": 57086, "mitRand": 1, "AnzHBbeg": 4, "pHaupt": 1.0, "poHaupt": 0.0, "pQuerus": 0.0, "pFagus": 0.0, "pFraxinus": 0.0, "pCarpinus": 0.0, "pAcer": 0.0, "pTilia": 0.0, "pRobinia": 0.0, "pUlmus": 0.0, "pCastanea": 0.0, "pOtherLH": 0.0, "pBetula": 0.0, "pAlnus": 0.0, "pPopulus": 0.0, "pSalix": 0.0, "pSorbus": 0.0, "pPrunus": 0.0, "pMalus": 0.0, "pPyrus": 0.0, "pOtherLN": 0.0, "pPicea": 1.0, "pPinus": 0.0, "pAbies": 0.0, "pDouglas": 0.0, "pLarix": 0.0, "pOtherNb": 0.0, "pNoEurop": 0.0, "pNoEuropD": 0.0, "pEurop": 1.0, "pDecid": 0.0, "pConifer": 1.0, "pAll": 1.0, "Cell_id": "4403_3037", "EPSG": 31468, "Netz": 16, "Dichte": 8, "Bl": ";16;" }, "geometry": { "type": "Point", "coordinates": [ 11.161392385286273, 50.443574578953438 ] } },
{ "type": "Feature", "properties": { "Tnr": 57088, "mitRand": 1, "AnzHBbeg": 4, "pHaupt": 0.75, "poHaupt": 0.25, "pQuerus": 0.0, "pFagus": 0.027, "pFraxinus": 0.0, "pCarpinus": 0.0, "pAcer": 0.0, "pTilia": 0.0, "pRobinia": 0.0, "pUlmus": 0.0, "pCastanea": 0.0, "pOtherLH": 0.0, "pBetula": 0.0, "pAlnus": 0.0, "pPopulus": 0.0, "pSalix": 0.0, "pSorbus": 0.0, "pPrunus": 0.0, "pMalus": 0.0, "pPyrus": 0.0, "pOtherLN": 0.0, "pPicea": 0.723, "pPinus": 0.0, "pAbies": 0.0, "pDouglas": 0.0, "pLarix": 0.0, "pOtherNb": 0.0, "pNoEurop": 0.0, "pNoEuropD": 0.0, "pEurop": 0.75, "pDecid": 0.027, "pConifer": 0.723, "pAll": 0.75, "Cell_id": "4407_3037", "EPSG": 31468, "Netz": 64, "Dichte": 8, "Bl": ";16;" }, "geometry": { "type": "Point", "coordinates": [ 11.217697734513326, 50.442990808918985 ] } },
{ "type": "Feature", "properties": { "Tnr": 57090, "mitRand": 1, "AnzHBbeg": 4, "pHaupt": 1.0, "poHaupt": 0.0, "pQuerus": 0.0, "pFagus": 0.0, "pFraxinus": 0.0, "pCarpinus": 0.0, "pAcer": 0.0, "pTilia": 0.0, "pRobinia": 0.0, "pUlmus": 0.0, "pCastanea": 0.0, "pOtherLH": 0.0, "pBetula": 0.0, "pAlnus": 0.0, "pPopulus": 0.0, "pSalix": 0.0, "pSorbus": 0.0, "pPrunus": 0.0, "pMalus": 0.0, "pPyrus": 0.0, "pOtherLN": 0.0, "pPicea": 1.0, "pPinus": 0.0, "pAbies": 0.0, "pDouglas": 0.0, "pLarix": 0.0, "pOtherNb": 0.0, "pNoEurop": 0.0, "pNoEuropD": 0.0, "pEurop": 1.0, "pDecid": 0.0, "pConifer": 1.0, "pAll": 1.0, "Cell_id": "4423_3038", "EPSG": 31468, "Netz": 64, "Dichte": 8, "Bl": ";16;" }, "geometry": { "type": "Point", "coordinates": [ 11.443161295405043, 50.449369025921122 ] } },
{ "type": "Feature", "properties": { "Tnr": 57092, "mitRand": 1, "AnzHBbeg": 2, "pHaupt": 1.0, "poHaupt": 0.0, "pQuerus": 0.0, "pFagus": 0.0, "pFraxinus": 0.0, "pCarpinus": 0.0, "pAcer": 0.0, "pTilia": 0.0, "pRobinia": 0.0, "pUlmus": 0.0, "pCastanea": 0.0, "pOtherLH": 0.0, "pBetula": 0.0, "pAlnus": 0.0, "pPopulus": 0.0, "pSalix": 0.0, "pSorbus": 0.0, "pPrunus": 0.0, "pMalus": 0.0, "pPyrus": 0.0, "pOtherLN": 0.0, "pPicea": 1.0, "pPinus": 0.0, "pAbies": 0.0, "pDouglas": 0.0, "pLarix": 0.0, "pOtherNb": 0.0, "pNoEurop": 0.0, "pNoEuropD": 0.0, "pEurop": 1.0, "pDecid": 0.0, "pConifer": 1.0, "pAll": 1.0, "Cell_id": "4427_3038", "EPSG": 31468, "Netz": 16, "Dichte": 8, "Bl": ";16;" }, "geometry": { "type": "Point", "coordinates": [ 11.499464987584959, 50.448648797599212 ] } },
{ "type": "Feature", "properties": { "Tnr": 57094, "mitRand": 0, "AnzHBbeg": 2, "pHaupt": 1.0, "poHaupt": 0.0, "pQuerus": 0.0, "pFagus": 0.0, "pFraxinus": 0.0, "pCarpinus": 0.0, "pAcer": 0.0, "pTilia": 0.0, "pRobinia": 0.0, "pUlmus": 0.0, "pCastanea": 0.0, "pOtherLH": 0.0, "pBetula": 0.0, "pAlnus": 0.0, "pPopulus": 0.0, "pSalix": 0.0, "pSorbus": 0.0, "pPrunus": 0.0, "pMalus": 0.0, "pPyrus": 0.0, "pOtherLN": 0.0, "pPicea": 0.931, "pPinus": 0.069, "pAbies": 0.0, "pDouglas": 0.0, "pLarix": 0.0, "pOtherNb": 0.0, "pNoEurop": 0.0, "pNoEuropD": 0.0, "pEurop": 1.0, "pDecid": 0.0, "pConifer": 1.0, "pAll": 1.0, "Cell_id": "4431_3038", "EPSG": 31468, "Netz": 64, "Dichte": 8, "Bl": ";16;" }, "geometry": { "type": "Point", "coordinates": [ 11.555765955959274, 50.447901334641934 ] } },
{ "type": "Feature", "properties": { "Tnr": 57096, "mitRand": 1, "AnzHBbeg": 1, "pHaupt": 1.0, "poHaupt": 0.0, "pQuerus": 0.0, "pFagus": 0.0, "pFraxinus": 0.0, "pCarpinus": 0.0, "pAcer": 0.0, "pTilia": 0.0, "pRobinia": 0.0, "pUlmus": 0.0, "pCastanea": 0.0, "pOtherLH": 0.0, "pBetula": 0.0, "pAlnus": 0.0, "pPopulus": 0.0, "pSalix": 0.0, "pSorbus": 0.866, "pPrunus": 0.0, "pMalus": 0.0, "pPyrus": 0.0, "pOtherLN": 0.0, "pPicea": 0.134, "pPinus": 0.0, "pAbies": 0.0, "pDouglas": 0.0, "pLarix": 0.0, "pOtherNb": 0.0, "pNoEurop": 0.0, "pNoEuropD": 0.0, "pEurop": 1.0, "pDecid": 0.866, "pConifer": 0.134, "pAll": 1.0, "Cell_id": "4435_3038", "EPSG": 31468, "Netz": 16, "Dichte": 8, "Bl": ";16;" }, "geometry": { "type": "Point", "coordinates": [ 11.612077683190885, 50.447117343814888 ] } },
{ "type": "Feature", "properties": { "Tnr": 57100, "mitRand": 1, "AnzHBbeg": 4, "pHaupt": 1.0, "poHaupt": 0.0, "pQuerus": 0.0, "pFagus": 0.0, "pFraxinus": 0.0, "pCarpinus": 0.0, "pAcer": 0.0, "pTilia": 0.0, "pRobinia": 0.0, "pUlmus": 0.0, "pCastanea": 0.0, "pOtherLH": 0.0, "pBetula": 0.118, "pAlnus": 0.0, "pPopulus": 0.0, "pSalix": 0.031, "pSorbus": 0.05, "pPrunus": 0.0, "pMalus": 0.0, "pPyrus": 0.0, "pOtherLN": 0.0, "pPicea": 0.801, "pPinus": 0.0, "pAbies": 0.0, "pDouglas": 0.0, "pLarix": 0.0, "pOtherNb": 0.0, "pNoEurop": 0.0, "pNoEuropD": 0.0, "pEurop": 1.0, "pDecid": 0.199, "pConifer": 0.801, "pAll": 1.0, "Cell_id": "4443_3038", "EPSG": 31468, "Netz": 16, "Dichte": 8, "Bl": ";16;" }, "geometry": { "type": "Point", "coordinates": [ 11.724665198819427, 50.445486260461358 ] } },
{ "type": "Feature", "properties": { "Tnr": 57102, "mitRand": 1, "AnzHBbeg": 2, "pHaupt": 1.0, "poHaupt": 0.0, "pQuerus": 0.0, "pFagus": 0.0, "pFraxinus": 0.0, "pCarpinus": 0.0, "pAcer": 0.0, "pTilia": 0.0, "pRobinia": 0.0, "pUlmus": 0.0, "pCastanea": 0.0, "pOtherLH": 0.0, "pBetula": 0.0, "pAlnus": 0.0, "pPopulus": 0.0, "pSalix": 0.0, "pSorbus": 0.0, "pPrunus": 0.0, "pMalus": 0.0, "pPyrus": 0.0, "pOtherLN": 0.0, "pPicea": 1.0, "pPinus": 0.0, "pAbies": 0.0, "pDouglas": 0.0, "pLarix": 0.0, "pOtherNb": 0.0, "pNoEurop": 0.0, "pNoEuropD": 0.0, "pEurop": 1.0, "pDecid": 0.0, "pConifer": 1.0, "pAll": 1.0, "Cell_id": "4447_3038", "EPSG": 31468, "Netz": 64, "Dichte": 8, "Bl": ";16;" }, "geometry": { "type": "Point", "coordinates": [ 11.780967929560905, 50.44462056921374 ] } },
{ "type": "Feature", "properties": { "Tnr": 57104, "mitRand": 0, "AnzHBbeg": 2, "pHaupt": 1.0, "poHaupt": 0.0, "pQuerus": 0.0, "pFagus": 0.0, "pFraxinus": 0.0, "pCarpinus": 0.0, "pAcer": 0.0, "pTilia": 0.0, "pRobinia": 0.0, "pUlmus": 0.0, "pCastanea": 0.0, "pOtherLH": 0.0, "pBetula": 0.0, "pAlnus": 0.0, "pPopulus": 0.0, "pSalix": 0.0, "pSorbus": 0.0, "pPrunus": 0.0, "pMalus": 0.0, "pPyrus": 0.0, "pOtherLN": 0.0, "pPicea": 0.808, "pPinus": 0.058, "pAbies": 0.0, "pDouglas": 0.0, "pLarix": 0.135, "pOtherNb": 0.0, "pNoEurop": 0.0, "pNoEuropD": 0.0, "pEurop": 1.0, "pDecid": 0.0, "pConifer": 1.0, "pAll": 1.0, "Cell_id": "4451_3038", "EPSG": 31468, "Netz": 16, "Dichte": 8, "Bl": ";16;" }, "geometry": { "type": "Point", "coordinates": [ 11.837253957673219, 50.443736969036436 ] } },
{ "type": "Feature", "properties": { "Tnr": 57106, "mitRand": 1, "AnzHBbeg": 2, "pHaupt": 1.0, "poHaupt": 0.0, "pQuerus": 0.1, "pFagus": 0.0, "pFraxinus": 0.0, "pCarpinus": 0.0, "pAcer": 0.0, "pTilia": 0.0, "pRobinia": 0.0, "pUlmus": 0.0, "pCastanea": 0.0, "pOtherLH": 0.0, "pBetula": 0.126, "pAlnus": 0.0, "pPopulus": 0.0, "pSalix": 0.0, "pSorbus": 0.143, "pPrunus": 0.0, "pMalus": 0.0, "pPyrus": 0.0, "pOtherLN": 0.0, "pPicea": 0.63, "pPinus": 0.0, "pAbies": 0.0, "pDouglas": 0.0, "pLarix": 0.0, "pOtherNb": 0.0, "pNoEurop": 0.0, "pNoEuropD": 0.0, "pEurop": 1.0, "pDecid": 0.37, "pConifer": 0.63, "pAll": 1.0, "Cell_id": "4455_3039", "EPSG": 31468, "Netz": 64, "Dichte": 8, "Bl": ";16;" }, "geometry": { "type": "Point", "coordinates": [ 11.893916187490344, 50.45180858749017 ] } },
{ "type": "Feature", "properties": { "Tnr": 57152, "mitRand": 1, "AnzHBbeg": 4, "pHaupt": 0.75, "poHaupt": 0.25, "pQuerus": 0.199, "pFagus": 0.0, "pFraxinus": 0.25, "pCarpinus": 0.0, "pAcer": 0.0, "pTilia": 0.0, "pRobinia": 0.0, "pUlmus": 0.0, "pCastanea": 0.0, "pOtherLH": 0.0, "pBetula": 0.0, "pAlnus": 0.0, "pPopulus": 0.0, "pSalix": 0.0, "pSorbus": 0.0, "pPrunus": 0.0, "pMalus": 0.0, "pPyrus": 0.0, "pOtherLN": 0.0, "pPicea": 0.301, "pPinus": 0.0, "pAbies": 0.0, "pDouglas": 0.0, "pLarix": 0.0, "pOtherNb": 0.0, "pNoEurop": 0.0, "pNoEuropD": 0.0, "pEurop": 0.75, "pDecid": 0.449, "pConifer": 0.301, "pAll": 0.75, "Cell_id": "4361_3034", "EPSG": 31468, "Netz": 8, "Dichte": 8, "Bl": ";16;" }, "geometry": { "type": "Point", "coordinates": [ 10.569845104230868, 50.421068424244268 ] } },
{ "type": "Feature", "properties": { "Tnr": 57160, "mitRand": 1, "AnzHBbeg": 2, "pHaupt": 1.0, "poHaupt": 0.0, "pQuerus": 0.0, "pFagus": 0.0, "pFraxinus": 0.5, "pCarpinus": 0.0, "pAcer": 0.0, "pTilia": 0.0, "pRobinia": 0.0, "pUlmus": 0.0, "pCastanea": 0.0, "pOtherLH": 0.0, "pBetula": 0.313, "pAlnus": 0.0, "pPopulus": 0.0, "pSalix": 0.0, "pSorbus": 0.0, "pPrunus": 0.0, "pMalus": 0.0, "pPyrus": 0.0, "pOtherLN": 0.0, "pPicea": 0.187, "pPinus": 0.0, "pAbies": 0.0, "pDouglas": 0.0, "pLarix": 0.0, "pOtherNb": 0.0, "pNoEurop": 0.0, "pNoEuropD": 0.0, "pEurop": 1.0, "pDecid": 0.813, "pConifer": 0.187, "pAll": 1.0, "Cell_id": "4377_3034", "EPSG": 31468, "Netz": 8, "Dichte": 8, "Bl": ";16;" }, "geometry": { "type": "Point", "coordinates": [ 10.794963179566786, 50.419725852569798 ] } },
{ "type": "Feature", "properties": { "Tnr": 57162, "mitRand": 1, "AnzHBbeg": 4, "pHaupt": 1.0, "poHaupt": 0.0, "pQuerus": 0.127, "pFagus": 0.0, "pFraxinus": 0.0, "pCarpinus": 0.0, "pAcer": 0.0, "pTilia": 0.0, "pRobinia": 0.0, "pUlmus": 0.0, "pCastanea": 0.0, "pOtherLH": 0.0, "pBetula": 0.0, "pAlnus": 0.0, "pPopulus": 0.0, "pSalix": 0.0, "pSorbus": 0.048, "pPrunus": 0.0, "pMalus": 0.0, "pPyrus": 0.0, "pOtherLN": 0.0, "pPicea": 0.566, "pPinus": 0.259, "pAbies": 0.0, "pDouglas": 0.0, "pLarix": 0.0, "pOtherNb": 0.0, "pNoEurop": 0.0, "pNoEuropD": 0.0, "pEurop": 1.0, "pDecid": 0.175, "pConifer": 0.825, "pAll": 1.0, "Cell_id": "4381_3035", "EPSG": 31468, "Netz": 8, "Dichte": 8, "Bl": ";16;" }, "geometry": { "type": "Point", "coordinates": [ 10.85140330376014, 50.428316910092228 ] } },
{ "type": "Feature", "properties": { "Tnr": 57166, "mitRand": 1, "AnzHBbeg": 3, "pHaupt": 1.0, "poHaupt": 0.0, "pQuerus": 0.0, "pFagus": 0.399, "pFraxinus": 0.034, "pCarpinus": 0.0, "pAcer": 0.062, "pTilia": 0.0, "pRobinia": 0.0, "pUlmus": 0.0, "pCastanea": 0.0, "pOtherLH": 0.0, "pBetula": 0.0, "pAlnus": 0.0, "pPopulus": 0.0, "pSalix": 0.0, "pSorbus": 0.0, "pPrunus": 0.0, "pMalus": 0.0, "pPyrus": 0.0, "pOtherLN": 0.0, "pPicea": 0.172, "pPinus": 0.333, "pAbies": 0.0, "pDouglas": 0.0, "pLarix": 0.0, "pOtherNb": 0.0, "pNoEurop": 0.0, "pNoEuropD": 0.0, "pEurop": 1.0, "pDecid": 0.494, "pConifer": 0.506, "pAll": 1.0, "Cell_id": "4389_3035", "EPSG": 31468, "Netz": 8, "Dichte": 8, "Bl": ";16;" }, "geometry": { "type": "Point", "coordinates": [ 10.963963487047428, 50.427423078422045 ] } },
{ "type": "Feature", "properties": { "Tnr": 57170, "mitRand": 0, "AnzHBbeg": 4, "pHaupt": 1.0, "poHaupt": 0.0, "pQuerus": 0.0, "pFagus": 0.0, "pFraxinus": 0.0, "pCarpinus": 0.0, "pAcer": 0.0, "pTilia": 0.0, "pRobinia": 0.0, "pUlmus": 0.0, "pCastanea": 0.0, "pOtherLH": 0.0, "pBetula": 0.0, "pAlnus": 0.0, "pPopulus": 0.0, "pSalix": 0.0, "pSorbus": 0.0, "pPrunus": 0.0, "pMalus": 0.0, "pPyrus": 0.0, "pOtherLN": 0.0, "pPicea": 1.0, "pPinus": 0.0, "pAbies": 0.0, "pDouglas": 0.0, "pLarix": 0.0, "pOtherNb": 0.0, "pNoEurop": 0.0, "pNoEuropD": 0.0, "pEurop": 1.0, "pDecid": 0.0, "pConifer": 1.0, "pAll": 1.0, "Cell_id": "4397_3035", "EPSG": 31468, "Netz": 8, "Dichte": 8, "Bl": ";16;" }, "geometry": { "type": "Point", "coordinates": [ 11.076530151369688, 50.426420116891265 ] } },
{ "type": "Feature", "properties": { "Tnr": 57172, "mitRand": 1, "AnzHBbeg": 2, "pHaupt": 1.0, "poHaupt": 0.0, "pQuerus": 0.0, "pFagus": 0.0, "pFraxinus": 0.0, "pCarpinus": 0.0, "pAcer": 0.0, "pTilia": 0.0, "pRobinia": 0.0, "pUlmus": 0.0, "pCastanea": 0.0, "pOtherLH": 0.0, "pBetula": 0.0, "pAlnus": 0.0, "pPopulus": 0.0, "pSalix": 0.0, "pSorbus": 0.0, "pPrunus": 0.0, "pMalus": 0.0, "pPyrus": 0.0, "pOtherLN": 0.0, "pPicea": 1.0, "pPinus": 0.0, "pAbies": 0.0, "pDouglas": 0.0, "pLarix": 0.0, "pOtherNb": 0.0, "pNoEurop": 0.0, "pNoEuropD": 0.0, "pEurop": 1.0, "pDecid": 0.0, "pConifer": 1.0, "pAll": 1.0, "Cell_id": "4401_3035", "EPSG": 31468, "Netz": 8, "Dichte": 8, "Bl": ";16;" }, "geometry": { "type": "Point", "coordinates": [ 11.132817454155088, 50.425877672891367 ] } },
{ "type": "Feature", "properties": { "Tnr": 57174, "mitRand": 1, "AnzHBbeg": 4, "pHaupt": 1.0, "poHaupt": 0.0, "pQuerus": 0.0, "pFagus": 0.408, "pFraxinus": 0.0, "pCarpinus": 0.0, "pAcer": 0.0, "pTilia": 0.0, "pRobinia": 0.0, "pUlmus": 0.0, "pCastanea": 0.0, "pOtherLH": 0.0, "pBetula": 0.0, "pAlnus": 0.0, "pPopulus": 0.0, "pSalix": 0.0, "pSorbus": 0.005, "pPrunus": 0.0, "pMalus": 0.0, "pPyrus": 0.0, "pOtherLN": 0.0, "pPicea": 0.587, "pPinus": 0.0, "pAbies": 0.0, "pDouglas": 0.0, "pLarix": 0.0, "pOtherNb": 0.0, "pNoEurop": 0.0, "pNoEuropD": 0.0, "pEurop": 1.0, "pDecid": 0.413, "pConifer": 0.587, "pAll": 1.0, "Cell_id": "4405_3035", "EPSG": 31468, "Netz": 8, "Dichte": 8, "Bl": ";16;" }, "geometry": { "type": "Point", "coordinates": [ 11.189102600377154, 50.425308002375417 ] } },
{ "type": "Feature", "properties": { "Tnr": 57176, "mitRand": 1, "AnzHBbeg": 4, "pHaupt": 1.0, "poHaupt": 0.0, "pQuerus": 0.0, "pFagus": 0.041, "pFraxinus": 0.0, "pCarpinus": 0.0, "pAcer": 0.0, "pTilia": 0.0, "pRobinia": 0.0, "pUlmus": 0.0, "pCastanea": 0.0, "pOtherLH": 0.0, "pBetula": 0.217, "pAlnus": 0.0, "pPopulus": 0.0, "pSalix": 0.0, "pSorbus": 0.0, "pPrunus": 0.0, "pMalus": 0.0, "pPyrus": 0.0, "pOtherLN": 0.0, "pPicea": 0.742, "pPinus": 0.0, "pAbies": 0.0, "pDouglas": 0.0, "pLarix": 0.0, "pOtherNb": 0.0, "pNoEurop": 0.0, "pNoEuropD": 0.0, "pEurop": 1.0, "pDecid": 0.258, "pConifer": 0.742, "pAll": 1.0, "Cell_id": "4409_3035", "EPSG": 31468, "Netz": 8, "Dichte": 8, "Bl": ";16;" }, "geometry": { "type": "Point", "coordinates": [ 11.245371442194445, 50.424711379384085 ] } },
{ "type": "Feature", "properties": { "Tnr": 57179, "mitRand": 1, "AnzHBbeg": 4, "pHaupt": 1.0, "poHaupt": 0.0, "pQuerus": 0.0, "pFagus": 0.0, "pFraxinus": 0.0, "pCarpinus": 0.0, "pAcer": 0.0, "pTilia": 0.0, "pRobinia": 0.0, "pUlmus": 0.0, "pCastanea": 0.0, "pOtherLH": 0.0, "pBetula": 0.0, "pAlnus": 0.0, "pPopulus": 0.0, "pSalix": 0.0, "pSorbus": 0.037, "pPrunus": 0.0, "pMalus": 0.0, "pPyrus": 0.0, "pOtherLN": 0.0, "pPicea": 0.963, "pPinus": 0.0, "pAbies": 0.0, "pDouglas": 0.0, "pLarix": 0.0, "pOtherNb": 0.0, "pNoEurop": 0.0, "pNoEuropD": 0.0, "pEurop": 1.0, "pDecid": 0.037, "pConifer": 0.963, "pAll": 1.0, "Cell_id": "4429_3036", "EPSG": 31468, "Netz": 8, "Dichte": 8, "Bl": ";16;" }, "geometry": { "type": "Point", "coordinates": [ 11.527044909494048, 50.430303637191642 ] } },
{ "type": "Feature", "properties": { "Tnr": 57181, "mitRand": 1, "AnzHBbeg": 3, "pHaupt": 1.0, "poHaupt": 0.0, "pQuerus": 0.0, "pFagus": 0.0, "pFraxinus": 0.0, "pCarpinus": 0.0, "pAcer": 0.0, "pTilia": 0.0, "pRobinia": 0.0, "pUlmus": 0.0, "pCastanea": 0.0, "pOtherLH": 0.0, "pBetula": 0.0, "pAlnus": 0.0, "pPopulus": 0.0, "pSalix": 0.045, "pSorbus": 0.0, "pPrunus": 0.0, "pMalus": 0.0, "pPyrus": 0.0, "pOtherLN": 0.0, "pPicea": 0.955, "pPinus": 0.0, "pAbies": 0.0, "pDouglas": 0.0, "pLarix": 0.0, "pOtherNb": 0.0, "pNoEurop": 0.0, "pNoEuropD": 0.0, "pEurop": 1.0, "pDecid": 0.045, "pConifer": 0.955, "pAll": 1.0, "Cell_id": "4433_3036", "EPSG": 31468, "Netz": 8, "Dichte": 8, "Bl": ";16;" }, "geometry": { "type": "Point", "coordinates": [ 11.583322690038806, 50.429534177075624 ] } },
{ "type": "Feature", "properties": { "Tnr": 57183, "mitRand": 1, "AnzHBbeg": 3, "pHaupt": 1.0, "poHaupt": 0.0, "pQuerus": 0.0, "pFagus": 0.0, "pFraxinus": 0.0, "pCarpinus": 0.0, "pAcer": 0.0, "pTilia": 0.0, "pRobinia": 0.0, "pUlmus": 0.0, "pCastanea": 0.0, "pOtherLH": 0.0, "pBetula": 0.057, "pAlnus": 0.0, "pPopulus": 0.0, "pSalix": 0.0, "pSorbus": 0.0, "pPrunus": 0.0, "pMalus": 0.0, "pPyrus": 0.0, "pOtherLN": 0.0, "pPicea": 0.673, "pPinus": 0.269, "pAbies": 0.0, "pDouglas": 0.0, "pLarix": 0.0, "pOtherNb": 0.0, "pNoEurop": 0.0, "pNoEuropD": 0.0, "pEurop": 1.0, "pDecid": 0.057, "pConifer": 0.943, "pAll": 1.0, "Cell_id": "4437_3036", "EPSG": 31468, "Netz": 8, "Dichte": 8, "Bl": ";16;" }, "geometry": { "type": "Point", "coordinates": [ 11.639598098961079, 50.428746485283256 ] } },
{ "type": "Feature", "properties": { "Tnr": 57185, "mitRand": 1, "AnzHBbeg": 4, "pHaupt": 1.0, "poHaupt": 0.0, "pQuerus": 0.0, "pFagus": 0.0, "pFraxinus": 0.0, "pCarpinus": 0.0, "pAcer": 0.0, "pTilia": 0.0, "pRobinia": 0.0, "pUlmus": 0.0, "pCastanea": 0.0, "pOtherLH": 0.0, "pBetula": 0.0, "pAlnus": 0.0, "pPopulus": 0.0, "pSalix": 0.0, "pSorbus": 0.0, "pPrunus": 0.0, "pMalus": 0.0, "pPyrus": 0.0, "pOtherLN": 0.0, "pPicea": 1.0, "pPinus": 0.0, "pAbies": 0.0, "pDouglas": 0.0, "pLarix": 0.0, "pOtherNb": 0.0, "pNoEurop": 0.0, "pNoEuropD": 0.0, "pEurop": 1.0, "pDecid": 0.0, "pConifer": 1.0, "pAll": 1.0, "Cell_id": "4441_3036", "EPSG": 31468, "Netz": 8, "Dichte": 8, "Bl": ";16;" }, "geometry": { "type": "Point", "coordinates": [ 11.69587057135023, 50.427931584089258 ] } },
{ "type": "Feature", "properties": { "Tnr": 57189, "mitRand": 1, "AnzHBbeg": 1, "pHaupt": 1.0, "poHaupt": 0.0, "pQuerus": 0.0, "pFagus": 0.0, "pFraxinus": 0.0, "pCarpinus": 0.0, "pAcer": 0.0, "pTilia": 0.0, "pRobinia": 0.0, "pUlmus": 0.0, "pCastanea": 0.0, "pOtherLH": 0.0, "pBetula": 0.0, "pAlnus": 0.0, "pPopulus": 0.0, "pSalix": 0.0, "pSorbus": 0.339, "pPrunus": 0.0, "pMalus": 0.0, "pPyrus": 0.0, "pOtherLN": 0.0, "pPicea": 0.661, "pPinus": 0.0, "pAbies": 0.0, "pDouglas": 0.0, "pLarix": 0.0, "pOtherNb": 0.0, "pNoEurop": 0.0, "pNoEuropD": 0.0, "pEurop": 1.0, "pDecid": 0.339, "pConifer": 0.661, "pAll": 1.0, "Cell_id": "4449_3036", "EPSG": 31468, "Netz": 8, "Dichte": 8, "Bl": ";16;" }, "geometry": { "type": "Point", "coordinates": [ 11.808419884981218, 50.426210848480252 ] } },
{ "type": "Feature", "properties": { "Tnr": 57229, "mitRand": 1, "AnzHBbeg": 4, "pHaupt": 1.0, "poHaupt": 0.0, "pQuerus": 0.258, "pFagus": 0.0, "pFraxinus": 0.219, "pCarpinus": 0.063, "pAcer": 0.049, "pTilia": 0.06, "pRobinia": 0.0, "pUlmus": 0.0, "pCastanea": 0.0, "pOtherLH": 0.0, "pBetula": 0.157, "pAlnus": 0.031, "pPopulus": 0.0, "pSalix": 0.0, "pSorbus": 0.0, "pPrunus": 0.0, "pMalus": 0.0, "pPyrus": 0.0, "pOtherLN": 0.0, "pPicea": 0.164, "pPinus": 0.0, "pAbies": 0.0, "pDouglas": 0.0, "pLarix": 0.0, "pOtherNb": 0.0, "pNoEurop": 0.0, "pNoEuropD": 0.0, "pEurop": 1.0, "pDecid": 0.836, "pConifer": 0.164, "pAll": 1.0, "Cell_id": "4354_3032", "EPSG": 31467, "Netz": 16, "Dichte": 8, "Bl": ";16;" }, "geometry": { "type": "Point", "coordinates": [ 10.471177759920025, 50.403533037127964 ] } },
{ "type": "Feature", "properties": { "Tnr": 57234, "mitRand": 0, "AnzHBbeg": 4, "pHaupt": 1.0, "poHaupt": 0.0, "pQuerus": 0.475, "pFagus": 0.436, "pFraxinus": 0.0, "pCarpinus": 0.089, "pAcer": 0.0, "pTilia": 0.0, "pRobinia": 0.0, "pUlmus": 0.0, "pCastanea": 0.0, "pOtherLH": 0.0, "pBetula": 0.0, "pAlnus": 0.0, "pPopulus": 0.0, "pSalix": 0.0, "pSorbus": 0.0, "pPrunus": 0.0, "pMalus": 0.0, "pPyrus": 0.0, "pOtherLN": 0.0, "pPicea": 0.0, "pPinus": 0.0, "pAbies": 0.0, "pDouglas": 0.0, "pLarix": 0.0, "pOtherNb": 0.0, "pNoEurop": 0.0, "pNoEuropD": 0.0, "pEurop": 1.0, "pDecid": 1.0, "pConifer": 0.0, "pAll": 1.0, "Cell_id": "4363_3032", "EPSG": 31468, "Netz": 16, "Dichte": 8, "Bl": ";16;" }, "geometry": { "type": "Point", "coordinates": [ 10.597759213158366, 50.402950066048021 ] } },
{ "type": "Feature", "properties": { "Tnr": 57236, "mitRand": 1, "AnzHBbeg": 3, "pHaupt": 1.0, "poHaupt": 0.0, "pQuerus": 0.068, "pFagus": 0.0, "pFraxinus": 0.119, "pCarpinus": 0.053, "pAcer": 0.0, "pTilia": 0.0, "pRobinia": 0.0, "pUlmus": 0.0, "pCastanea": 0.0, "pOtherLH": 0.0, "pBetula": 0.0, "pAlnus": 0.0, "pPopulus": 0.093, "pSalix": 0.0, "pSorbus": 0.0, "pPrunus": 0.0, "pMalus": 0.0, "pPyrus": 0.0, "pOtherLN": 0.0, "pPicea": 0.667, "pPinus": 0.0, "pAbies": 0.0, "pDouglas": 0.0, "pLarix": 0.0, "pOtherNb": 0.0, "pNoEurop": 0.0, "pNoEuropD": 0.0, "pEurop": 1.0, "pDecid": 0.333, "pConifer": 0.667, "pAll": 1.0, "Cell_id": "4367_3032", "EPSG": 31468, "Netz": 16, "Dichte": 8, "Bl": ";16;" }, "geometry": { "type": "Point", "coordinates": [ 10.654015317022488, 50.402639768355442 ] } },
{ "type": "Feature", "properties": { "Tnr": 57240, "mitRand": 1, "AnzHBbeg": 4, "pHaupt": 1.0, "poHaupt": 0.0, "pQuerus": 0.177, "pFagus": 0.007, "pFraxinus": 0.077, "pCarpinus": 0.012, "pAcer": 0.169, "pTilia": 0.0, "pRobinia": 0.0, "pUlmus": 0.0, "pCastanea": 0.0, "pOtherLH": 0.0, "pBetula": 0.0, "pAlnus": 0.0, "pPopulus": 0.0, "pSalix": 0.0, "pSorbus": 0.058, "pPrunus": 0.0, "pMalus": 0.0, "pPyrus": 0.0, "pOtherLN": 0.0, "pPicea": 0.48, "pPinus": 0.0, "pAbies": 0.0, "pDouglas": 0.0, "pLarix": 0.02, "pOtherNb": 0.0, "pNoEurop": 0.0, "pNoEuropD": 0.0, "pEurop": 1.0, "pDecid": 0.5, "pConifer": 0.5, "pAll": 1.0, "Cell_id": "4375_3032", "EPSG": 31468, "Netz": 16, "Dichte": 8, "Bl": ";16;" }, "geometry": { "type": "Point", "coordinates": [ 10.766537246548097, 50.401937349331625 ] } },
{ "type": "Feature", "properties": { "Tnr": 57242, "mitRand": 1, "AnzHBbeg": 3, "pHaupt": 1.0, "poHaupt": 0.0, "pQuerus": 0.327, "pFagus": 0.096, "pFraxinus": 0.0, "pCarpinus": 0.0, "pAcer": 0.0, "pTilia": 0.0, "pRobinia": 0.0, "pUlmus": 0.0, "pCastanea": 0.0, "pOtherLH": 0.0, "pBetula": 0.162, "pAlnus": 0.0, "pPopulus": 0.0, "pSalix": 0.0, "pSorbus": 0.0, "pPrunus": 0.0, "pMalus": 0.0, "pPyrus": 0.0, "pOtherLN": 0.0, "pPicea": 0.049, "pPinus": 0.273, "pAbies": 0.0, "pDouglas": 0.0, "pLarix": 0.093, "pOtherNb": 0.0, "pNoEurop": 0.0, "pNoEuropD": 0.0, "pEurop": 1.0, "pDecid": 0.586, "pConifer": 0.414, "pAll": 1.0, "Cell_id": "4379_3033", "EPSG": 31468, "Netz": 16, "Dichte": 8, "Bl": ";16;" }, "geometry": { "type": "Point", "coordinates": [ 10.82293730562863, 50.410542730391221 ] } },
{ "type": "Feature", "properties": { "Tnr": 57246, "mitRand": 1, "AnzHBbeg": 2, "pHaupt": 1.0, "poHaupt": 0.0, "pQuerus": 0.0, "pFagus": 0.0, "pFraxinus": 0.0, "pCarpinus": 0.0, "pAcer": 0.0, "pTilia": 0.0, "pRobinia": 0.0, "pUlmus": 0.0, "pCastanea": 0.0, "pOtherLH": 0.0, "pBetula": 0.0, "pAlnus": 0.0, "pPopulus": 0.0, "pSalix": 0.0, "pSorbus": 0.0, "pPrunus": 0.0, "pMalus": 0.0, "pPyrus": 0.0, "pOtherLN": 0.0, "pPicea": 0.545, "pPinus": 0.141, "pAbies": 0.0, "pDouglas": 0.0, "pLarix": 0.314, "pOtherNb": 0.0, "pNoEurop": 0.0, "pNoEuropD": 0.0, "pEurop": 1.0, "pDecid": 0.0, "pConifer": 1.0, "pAll": 1.0, "Cell_id": "4387_3033", "EPSG": 31468, "Netz": 16, "Dichte": 8, "Bl": ";16;" }, "geometry": { "type": "Point", "coordinates": [ 10.935470737540999, 50.409676690927213 ] } },
{ "type": "Feature", "properties": { "Tnr": 57248, "mitRand": 1, "AnzHBbeg": 2, "pHaupt": 1.0, "poHaupt": 0.0, "pQuerus": 0.0, "pFagus": 0.097, "pFraxinus": 0.153, "pCarpinus": 0.0, "pAcer": 0.0, "pTilia": 0.0, "pRobinia": 0.0, "pUlmus": 0.0, "pCastanea": 0.0, "pOtherLH": 0.0, "pBetula": 0.0, "pAlnus": 0.0, "pPopulus": 0.0, "pSalix": 0.0, "pSorbus": 0.0, "pPrunus": 0.0, "pMalus": 0.0, "pPyrus": 0.0, "pOtherLN": 0.0, "pPicea": 0.285, "pPinus": 0.41, "pAbies": 0.0, "pDouglas": 0.0, "pLarix": 0.055, "pOtherNb": 0.0, "pNoEurop": 0.0, "pNoEuropD": 0.0, "pEurop": 1.0, "pDecid": 0.25, "pConifer": 0.75, "pAll": 1.0, "Cell_id": "4391_3033", "EPSG": 31468, "Netz": 16, "Dichte": 8, "Bl": ";16;" }, "geometry": { "type": "Point", "coordinates": [ 10.991727691207574, 50.409202975227274 ] } },
{ "type": "Feature", "properties": { "Tnr": 57252, "mitRand": 0, "AnzHBbeg": 4, "pHaupt": 1.0, "poHaupt": 0.0, "pQuerus": 0.0, "pFagus": 0.067, "pFraxinus": 0.0, "pCarpinus": 0.0, "pAcer": 0.0, "pTilia": 0.0, "pRobinia": 0.0, "pUlmus": 0.0, "pCastanea": 0.0, "pOtherLH": 0.0, "pBetula": 0.0, "pAlnus": 0.0, "pPopulus": 0.0, "pSalix": 0.0, "pSorbus": 0.0, "pPrunus": 0.0, "pMalus": 0.0, "pPyrus": 0.0, "pOtherLN": 0.0, "pPicea": 0.91, "pPinus": 0.0, "pAbies": 0.0, "pDouglas": 0.0, "pLarix": 0.023, "pOtherNb": 0.0, "pNoEurop": 0.0, "pNoEuropD": 0.0, "pEurop": 1.0, "pDecid": 0.067, "pConifer": 0.933, "pAll": 1.0, "Cell_id": "4399_3033", "EPSG": 31468, "Netz": 16, "Dichte": 8, "Bl": ";16;" }, "geometry": { "type": "Point", "coordinates": [ 11.104249760273433, 50.408173687484101 ] } },
{ "type": "Feature", "properties": { "Tnr": 57254, "mitRand": 0, "AnzHBbeg": 3, "pHaupt": 1.0, "poHaupt": 0.0, "pQuerus": 0.0, "pFagus": 0.113, "pFraxinus": 0.0, "pCarpinus": 0.0, "pAcer": 0.0, "pTilia": 0.0, "pRobinia": 0.0, "pUlmus": 0.0, "pCastanea": 0.0, "pOtherLH": 0.0, "pBetula": 0.0, "pAlnus": 0.0, "pPopulus": 0.0, "pSalix": 0.0, "pSorbus": 0.0, "pPrunus": 0.0, "pMalus": 0.0, "pPyrus": 0.0, "pOtherLN": 0.0, "pPicea": 0.887, "pPinus": 0.0, "pAbies": 0.0, "pDouglas": 0.0, "pLarix": 0.0, "pOtherNb": 0.0, "pNoEurop": 0.0, "pNoEuropD": 0.0, "pEurop": 1.0, "pDecid": 0.113, "pConifer": 0.887, "pAll": 1.0, "Cell_id": "4403_3033", "EPSG": 31468, "Netz": 16, "Dichte": 8, "Bl": ";16;" }, "geometry": { "type": "Point", "coordinates": [ 11.160514701494103, 50.407618106362555 ] } },
{ "type": "Feature", "properties": { "Tnr": 57256, "mitRand": 1, "AnzHBbeg": 4, "pHaupt": 1.0, "poHaupt": 0.0, "pQuerus": 0.0, "pFagus": 0.0, "pFraxinus": 0.0, "pCarpinus": 0.0, "pAcer": 0.0, "pTilia": 0.0, "pRobinia": 0.0, "pUlmus": 0.0, "pCastanea": 0.0, "pOtherLH": 0.0, "pBetula": 0.0, "pAlnus": 0.0, "pPopulus": 0.0, "pSalix": 0.0, "pSorbus": 0.0, "pPrunus": 0.0, "pMalus": 0.0, "pPyrus": 0.0, "pOtherLN": 0.0, "pPicea": 1.0, "pPinus": 0.0, "pAbies": 0.0, "pDouglas": 0.0, "pLarix": 0.0, "pOtherNb": 0.0, "pNoEurop": 0.0, "pNoEuropD": 0.0, "pEurop": 1.0, "pDecid": 0.0, "pConifer": 1.0, "pAll": 1.0, "Cell_id": "4407_3033", "EPSG": 31468, "Netz": 16, "Dichte": 8, "Bl": ";16;" }, "geometry": { "type": "Point", "coordinates": [ 11.216777445569525, 50.40703531720829 ] } },
{ "type": "Feature", "properties": { "Tnr": 57258, "mitRand": 1, "AnzHBbeg": 4, "pHaupt": 1.0, "poHaupt": 0.0, "pQuerus": 0.0, "pFagus": 0.222, "pFraxinus": 0.0, "pCarpinus": 0.0, "pAcer": 0.0, "pTilia": 0.0, "pRobinia": 0.0, "pUlmus": 0.0, "pCastanea": 0.0, "pOtherLH": 0.0, "pBetula": 0.0, "pAlnus": 0.0, "pPopulus": 0.0, "pSalix": 0.0, "pSorbus": 0.0, "pPrunus": 0.0, "pMalus": 0.0, "pPyrus": 0.0, "pOtherLN": 0.0, "pPicea": 0.778, "pPinus": 0.0, "pAbies": 0.0, "pDouglas": 0.0, "pLarix": 0.0, "pOtherNb": 0.0, "pNoEurop": 0.0, "pNoEuropD": 0.0, "pEurop": 1.0, "pDecid": 0.222, "pConifer": 0.778, "pAll": 1.0, "Cell_id": "4427_3034", "EPSG": 31468, "Netz": 16, "Dichte": 8, "Bl": ";16;" }, "geometry": { "type": "Point", "coordinates": [ 11.498331092491668, 50.412698787572282 ] } },
{ "type": "Feature", "properties": { "Tnr": 57260, "mitRand": 1, "AnzHBbeg": 4, "pHaupt": 1.0, "poHaupt": 0.0, "pQuerus": 0.0, "pFagus": 0.506, "pFraxinus": 0.0, "pCarpinus": 0.0, "pAcer": 0.114, "pTilia": 0.0, "pRobinia": 0.0, "pUlmus": 0.0, "pCastanea": 0.0, "pOtherLH": 0.0, "pBetula": 0.0, "pAlnus": 0.0, "pPopulus": 0.0, "pSalix": 0.0, "pSorbus": 0.015, "pPrunus": 0.0, "pMalus": 0.0, "pPyrus": 0.0, "pOtherLN": 0.0, "pPicea": 0.365, "pPinus": 0.0, "pAbies": 0.0, "pDouglas": 0.0, "pLarix": 0.0, "pOtherNb": 0.0, "pNoEurop": 0.0, "pNoEuropD": 0.0, "pEurop": 1.0, "pDecid": 0.635, "pConifer": 0.365, "pAll": 1.0, "Cell_id": "4431_3034", "EPSG": 31468, "Netz": 16, "Dichte": 8, "Bl": ";16;" }, "geometry": { "type": "Point", "coordinates": [ 11.554588987796514, 50.411943532154254 ] } },
{ "type": "Feature", "properties": { "Tnr": 57262, "mitRand": 1, "AnzHBbeg": 4, "pHaupt": 1.0, "poHaupt": 0.0, "pQuerus": 0.0, "pFagus": 0.0, "pFraxinus": 0.0, "pCarpinus": 0.0, "pAcer": 0.0, "pTilia": 0.0, "pRobinia": 0.0, "pUlmus": 0.0, "pCastanea": 0.0, "pOtherLH": 0.0, "pBetula": 0.0, "pAlnus": 0.0, "pPopulus": 0.0, "pSalix": 0.0, "pSorbus": 0.25, "pPrunus": 0.0, "pMalus": 0.0, "pPyrus": 0.0, "pOtherLN": 0.0, "pPicea": 0.75, "pPinus": 0.0, "pAbies": 0.0, "pDouglas": 0.0, "pLarix": 0.0, "pOtherNb": 0.0, "pNoEurop": 0.0, "pNoEuropD": 0.0, "pEurop": 1.0, "pDecid": 0.25, "pConifer": 0.75, "pAll": 1.0, "Cell_id": "4435_3034", "EPSG": 31468, "Netz": 16, "Dichte": 8, "Bl": ";16;" }, "geometry": { "type": "Point", "coordinates": [ 11.610844552473003, 50.411170060940961 ] } },
{ "type": "Feature", "properties": { "Tnr": 57264, "mitRand": 1, "AnzHBbeg": 4, "pHaupt": 1.0, "poHaupt": 0.0, "pQuerus": 0.008, "pFagus": 0.0, "pFraxinus": 0.0, "pCarpinus": 0.0, "pAcer": 0.0, "pTilia": 0.0, "pRobinia": 0.0, "pUlmus": 0.0, "pCastanea": 0.0, "pOtherLH": 0.0, "pBetula": 0.0, "pAlnus": 0.0, "pPopulus": 0.0, "pSalix": 0.0, "pSorbus": 0.492, "pPrunus": 0.0, "pMalus": 0.0, "pPyrus": 0.0, "pOtherLN": 0.0, "pPicea": 0.5, "pPinus": 0.0, "pAbies": 0.0, "pDouglas": 0.0, "pLarix": 0.0, "pOtherNb": 0.0, "pNoEurop": 0.0, "pNoEuropD": 0.0, "pEurop": 1.0, "pDecid": 0.5, "pConifer": 0.5, "pAll": 1.0, "Cell_id": "4439_3034", "EPSG": 31468, "Netz": 16, "Dichte": 8, "Bl": ";16;" }, "geometry": { "type": "Point", "coordinates": [ 11.667097227438747, 50.41036939592847 ] } },
{ "type": "Feature", "properties": { "Tnr": 57269, "mitRand": 1, "AnzHBbeg": 3, "pHaupt": 1.0, "poHaupt": 0.0, "pQuerus": 0.0, "pFagus": 0.0, "pFraxinus": 0.0, "pCarpinus": 0.0, "pAcer": 0.0, "pTilia": 0.0, "pRobinia": 0.0, "pUlmus": 0.0, "pCastanea": 0.0, "pOtherLH": 0.0, "pBetula": 0.17, "pAlnus": 0.0, "pPopulus": 0.0, "pSalix": 0.0, "pSorbus": 0.0, "pPrunus": 0.0, "pMalus": 0.0, "pPyrus": 0.0, "pOtherLN": 0.0, "pPicea": 0.785, "pPinus": 0.0, "pAbies": 0.0, "pDouglas": 0.0, "pLarix": 0.045, "pOtherNb": 0.0, "pNoEurop": 0.0, "pNoEuropD": 0.0, "pEurop": 1.0, "pDecid": 0.17, "pConifer": 0.83, "pAll": 1.0, "Cell_id": "4451_3034", "EPSG": 31468, "Netz": 16, "Dichte": 8, "Bl": ";16;" }, "geometry": { "type": "Point", "coordinates": [ 11.835864078038778, 50.407785628458008 ] } },
{ "type": "Feature", "properties": { "Tnr": 57306, "mitRand": 0, "AnzHBbeg": 4, "pHaupt": 1.0, "poHaupt": 0.0, "pQuerus": 0.484, "pFagus": 0.0, "pFraxinus": 0.197, "pCarpinus": 0.118, "pAcer": 0.021, "pTilia": 0.095, "pRobinia": 0.0, "pUlmus": 0.0, "pCastanea": 0.0, "pOtherLH": 0.0, "pBetula": 0.0, "pAlnus": 0.085, "pPopulus": 0.0, "pSalix": 0.0, "pSorbus": 0.0, "pPrunus": 0.0, "pMalus": 0.0, "pPyrus": 0.0, "pOtherLN": 0.0, "pPicea": 0.0, "pPinus": 0.0, "pAbies": 0.0, "pDouglas": 0.0, "pLarix": 0.0, "pOtherNb": 0.0, "pNoEurop": 0.0, "pNoEuropD": 0.0, "pEurop": 1.0, "pDecid": 1.0, "pConifer": 0.0, "pAll": 1.0, "Cell_id": "4361_3030", "EPSG": 31468, "Netz": 8, "Dichte": 8, "Bl": ";16;" }, "geometry": { "type": "Point", "coordinates": [ 10.569416229081167, 50.385112559735667 ] } },
{ "type": "Feature", "properties": { "Tnr": 57310, "mitRand": 0, "AnzHBbeg": 1, "pHaupt": 1.0, "poHaupt": 0.0, "pQuerus": 0.085, "pFagus": 0.0, "pFraxinus": 0.198, "pCarpinus": 0.0, "pAcer": 0.0, "pTilia": 0.0, "pRobinia": 0.0, "pUlmus": 0.0, "pCastanea": 0.0, "pOtherLH": 0.0, "pBetula": 0.0, "pAlnus": 0.0, "pPopulus": 0.0, "pSalix": 0.0, "pSorbus": 0.0, "pPrunus": 0.0, "pMalus": 0.0, "pPyrus": 0.0, "pOtherLN": 0.0, "pPicea": 0.0, "pPinus": 0.717, "pAbies": 0.0, "pDouglas": 0.0, "pLarix": 0.0, "pOtherNb": 0.0, "pNoEurop": 0.0, "pNoEuropD": 0.0, "pEurop": 1.0, "pDecid": 0.283, "pConifer": 0.717, "pAll": 1.0, "Cell_id": "4369_3030", "EPSG": 31468, "Netz": 8, "Dichte": 8, "Bl": ";16;" }, "geometry": { "type": "Point", "coordinates": [ 10.68188586390653, 50.384492599243941 ] } },
{ "type": "Feature", "properties": { "Tnr": 57312, "mitRand": 0, "AnzHBbeg": 1, "pHaupt": 1.0, "poHaupt": 0.0, "pQuerus": 0.0, "pFagus": 0.0, "pFraxinus": 0.0, "pCarpinus": 0.0, "pAcer": 0.0, "pTilia": 0.0, "pRobinia": 0.0, "pUlmus": 0.0, "pCastanea": 0.0, "pOtherLH": 0.0, "pBetula": 0.0, "pAlnus": 0.0, "pPopulus": 0.0, "pSalix": 0.0, "pSorbus": 0.0, "pPrunus": 0.0, "pMalus": 0.0, "pPyrus": 0.0, "pOtherLN": 0.0, "pPicea": 1.0, "pPinus": 0.0, "pAbies": 0.0, "pDouglas": 0.0, "pLarix": 0.0, "pOtherNb": 0.0, "pNoEurop": 0.0, "pNoEuropD": 0.0, "pEurop": 1.0, "pDecid": 0.0, "pConifer": 1.0, "pAll": 1.0, "Cell_id": "4373_3030", "EPSG": 31468, "Netz": 8, "Dichte": 8, "Bl": ";16;" }, "geometry": { "type": "Point", "coordinates": [ 10.738118865666804, 50.384150825158066 ] } },
{ "type": "Feature", "properties": { "Tnr": 57317, "mitRand": 1, "AnzHBbeg": 2, "pHaupt": 1.0, "poHaupt": 0.0, "pQuerus": 0.0, "pFagus": 0.0, "pFraxinus": 0.0, "pCarpinus": 0.0, "pAcer": 0.0, "pTilia": 0.0, "pRobinia": 0.0, "pUlmus": 0.0, "pCastanea": 0.0, "pOtherLH": 0.0, "pBetula": 0.0, "pAlnus": 0.0, "pPopulus": 0.0, "pSalix": 0.0, "pSorbus": 0.0, "pPrunus": 0.0, "pMalus": 0.0, "pPyrus": 0.0, "pOtherLN": 0.0, "pPicea": 0.962, "pPinus": 0.0, "pAbies": 0.038, "pDouglas": 0.0, "pLarix": 0.0, "pOtherNb": 0.0, "pNoEurop": 0.0, "pNoEuropD": 0.0, "pEurop": 1.0, "pDecid": 0.0, "pConifer": 1.0, "pAll": 1.0, "Cell_id": "4385_3031", "EPSG": 31468, "Netz": 8, "Dichte": 8, "Bl": ";16;" }, "geometry": { "type": "Point", "coordinates": [ 10.906999269823542, 50.391923033481532 ] } },
{ "type": "Feature", "properties": { "Tnr": 57323, "mitRand": 1, "AnzHBbeg": 4, "pHaupt": 1.0, "poHaupt": 0.0, "pQuerus": 0.0, "pFagus": 0.0, "pFraxinus": 0.0, "pCarpinus": 0.0, "pAcer": 0.0, "pTilia": 0.0, "pRobinia": 0.0, "pUlmus": 0.0, "pCastanea": 0.0, "pOtherLH": 0.0, "pBetula": 0.0, "pAlnus": 0.0, "pPopulus": 0.0, "pSalix": 0.0, "pSorbus": 0.0, "pPrunus": 0.0, "pMalus": 0.0, "pPyrus": 0.0, "pOtherLN": 0.0, "pPicea": 0.979, "pPinus": 0.021, "pAbies": 0.0, "pDouglas": 0.0, "pLarix": 0.0, "pOtherNb": 0.0, "pNoEurop": 0.479, "pNoEuropD": 0.479, "pEurop": 0.521, "pDecid": 0.0, "pConifer": 1.0, "pAll": 1.0, "Cell_id": "4397_3031", "EPSG": 31468, "Netz": 8, "Dichte": 8, "Bl": ";16;" }, "geometry": { "type": "Point", "coordinates": [ 11.075717403723123, 50.390462123320326 ] } },
{ "type": "Feature", "properties": { "Tnr": 57327, "mitRand": 1, "AnzHBbeg": 3, "pHaupt": 1.0, "poHaupt": 0.0, "pQuerus": 0.0, "pFagus": 0.0, "pFraxinus": 0.0, "pCarpinus": 0.0, "pAcer": 0.0, "pTilia": 0.0, "pRobinia": 0.0, "pUlmus": 0.0, "pCastanea": 0.0, "pOtherLH": 0.0, "pBetula": 0.0, "pAlnus": 0.0, "pPopulus": 0.0, "pSalix": 0.0, "pSorbus": 0.0, "pPrunus": 0.0, "pMalus": 0.0, "pPyrus": 0.0, "pOtherLN": 0.0, "pPicea": 0.798, "pPinus": 0.0, "pAbies": 0.0, "pDouglas": 0.0, "pLarix": 0.202, "pOtherNb": 0.0, "pNoEurop": 0.0, "pNoEuropD": 0.0, "pEurop": 1.0, "pDecid": 0.0, "pConifer": 1.0, "pAll": 1.0, "Cell_id": "4405_3031", "EPSG": 31468, "Netz": 8, "Dichte": 8, "Bl": ";16;" }, "geometry": { "type": "Point", "coordinates": [ 11.18819066686768, 50.389352164977865 ] } },
{ "type": "Feature", "properties": { "Tnr": 57329, "mitRand": 1, "AnzHBbeg": 4, "pHaupt": 1.0, "poHaupt": 0.0, "pQuerus": 0.0, "pFagus": 0.387, "pFraxinus": 0.0, "pCarpinus": 0.0, "pAcer": 0.078, "pTilia": 0.0, "pRobinia": 0.0, "pUlmus": 0.0, "pCastanea": 0.0, "pOtherLH": 0.0, "pBetula": 0.0, "pAlnus": 0.103, "pPopulus": 0.0, "pSalix": 0.0, "pSorbus": 0.0, "pPrunus": 0.0, "pMalus": 0.0, "pPyrus": 0.0, "pOtherLN": 0.0, "pPicea": 0.432, "pPinus": 0.0, "pAbies": 0.0, "pDouglas": 0.0, "pLarix": 0.0, "pOtherNb": 0.0, "pNoEurop": 0.0, "pNoEuropD": 0.0, "pEurop": 1.0, "pDecid": 0.568, "pConifer": 0.432, "pAll": 1.0, "Cell_id": "4409_3031", "EPSG": 31468, "Netz": 8, "Dichte": 8, "Bl": ";16;" }, "geometry": { "type": "Point", "coordinates": [ 11.244431011547476, 50.388756274792392 ] } },
{ "type": "Feature", "properties": { "Tnr": 57333, "mitRand": 1, "AnzHBbeg": 2, "pHaupt": 1.0, "poHaupt": 0.0, "pQuerus": 0.0, "pFagus": 0.0, "pFraxinus": 0.0, "pCarpinus": 0.0, "pAcer": 0.0, "pTilia": 0.0, "pRobinia": 0.0, "pUlmus": 0.0, "pCastanea": 0.0, "pOtherLH": 0.0, "pBetula": 0.5, "pAlnus": 0.0, "pPopulus": 0.0, "pSalix": 0.0, "pSorbus": 0.0, "pPrunus": 0.0, "pMalus": 0.0, "pPyrus": 0.0, "pOtherLN": 0.0, "pPicea": 0.5, "pPinus": 0.0, "pAbies": 0.0, "pDouglas": 0.0, "pLarix": 0.0, "pOtherNb": 0.0, "pNoEurop": 0.0, "pNoEuropD": 0.0, "pEurop": 1.0, "pDecid": 0.5, "pConifer": 0.5, "pAll": 1.0, "Cell_id": "4437_3032", "EPSG": 31468, "Netz": 8, "Dichte": 8, "Bl": ";16;" }, "geometry": { "type": "Point", "coordinates": [ 11.638345147381866, 50.392799709075994 ] } },
{ "type": "Feature", "properties": { "Tnr": 57369, "mitRand": 1, "AnzHBbeg": 4, "pHaupt": 1.0, "poHaupt": 0.0, "pQuerus": 0.0, "pFagus": 0.328, "pFraxinus": 0.0, "pCarpinus": 0.0, "pAcer": 0.0, "pTilia": 0.0, "pRobinia": 0.0, "pUlmus": 0.0, "pCastanea": 0.0, "pOtherLH": 0.0, "pBetula": 0.0, "pAlnus": 0.0, "pPopulus": 0.0, "pSalix": 0.0, "pSorbus": 0.081, "pPrunus": 0.0, "pMalus": 0.0, "pPyrus": 0.0, "pOtherLN": 0.0, "pPicea": 0.554, "pPinus": 0.0, "pAbies": 0.0, "pDouglas": 0.0, "pLarix": 0.036, "pOtherNb": 0.0, "pNoEurop": 0.0, "pNoEuropD": 0.0, "pEurop": 1.0, "pDecid": 0.41, "pConifer": 0.59, "pAll": 1.0, "Cell_id": "4391_3029", "EPSG": 31468, "Netz": 256, "Dichte": 8, "Bl": ";16;" }, "geometry": { "type": "Point", "coordinates": [ 10.990979760066987, 50.373243539828465 ] } },
{ "type": "Feature", "properties": { "Tnr": 57373, "mitRand": 0, "AnzHBbeg": 4, "pHaupt": 1.0, "poHaupt": 0.0, "pQuerus": 0.0, "pFagus": 0.0, "pFraxinus": 0.0, "pCarpinus": 0.0, "pAcer": 0.0, "pTilia": 0.0, "pRobinia": 0.0, "pUlmus": 0.0, "pCastanea": 0.0, "pOtherLH": 0.0, "pBetula": 0.0, "pAlnus": 0.0, "pPopulus": 0.0, "pSalix": 0.0, "pSorbus": 0.0, "pPrunus": 0.0, "pMalus": 0.0, "pPyrus": 0.0, "pOtherLN": 0.0, "pPicea": 0.408, "pPinus": 0.279, "pAbies": 0.0, "pDouglas": 0.0, "pLarix": 0.313, "pOtherNb": 0.0, "pNoEurop": 0.0, "pNoEuropD": 0.0, "pEurop": 1.0, "pDecid": 0.0, "pConifer": 1.0, "pAll": 1.0, "Cell_id": "4399_3029", "EPSG": 31468, "Netz": 64, "Dichte": 8, "Bl": ";16;" }, "geometry": { "type": "Point", "coordinates": [ 11.103416776448201, 50.372216038959522 ] } },
{ "type": "Feature", "properties": { "Tnr": 57375, "mitRand": 1, "AnzHBbeg": 4, "pHaupt": 1.0, "poHaupt": 0.0, "pQuerus": 0.129, "pFagus": 0.109, "pFraxinus": 0.0, "pCarpinus": 0.0, "pAcer": 0.0, "pTilia": 0.0, "pRobinia": 0.0, "pUlmus": 0.0, "pCastanea": 0.0, "pOtherLH": 0.0, "pBetula": 0.118, "pAlnus": 0.0, "pPopulus": 0.0, "pSalix": 0.0, "pSorbus": 0.0, "pPrunus": 0.0, "pMalus": 0.0, "pPyrus": 0.0, "pOtherLN": 0.0, "pPicea": 0.0, "pPinus": 0.235, "pAbies": 0.0, "pDouglas": 0.0, "pLarix": 0.409, "pOtherNb": 0.0, "pNoEurop": 0.0, "pNoEuropD": 0.0, "pEurop": 1.0, "pDecid": 0.356, "pConifer": 0.644, "pAll": 1.0, "Cell_id": "4403_3029", "EPSG": 31468, "Netz": 16, "Dichte": 8, "Bl": ";16;" }, "geometry": { "type": "Point", "coordinates": [ 11.159639193591223, 50.371661403133203 ] } },
{ "type": "Feature", "properties": { "Tnr": 57377, "mitRand": 0, "AnzHBbeg": 4, "pHaupt": 1.0, "poHaupt": 0.0, "pQuerus": 0.0, "pFagus": 0.39, "pFraxinus": 0.0, "pCarpinus": 0.0, "pAcer": 0.0, "pTilia": 0.0, "pRobinia": 0.0, "pUlmus": 0.0, "pCastanea": 0.0, "pOtherLH": 0.0, "pBetula": 0.0, "pAlnus": 0.0, "pPopulus": 0.0, "pSalix": 0.0, "pSorbus": 0.0, "pPrunus": 0.0, "pMalus": 0.0, "pPyrus": 0.0, "pOtherLN": 0.0, "pPicea": 0.61, "pPinus": 0.0, "pAbies": 0.0, "pDouglas": 0.0, "pLarix": 0.0, "pOtherNb": 0.0, "pNoEurop": 0.0, "pNoEuropD": 0.0, "pEurop": 1.0, "pDecid": 0.39, "pConifer": 0.61, "pAll": 1.0, "Cell_id": "4407_3029", "EPSG": 31468, "Netz": 256, "Dichte": 8, "Bl": ";16;" }, "geometry": { "type": "Point", "coordinates": [ 11.215845373229328, 50.371079861574295 ] } },
{ "type": "Feature", "properties": { "Tnr": 57379, "mitRand": 1, "AnzHBbeg": 2, "pHaupt": 1.0, "poHaupt": 0.0, "pQuerus": 0.0, "pFagus": 0.0, "pFraxinus": 0.0, "pCarpinus": 0.0, "pAcer": 0.0, "pTilia": 0.0, "pRobinia": 0.0, "pUlmus": 0.0, "pCastanea": 0.0, "pOtherLH": 0.0, "pBetula": 0.0, "pAlnus": 0.0, "pPopulus": 0.0, "pSalix": 0.0, "pSorbus": 0.0, "pPrunus": 0.0, "pMalus": 0.0, "pPyrus": 0.0, "pOtherLN": 0.0, "pPicea": 1.0, "pPinus": 0.0, "pAbies": 0.0, "pDouglas": 0.0, "pLarix": 0.0, "pOtherNb": 0.0, "pNoEurop": 0.0, "pNoEuropD": 0.0, "pEurop": 1.0, "pDecid": 0.0, "pConifer": 1.0, "pAll": 1.0, "Cell_id": "4411_3029", "EPSG": 31468, "Netz": 16, "Dichte": 8, "Bl": ";16;" }, "geometry": { "type": "Point", "coordinates": [ 11.272063321316551, 50.370470887955818 ] } },
{ "type": "Feature", "properties": { "Tnr": 57408, "mitRand": 0, "AnzHBbeg": 4, "pHaupt": 1.0, "poHaupt": 0.0, "pQuerus": 0.0, "pFagus": 0.0, "pFraxinus": 0.0, "pCarpinus": 0.0, "pAcer": 0.0, "pTilia": 0.0, "pRobinia": 0.0, "pUlmus": 0.0, "pCastanea": 0.0, "pOtherLH": 0.0, "pBetula": 0.074, "pAlnus": 0.0, "pPopulus": 0.128, "pSalix": 0.0, "pSorbus": 0.0, "pPrunus": 0.0, "pMalus": 0.0, "pPyrus": 0.0, "pOtherLN": 0.0, "pPicea": 0.465, "pPinus": 0.332, "pAbies": 0.0, "pDouglas": 0.0, "pLarix": 0.0, "pOtherNb": 0.0, "pNoEurop": 0.0, "pNoEuropD": 0.0, "pEurop": 1.0, "pDecid": 0.202, "pConifer": 0.798, "pAll": 1.0, "Cell_id": "4397_3027", "EPSG": 31468, "Netz": 8, "Dichte": 8, "Bl": ";16;" }, "geometry": { "type": "Point", "coordinates": [ 11.074893049576056, 50.354513135322513 ] } },
{ "type": "Feature", "properties": { "Tnr": 57409, "mitRand": 1, "AnzHBbeg": 2, "pHaupt": 1.0, "poHaupt": 0.0, "pQuerus": 0.217, "pFagus": 0.0, "pFraxinus": 0.0, "pCarpinus": 0.0, "pAcer": 0.0, "pTilia": 0.0, "pRobinia": 0.0, "pUlmus": 0.0, "pCastanea": 0.0, "pOtherLH": 0.0, "pBetula": 0.598, "pAlnus": 0.0, "pPopulus": 0.0, "pSalix": 0.0, "pSorbus": 0.0, "pPrunus": 0.0, "pMalus": 0.0, "pPyrus": 0.0, "pOtherLN": 0.0, "pPicea": 0.0, "pPinus": 0.185, "pAbies": 0.0, "pDouglas": 0.0, "pLarix": 0.0, "pOtherNb": 0.0, "pNoEurop": 0.0, "pNoEuropD": 0.0, "pEurop": 1.0, "pDecid": 0.815, "pConifer": 0.185, "pAll": 1.0, "Cell_id": "4401_3027", "EPSG": 31468, "Netz": 8, "Dichte": 8, "Bl": ";16;" }, "geometry": { "type": "Point", "coordinates": [ 11.131094907743142, 50.353963570255225 ] } },
{ "type": "Feature", "properties": { "Tnr": 57434, "mitRand": 0, "AnzHBbeg": 4, "pHaupt": 1.0, "poHaupt": 0.0, "pQuerus": 0.588, "pFagus": 0.0, "pFraxinus": 0.0, "pCarpinus": 0.194, "pAcer": 0.0, "pTilia": 0.0, "pRobinia": 0.0, "pUlmus": 0.0, "pCastanea": 0.0, "pOtherLH": 0.0, "pBetula": 0.116, "pAlnus": 0.0, "pPopulus": 0.0, "pSalix": 0.0, "pSorbus": 0.0, "pPrunus": 0.102, "pMalus": 0.0, "pPyrus": 0.0, "pOtherLN": 0.0, "pPicea": 0.0, "pPinus": 0.0, "pAbies": 0.0, "pDouglas": 0.0, "pLarix": 0.0, "pOtherNb": 0.0, "pNoEurop": 0.0, "pNoEuropD": 0.0, "pEurop": 1.0, "pDecid": 1.0, "pConifer": 0.0, "pAll": 1.0, "Cell_id": "4367_3024", "EPSG": 31468, "Netz": 16, "Dichte": 8, "Bl": ";16;" }, "geometry": { "type": "Point", "coordinates": [ 10.653032352030277, 50.330720484447433 ] } },
{ "type": "Feature", "properties": { "Tnr": 57436, "mitRand": 0, "AnzHBbeg": 3, "pHaupt": 1.0, "poHaupt": 0.0, "pQuerus": 0.697, "pFagus": 0.024, "pFraxinus": 0.0, "pCarpinus": 0.218, "pAcer": 0.0, "pTilia": 0.061, "pRobinia": 0.0, "pUlmus": 0.0, "pCastanea": 0.0, "pOtherLH": 0.0, "pBetula": 0.0, "pAlnus": 0.0, "pPopulus": 0.0, "pSalix": 0.0, "pSorbus": 0.0, "pPrunus": 0.0, "pMalus": 0.0, "pPyrus": 0.0, "pOtherLN": 0.0, "pPicea": 0.0, "pPinus": 0.0, "pAbies": 0.0, "pDouglas": 0.0, "pLarix": 0.0, "pOtherNb": 0.0, "pNoEurop": 0.0, "pNoEuropD": 0.0, "pEurop": 1.0, "pDecid": 1.0, "pConifer": 0.0, "pAll": 1.0, "Cell_id": "4371_3024", "EPSG": 31468, "Netz": 16, "Dichte": 8, "Bl": ";16;" }, "geometry": { "type": "Point", "coordinates": [ 10.709202083096704, 50.330384319766473 ] } },
{ "type": "Feature", "properties": { "Tnr": 57439, "mitRand": 1, "AnzHBbeg": 3, "pHaupt": 1.0, "poHaupt": 0.0, "pQuerus": 0.0, "pFagus": 0.0, "pFraxinus": 0.0, "pCarpinus": 0.0, "pAcer": 0.0, "pTilia": 0.0, "pRobinia": 0.0, "pUlmus": 0.0, "pCastanea": 0.0, "pOtherLH": 0.0, "pBetula": 0.333, "pAlnus": 0.0, "pPopulus": 0.0, "pSalix": 0.0, "pSorbus": 0.0, "pPrunus": 0.0, "pMalus": 0.0, "pPyrus": 0.0, "pOtherLN": 0.0, "pPicea": 0.0, "pPinus": 0.667, "pAbies": 0.0, "pDouglas": 0.0, "pLarix": 0.0, "pOtherNb": 0.0, "pNoEurop": 0.0, "pNoEuropD": 0.0, "pEurop": 1.0, "pDecid": 0.333, "pConifer": 0.667, "pAll": 1.0, "Cell_id": "4407_3025", "EPSG": 31468, "Netz": 16, "Dichte": 8, "Bl": ";16;" }, "geometry": { "type": "Point", "coordinates": [ 11.214929613977803, 50.335123906146642 ] } },
{ "type": "Feature", "properties": { "Tnr": 57441, "mitRand": 1, "AnzHBbeg": 2, "pHaupt": 1.0, "poHaupt": 0.0, "pQuerus": 0.0, "pFagus": 0.0, "pFraxinus": 0.0, "pCarpinus": 0.0, "pAcer": 0.0, "pTilia": 0.0, "pRobinia": 0.0, "pUlmus": 0.0, "pCastanea": 0.0, "pOtherLH": 0.0, "pBetula": 0.142, "pAlnus": 0.0, "pPopulus": 0.5, "pSalix": 0.0, "pSorbus": 0.0, "pPrunus": 0.0, "pMalus": 0.0, "pPyrus": 0.0, "pOtherLN": 0.0, "pPicea": 0.358, "pPinus": 0.0, "pAbies": 0.0, "pDouglas": 0.0, "pLarix": 0.0, "pOtherNb": 0.0, "pNoEurop": 0.0, "pNoEuropD": 0.0, "pEurop": 1.0, "pDecid": 0.642, "pConifer": 0.358, "pAll": 1.0, "Cell_id": "4411_3025", "EPSG": 31468, "Netz": 16, "Dichte": 8, "Bl": ";16;" }, "geometry": { "type": "Point", "coordinates": [ 11.271091100705229, 50.334516219989403 ] } },
{ "type": "Feature", "properties": { "Tnr": 57461, "mitRand": 1, "AnzHBbeg": 3, "pHaupt": 1.0, "poHaupt": 0.0, "pQuerus": 0.667, "pFagus": 0.0, "pFraxinus": 0.0, "pCarpinus": 0.0, "pAcer": 0.0, "pTilia": 0.0, "pRobinia": 0.0, "pUlmus": 0.0, "pCastanea": 0.0, "pOtherLH": 0.0, "pBetula": 0.0, "pAlnus": 0.0, "pPopulus": 0.0, "pSalix": 0.0, "pSorbus": 0.0, "pPrunus": 0.0, "pMalus": 0.0, "pPyrus": 0.0, "pOtherLN": 0.0, "pPicea": 0.034, "pPinus": 0.299, "pAbies": 0.0, "pDouglas": 0.0, "pLarix": 0.0, "pOtherNb": 0.0, "pNoEurop": 0.0, "pNoEuropD": 0.0, "pEurop": 1.0, "pDecid": 0.667, "pConifer": 0.333, "pAll": 1.0, "Cell_id": "4369_3022", "EPSG": 31468, "Netz": 8, "Dichte": 8, "Bl": ";16;" }, "geometry": { "type": "Point", "coordinates": [ 10.680847822460844, 50.312573954699815 ] } },
{ "type": "Feature", "properties": { "Tnr": 57463, "mitRand": 1, "AnzHBbeg": 1, "pHaupt": 1.0, "poHaupt": 0.0, "pQuerus": 0.0, "pFagus": 0.0, "pFraxinus": 0.0, "pCarpinus": 0.0, "pAcer": 0.0, "pTilia": 0.0, "pRobinia": 0.0, "pUlmus": 0.0, "pCastanea": 0.0, "pOtherLH": 0.0, "pBetula": 0.0, "pAlnus": 0.0, "pPopulus": 0.0, "pSalix": 0.0, "pSorbus": 0.0, "pPrunus": 0.0, "pMalus": 0.0, "pPyrus": 0.0, "pOtherLN": 0.0, "pPicea": 0.0, "pPinus": 1.0, "pAbies": 0.0, "pDouglas": 0.0, "pLarix": 0.0, "pOtherNb": 0.0, "pNoEurop": 0.0, "pNoEuropD": 0.0, "pEurop": 1.0, "pDecid": 0.0, "pConifer": 1.0, "pAll": 1.0, "Cell_id": "4373_3022", "EPSG": 31468, "Netz": 8, "Dichte": 8, "Bl": ";16;" }, "geometry": { "type": "Point", "coordinates": [ 10.737009662144006, 50.312224362633231 ] } },
{ "type": "Feature", "properties": { "Tnr": 57465, "mitRand": 1, "AnzHBbeg": 1, "pHaupt": 1.0, "poHaupt": 0.0, "pQuerus": 1.0, "pFagus": 0.0, "pFraxinus": 0.0, "pCarpinus": 0.0, "pAcer": 0.0, "pTilia": 0.0, "pRobinia": 0.0, "pUlmus": 0.0, "pCastanea": 0.0, "pOtherLH": 0.0, "pBetula": 0.0, "pAlnus": 0.0, "pPopulus": 0.0, "pSalix": 0.0, "pSorbus": 0.0, "pPrunus": 0.0, "pMalus": 0.0, "pPyrus": 0.0, "pOtherLN": 0.0, "pPicea": 0.0, "pPinus": 0.0, "pAbies": 0.0, "pDouglas": 0.0, "pLarix": 0.0, "pOtherNb": 0.0, "pNoEurop": 0.0, "pNoEuropD": 0.0, "pEurop": 1.0, "pDecid": 1.0, "pConifer": 0.0, "pAll": 1.0, "Cell_id": "4405_3023", "EPSG": 31468, "Netz": 8, "Dichte": 8, "Bl": ";16;" }, "geometry": { "type": "Point", "coordinates": [ 11.186387537394724, 50.317439531110317 ] } },
{ "type": "Feature", "properties": { "Tnr": 57467, "mitRand": 1, "AnzHBbeg": 1, "pHaupt": 1.0, "poHaupt": 0.0, "pQuerus": 0.205, "pFagus": 0.0, "pFraxinus": 0.0, "pCarpinus": 0.32, "pAcer": 0.33, "pTilia": 0.146, "pRobinia": 0.0, "pUlmus": 0.0, "pCastanea": 0.0, "pOtherLH": 0.0, "pBetula": 0.0, "pAlnus": 0.0, "pPopulus": 0.0, "pSalix": 0.0, "pSorbus": 0.0, "pPrunus": 0.0, "pMalus": 0.0, "pPyrus": 0.0, "pOtherLN": 0.0, "pPicea": 0.0, "pPinus": 0.0, "pAbies": 0.0, "pDouglas": 0.0, "pLarix": 0.0, "pOtherNb": 0.0, "pNoEurop": 0.205, "pNoEuropD": 0.205, "pEurop": 0.795, "pDecid": 1.0, "pConifer": 0.0, "pAll": 1.0, "Cell_id": "4409_3023", "EPSG": 31468, "Netz": 8, "Dichte": 8, "Bl": ";16;" }, "geometry": { "type": "Point", "coordinates": [ 11.242543023189112, 50.316845639527216 ] } },
{ "type": "Feature", "properties": { "Tnr": 57488, "mitRand": 1, "AnzHBbeg": 2, "pHaupt": 1.0, "poHaupt": 0.0, "pQuerus": 0.223, "pFagus": 0.0, "pFraxinus": 0.0, "pCarpinus": 0.0, "pAcer": 0.0, "pTilia": 0.0, "pRobinia": 0.0, "pUlmus": 0.0, "pCastanea": 0.0, "pOtherLH": 0.0, "pBetula": 0.159, "pAlnus": 0.0, "pPopulus": 0.0, "pSalix": 0.0, "pSorbus": 0.0, "pPrunus": 0.0, "pMalus": 0.0, "pPyrus": 0.0, "pOtherLN": 0.0, "pPicea": 0.028, "pPinus": 0.439, "pAbies": 0.0, "pDouglas": 0.0, "pLarix": 0.15, "pOtherNb": 0.0, "pNoEurop": 0.0, "pNoEuropD": 0.0, "pEurop": 1.0, "pDecid": 0.382, "pConifer": 0.618, "pAll": 1.0, "Cell_id": "4407_3021", "EPSG": 31468, "Netz": 64, "Dichte": 8, "Bl": ";16;" }, "geometry": { "type": "Point", "coordinates": [ 11.21400208141511, 50.299167986282285 ] } },
{ "type": "Feature", "properties": { "Tnr": 57501, "mitRand": 0, "AnzHBbeg": 2, "pHaupt": 1.0, "poHaupt": 0.0, "pQuerus": 0.827, "pFagus": 0.025, "pFraxinus": 0.0, "pCarpinus": 0.0, "pAcer": 0.148, "pTilia": 0.0, "pRobinia": 0.0, "pUlmus": 0.0, "pCastanea": 0.0, "pOtherLH": 0.0, "pBetula": 0.0, "pAlnus": 0.0, "pPopulus": 0.0, "pSalix": 0.0, "pSorbus": 0.0, "pPrunus": 0.0, "pMalus": 0.0, "pPyrus": 0.0, "pOtherLN": 0.0, "pPicea": 0.0, "pPinus": 0.0, "pAbies": 0.0, "pDouglas": 0.0, "pLarix": 0.0, "pOtherNb": 0.0, "pNoEurop": 0.0, "pNoEuropD": 0.0, "pEurop": 1.0, "pDecid": 1.0, "pConifer": 0.0, "pAll": 1.0, "Cell_id": "4369_3018", "EPSG": 31468, "Netz": 8, "Dichte": 8, "Bl": ";16;" }, "geometry": { "type": "Point", "coordinates": [ 10.680337818517307, 50.276609702471575 ] } },
{ "type": "Feature", "properties": { "Tnr": 57503, "mitRand": 1, "AnzHBbeg": 2, "pHaupt": 1.0, "poHaupt": 0.0, "pQuerus": 0.0, "pFagus": 0.0, "pFraxinus": 0.218, "pCarpinus": 0.0, "pAcer": 0.171, "pTilia": 0.0, "pRobinia": 0.112, "pUlmus": 0.0, "pCastanea": 0.0, "pOtherLH": 0.0, "pBetula": 0.207, "pAlnus": 0.0, "pPopulus": 0.0, "pSalix": 0.0, "pSorbus": 0.0, "pPrunus": 0.0, "pMalus": 0.0, "pPyrus": 0.0, "pOtherLN": 0.0, "pPicea": 0.0, "pPinus": 0.293, "pAbies": 0.0, "pDouglas": 0.0, "pLarix": 0.0, "pOtherNb": 0.0, "pNoEurop": 0.112, "pNoEuropD": 0.112, "pEurop": 0.888, "pDecid": 0.707, "pConifer": 0.293, "pAll": 1.0, "Cell_id": "4373_3018", "EPSG": 31468, "Netz": 8, "Dichte": 8, "Bl": ";16;" }, "geometry": { "type": "Point", "coordinates": [ 10.736443643396688, 50.27626999055736 ] } },
{ "type": "Feature", "properties": { "Tnr": 57505, "mitRand": 0, "AnzHBbeg": 1, "pHaupt": 1.0, "poHaupt": 0.0, "pQuerus": 0.0, "pFagus": 0.0, "pFraxinus": 0.0, "pCarpinus": 0.508, "pAcer": 0.0, "pTilia": 0.0, "pRobinia": 0.0, "pUlmus": 0.0, "pCastanea": 0.0, "pOtherLH": 0.0, "pBetula": 0.0, "pAlnus": 0.0, "pPopulus": 0.0, "pSalix": 0.0, "pSorbus": 0.0, "pPrunus": 0.0, "pMalus": 0.0, "pPyrus": 0.0, "pOtherLN": 0.0, "pPicea": 0.0, "pPinus": 0.492, "pAbies": 0.0, "pDouglas": 0.0, "pLarix": 0.0, "pOtherNb": 0.0, "pNoEurop": 0.0, "pNoEuropD": 0.0, "pEurop": 1.0, "pDecid": 0.508, "pConifer": 0.492, "pAll": 1.0, "Cell_id": "4377_3018", "EPSG": 31468, "Netz": 8, "Dichte": 8, "Bl": ";16;" }, "geometry": { "type": "Point", "coordinates": [ 10.792547617920425, 50.275894211625108 ] } },
{ "type": "Feature", "properties": { "Tnr": 57508, "mitRand": 1, "AnzHBbeg": 1, "pHaupt": 1.0, "poHaupt": 0.0, "pQuerus": 0.0, "pFagus": 0.0, "pFraxinus": 0.0, "pCarpinus": 0.0, "pAcer": 0.0, "pTilia": 0.0, "pRobinia": 0.0, "pUlmus": 0.0, "pCastanea": 0.0, "pOtherLH": 0.0, "pBetula": 1.0, "pAlnus": 0.0, "pPopulus": 0.0, "pSalix": 0.0, "pSorbus": 0.0, "pPrunus": 0.0, "pMalus": 0.0, "pPyrus": 0.0, "pOtherLN": 0.0, "pPicea": 0.0, "pPinus": 0.0, "pAbies": 0.0, "pDouglas": 0.0, "pLarix": 0.0, "pOtherNb": 0.0, "pNoEurop": 0.0, "pNoEuropD": 0.0, "pEurop": 1.0, "pDecid": 1.0, "pConifer": 0.0, "pAll": 1.0, "Cell_id": "4405_3019", "EPSG": 31468, "Netz": 8, "Dichte": 8, "Bl": ";16;" }, "geometry": { "type": "Point", "coordinates": [ 11.185482289742703, 50.281482998913262 ] } },
{ "type": "Feature", "properties": { "Tnr": 57522, "mitRand": 1, "AnzHBbeg": 4, "pHaupt": 1.0, "poHaupt": 0.0, "pQuerus": 0.131, "pFagus": 0.0, "pFraxinus": 0.0, "pCarpinus": 0.0, "pAcer": 0.0, "pTilia": 0.0, "pRobinia": 0.0, "pUlmus": 0.0, "pCastanea": 0.0, "pOtherLH": 0.0, "pBetula": 0.0, "pAlnus": 0.0, "pPopulus": 0.0, "pSalix": 0.0, "pSorbus": 0.0, "pPrunus": 0.0, "pMalus": 0.0, "pPyrus": 0.0, "pOtherLN": 0.0, "pPicea": 0.0, "pPinus": 0.612, "pAbies": 0.0, "pDouglas": 0.0, "pLarix": 0.257, "pOtherNb": 0.0, "pNoEurop": 0.0, "pNoEuropD": 0.0, "pEurop": 1.0, "pDecid": 0.131, "pConifer": 0.869, "pAll": 1.0, "Cell_id": "4371_3016", "EPSG": 31468, "Netz": 16, "Dichte": 8, "Bl": ";16;" }, "geometry": { "type": "Point", "coordinates": [ 10.708126047587166, 50.258465683719329 ] } },
{ "type": "Feature", "properties": { "Tnr": 57524, "mitRand": 1, "AnzHBbeg": 4, "pHaupt": 1.0, "poHaupt": 0.0, "pQuerus": 0.142, "pFagus": 0.027, "pFraxinus": 0.0, "pCarpinus": 0.0, "pAcer": 0.147, "pTilia": 0.0, "pRobinia": 0.0, "pUlmus": 0.0, "pCastanea": 0.0, "pOtherLH": 0.0, "pBetula": 0.0, "pAlnus": 0.0, "pPopulus": 0.0, "pSalix": 0.0, "pSorbus": 0.0, "pPrunus": 0.0, "pMalus": 0.0, "pPyrus": 0.0, "pOtherLN": 0.0, "pPicea": 0.195, "pPinus": 0.238, "pAbies": 0.0, "pDouglas": 0.0, "pLarix": 0.25, "pOtherNb": 0.0, "pNoEurop": 0.0, "pNoEuropD": 0.0, "pEurop": 1.0, "pDecid": 0.317, "pConifer": 0.683, "pAll": 1.0, "Cell_id": "4375_3016", "EPSG": 31468, "Netz": 16, "Dichte": 8, "Bl": ";16;" }, "geometry": { "type": "Point", "coordinates": [ 10.764209678002013, 50.25810379563012 ] } },
{ "type": "Feature", "properties": { "Tnr": 57538, "mitRand": 1, "AnzHBbeg": 1, "pHaupt": 1.0, "poHaupt": 0.0, "pQuerus": 0.413, "pFagus": 0.295, "pFraxinus": 0.0, "pCarpinus": 0.0, "pAcer": 0.0, "pTilia": 0.0, "pRobinia": 0.0, "pUlmus": 0.0, "pCastanea": 0.0, "pOtherLH": 0.0, "pBetula": 0.0, "pAlnus": 0.0, "pPopulus": 0.0, "pSalix": 0.0, "pSorbus": 0.0, "pPrunus": 0.0, "pMalus": 0.0, "pPyrus": 0.0, "pOtherLN": 0.0, "pPicea": 0.0, "pPinus": 0.292, "pAbies": 0.0, "pDouglas": 0.0, "pLarix": 0.0, "pOtherNb": 0.0, "pNoEurop": 0.0, "pNoEuropD": 0.0, "pEurop": 1.0, "pDecid": 0.708, "pConifer": 0.292, "pAll": 1.0, "Cell_id": "4369_3014", "EPSG": 31468, "Netz": 8, "Dichte": 8, "Bl": ";16;" }, "geometry": { "type": "Point", "coordinates": [ 10.679815546845733, 50.240654415506683 ] } },
{ "type": "Feature", "properties": { "Tnr": 57549, "mitRand": 1, "AnzHBbeg": 2, "pHaupt": 1.0, "poHaupt": 0.0, "pQuerus": 0.296, "pFagus": 0.193, "pFraxinus": 0.0, "pCarpinus": 0.0, "pAcer": 0.0, "pTilia": 0.0, "pRobinia": 0.0, "pUlmus": 0.0, "pCastanea": 0.0, "pOtherLH": 0.0, "pBetula": 0.0, "pAlnus": 0.0, "pPopulus": 0.0, "pSalix": 0.0, "pSorbus": 0.13, "pPrunus": 0.0, "pMalus": 0.0, "pPyrus": 0.0, "pOtherLN": 0.0, "pPicea": 0.0, "pPinus": 0.381, "pAbies": 0.0, "pDouglas": 0.0, "pLarix": 0.0, "pOtherNb": 0.0, "pNoEurop": 0.0, "pNoEuropD": 0.0, "pEurop": 1.0, "pDecid": 0.619, "pConifer": 0.381, "pAll": 1.0, "Cell_id": "4371_3012", "EPSG": 31468, "Netz": 16, "Dichte": 8, "Bl": ";16;" }, "geometry": { "type": "Point", "coordinates": [ 10.707583086710644, 50.222501639623196 ] } }
]
}
